{"type":"FeatureCollection","features":[{"id":"0","type":"Feature","properties":{"GEOID":"100050509042","eb":2.03,"sv":2.83,"county":"Sussex","pop":937.0,"pm25_pct":14.0,"diesel_pct":35.0,"cancer_pct":0.0,"traffic_pct":22.0,"superfund_pct":4.0,"lowinc_pct":0.265418502,"unemp_pct":0.104316547,"lingiso_pct":0.0,"poc_pct":7.0,"sv_health":4.65,"efa":"Not EFA","name":"Sussex BG 509042","efa_hisp_pct":0.7,"efa_black_pct":1.9,"efa_lingiso_pct":0,"efa_lingiso_sp":null,"efa_poverty_pct":8.7,"efa_mhhi":96544.0,"efa_combined_minority":4.7,"efa_has_duplicate":0,"efa_mc1":0,"efa_sc1":0,"efa_mc2":0,"efa_sc2":0,"efa_mc3":0,"efa_sc3":0,"efa_mc4":0,"efa_sc4":0,"efa_mc5":0,"efa_sc5":0,"efa_has_split":0},"geometry":{"type":"Polygon","coordinates":[[[-75.147436,38.757394],[-75.145449,38.761363],[-75.14519,38.761881],[-75.140555,38.771218],[-75.13901,38.773074],[-75.139212,38.774277],[-75.13761,38.775794],[-75.133444,38.773427],[-75.132834,38.773152],[-75.133236,38.772821],[-75.130339,38.77144],[-75.128782,38.767408],[-75.129466,38.764495],[-75.128818,38.763159],[-75.129967,38.762028],[-75.132373,38.759659],[-75.133024,38.759024],[-75.133267,38.758791],[-75.138374,38.753897],[-75.138965,38.75383],[-75.148287,38.755701],[-75.147436,38.757394]]]}},{"id":"1","type":"Feature","properties":{"GEOID":"100030006013","eb":7.32,"sv":3.34,"county":"New Castle","pop":854.0,"pm25_pct":86.0,"diesel_pct":77.0,"cancer_pct":51.0,"traffic_pct":62.0,"superfund_pct":67.0,"lowinc_pct":0.542997543,"unemp_pct":0.151741294,"lingiso_pct":0.0,"poc_pct":98.0,"sv_health":4.98,"efa":"Significant","name":"New Castle BG 6013","efa_hisp_pct":0,"efa_black_pct":97.7,"efa_lingiso_pct":0,"efa_lingiso_sp":null,"efa_poverty_pct":27.7,"efa_mhhi":70761.0,"efa_combined_minority":97.7,"efa_has_duplicate":0,"efa_mc1":1,"efa_sc1":1,"efa_mc2":1,"efa_sc2":1,"efa_mc3":1,"efa_sc3":0,"efa_mc4":0,"efa_sc4":0,"efa_mc5":0,"efa_sc5":0,"efa_has_split":0},"geometry":{"type":"Polygon","coordinates":[[[-75.534544,39.751586],[-75.533287,39.752794],[-75.527966,39.749461],[-75.531615,39.746054],[-75.535925,39.748783],[-75.534544,39.751586]]]}},{"id":"2","type":"Feature","properties":{"GEOID":"100030107031","eb":6.83,"sv":2.71,"county":"New Castle","pop":990.0,"pm25_pct":86.0,"diesel_pct":73.0,"cancer_pct":51.0,"traffic_pct":89.0,"superfund_pct":47.0,"lowinc_pct":0.54949495,"unemp_pct":0.228222997,"lingiso_pct":0.0,"poc_pct":75.0,"sv_health":4.17,"efa":"Significant","name":"New Castle BG 107031","efa_hisp_pct":0,"efa_black_pct":61.3,"efa_lingiso_pct":0,"efa_lingiso_sp":null,"efa_poverty_pct":62.3,"efa_mhhi":36875.0,"efa_combined_minority":63.4,"efa_has_duplicate":0,"efa_mc1":0,"efa_sc1":0,"efa_mc2":0,"efa_sc2":0,"efa_mc3":1,"efa_sc3":1,"efa_mc4":1,"efa_sc4":0,"efa_mc5":0,"efa_sc5":0,"efa_has_split":0},"geometry":{"type":"Polygon","coordinates":[[[-75.507443,39.759441],[-75.505117,39.761241],[-75.503363,39.763051],[-75.4987,39.760294],[-75.493266,39.757099],[-75.494284,39.756591],[-75.498206,39.755246],[-75.498677,39.755096],[-75.499656,39.75669],[-75.504145,39.759112],[-75.505541,39.759037],[-75.507443,39.759441]]]}},{"id":"3","type":"Feature","properties":{"GEOID":"100030158021","eb":7.29,"sv":3.7,"county":"New Castle","pop":745.0,"pm25_pct":66.0,"diesel_pct":65.0,"cancer_pct":99.0,"traffic_pct":52.0,"superfund_pct":81.0,"lowinc_pct":0.50738255,"unemp_pct":0.108761329,"lingiso_pct":0.203463204,"poc_pct":87.0,"sv_health":3.75,"efa":"Moderate","name":"New Castle BG 158021","efa_hisp_pct":40.8,"efa_black_pct":19.2,"efa_lingiso_pct":24.8,"efa_lingiso_sp":54.0,"efa_poverty_pct":5.9,"efa_mhhi":70833.0,"efa_combined_minority":67.9,"efa_has_duplicate":0,"efa_mc1":0,"efa_sc1":0,"efa_mc2":0,"efa_sc2":0,"efa_mc3":0,"efa_sc3":0,"efa_mc4":0,"efa_sc4":0,"efa_mc5":1,"efa_sc5":0,"efa_has_split":0},"geometry":{"type":"Polygon","coordinates":[[[-75.557369,39.685337],[-75.557067,39.686143],[-75.551217,39.684019],[-75.551167,39.683207],[-75.540617,39.695014],[-75.536697,39.694407],[-75.5319118207207,39.6928945848377],[-75.5350761193986,39.6891202118998],[-75.5508077933438,39.6703554837718],[-75.554027,39.67723],[-75.555922,39.67782],[-75.555496,39.682255],[-75.55793,39.683735],[-75.557369,39.685337]]]}},{"id":"4","type":"Feature","properties":{"GEOID":"100030024001","eb":6.57,"sv":3.32,"county":"New Castle","pop":629.0,"pm25_pct":83.0,"diesel_pct":78.0,"cancer_pct":51.0,"traffic_pct":60.0,"superfund_pct":52.0,"lowinc_pct":0.443561208,"unemp_pct":0.0,"lingiso_pct":0.0,"poc_pct":79.0,"sv_health":4.57,"efa":"Significant","name":"New Castle BG 24001","efa_hisp_pct":0,"efa_black_pct":51.0,"efa_lingiso_pct":0,"efa_lingiso_sp":null,"efa_poverty_pct":47.2,"efa_mhhi":null,"efa_combined_minority":64.8,"efa_has_duplicate":0,"efa_mc1":1,"efa_sc1":1,"efa_mc2":0,"efa_sc2":0,"efa_mc3":1,"efa_sc3":1,"efa_mc4":0,"efa_sc4":0,"efa_mc5":0,"efa_sc5":0,"efa_has_split":0},"geometry":{"type":"Polygon","coordinates":[[[-75.578608,39.754406],[-75.574977,39.752919],[-75.573635,39.754965],[-75.57181,39.754222],[-75.57013,39.753526],[-75.571993,39.750751],[-75.579104,39.753658],[-75.578608,39.754406]]]}},{"id":"5","type":"Feature","properties":{"GEOID":"100030162002","eb":6.6,"sv":1.97,"county":"New Castle","pop":1336.0,"pm25_pct":61.0,"diesel_pct":59.0,"cancer_pct":51.0,"traffic_pct":76.0,"superfund_pct":92.0,"lowinc_pct":0.054640719,"unemp_pct":0.0,"lingiso_pct":0.0,"poc_pct":60.0,"sv_health":3.57,"efa":"Not EFA","name":"New Castle BG 162002","efa_hisp_pct":6.7,"efa_black_pct":29.7,"efa_lingiso_pct":0,"efa_lingiso_sp":null,"efa_poverty_pct":3.0,"efa_mhhi":98784.0,"efa_combined_minority":38.0,"efa_has_duplicate":0,"efa_mc1":0,"efa_sc1":0,"efa_mc2":0,"efa_sc2":0,"efa_mc3":0,"efa_sc3":0,"efa_mc4":0,"efa_sc4":0,"efa_mc5":0,"efa_sc5":0,"efa_has_split":0},"geometry":{"type":"Polygon","coordinates":[[[-75.578844,39.664175],[-75.573581,39.663896],[-75.570538,39.663605],[-75.569108,39.66316],[-75.567915,39.662776],[-75.570724,39.660283],[-75.574857,39.658497],[-75.575388,39.659258],[-75.578844,39.664175]]]}},{"id":"6","type":"Feature","properties":{"GEOID":"100050508071","eb":1.99,"sv":3.16,"county":"Sussex","pop":1268.0,"pm25_pct":29.0,"diesel_pct":18.0,"cancer_pct":0.0,"traffic_pct":13.0,"superfund_pct":20.0,"lowinc_pct":0.482649842,"unemp_pct":0.0,"lingiso_pct":0.032258065,"poc_pct":36.0,"sv_health":4.91,"efa":"Not EFA","name":"Sussex BG 508071","efa_hisp_pct":0.9,"efa_black_pct":0,"efa_lingiso_pct":2.1,"efa_lingiso_sp":0,"efa_poverty_pct":29.4,"efa_mhhi":46429.0,"efa_combined_minority":23.1,"efa_has_duplicate":0,"efa_mc1":1,"efa_sc1":1,"efa_mc2":0,"efa_sc2":0,"efa_mc3":1,"efa_sc3":0,"efa_mc4":1,"efa_sc4":0,"efa_mc5":0,"efa_sc5":0,"efa_has_split":0},"geometry":{"type":"Polygon","coordinates":[[[-75.24436,38.75678],[-75.227405,38.758046],[-75.224339,38.759607],[-75.220211,38.757455],[-75.214868,38.756453],[-75.217279,38.753493],[-75.220209,38.751383],[-75.222474,38.750695],[-75.226374,38.747725],[-75.227464,38.748744],[-75.24436,38.75678]]]}},{"id":"7","type":"Feature","properties":{"GEOID":"100030113002","eb":5.8,"sv":1.97,"county":"New Castle","pop":805.0,"pm25_pct":96.0,"diesel_pct":69.0,"cancer_pct":51.0,"traffic_pct":56.0,"superfund_pct":32.0,"lowinc_pct":0.056390977,"unemp_pct":0.025229358,"lingiso_pct":0.02189781,"poc_pct":16.0,"sv_health":3.36,"efa":"Not EFA","name":"New Castle BG 113002","efa_hisp_pct":0.9,"efa_black_pct":0.8,"efa_lingiso_pct":2.2,"efa_lingiso_sp":0,"efa_poverty_pct":2.4,"efa_mhhi":123750.0,"efa_combined_minority":13.9,"efa_has_duplicate":0,"efa_mc1":0,"efa_sc1":0,"efa_mc2":0,"efa_sc2":0,"efa_mc3":0,"efa_sc3":0,"efa_mc4":0,"efa_sc4":0,"efa_mc5":0,"efa_sc5":0,"efa_has_split":0},"geometry":{"type":"Polygon","coordinates":[[[-75.511869,39.811969],[-75.510143,39.811032],[-75.509,39.812128],[-75.503852,39.808965],[-75.507808,39.805191],[-75.509272,39.804688],[-75.511253,39.805865],[-75.515238,39.808244],[-75.511869,39.811969]]]}},{"id":"8","type":"Feature","properties":{"GEOID":"100050507111","eb":1.62,"sv":3.66,"county":"Sussex","pop":561.0,"pm25_pct":18.0,"diesel_pct":6.0,"cancer_pct":0.0,"traffic_pct":3.0,"superfund_pct":22.0,"lowinc_pct":0.351158645,"unemp_pct":0.0,"lingiso_pct":0.0,"poc_pct":9.0,"sv_health":5.33,"efa":"Not EFA","name":"Sussex BG 507111","efa_hisp_pct":0,"efa_black_pct":4.2,"efa_lingiso_pct":0,"efa_lingiso_sp":null,"efa_poverty_pct":10.5,"efa_mhhi":56528.0,"efa_combined_minority":9.4,"efa_has_duplicate":0,"efa_mc1":0,"efa_sc1":0,"efa_mc2":0,"efa_sc2":0,"efa_mc3":0,"efa_sc3":0,"efa_mc4":0,"efa_sc4":0,"efa_mc5":0,"efa_sc5":0,"efa_has_split":0},"geometry":{"type":"Polygon","coordinates":[[[-75.14217,38.625281],[-75.13912,38.629993],[-75.139077,38.631328],[-75.134289,38.631615],[-75.129171,38.634826],[-75.126069,38.635556],[-75.126119,38.636216],[-75.123081,38.633053],[-75.121256,38.632431],[-75.120494,38.6313],[-75.122454,38.628755],[-75.126553,38.629064],[-75.129529,38.628574],[-75.130167,38.627548],[-75.131949,38.627386],[-75.135734,38.628743],[-75.139099,38.623518],[-75.139769,38.623896],[-75.14217,38.625281]]]}},{"id":"9","type":"Feature","properties":{"GEOID":"100030120003","eb":6.56,"sv":2.75,"county":"New Castle","pop":1434.0,"pm25_pct":75.0,"diesel_pct":62.0,"cancer_pct":51.0,"traffic_pct":93.0,"superfund_pct":88.0,"lowinc_pct":0.25509487,"unemp_pct":0.096774194,"lingiso_pct":0.0,"poc_pct":70.0,"sv_health":3.99,"efa":"Not EFA","name":"New Castle BG 120003","efa_hisp_pct":27.4,"efa_black_pct":24.4,"efa_lingiso_pct":0,"efa_lingiso_sp":null,"efa_poverty_pct":12.5,"efa_mhhi":80987.0,"efa_combined_minority":61.3,"efa_has_duplicate":0,"efa_mc1":0,"efa_sc1":0,"efa_mc2":0,"efa_sc2":0,"efa_mc3":0,"efa_sc3":0,"efa_mc4":0,"efa_sc4":0,"efa_mc5":0,"efa_sc5":0,"efa_has_split":0},"geometry":{"type":"Polygon","coordinates":[[[-75.636695,39.729815],[-75.63378,39.734287],[-75.634316,39.734963],[-75.626829,39.736909],[-75.622708,39.73742],[-75.62219,39.734934],[-75.621453,39.733768],[-75.618538,39.730482],[-75.6174,39.72906],[-75.615319,39.722801],[-75.615967,39.72266],[-75.615954,39.721843],[-75.621904,39.722459],[-75.625879,39.723186],[-75.630961,39.724686],[-75.633218,39.724933],[-75.634113,39.724601],[-75.635007,39.72537],[-75.63698,39.726867],[-75.636695,39.729815]]]}},{"id":"10","type":"Feature","properties":{"GEOID":"100030149073","eb":5.66,"sv":2.69,"county":"New Castle","pop":1044.0,"pm25_pct":57.0,"diesel_pct":92.0,"cancer_pct":51.0,"traffic_pct":57.0,"superfund_pct":86.0,"lowinc_pct":0.303760849,"unemp_pct":0.298634812,"lingiso_pct":0.023060797,"poc_pct":92.0,"sv_health":3.83,"efa":"Moderate","name":"New Castle BG 149073","efa_hisp_pct":7.5,"efa_black_pct":52.2,"efa_lingiso_pct":2.3,"efa_lingiso_sp":0,"efa_poverty_pct":5.4,"efa_mhhi":36724.0,"efa_combined_minority":83.9,"efa_has_duplicate":0,"efa_mc1":0,"efa_sc1":0,"efa_mc2":1,"efa_sc2":0,"efa_mc3":0,"efa_sc3":0,"efa_mc4":1,"efa_sc4":0,"efa_mc5":0,"efa_sc5":0,"efa_has_split":0},"geometry":{"type":"Polygon","coordinates":[[[-75.664186,39.643441],[-75.659196,39.64583],[-75.657063,39.64577],[-75.658947,39.636882],[-75.660499,39.638379],[-75.664186,39.643441]]]}},{"id":"11","type":"Feature","properties":{"GEOID":"100050504052","eb":3.48,"sv":3.22,"county":"Sussex","pop":2254.0,"pm25_pct":43.0,"diesel_pct":26.0,"cancer_pct":0.0,"traffic_pct":49.0,"superfund_pct":86.0,"lowinc_pct":0.270577535,"unemp_pct":0.039693593,"lingiso_pct":0.189578714,"poc_pct":60.0,"sv_health":4.37,"efa":"Moderate","name":"Sussex BG 504052","efa_hisp_pct":3.6,"efa_black_pct":25.8,"efa_lingiso_pct":18.6,"efa_lingiso_sp":14.5,"efa_poverty_pct":14.3,"efa_mhhi":53806.0,"efa_combined_minority":40.3,"efa_has_duplicate":0,"efa_mc1":1,"efa_sc1":0,"efa_mc2":0,"efa_sc2":0,"efa_mc3":0,"efa_sc3":0,"efa_mc4":0,"efa_sc4":0,"efa_mc5":1,"efa_sc5":0,"efa_has_split":0},"geometry":{"type":"Polygon","coordinates":[[[-75.648631,38.641655],[-75.644429,38.641662],[-75.644113,38.641707],[-75.643449,38.641856],[-75.642538,38.642184],[-75.639265,38.643474],[-75.63757,38.643975],[-75.629569,38.645449],[-75.624936,38.646153],[-75.618133,38.64637],[-75.61425,38.638208],[-75.614974,38.637302],[-75.621842,38.634428],[-75.623576,38.633858],[-75.624755,38.63373],[-75.62655,38.633926],[-75.629788,38.635037],[-75.632303,38.636137],[-75.643605,38.639814],[-75.647111,38.641007],[-75.648631,38.641655]]]}},{"id":"12","type":"Feature","properties":{"GEOID":"100030002005","eb":6.91,"sv":2.55,"county":"New Castle","pop":1178.0,"pm25_pct":91.0,"diesel_pct":76.0,"cancer_pct":51.0,"traffic_pct":63.0,"superfund_pct":56.0,"lowinc_pct":0.077249576,"unemp_pct":0.10866373,"lingiso_pct":0.0,"poc_pct":97.0,"sv_health":4.42,"efa":"Not EFA","name":"New Castle BG 2005","efa_hisp_pct":0,"efa_black_pct":74.6,"efa_lingiso_pct":0,"efa_lingiso_sp":null,"efa_poverty_pct":2.1,"efa_mhhi":98529.0,"efa_combined_minority":74.6,"efa_has_duplicate":0,"efa_mc1":0,"efa_sc1":0,"efa_mc2":0,"efa_sc2":0,"efa_mc3":0,"efa_sc3":0,"efa_mc4":0,"efa_sc4":0,"efa_mc5":0,"efa_sc5":0,"efa_has_split":0},"geometry":{"type":"Polygon","coordinates":[[[-75.534023,39.759078],[-75.531134,39.760384],[-75.529309,39.76167],[-75.527868,39.762338],[-75.525487,39.759194],[-75.525816,39.759044],[-75.531904,39.756248],[-75.534023,39.759078]]]}},{"id":"13","type":"Feature","properties":{"GEOID":"100010417022","eb":2.68,"sv":2.64,"county":"Kent","pop":1829.0,"pm25_pct":21.0,"diesel_pct":39.0,"cancer_pct":0.0,"traffic_pct":42.0,"superfund_pct":45.0,"lowinc_pct":0.252759382,"unemp_pct":0.069414317,"lingiso_pct":0.022792023,"poc_pct":78.0,"sv_health":3.91,"efa":"Not EFA","name":"Kent BG 417022","efa_hisp_pct":2.7,"efa_black_pct":43.4,"efa_lingiso_pct":2.2,"efa_lingiso_sp":100.0,"efa_poverty_pct":13.8,"efa_mhhi":88828.0,"efa_combined_minority":54.8,"efa_has_duplicate":0,"efa_mc1":0,"efa_sc1":0,"efa_mc2":0,"efa_sc2":0,"efa_mc3":0,"efa_sc3":0,"efa_mc4":0,"efa_sc4":0,"efa_mc5":0,"efa_sc5":0,"efa_has_split":0},"geometry":{"type":"Polygon","coordinates":[[[-75.545947,39.095216],[-75.542504,39.102612],[-75.541056,39.105645],[-75.537568,39.113091],[-75.534914,39.112973],[-75.534932,39.112932],[-75.53204,39.111572],[-75.525428,39.105984],[-75.523346,39.104811],[-75.515868,39.100329],[-75.52685,39.098728],[-75.528232,39.098371],[-75.535196,39.097718],[-75.535869,39.096348],[-75.538531,39.095054],[-75.544778,39.095187],[-75.545947,39.095216]]]}},{"id":"14","type":"Feature","properties":{"GEOID":"100010422031","eb":2.46,"sv":2.67,"county":"Kent","pop":1327.0,"pm25_pct":26.0,"diesel_pct":29.0,"cancer_pct":0.0,"traffic_pct":44.0,"superfund_pct":46.0,"lowinc_pct":0.292517007,"unemp_pct":0.02601626,"lingiso_pct":0.0,"poc_pct":46.0,"sv_health":3.7,"efa":"Not EFA","name":"Kent BG 422031","efa_hisp_pct":0.6,"efa_black_pct":33.8,"efa_lingiso_pct":0,"efa_lingiso_sp":null,"efa_poverty_pct":5.2,"efa_mhhi":151306.0,"efa_combined_minority":44.4,"efa_has_duplicate":0,"efa_mc1":0,"efa_sc1":0,"efa_mc2":0,"efa_sc2":0,"efa_mc3":0,"efa_sc3":0,"efa_mc4":0,"efa_sc4":0,"efa_mc5":0,"efa_sc5":0,"efa_has_split":0},"geometry":{"type":"Polygon","coordinates":[[[-75.516173,39.098017],[-75.515868,39.100329],[-75.513718,39.101779],[-75.513711,39.101725],[-75.513533,39.100816],[-75.512828,39.099289],[-75.510965,39.097332],[-75.506006,39.094404],[-75.505404,39.094081],[-75.497732,39.08978],[-75.490098,39.085128],[-75.483839,39.079015],[-75.489605,39.075298],[-75.493388,39.074314],[-75.494856,39.076569],[-75.497818,39.076886],[-75.504437,39.080939],[-75.505881,39.083041],[-75.518753,39.091405],[-75.516173,39.098017]]]}},{"id":"15","type":"Feature","properties":{"GEOID":"100050510171","eb":1.92,"sv":2.48,"county":"Sussex","pop":367.0,"pm25_pct":12.0,"diesel_pct":28.0,"cancer_pct":0.0,"traffic_pct":67.0,"superfund_pct":7.0,"lowinc_pct":0.416893733,"unemp_pct":0.077272727,"lingiso_pct":0.0,"poc_pct":9.0,"sv_health":3.7,"efa":"Moderate","name":"Sussex BG 510171","efa_hisp_pct":0,"efa_black_pct":0,"efa_lingiso_pct":0,"efa_lingiso_sp":null,"efa_poverty_pct":27.0,"efa_mhhi":62946.0,"efa_combined_minority":3.5,"efa_has_duplicate":0,"efa_mc1":0,"efa_sc1":0,"efa_mc2":0,"efa_sc2":0,"efa_mc3":1,"efa_sc3":0,"efa_mc4":0,"efa_sc4":0,"efa_mc5":0,"efa_sc5":0,"efa_has_split":0},"geometry":{"type":"Polygon","coordinates":[[[-75.123684,38.715827],[-75.121487,38.720423],[-75.121544,38.721977],[-75.120615,38.721389],[-75.106947,38.71466],[-75.107888,38.713588],[-75.109556,38.713753],[-75.115578,38.712077],[-75.117515,38.710425],[-75.122769,38.715545],[-75.123684,38.715827]]]}},{"id":"16","type":"Feature","properties":{"GEOID":"100030112031","eb":6.07,"sv":2.27,"county":"New Castle","pop":2059.0,"pm25_pct":100.0,"diesel_pct":62.0,"cancer_pct":51.0,"traffic_pct":35.0,"superfund_pct":36.0,"lowinc_pct":0.075279262,"unemp_pct":0.018755328,"lingiso_pct":0.067391304,"poc_pct":51.0,"sv_health":3.87,"efa":"Not EFA","name":"New Castle BG 112031","efa_hisp_pct":0,"efa_black_pct":7.7,"efa_lingiso_pct":8.2,"efa_lingiso_sp":0,"efa_poverty_pct":4.8,"efa_mhhi":119043.0,"efa_combined_minority":32.4,"efa_has_duplicate":0,"efa_mc1":0,"efa_sc1":0,"efa_mc2":0,"efa_sc2":0,"efa_mc3":0,"efa_sc3":0,"efa_mc4":0,"efa_sc4":0,"efa_mc5":0,"efa_sc5":0,"efa_has_split":0},"geometry":{"type":"Polygon","coordinates":[[[-75.4989861331738,39.8333338997188],[-75.4989819702025,39.8333332627742],[-75.498843,39.833312],[-75.481242,39.829112],[-75.486586,39.82465],[-75.487117,39.822614],[-75.501038,39.824757],[-75.4989861331738,39.8333338997188]]]}},{"id":"17","type":"Feature","properties":{"GEOID":"100030139062","eb":5.52,"sv":1.87,"county":"New Castle","pop":1993.0,"pm25_pct":58.0,"diesel_pct":87.0,"cancer_pct":51.0,"traffic_pct":88.0,"superfund_pct":56.0,"lowinc_pct":0.175112895,"unemp_pct":0.065910702,"lingiso_pct":0.0,"poc_pct":82.0,"sv_health":2.98,"efa":"Not EFA","name":"New Castle BG 139062","efa_hisp_pct":2.6,"efa_black_pct":44.9,"efa_lingiso_pct":0.5,"efa_lingiso_sp":0,"efa_poverty_pct":1.9,"efa_mhhi":104469.0,"efa_combined_minority":65.1,"efa_has_duplicate":0,"efa_mc1":0,"efa_sc1":0,"efa_mc2":0,"efa_sc2":0,"efa_mc3":0,"efa_sc3":0,"efa_mc4":0,"efa_sc4":0,"efa_mc5":0,"efa_sc5":0,"efa_has_split":0},"geometry":{"type":"Polygon","coordinates":[[[-75.690908,39.66116],[-75.689871,39.661885],[-75.685578,39.666159],[-75.683849,39.667433],[-75.675124,39.672028],[-75.672907,39.66978],[-75.669938,39.668705],[-75.676762,39.667392],[-75.676399,39.662548],[-75.676858,39.661147],[-75.680041,39.661028],[-75.676414,39.659242],[-75.674802,39.656955],[-75.681771,39.653922],[-75.68172,39.657225],[-75.684606,39.658565],[-75.686389,39.657717],[-75.686978,39.660255],[-75.689947,39.659925],[-75.690908,39.66116]]]}},{"id":"18","type":"Feature","properties":{"GEOID":"100050510112","eb":2.08,"sv":2.33,"county":"Sussex","pop":371.0,"pm25_pct":21.0,"diesel_pct":31.0,"cancer_pct":0.0,"traffic_pct":48.0,"superfund_pct":8.0,"lowinc_pct":0.18328841,"unemp_pct":0.0,"lingiso_pct":0.0,"poc_pct":6.0,"sv_health":3.85,"efa":"Not EFA","name":"Sussex BG 510112","efa_hisp_pct":2.9,"efa_black_pct":0.3,"efa_lingiso_pct":0,"efa_lingiso_sp":null,"efa_poverty_pct":10.1,"efa_mhhi":83879.0,"efa_combined_minority":6.3,"efa_has_duplicate":0,"efa_mc1":0,"efa_sc1":0,"efa_mc2":0,"efa_sc2":0,"efa_mc3":0,"efa_sc3":0,"efa_mc4":0,"efa_sc4":0,"efa_mc5":0,"efa_sc5":0,"efa_has_split":0},"geometry":{"type":"Polygon","coordinates":[[[-75.166134,38.739598],[-75.162881,38.742037],[-75.156374,38.736071],[-75.148188,38.741205],[-75.144662,38.738868],[-75.154004,38.732938],[-75.16312,38.736751],[-75.166134,38.739598]]]}},{"id":"19","type":"Feature","properties":{"GEOID":"100030104001","eb":6.77,"sv":2.0,"county":"New Castle","pop":561.0,"pm25_pct":95.0,"diesel_pct":83.0,"cancer_pct":51.0,"traffic_pct":52.0,"superfund_pct":45.0,"lowinc_pct":0.046345811,"unemp_pct":0.025069638,"lingiso_pct":0.0,"poc_pct":37.0,"sv_health":3.6,"efa":"Not EFA","name":"New Castle BG 104001","efa_hisp_pct":2.1,"efa_black_pct":19.1,"efa_lingiso_pct":0,"efa_lingiso_sp":null,"efa_poverty_pct":3.5,"efa_mhhi":103672.0,"efa_combined_minority":21.2,"efa_has_duplicate":0,"efa_mc1":0,"efa_sc1":0,"efa_mc2":0,"efa_sc2":0,"efa_mc3":0,"efa_sc3":0,"efa_mc4":0,"efa_sc4":0,"efa_mc5":0,"efa_sc5":0,"efa_has_split":0},"geometry":{"type":"Polygon","coordinates":[[[-75.47914,39.793611],[-75.47881,39.794106],[-75.476839,39.796142],[-75.476397,39.796582],[-75.475058,39.794029],[-75.472893,39.796153],[-75.470643,39.79577],[-75.467931,39.794084],[-75.469786,39.792442],[-75.470197,39.792084],[-75.472654,39.789843],[-75.474206,39.788406],[-75.474425,39.788198],[-75.477011,39.789441],[-75.475321,39.79123],[-75.479235,39.793532],[-75.47914,39.793611]]]}},{"id":"20","type":"Feature","properties":{"GEOID":"100050518022","eb":1.8,"sv":2.53,"county":"Sussex","pop":713.0,"pm25_pct":36.0,"diesel_pct":29.0,"cancer_pct":0.0,"traffic_pct":16.0,"superfund_pct":30.0,"lowinc_pct":0.052380952,"unemp_pct":0.209631728,"lingiso_pct":0.047808765,"poc_pct":25.0,"sv_health":4.73,"efa":"Not EFA","name":"Sussex BG 518022","efa_hisp_pct":0,"efa_black_pct":9.9,"efa_lingiso_pct":0,"efa_lingiso_sp":null,"efa_poverty_pct":0,"efa_mhhi":84625.0,"efa_combined_minority":9.9,"efa_has_duplicate":0,"efa_mc1":0,"efa_sc1":0,"efa_mc2":0,"efa_sc2":0,"efa_mc3":0,"efa_sc3":0,"efa_mc4":0,"efa_sc4":0,"efa_mc5":0,"efa_sc5":0,"efa_has_split":0},"geometry":{"type":"Polygon","coordinates":[[[-75.579053,38.545531],[-75.577696,38.549379],[-75.575108,38.556281],[-75.574377,38.556772],[-75.571289,38.556772],[-75.569478,38.54957],[-75.569508,38.542497],[-75.569507,38.541587],[-75.569793,38.523773],[-75.576343,38.523974],[-75.577419,38.524864],[-75.576379,38.526502],[-75.57618,38.528414],[-75.574997,38.530951],[-75.575069,38.534952],[-75.57436,38.53648],[-75.575946,38.541322],[-75.578901,38.544926],[-75.579053,38.545531]]]}},{"id":"21","type":"Feature","properties":{"GEOID":"100030135012","eb":5.72,"sv":2.36,"county":"New Castle","pop":1681.0,"pm25_pct":87.0,"diesel_pct":47.0,"cancer_pct":51.0,"traffic_pct":59.0,"superfund_pct":65.0,"lowinc_pct":0.207758054,"unemp_pct":0.017699115,"lingiso_pct":0.0,"poc_pct":25.0,"sv_health":3.28,"efa":"Not EFA","name":"New Castle BG 135012","efa_hisp_pct":0.9,"efa_black_pct":5.7,"efa_lingiso_pct":0,"efa_lingiso_sp":null,"efa_poverty_pct":8.3,"efa_mhhi":117083.0,"efa_combined_minority":22.5,"efa_has_duplicate":0,"efa_mc1":0,"efa_sc1":0,"efa_mc2":0,"efa_sc2":0,"efa_mc3":0,"efa_sc3":0,"efa_mc4":0,"efa_sc4":0,"efa_mc5":0,"efa_sc5":0,"efa_has_split":0},"geometry":{"type":"Polygon","coordinates":[[[-75.652676,39.753066],[-75.644301,39.756498],[-75.639898,39.76219],[-75.63619,39.762658],[-75.63257,39.758304],[-75.634666,39.754677],[-75.632769,39.752508],[-75.632501,39.75072],[-75.636566,39.747627],[-75.637389,39.74582],[-75.636517,39.745783],[-75.633999,39.744204],[-75.631159,39.740702],[-75.634506,39.738907],[-75.636816,39.739814],[-75.637759,39.740308],[-75.640997,39.742087],[-75.649986,39.75088],[-75.652676,39.753066]]]}},{"id":"22","type":"Feature","properties":{"GEOID":"100050508081","eb":2.11,"sv":2.24,"county":"Sussex","pop":1103.0,"pm25_pct":29.0,"diesel_pct":18.0,"cancer_pct":0.0,"traffic_pct":41.0,"superfund_pct":15.0,"lowinc_pct":0.13961922,"unemp_pct":0.0,"lingiso_pct":0.0,"poc_pct":9.0,"sv_health":3.85,"efa":"Not EFA","name":"Sussex BG 508081","efa_hisp_pct":0,"efa_black_pct":2.8,"efa_lingiso_pct":0,"efa_lingiso_sp":null,"efa_poverty_pct":7.5,"efa_mhhi":62109.0,"efa_combined_minority":5.9,"efa_has_duplicate":0,"efa_mc1":0,"efa_sc1":0,"efa_mc2":0,"efa_sc2":0,"efa_mc3":0,"efa_sc3":0,"efa_mc4":0,"efa_sc4":0,"efa_mc5":0,"efa_sc5":0,"efa_has_split":0},"geometry":{"type":"Polygon","coordinates":[[[-75.207168,38.748184],[-75.200305,38.753523],[-75.195027,38.755851],[-75.192523,38.754405],[-75.189577,38.751027],[-75.201315,38.747263],[-75.199865,38.74367],[-75.19936,38.739812],[-75.205738,38.739186],[-75.207168,38.748184]]]}},{"id":"23","type":"Feature","properties":{"GEOID":"100030149031","eb":5.58,"sv":4.09,"county":"New Castle","pop":1105.0,"pm25_pct":52.0,"diesel_pct":58.0,"cancer_pct":51.0,"traffic_pct":70.0,"superfund_pct":78.0,"lowinc_pct":0.670588235,"unemp_pct":0.287822878,"lingiso_pct":0.319648094,"poc_pct":88.0,"sv_health":4.23,"efa":"Significant","name":"New Castle BG 149031","efa_hisp_pct":87.8,"efa_black_pct":0,"efa_lingiso_pct":36.3,"efa_lingiso_sp":100.0,"efa_poverty_pct":22.5,"efa_mhhi":null,"efa_combined_minority":87.8,"efa_has_duplicate":0,"efa_mc1":1,"efa_sc1":0,"efa_mc2":1,"efa_sc2":0,"efa_mc3":0,"efa_sc3":0,"efa_mc4":0,"efa_sc4":0,"efa_mc5":0,"efa_sc5":1,"efa_has_split":0},"geometry":{"type":"Polygon","coordinates":[[[-75.695883,39.623465],[-75.696818,39.626211],[-75.690897,39.620209],[-75.690796,39.620045],[-75.694615,39.618669],[-75.694762,39.618795],[-75.695698,39.619454],[-75.69841,39.621789],[-75.695883,39.623465]]]}},{"id":"24","type":"Feature","properties":{"GEOID":"100050511012","eb":1.47,"sv":1.93,"county":"Sussex","pop":287.0,"pm25_pct":8.0,"diesel_pct":44.0,"cancer_pct":0.0,"traffic_pct":23.0,"superfund_pct":1.0,"lowinc_pct":0.135888502,"unemp_pct":0.025,"lingiso_pct":0.0,"poc_pct":0.0,"sv_health":3.36,"efa":"Not EFA","name":"Sussex BG 511012","efa_hisp_pct":0,"efa_black_pct":0,"efa_lingiso_pct":0,"efa_lingiso_sp":null,"efa_poverty_pct":3.6,"efa_mhhi":150905.0,"efa_combined_minority":1.4,"efa_has_duplicate":0,"efa_mc1":0,"efa_sc1":0,"efa_mc2":0,"efa_sc2":0,"efa_mc3":0,"efa_sc3":0,"efa_mc4":0,"efa_sc4":0,"efa_mc5":0,"efa_sc5":0,"efa_has_split":0},"geometry":{"type":"Polygon","coordinates":[[[-75.085104,38.723221],[-75.079534,38.728563],[-75.079469,38.72789],[-75.0777167462944,38.7297673982858],[-75.0753980054082,38.7167103385283],[-75.076442,38.716495],[-75.078914,38.716247],[-75.080064,38.720632],[-75.081616,38.721174],[-75.082283,38.721084],[-75.084817,38.722985],[-75.085104,38.723221]]]}},{"id":"25","type":"Feature","properties":{"GEOID":"100050503043","eb":2.79,"sv":3.4,"county":"Sussex","pop":1563.0,"pm25_pct":37.0,"diesel_pct":13.0,"cancer_pct":0.0,"traffic_pct":46.0,"superfund_pct":25.0,"lowinc_pct":0.503293808,"unemp_pct":0.042780749,"lingiso_pct":0.062962963,"poc_pct":82.0,"sv_health":4.88,"efa":"Moderate","name":"Sussex BG 503043","efa_hisp_pct":17.6,"efa_black_pct":41.1,"efa_lingiso_pct":11.4,"efa_lingiso_sp":43.3,"efa_poverty_pct":22.8,"efa_mhhi":50778.0,"efa_combined_minority":60.4,"efa_has_duplicate":0,"efa_mc1":0,"efa_sc1":0,"efa_mc2":0,"efa_sc2":0,"efa_mc3":0,"efa_sc3":0,"efa_mc4":1,"efa_sc4":0,"efa_mc5":0,"efa_sc5":0,"efa_has_split":0},"geometry":{"type":"Polygon","coordinates":[[[-75.627881,38.753697],[-75.619598,38.75895],[-75.614799,38.762424],[-75.61249,38.763512],[-75.609296,38.762527],[-75.593444,38.759487],[-75.593749,38.755439],[-75.593125,38.749145],[-75.592924,38.747361],[-75.592314,38.741877],[-75.590978,38.727267],[-75.595653,38.728515],[-75.596214,38.728474],[-75.596597,38.728438],[-75.596878,38.728257],[-75.597691,38.72808],[-75.598975,38.728283],[-75.59988,38.728349],[-75.600798,38.728338],[-75.601581,38.728207],[-75.602706,38.727986],[-75.608458,38.729769],[-75.609462,38.725007],[-75.609555,38.725158],[-75.607283,38.735903],[-75.605996,38.740897],[-75.606897,38.741859],[-75.611361,38.74567],[-75.61169,38.745933],[-75.625497,38.752288],[-75.627881,38.753697]]]}},{"id":"26","type":"Feature","properties":{"GEOID":"100010418032","eb":2.25,"sv":3.01,"county":"Kent","pop":1822.0,"pm25_pct":8.0,"diesel_pct":20.0,"cancer_pct":0.0,"traffic_pct":20.0,"superfund_pct":36.0,"lowinc_pct":0.386937431,"unemp_pct":0.043296089,"lingiso_pct":0.002567394,"poc_pct":54.0,"sv_health":5.13,"efa":"Moderate","name":"Kent BG 418032","efa_hisp_pct":8.3,"efa_black_pct":23.5,"efa_lingiso_pct":1.5,"efa_lingiso_sp":66.7,"efa_poverty_pct":18.0,"efa_mhhi":62532.0,"efa_combined_minority":42.8,"efa_has_duplicate":1,"efa_mc1":1,"efa_sc1":0,"efa_mc2":0,"efa_sc2":0,"efa_mc3":0,"efa_sc3":0,"efa_mc4":0,"efa_sc4":0,"efa_mc5":0,"efa_sc5":0,"efa_has_split":1},"geometry":{"type":"Polygon","coordinates":[[[-75.622095,39.193322],[-75.619217,39.198072],[-75.617898,39.199919],[-75.610886,39.205801],[-75.605849,39.209521],[-75.605038,39.210215],[-75.604108,39.212182],[-75.59134,39.217099],[-75.586549,39.219174],[-75.583067,39.215564],[-75.579445,39.211536],[-75.577055,39.208897],[-75.571463,39.202656],[-75.56475,39.195375],[-75.564044,39.195402],[-75.564148,39.194504],[-75.564214,39.194429],[-75.566246,39.19374],[-75.567312,39.193393],[-75.5712,39.191052],[-75.574216,39.193789],[-75.574565,39.194082],[-75.578737,39.197844],[-75.578509,39.198334],[-75.585145,39.194568],[-75.590257,39.193725],[-75.591836,39.193466],[-75.601349,39.189642],[-75.603287,39.188871],[-75.60703,39.188966],[-75.610684,39.188555],[-75.61554,39.18727],[-75.623804,39.188105],[-75.622095,39.193322]]]}},{"id":"27","type":"Feature","properties":{"GEOID":"100030136153","eb":5.31,"sv":3.25,"county":"New Castle","pop":1425.0,"pm25_pct":65.0,"diesel_pct":96.0,"cancer_pct":51.0,"traffic_pct":28.0,"superfund_pct":75.0,"lowinc_pct":0.41122807,"unemp_pct":0.027272727,"lingiso_pct":0.14922813,"poc_pct":67.0,"sv_health":3.63,"efa":"Moderate","name":"New Castle BG 136153","efa_hisp_pct":41.2,"efa_black_pct":3.1,"efa_lingiso_pct":17.1,"efa_lingiso_sp":100.0,"efa_poverty_pct":8.1,"efa_mhhi":47697.0,"efa_combined_minority":46.8,"efa_has_duplicate":0,"efa_mc1":0,"efa_sc1":0,"efa_mc2":0,"efa_sc2":0,"efa_mc3":0,"efa_sc3":0,"efa_mc4":1,"efa_sc4":0,"efa_mc5":1,"efa_sc5":0,"efa_has_split":0},"geometry":{"type":"Polygon","coordinates":[[[-75.682692,39.699438],[-75.671374,39.704541],[-75.674368,39.707772],[-75.673046,39.710339],[-75.673963,39.711901],[-75.66732,39.713417],[-75.66169,39.715347],[-75.658646,39.715169],[-75.650998,39.710664],[-75.651647,39.709995],[-75.653266,39.707567],[-75.653606,39.706919],[-75.655218,39.705596],[-75.655675,39.702924],[-75.65796,39.700849],[-75.65986,39.700421],[-75.661245,39.701312],[-75.663033,39.701411],[-75.665098,39.6998],[-75.664562,39.699023],[-75.665568,39.697963],[-75.669667,39.699974],[-75.672633,39.699094],[-75.675585,39.699082],[-75.678608,39.697515],[-75.679186,39.697694],[-75.681138,39.698972],[-75.682692,39.699438]]]}},{"id":"28","type":"Feature","properties":{"GEOID":"100050507091","eb":1.87,"sv":3.06,"county":"Sussex","pop":808.0,"pm25_pct":18.0,"diesel_pct":6.0,"cancer_pct":0.0,"traffic_pct":0.0,"superfund_pct":28.0,"lowinc_pct":0.180693069,"unemp_pct":0.052896725,"lingiso_pct":0.0,"poc_pct":0.0,"sv_health":4.27,"efa":"Not EFA","name":"Sussex BG 507091","efa_hisp_pct":2.6,"efa_black_pct":0.8,"efa_lingiso_pct":0,"efa_lingiso_sp":null,"efa_poverty_pct":3.5,"efa_mhhi":130536.0,"efa_combined_minority":3.4,"efa_has_duplicate":0,"efa_mc1":0,"efa_sc1":0,"efa_mc2":0,"efa_sc2":0,"efa_mc3":0,"efa_sc3":0,"efa_mc4":0,"efa_sc4":0,"efa_mc5":0,"efa_sc5":0,"efa_has_split":0},"geometry":{"type":"Polygon","coordinates":[[[-75.194307,38.635805],[-75.193626,38.637559],[-75.189317,38.653741],[-75.189197,38.654636],[-75.188637,38.654592],[-75.178559,38.648567],[-75.17495,38.645496],[-75.173341,38.641462],[-75.174083,38.640293],[-75.175567,38.638941],[-75.176742,38.638403],[-75.181158,38.63494],[-75.181775,38.632428],[-75.194112,38.635761],[-75.194307,38.635805]]]}},{"id":"29","type":"Feature","properties":{"GEOID":"100030029003","eb":7.75,"sv":4.48,"county":"New Castle","pop":1467.0,"pm25_pct":79.0,"diesel_pct":96.0,"cancer_pct":51.0,"traffic_pct":97.0,"superfund_pct":76.0,"lowinc_pct":0.597818678,"unemp_pct":0.076923077,"lingiso_pct":0.023485785,"poc_pct":97.0,"sv_health":6.16,"efa":"Significant","name":"New Castle BG 29003","efa_hisp_pct":4.9,"efa_black_pct":82.8,"efa_lingiso_pct":4.9,"efa_lingiso_sp":100.0,"efa_poverty_pct":45.8,"efa_mhhi":17121.0,"efa_combined_minority":87.7,"efa_has_duplicate":0,"efa_mc1":1,"efa_sc1":1,"efa_mc2":1,"efa_sc2":0,"efa_mc3":1,"efa_sc3":1,"efa_mc4":1,"efa_sc4":1,"efa_mc5":0,"efa_sc5":0,"efa_has_split":0},"geometry":{"type":"Polygon","coordinates":[[[-75.547103,39.741537],[-75.542415,39.739621],[-75.543915,39.737413],[-75.548588,39.73933],[-75.547103,39.741537]]]}},{"id":"30","type":"Feature","properties":{"GEOID":"100010422062","eb":1.89,"sv":2.49,"county":"Kent","pop":1384.0,"pm25_pct":32.0,"diesel_pct":22.0,"cancer_pct":0.0,"traffic_pct":5.0,"superfund_pct":26.0,"lowinc_pct":0.132947977,"unemp_pct":0.026234568,"lingiso_pct":0.0,"poc_pct":19.0,"sv_health":4.08,"efa":"Not EFA","name":"Kent BG 422062","efa_hisp_pct":7.5,"efa_black_pct":4.8,"efa_lingiso_pct":0,"efa_lingiso_sp":null,"efa_poverty_pct":10.4,"efa_mhhi":74851.0,"efa_combined_minority":14.8,"efa_has_duplicate":0,"efa_mc1":0,"efa_sc1":0,"efa_mc2":0,"efa_sc2":0,"efa_mc3":0,"efa_sc3":0,"efa_mc4":0,"efa_sc4":0,"efa_mc5":0,"efa_sc5":0,"efa_has_split":0},"geometry":{"type":"Polygon","coordinates":[[[-75.55195,39.037523],[-75.545743,39.039182],[-75.541544,39.039528],[-75.531637,39.036889],[-75.529771,39.036986],[-75.524949,39.038729],[-75.524473,39.038844],[-75.512744,39.04],[-75.509085,39.038666],[-75.509996,39.037037],[-75.510483,39.036314],[-75.510467,39.035064],[-75.514406,39.027118],[-75.508547,39.02477],[-75.513373,39.023808],[-75.515061,39.022038],[-75.517178,39.020899],[-75.518257,39.018377],[-75.519413,39.017509],[-75.52111,39.017329],[-75.524266,39.014622],[-75.525365,39.012787],[-75.52892,39.010188],[-75.53389,39.014576],[-75.545898,39.031215],[-75.55195,39.037523]]]}},{"id":"31","type":"Feature","properties":{"GEOID":"100030028001","eb":7.88,"sv":3.01,"county":"New Castle","pop":1265.0,"pm25_pct":83.0,"diesel_pct":94.0,"cancer_pct":51.0,"traffic_pct":97.0,"superfund_pct":68.0,"lowinc_pct":0.33201581,"unemp_pct":0.180796731,"lingiso_pct":0.011668611,"poc_pct":71.0,"sv_health":3.68,"efa":"Not EFA","name":"New Castle BG 28001","efa_hisp_pct":7.9,"efa_black_pct":38.7,"efa_lingiso_pct":0.9,"efa_lingiso_sp":100.0,"efa_poverty_pct":6.6,"efa_mhhi":53357.0,"efa_combined_minority":54.1,"efa_has_duplicate":0,"efa_mc1":0,"efa_sc1":0,"efa_mc2":0,"efa_sc2":0,"efa_mc3":0,"efa_sc3":0,"efa_mc4":0,"efa_sc4":0,"efa_mc5":0,"efa_sc5":0,"efa_has_split":0},"geometry":{"type":"Polygon","coordinates":[[[-75.554987,39.751244],[-75.553687,39.75274],[-75.553029,39.754906],[-75.552629,39.756632],[-75.551659,39.755665],[-75.549131,39.753812],[-75.548336,39.75227],[-75.546071,39.750673],[-75.543855,39.750278],[-75.544173,39.749345],[-75.545189,39.747802],[-75.54333,39.747057],[-75.545698,39.743564],[-75.546571,39.742305],[-75.551541,39.74433],[-75.552299,39.744644],[-75.551436,39.745905],[-75.553482,39.746747],[-75.551681,39.749403],[-75.553163,39.749755],[-75.554707,39.750993],[-75.554987,39.751244]]]}},{"id":"32","type":"Feature","properties":{"GEOID":"100010418023","eb":1.59,"sv":2.78,"county":"Kent","pop":1826.0,"pm25_pct":11.0,"diesel_pct":21.0,"cancer_pct":0.0,"traffic_pct":9.0,"superfund_pct":37.0,"lowinc_pct":0.211938664,"unemp_pct":0.016304348,"lingiso_pct":0.097264438,"poc_pct":31.0,"sv_health":3.79,"efa":"Not EFA","name":"Kent BG 418023","efa_hisp_pct":2.1,"efa_black_pct":15.8,"efa_lingiso_pct":9.5,"efa_lingiso_sp":64.8,"efa_poverty_pct":1.6,"efa_mhhi":82350.0,"efa_combined_minority":17.9,"efa_has_duplicate":0,"efa_mc1":0,"efa_sc1":0,"efa_mc2":0,"efa_sc2":0,"efa_mc3":0,"efa_sc3":0,"efa_mc4":0,"efa_sc4":0,"efa_mc5":0,"efa_sc5":0,"efa_has_split":0},"geometry":{"type":"Polygon","coordinates":[[[-75.64732,39.154358],[-75.637675,39.155598],[-75.612835,39.1557],[-75.602575,39.155714],[-75.585963,39.155729],[-75.584261,39.155871],[-75.583381,39.156066],[-75.584636,39.155076],[-75.58672,39.153528],[-75.586835,39.153356],[-75.588989,39.147666],[-75.582147,39.14134],[-75.586492,39.139695],[-75.588255,39.139022],[-75.592157,39.137539],[-75.597406,39.136299],[-75.598214,39.136077],[-75.605191,39.133214],[-75.607729,39.132355],[-75.616452,39.128324],[-75.621587,39.129755],[-75.622471,39.129829],[-75.625585,39.129244],[-75.629832,39.127505],[-75.631983,39.12583],[-75.632801,39.124902],[-75.639028,39.133416],[-75.640789,39.133834],[-75.644832,39.138512],[-75.645485,39.140217],[-75.646187,39.143356],[-75.646609,39.149646],[-75.64732,39.154358]]]}},{"id":"33","type":"Feature","properties":{"GEOID":"100030121001","eb":5.61,"sv":1.92,"county":"New Castle","pop":1188.0,"pm25_pct":79.0,"diesel_pct":56.0,"cancer_pct":51.0,"traffic_pct":44.0,"superfund_pct":59.0,"lowinc_pct":0.024900398,"unemp_pct":0.01236476,"lingiso_pct":0.015486726,"poc_pct":32.0,"sv_health":3.5,"efa":"Not EFA","name":"New Castle BG 121001","efa_hisp_pct":1.8,"efa_black_pct":4.9,"efa_lingiso_pct":2.0,"efa_lingiso_sp":0,"efa_poverty_pct":0,"efa_mhhi":153446.0,"efa_combined_minority":10.8,"efa_has_duplicate":0,"efa_mc1":0,"efa_sc1":0,"efa_mc2":0,"efa_sc2":0,"efa_mc3":0,"efa_sc3":0,"efa_mc4":0,"efa_sc4":0,"efa_mc5":0,"efa_sc5":0,"efa_has_split":0},"geometry":{"type":"Polygon","coordinates":[[[-75.625524,39.758899],[-75.624248,39.761804],[-75.6241,39.76179],[-75.620897,39.761388],[-75.611392,39.760752],[-75.604372,39.75877],[-75.608646,39.754992],[-75.609426,39.753442],[-75.610183,39.747785],[-75.615039,39.748708],[-75.623518,39.74642],[-75.624011,39.746343],[-75.624534,39.753059],[-75.625458,39.756756],[-75.625524,39.758899]]]}},{"id":"34","type":"Feature","properties":{"GEOID":"100030022003","eb":7.25,"sv":4.51,"county":"New Castle","pop":671.0,"pm25_pct":82.0,"diesel_pct":92.0,"cancer_pct":51.0,"traffic_pct":97.0,"superfund_pct":64.0,"lowinc_pct":0.512461059,"unemp_pct":0.088235294,"lingiso_pct":0.285714286,"poc_pct":98.0,"sv_health":5.43,"efa":"Significant","name":"New Castle BG 22003","efa_hisp_pct":84.7,"efa_black_pct":14.3,"efa_lingiso_pct":16.8,"efa_lingiso_sp":100.0,"efa_poverty_pct":20.0,"efa_mhhi":39609.0,"efa_combined_minority":100.0,"efa_has_duplicate":0,"efa_mc1":1,"efa_sc1":0,"efa_mc2":1,"efa_sc2":1,"efa_mc3":0,"efa_sc3":0,"efa_mc4":1,"efa_sc4":0,"efa_mc5":1,"efa_sc5":0,"efa_has_split":0},"geometry":{"type":"Polygon","coordinates":[[[-75.566205,39.745725],[-75.563426,39.744579],[-75.564626,39.742779],[-75.565738,39.743221],[-75.567433,39.743922],[-75.566205,39.745725]]]}},{"id":"35","type":"Feature","properties":{"GEOID":"100030135082","eb":5.08,"sv":1.7,"county":"New Castle","pop":2656.0,"pm25_pct":81.0,"diesel_pct":46.0,"cancer_pct":51.0,"traffic_pct":45.0,"superfund_pct":96.0,"lowinc_pct":0.124623494,"unemp_pct":0.037420382,"lingiso_pct":0.0,"poc_pct":6.0,"sv_health":2.88,"efa":"Not EFA","name":"New Castle BG 135082","efa_hisp_pct":0.5,"efa_black_pct":0.0,"efa_lingiso_pct":0,"efa_lingiso_sp":null,"efa_poverty_pct":3.3,"efa_mhhi":161765.0,"efa_combined_minority":2.6,"efa_has_duplicate":0,"efa_mc1":0,"efa_sc1":0,"efa_mc2":0,"efa_sc2":0,"efa_mc3":0,"efa_sc3":0,"efa_mc4":0,"efa_sc4":0,"efa_mc5":0,"efa_sc5":0,"efa_has_split":0},"geometry":{"type":"Polygon","coordinates":[[[-75.703437,39.787048],[-75.695338,39.793136],[-75.694269,39.793076],[-75.690491,39.79264],[-75.688174,39.792919],[-75.686944,39.792188],[-75.686732,39.790969],[-75.684964,39.790107],[-75.683859,39.788471],[-75.680632,39.7859],[-75.67151,39.783961],[-75.674382,39.781782],[-75.679172,39.780507],[-75.684359,39.778622],[-75.690677,39.775025],[-75.694541,39.777467],[-75.697446,39.780989],[-75.697703,39.782252],[-75.699698,39.78199],[-75.70517,39.785012],[-75.703437,39.787048]]]}},{"id":"36","type":"Feature","properties":{"GEOID":"100050511011","eb":1.39,"sv":1.84,"county":"Sussex","pop":198.0,"pm25_pct":8.0,"diesel_pct":44.0,"cancer_pct":0.0,"traffic_pct":13.0,"superfund_pct":0.0,"lowinc_pct":0.04040404,"unemp_pct":0.0,"lingiso_pct":0.00990099,"poc_pct":9.0,"sv_health":3.36,"efa":"Not EFA","name":"Sussex BG 511011","efa_hisp_pct":0,"efa_black_pct":0,"efa_lingiso_pct":0.9,"efa_lingiso_sp":0,"efa_poverty_pct":0,"efa_mhhi":189375.0,"efa_combined_minority":5.0,"efa_has_duplicate":0,"efa_mc1":0,"efa_sc1":0,"efa_mc2":0,"efa_sc2":0,"efa_mc3":0,"efa_sc3":0,"efa_mc4":0,"efa_sc4":0,"efa_mc5":0,"efa_sc5":0,"efa_has_split":0},"geometry":{"type":"Polygon","coordinates":[[[-75.092179,38.717391],[-75.089519,38.724456],[-75.088933,38.725425],[-75.086999,38.727409],[-75.085814,38.728366],[-75.08572,38.728879],[-75.084842,38.730719],[-75.084852,38.731945],[-75.085354,38.733748],[-75.087919,38.738112],[-75.087747,38.738203],[-75.085417,38.739366],[-75.082745,38.737301],[-75.0792136286666,38.7381964912907],[-75.0781116325687,38.7319910420367],[-75.0777167462944,38.7297673982858],[-75.079469,38.72789],[-75.079534,38.728563],[-75.085104,38.723221],[-75.08757,38.720905],[-75.091565,38.717844],[-75.092179,38.717391]]]}},{"id":"37","type":"Feature","properties":{"GEOID":"100050509052","eb":2.39,"sv":2.08,"county":"Sussex","pop":720.0,"pm25_pct":25.0,"diesel_pct":23.0,"cancer_pct":0.0,"traffic_pct":65.0,"superfund_pct":10.0,"lowinc_pct":0.2375,"unemp_pct":0.031690141,"lingiso_pct":0.0,"poc_pct":18.0,"sv_health":3.89,"efa":"Not EFA","name":"Sussex BG 509052","efa_hisp_pct":0,"efa_black_pct":0,"efa_lingiso_pct":0,"efa_lingiso_sp":null,"efa_poverty_pct":8.9,"efa_mhhi":105658.0,"efa_combined_minority":0,"efa_has_duplicate":0,"efa_mc1":0,"efa_sc1":0,"efa_mc2":0,"efa_sc2":0,"efa_mc3":0,"efa_sc3":0,"efa_mc4":0,"efa_sc4":0,"efa_mc5":0,"efa_sc5":0,"efa_has_split":0},"geometry":{"type":"Polygon","coordinates":[[[-75.189577,38.751027],[-75.171725,38.756755],[-75.171069,38.756108],[-75.164651,38.751488],[-75.169957,38.749747],[-75.172848,38.749209],[-75.173871,38.748401],[-75.182661,38.749511],[-75.186721,38.749604],[-75.188777,38.75043],[-75.189577,38.751027]]]}},{"id":"38","type":"Feature","properties":{"GEOID":"100010418041","eb":3.01,"sv":2.68,"county":"Kent","pop":2325.0,"pm25_pct":8.0,"diesel_pct":20.0,"cancer_pct":0.0,"traffic_pct":66.0,"superfund_pct":68.0,"lowinc_pct":0.428817204,"unemp_pct":0.021164021,"lingiso_pct":0.0,"poc_pct":80.0,"sv_health":4.58,"efa":"Not EFA","name":"Kent BG 418041","efa_hisp_pct":11.4,"efa_black_pct":40.7,"efa_lingiso_pct":0,"efa_lingiso_sp":null,"efa_poverty_pct":18.7,"efa_mhhi":74015.0,"efa_combined_minority":69.3,"efa_has_duplicate":0,"efa_mc1":0,"efa_sc1":0,"efa_mc2":0,"efa_sc2":0,"efa_mc3":0,"efa_sc3":0,"efa_mc4":0,"efa_sc4":0,"efa_mc5":0,"efa_sc5":0,"efa_has_split":0},"geometry":{"type":"Polygon","coordinates":[[[-75.572107,39.169877],[-75.565861,39.168251],[-75.562269,39.166666],[-75.560867,39.166039],[-75.560559,39.165887],[-75.560534,39.165874],[-75.55816,39.163601],[-75.557471,39.159031],[-75.560962,39.158688],[-75.562242,39.158556],[-75.566228,39.158532],[-75.567758,39.158526],[-75.568155,39.161471],[-75.569612,39.165268],[-75.573245,39.169395],[-75.572107,39.169877]]]}},{"id":"39","type":"Feature","properties":{"GEOID":"100010402032","eb":3.33,"sv":3.22,"county":"Kent","pop":1151.0,"pm25_pct":10.0,"diesel_pct":30.0,"cancer_pct":0.0,"traffic_pct":80.0,"superfund_pct":27.0,"lowinc_pct":0.270199826,"unemp_pct":0.033222591,"lingiso_pct":0.0,"poc_pct":53.0,"sv_health":4.49,"efa":"Not EFA","name":"Kent BG 402032","efa_hisp_pct":19.2,"efa_black_pct":39.4,"efa_lingiso_pct":0,"efa_lingiso_sp":null,"efa_poverty_pct":7.9,"efa_mhhi":59167.0,"efa_combined_minority":65.0,"efa_has_duplicate":0,"efa_mc1":0,"efa_sc1":0,"efa_mc2":0,"efa_sc2":0,"efa_mc3":0,"efa_sc3":0,"efa_mc4":0,"efa_sc4":0,"efa_mc5":0,"efa_sc5":0,"efa_has_split":0},"geometry":{"type":"Polygon","coordinates":[[[-75.58895,39.269684],[-75.582298,39.272478],[-75.580856,39.269917],[-75.579469,39.266483],[-75.578254,39.260481],[-75.578218,39.257883],[-75.578695,39.253822],[-75.581354,39.245063],[-75.581599,39.242084],[-75.584735,39.242025],[-75.588101,39.244031],[-75.588347,39.245817],[-75.586712,39.252517],[-75.586335,39.2556],[-75.586563,39.263781],[-75.58895,39.269684]]]}},{"id":"40","type":"Feature","properties":{"GEOID":"100030016002","eb":7.7,"sv":4.18,"county":"New Castle","pop":735.0,"pm25_pct":84.0,"diesel_pct":94.0,"cancer_pct":51.0,"traffic_pct":96.0,"superfund_pct":68.0,"lowinc_pct":0.771349862,"unemp_pct":0.022792023,"lingiso_pct":0.0,"poc_pct":92.0,"sv_health":5.36,"efa":"Significant","name":"New Castle BG 16002","efa_hisp_pct":13.2,"efa_black_pct":71.5,"efa_lingiso_pct":2.8,"efa_lingiso_sp":0,"efa_poverty_pct":24.2,"efa_mhhi":35227.0,"efa_combined_minority":86.8,"efa_has_duplicate":0,"efa_mc1":1,"efa_sc1":1,"efa_mc2":1,"efa_sc2":0,"efa_mc3":1,"efa_sc3":0,"efa_mc4":1,"efa_sc4":0,"efa_mc5":0,"efa_sc5":0,"efa_has_split":0},"geometry":{"type":"Polygon","coordinates":[[[-75.555456,39.745931],[-75.554348,39.745478],[-75.553482,39.746747],[-75.551436,39.745905],[-75.552299,39.744644],[-75.552052,39.743571],[-75.55256,39.742827],[-75.55648,39.744432],[-75.555456,39.745931]]]}},{"id":"41","type":"Feature","properties":{"GEOID":"100030127001","eb":6.54,"sv":3.33,"county":"New Castle","pop":1636.0,"pm25_pct":68.0,"diesel_pct":70.0,"cancer_pct":51.0,"traffic_pct":79.0,"superfund_pct":95.0,"lowinc_pct":0.453545232,"unemp_pct":0.154873164,"lingiso_pct":0.010152284,"poc_pct":39.0,"sv_health":4.39,"efa":"Moderate","name":"New Castle BG 127001","efa_hisp_pct":7.1,"efa_black_pct":22.9,"efa_lingiso_pct":1.0,"efa_lingiso_sp":0,"efa_poverty_pct":11.2,"efa_mhhi":45378.0,"efa_combined_minority":33.0,"efa_has_duplicate":0,"efa_mc1":0,"efa_sc1":0,"efa_mc2":0,"efa_sc2":0,"efa_mc3":0,"efa_sc3":0,"efa_mc4":1,"efa_sc4":0,"efa_mc5":0,"efa_sc5":0,"efa_has_split":0},"geometry":{"type":"Polygon","coordinates":[[[-75.625879,39.723186],[-75.621904,39.722459],[-75.615954,39.721843],[-75.615967,39.72266],[-75.615319,39.722801],[-75.61454,39.7214],[-75.61204,39.718752],[-75.611624,39.718335],[-75.61189,39.718195],[-75.611994,39.71814],[-75.614388,39.716908],[-75.61246,39.713479],[-75.614265,39.713614],[-75.621597,39.714642],[-75.626225,39.715294],[-75.62562,39.715826],[-75.626235,39.720138],[-75.625879,39.723186]]]}},{"id":"42","type":"Feature","properties":{"GEOID":"100030134002","eb":5.05,"sv":2.3,"county":"New Castle","pop":995.0,"pm25_pct":73.0,"diesel_pct":64.0,"cancer_pct":51.0,"traffic_pct":20.0,"superfund_pct":58.0,"lowinc_pct":0.00201005,"unemp_pct":0.016917293,"lingiso_pct":0.0,"poc_pct":6.0,"sv_health":3.67,"efa":"Not EFA","name":"New Castle BG 134002","efa_hisp_pct":0,"efa_black_pct":0.1,"efa_lingiso_pct":0,"efa_lingiso_sp":null,"efa_poverty_pct":0,"efa_mhhi":128220.0,"efa_combined_minority":7.2,"efa_has_duplicate":0,"efa_mc1":0,"efa_sc1":0,"efa_mc2":0,"efa_sc2":0,"efa_mc3":0,"efa_sc3":0,"efa_mc4":0,"efa_sc4":0,"efa_mc5":0,"efa_sc5":0,"efa_has_split":0},"geometry":{"type":"Polygon","coordinates":[[[-75.662501,39.738941],[-75.659669,39.745769],[-75.660009,39.748949],[-75.658824,39.749179],[-75.658574,39.749124],[-75.65551,39.747907],[-75.648324,39.744224],[-75.644965,39.740603],[-75.651205,39.737339],[-75.655851,39.734909],[-75.660113,39.732692],[-75.661327,39.732392],[-75.66166,39.733393],[-75.659675,39.737377],[-75.662501,39.738941]]]}},{"id":"43","type":"Feature","properties":{"GEOID":"100010412003","eb":4.49,"sv":3.0,"county":"Kent","pop":1224.0,"pm25_pct":18.0,"diesel_pct":59.0,"cancer_pct":0.0,"traffic_pct":84.0,"superfund_pct":87.0,"lowinc_pct":0.474673203,"unemp_pct":0.101449275,"lingiso_pct":0.151456311,"poc_pct":94.0,"sv_health":4.1,"efa":"Significant","name":"Kent BG 412003","efa_hisp_pct":42.1,"efa_black_pct":33.3,"efa_lingiso_pct":16.9,"efa_lingiso_sp":85.5,"efa_poverty_pct":25.3,"efa_mhhi":45833.0,"efa_combined_minority":86.2,"efa_has_duplicate":0,"efa_mc1":1,"efa_sc1":1,"efa_mc2":1,"efa_sc2":0,"efa_mc3":1,"efa_sc3":0,"efa_mc4":1,"efa_sc4":0,"efa_mc5":1,"efa_sc5":0,"efa_has_split":0},"geometry":{"type":"Polygon","coordinates":[[[-75.522889,39.140291],[-75.518555,39.14298],[-75.517012,39.144867],[-75.515467,39.148877],[-75.512264,39.157502],[-75.509835,39.15738],[-75.500661,39.146393],[-75.501019,39.146212],[-75.499036,39.143989],[-75.498622,39.143232],[-75.498698,39.141845],[-75.504897,39.138257],[-75.508376,39.140556],[-75.508381,39.141347],[-75.509377,39.142524],[-75.509774,39.142352],[-75.51311,39.14126],[-75.519739,39.140235],[-75.522393,39.13918],[-75.522734,39.139173],[-75.522889,39.140291]]]}},{"id":"44","type":"Feature","properties":{"GEOID":"100050501033","eb":2.54,"sv":2.25,"county":"Sussex","pop":2408.0,"pm25_pct":31.0,"diesel_pct":16.0,"cancer_pct":0.0,"traffic_pct":23.0,"superfund_pct":5.0,"lowinc_pct":0.080149502,"unemp_pct":0.054347826,"lingiso_pct":0.0,"poc_pct":11.0,"sv_health":4.06,"efa":"Not EFA","name":"Sussex BG 501033","efa_hisp_pct":0.9,"efa_black_pct":10.4,"efa_lingiso_pct":0,"efa_lingiso_sp":null,"efa_poverty_pct":2.6,"efa_mhhi":81595.0,"efa_combined_minority":14.8,"efa_has_duplicate":0,"efa_mc1":0,"efa_sc1":0,"efa_mc2":0,"efa_sc2":0,"efa_mc3":0,"efa_sc3":0,"efa_mc4":0,"efa_sc4":0,"efa_mc5":0,"efa_sc5":0,"efa_has_split":0},"geometry":{"type":"Polygon","coordinates":[[[-75.42231,38.898531],[-75.420784,38.899182],[-75.41679,38.899663],[-75.415188,38.90077],[-75.414717,38.900998],[-75.414338,38.903484],[-75.413691,38.905322],[-75.413327,38.907672],[-75.412578,38.908297],[-75.412249,38.907901],[-75.410657,38.905984],[-75.409228,38.904475],[-75.407346,38.903234],[-75.404253,38.901305],[-75.40379,38.901014],[-75.399923,38.898607],[-75.397165,38.897145],[-75.39509,38.894984],[-75.391161,38.892338],[-75.3902,38.889904],[-75.396295,38.886006],[-75.39757,38.885172],[-75.397982,38.884898],[-75.398364,38.884627],[-75.398724,38.884355],[-75.400326,38.882795],[-75.404432,38.886038],[-75.40627,38.887487],[-75.406949,38.887996],[-75.409713,38.889923],[-75.411541,38.891181],[-75.417269,38.895151],[-75.421282,38.897851],[-75.422259,38.898084],[-75.42231,38.898531]]]}},{"id":"45","type":"Feature","properties":{"GEOID":"100050508063","eb":2.03,"sv":2.96,"county":"Sussex","pop":368.0,"pm25_pct":29.0,"diesel_pct":18.0,"cancer_pct":0.0,"traffic_pct":23.0,"superfund_pct":18.0,"lowinc_pct":0.33423913,"unemp_pct":0.310344828,"lingiso_pct":0.0,"poc_pct":20.0,"sv_health":4.24,"efa":"Not EFA","name":"Sussex BG 508063","efa_hisp_pct":0,"efa_black_pct":0,"efa_lingiso_pct":0,"efa_lingiso_sp":null,"efa_poverty_pct":8.9,"efa_mhhi":98977.0,"efa_combined_minority":7.5,"efa_has_duplicate":0,"efa_mc1":0,"efa_sc1":0,"efa_mc2":0,"efa_sc2":0,"efa_mc3":0,"efa_sc3":0,"efa_mc4":0,"efa_sc4":0,"efa_mc5":0,"efa_sc5":0,"efa_has_split":0},"geometry":{"type":"Polygon","coordinates":[[[-75.245405,38.756633],[-75.243542,38.759652],[-75.241373,38.761776],[-75.239533,38.764142],[-75.238396,38.768611],[-75.239309,38.772696],[-75.238603,38.777371],[-75.24033,38.784136],[-75.214673,38.767649],[-75.222491,38.760821],[-75.224339,38.759607],[-75.227405,38.758046],[-75.24436,38.75678],[-75.245405,38.756633]]]}},{"id":"46","type":"Feature","properties":{"GEOID":"100050501051","eb":2.09,"sv":3.6,"county":"Sussex","pop":904.0,"pm25_pct":39.0,"diesel_pct":21.0,"cancer_pct":0.0,"traffic_pct":21.0,"superfund_pct":14.0,"lowinc_pct":0.431415929,"unemp_pct":0.206489676,"lingiso_pct":0.03373494,"poc_pct":76.0,"sv_health":4.38,"efa":"Moderate","name":"Sussex BG 501051","efa_hisp_pct":6.6,"efa_black_pct":61.7,"efa_lingiso_pct":2.5,"efa_lingiso_sp":100.0,"efa_poverty_pct":14.2,"efa_mhhi":42928.0,"efa_combined_minority":68.3,"efa_has_duplicate":0,"efa_mc1":0,"efa_sc1":0,"efa_mc2":0,"efa_sc2":0,"efa_mc3":0,"efa_sc3":0,"efa_mc4":1,"efa_sc4":0,"efa_mc5":0,"efa_sc5":0,"efa_has_split":0},"geometry":{"type":"Polygon","coordinates":[[[-75.439209,38.869281],[-75.429136,38.871021],[-75.419007,38.870969],[-75.418997,38.867344],[-75.413288,38.867278],[-75.409657,38.863574],[-75.404271,38.857671],[-75.399335,38.85105],[-75.407769,38.847125],[-75.409309,38.843173],[-75.409916,38.842529],[-75.418417,38.838278],[-75.419829,38.835717],[-75.422355,38.833447],[-75.429204,38.82819],[-75.435022,38.828142],[-75.438787,38.826895],[-75.439064,38.856165],[-75.439209,38.869281]]]}},{"id":"47","type":"Feature","properties":{"GEOID":"100050510103","eb":2.14,"sv":2.49,"county":"Sussex","pop":752.0,"pm25_pct":21.0,"diesel_pct":31.0,"cancer_pct":0.0,"traffic_pct":61.0,"superfund_pct":7.0,"lowinc_pct":0.244680851,"unemp_pct":0.072222222,"lingiso_pct":0.029126214,"poc_pct":6.0,"sv_health":4.08,"efa":"Not EFA","name":"Sussex BG 510103","efa_hisp_pct":0,"efa_black_pct":0.1,"efa_lingiso_pct":3.9,"efa_lingiso_sp":0,"efa_poverty_pct":33.3,"efa_mhhi":55000.0,"efa_combined_minority":3.5,"efa_has_duplicate":0,"efa_mc1":0,"efa_sc1":0,"efa_mc2":0,"efa_sc2":0,"efa_mc3":1,"efa_sc3":0,"efa_mc4":0,"efa_sc4":0,"efa_mc5":0,"efa_sc5":0,"efa_has_split":0},"geometry":{"type":"Polygon","coordinates":[[[-75.154004,38.732938],[-75.144662,38.738868],[-75.133888,38.731644],[-75.142649,38.723737],[-75.149165,38.729789],[-75.154004,38.732938]]]}},{"id":"48","type":"Feature","properties":{"GEOID":"100030116001","eb":6.44,"sv":1.78,"county":"New Castle","pop":843.0,"pm25_pct":93.0,"diesel_pct":65.0,"cancer_pct":51.0,"traffic_pct":91.0,"superfund_pct":37.0,"lowinc_pct":0.051880674,"unemp_pct":0.0,"lingiso_pct":0.0,"poc_pct":5.0,"sv_health":3.26,"efa":"Not EFA","name":"New Castle BG 116001","efa_hisp_pct":2.4,"efa_black_pct":1.6,"efa_lingiso_pct":0,"efa_lingiso_sp":null,"efa_poverty_pct":1.0,"efa_mhhi":142917.0,"efa_combined_minority":3.9,"efa_has_duplicate":0,"efa_mc1":0,"efa_sc1":0,"efa_mc2":0,"efa_sc2":0,"efa_mc3":0,"efa_sc3":0,"efa_mc4":0,"efa_sc4":0,"efa_mc5":0,"efa_sc5":0,"efa_has_split":0},"geometry":{"type":"Polygon","coordinates":[[[-75.546653,39.791534],[-75.543975,39.791712],[-75.542179,39.791658],[-75.540126,39.787146],[-75.533583,39.788919],[-75.542022,39.780147],[-75.543966,39.778278],[-75.544923,39.777644],[-75.54495,39.77778],[-75.545891,39.785595],[-75.546653,39.791534]]]}},{"id":"49","type":"Feature","properties":{"GEOID":"100050513112","eb":1.29,"sv":2.72,"county":"Sussex","pop":462.0,"pm25_pct":6.0,"diesel_pct":4.0,"cancer_pct":0.0,"traffic_pct":14.0,"superfund_pct":6.0,"lowinc_pct":0.170995671,"unemp_pct":0.095238095,"lingiso_pct":0.0,"poc_pct":5.0,"sv_health":4.12,"efa":"Not EFA","name":"Sussex BG 513112","efa_hisp_pct":0,"efa_black_pct":0,"efa_lingiso_pct":0,"efa_lingiso_sp":null,"efa_poverty_pct":2.1,"efa_mhhi":98324.0,"efa_combined_minority":3.1,"efa_has_duplicate":0,"efa_mc1":0,"efa_sc1":0,"efa_mc2":0,"efa_sc2":0,"efa_mc3":0,"efa_sc3":0,"efa_mc4":0,"efa_sc4":0,"efa_mc5":0,"efa_sc5":0,"efa_has_split":0},"geometry":{"type":"Polygon","coordinates":[[[-75.09778,38.463981],[-75.090122,38.462367],[-75.087179,38.463243],[-75.087351,38.466206],[-75.085861,38.465284],[-75.08141,38.463786],[-75.07721,38.460024],[-75.067666,38.453899],[-75.064231,38.452599],[-75.0653681686071,38.4512709388414],[-75.0653929095437,38.4512710159704],[-75.0702308531733,38.4512860980958],[-75.0784849880599,38.4513118300817],[-75.082068,38.451323],[-75.0858645759882,38.4513149405417],[-75.087784,38.452093],[-75.089088,38.453262],[-75.086534,38.452958],[-75.089323,38.454272],[-75.090249,38.456171],[-75.091035,38.455575],[-75.096007,38.459912],[-75.096304,38.460693],[-75.094468,38.461072],[-75.09778,38.463981]]]}},{"id":"50","type":"Feature","properties":{"GEOID":"100010411013","eb":3.26,"sv":2.12,"county":"Kent","pop":562.0,"pm25_pct":22.0,"diesel_pct":48.0,"cancer_pct":0.0,"traffic_pct":1.0,"superfund_pct":82.0,"lowinc_pct":0.435943061,"unemp_pct":0.0,"lingiso_pct":0.05625,"poc_pct":70.0,"sv_health":3.11,"efa":"Not EFA","name":"Kent BG 411013","efa_hisp_pct":39.9,"efa_black_pct":12.6,"efa_lingiso_pct":4.7,"efa_lingiso_sp":100.0,"efa_poverty_pct":3.1,"efa_mhhi":73611.0,"efa_combined_minority":56.7,"efa_has_duplicate":0,"efa_mc1":0,"efa_sc1":0,"efa_mc2":0,"efa_sc2":0,"efa_mc3":0,"efa_sc3":0,"efa_mc4":0,"efa_sc4":0,"efa_mc5":0,"efa_sc5":0,"efa_has_split":0},"geometry":{"type":"Polygon","coordinates":[[[-75.488158,39.114442],[-75.483127,39.118489],[-75.479985,39.121154],[-75.479757,39.121398],[-75.471421,39.116585],[-75.474878,39.112912],[-75.477976,39.11227],[-75.480417,39.108388],[-75.481405,39.108712],[-75.483269,39.108795],[-75.485262,39.111703],[-75.488605,39.11416],[-75.488158,39.114442]]]}},{"id":"51","type":"Feature","properties":{"GEOID":"100030148113","eb":3.82,"sv":1.8,"county":"New Castle","pop":2005.0,"pm25_pct":47.0,"diesel_pct":54.0,"cancer_pct":0.0,"traffic_pct":42.0,"superfund_pct":77.0,"lowinc_pct":0.09276808,"unemp_pct":0.0,"lingiso_pct":0.003418803,"poc_pct":74.0,"sv_health":2.76,"efa":"Not EFA","name":"New Castle BG 148113","efa_hisp_pct":4.3,"efa_black_pct":27.1,"efa_lingiso_pct":0.6,"efa_lingiso_sp":0,"efa_poverty_pct":0,"efa_mhhi":182667.0,"efa_combined_minority":54.5,"efa_has_duplicate":0,"efa_mc1":0,"efa_sc1":0,"efa_mc2":0,"efa_sc2":0,"efa_mc3":0,"efa_sc3":0,"efa_mc4":0,"efa_sc4":0,"efa_mc5":0,"efa_sc5":0,"efa_has_split":0},"geometry":{"type":"Polygon","coordinates":[[[-75.760106,39.5634],[-75.755806,39.564353],[-75.752715,39.56678],[-75.750352,39.571743],[-75.75055,39.573111],[-75.746439,39.573505],[-75.74333,39.572569],[-75.74221,39.571689],[-75.738891,39.571642],[-75.738056,39.566537],[-75.737578,39.560513],[-75.738037,39.558136],[-75.740965,39.558949],[-75.746105,39.562388],[-75.7483,39.562568],[-75.752044,39.561181],[-75.757966,39.561131],[-75.761181,39.562605],[-75.760106,39.5634]]]}},{"id":"52","type":"Feature","properties":{"GEOID":"100030166132","eb":3.42,"sv":2.14,"county":"New Castle","pop":1595.0,"pm25_pct":30.0,"diesel_pct":39.0,"cancer_pct":0.0,"traffic_pct":34.0,"superfund_pct":23.0,"lowinc_pct":0.045768025,"unemp_pct":0.212155963,"lingiso_pct":0.0,"poc_pct":84.0,"sv_health":3.51,"efa":"Not EFA","name":"New Castle BG 166132","efa_hisp_pct":0,"efa_black_pct":44.4,"efa_lingiso_pct":0,"efa_lingiso_sp":null,"efa_poverty_pct":0.7,"efa_mhhi":119860.0,"efa_combined_minority":65.7,"efa_has_duplicate":0,"efa_mc1":0,"efa_sc1":0,"efa_mc2":0,"efa_sc2":0,"efa_mc3":0,"efa_sc3":0,"efa_mc4":0,"efa_sc4":0,"efa_mc5":0,"efa_sc5":0,"efa_has_split":0},"geometry":{"type":"Polygon","coordinates":[[[-75.720643,39.4616],[-75.71673,39.462999],[-75.711323,39.460677],[-75.70761,39.461721],[-75.7062,39.460739],[-75.703417,39.460407],[-75.703974,39.456793],[-75.70391,39.4555],[-75.703595,39.454467],[-75.701655,39.450469],[-75.707302,39.450127],[-75.709007,39.454893],[-75.708448,39.456634],[-75.710352,39.457107],[-75.712091,39.458412],[-75.719213,39.457403],[-75.720013,39.459762],[-75.720643,39.4616]]]}},{"id":"53","type":"Feature","properties":{"GEOID":"100030166104","eb":3.55,"sv":2.13,"county":"New Castle","pop":2371.0,"pm25_pct":35.0,"diesel_pct":41.0,"cancer_pct":0.0,"traffic_pct":41.0,"superfund_pct":24.0,"lowinc_pct":0.125957447,"unemp_pct":0.037488285,"lingiso_pct":0.031570639,"poc_pct":49.0,"sv_health":3.97,"efa":"Not EFA","name":"New Castle BG 166104","efa_hisp_pct":10.2,"efa_black_pct":22.7,"efa_lingiso_pct":5.5,"efa_lingiso_sp":42.9,"efa_poverty_pct":2.5,"efa_mhhi":78911.0,"efa_combined_minority":50.5,"efa_has_duplicate":0,"efa_mc1":0,"efa_sc1":0,"efa_mc2":0,"efa_sc2":0,"efa_mc3":0,"efa_sc3":0,"efa_mc4":0,"efa_sc4":0,"efa_mc5":0,"efa_sc5":0,"efa_has_split":0},"geometry":{"type":"Polygon","coordinates":[[[-75.740809,39.459524],[-75.730715,39.464861],[-75.732842,39.467432],[-75.727447,39.469794],[-75.727498,39.47475],[-75.726235,39.474695],[-75.7245,39.474677],[-75.720622,39.474429],[-75.721089,39.467659],[-75.721381,39.463859],[-75.721089,39.462951],[-75.721879,39.459342],[-75.723341,39.454493],[-75.727925,39.455261],[-75.731559,39.454864],[-75.732655,39.458962],[-75.739065,39.457811],[-75.740809,39.459524]]]}},{"id":"54","type":"Feature","properties":{"GEOID":"100050510142","eb":1.71,"sv":2.63,"county":"Sussex","pop":769.0,"pm25_pct":17.0,"diesel_pct":17.0,"cancer_pct":0.0,"traffic_pct":5.0,"superfund_pct":18.0,"lowinc_pct":0.239271782,"unemp_pct":0.0,"lingiso_pct":0.0,"poc_pct":17.0,"sv_health":4.05,"efa":"Moderate","name":"Sussex BG 510142","efa_hisp_pct":0,"efa_black_pct":1.0,"efa_lingiso_pct":0,"efa_lingiso_sp":null,"efa_poverty_pct":7.7,"efa_mhhi":49702.0,"efa_combined_minority":7.9,"efa_has_duplicate":1,"efa_mc1":0,"efa_sc1":0,"efa_mc2":0,"efa_sc2":0,"efa_mc3":0,"efa_sc3":0,"efa_mc4":1,"efa_sc4":0,"efa_mc5":0,"efa_sc5":0,"efa_has_split":1},"geometry":{"type":"Polygon","coordinates":[[[-75.160303,38.675081],[-75.159574,38.680551],[-75.140763,38.677365],[-75.134913,38.678599],[-75.136387,38.678403],[-75.136844,38.680434],[-75.124778,38.680439],[-75.12124,38.675842],[-75.116886,38.672162],[-75.113988,38.670433],[-75.109951,38.66749],[-75.102385,38.663159],[-75.102701,38.652255],[-75.102462,38.646225],[-75.102708,38.644499],[-75.110027,38.644082],[-75.125506,38.640406],[-75.129392,38.640972],[-75.130915,38.643252],[-75.131267,38.644697],[-75.134233,38.645664],[-75.134951,38.646827],[-75.135686,38.650164],[-75.137478,38.65515],[-75.140569,38.657977],[-75.143128,38.66359],[-75.14392,38.664567],[-75.147145,38.667293],[-75.151079,38.669014],[-75.155665,38.670334],[-75.156952,38.671062],[-75.159619,38.673607],[-75.160303,38.675081]]]}},{"id":"55","type":"Feature","properties":{"GEOID":"100050510082","eb":1.84,"sv":2.5,"county":"Sussex","pop":614.0,"pm25_pct":10.0,"diesel_pct":32.0,"cancer_pct":0.0,"traffic_pct":49.0,"superfund_pct":5.0,"lowinc_pct":0.24267101,"unemp_pct":0.0,"lingiso_pct":0.0,"poc_pct":20.0,"sv_health":3.84,"efa":"Not EFA","name":"Sussex BG 510082","efa_hisp_pct":5.1,"efa_black_pct":2.1,"efa_lingiso_pct":0,"efa_lingiso_sp":null,"efa_poverty_pct":3.4,"efa_mhhi":53822.0,"efa_combined_minority":7.2,"efa_has_duplicate":0,"efa_mc1":0,"efa_sc1":0,"efa_mc2":0,"efa_sc2":0,"efa_mc3":0,"efa_sc3":0,"efa_mc4":0,"efa_sc4":0,"efa_mc5":0,"efa_sc5":0,"efa_has_split":0},"geometry":{"type":"Polygon","coordinates":[[[-75.128969,38.737655],[-75.118707,38.742375],[-75.11185,38.733873],[-75.112677,38.732195],[-75.113418,38.726542],[-75.111632,38.725286],[-75.110194,38.723512],[-75.110768,38.723078],[-75.115039,38.722741],[-75.118271,38.72219],[-75.120208,38.723464],[-75.123036,38.723121],[-75.123763,38.723689],[-75.122725,38.724608],[-75.120039,38.72971],[-75.122035,38.731429],[-75.130372,38.735533],[-75.128969,38.737655]]]}},{"id":"56","type":"Feature","properties":{"GEOID":"100030168051","eb":1.93,"sv":2.44,"county":"New Castle","pop":1836.0,"pm25_pct":3.0,"diesel_pct":25.0,"cancer_pct":0.0,"traffic_pct":11.0,"superfund_pct":1.0,"lowinc_pct":0.126361656,"unemp_pct":0.013777268,"lingiso_pct":0.0,"poc_pct":16.0,"sv_health":4.13,"efa":"Not EFA","name":"New Castle BG 168051","efa_hisp_pct":3.2,"efa_black_pct":1.3,"efa_lingiso_pct":0,"efa_lingiso_sp":null,"efa_poverty_pct":7.1,"efa_mhhi":101250.0,"efa_combined_minority":4.5,"efa_has_duplicate":0,"efa_mc1":0,"efa_sc1":0,"efa_mc2":0,"efa_sc2":0,"efa_mc3":0,"efa_sc3":0,"efa_mc4":0,"efa_sc4":0,"efa_mc5":0,"efa_sc5":0,"efa_has_split":0},"geometry":{"type":"Polygon","coordinates":[[[-75.765336,39.366998],[-75.751059,39.376132],[-75.748958,39.376279],[-75.739515,39.374979],[-75.736989,39.375081],[-75.729156,39.377937],[-75.727999,39.379017],[-75.726527,39.382164],[-75.725636,39.38317],[-75.721081,39.386162],[-75.718603,39.3871],[-75.71574,39.387452],[-75.712361,39.385605],[-75.711017,39.383992],[-75.707693,39.381564],[-75.699554,39.369014],[-75.697665,39.372577],[-75.695255,39.375427],[-75.692148,39.377023],[-75.675538,39.379271],[-75.668706,39.38534],[-75.666214,39.382067],[-75.665208,39.38058],[-75.664647,39.376761],[-75.661674,39.372649],[-75.664848,39.371826],[-75.665818,39.371063],[-75.666427,39.368959],[-75.667368,39.368542],[-75.669824,39.365659],[-75.669272,39.363094],[-75.671658,39.362044],[-75.675069,39.359403],[-75.675713,39.357299],[-75.676718,39.356025],[-75.67756,39.35223],[-75.679046,39.350071],[-75.681657,39.347704],[-75.681601,39.346627],[-75.683461,39.344727],[-75.683129,39.343782],[-75.685506,39.340926],[-75.686885,39.338059],[-75.690478,39.335466],[-75.691765,39.333769],[-75.69185,39.33256],[-75.698528,39.333958],[-75.70006,39.334716],[-75.706495,39.331156],[-75.714479,39.329555],[-75.720209,39.327708],[-75.734728,39.324872],[-75.736614,39.322789],[-75.738196,39.31991],[-75.740061,39.317684],[-75.740209,39.316492],[-75.742081,39.314141],[-75.743351,39.310702],[-75.745245,39.309283],[-75.747413,39.306179],[-75.749042,39.302069],[-75.751257,39.299495],[-75.754043,39.298326],[-75.757472,39.29819],[-75.7601316135501,39.2971505011536],[-75.7604691694168,39.3012859228405],[-75.7643882360415,39.3492986955694],[-75.765847374248,39.3671747047822],[-75.765336,39.366998]]]}},{"id":"57","type":"Feature","properties":{"GEOID":"100030163091","eb":6.43,"sv":2.29,"county":"New Castle","pop":2758.0,"pm25_pct":55.0,"diesel_pct":63.0,"cancer_pct":51.0,"traffic_pct":68.0,"superfund_pct":99.0,"lowinc_pct":0.174764322,"unemp_pct":0.005924171,"lingiso_pct":0.0,"poc_pct":85.0,"sv_health":4.04,"efa":"Not EFA","name":"New Castle BG 163091","efa_hisp_pct":6.8,"efa_black_pct":50.2,"efa_lingiso_pct":2.2,"efa_lingiso_sp":100.0,"efa_poverty_pct":7.6,"efa_mhhi":null,"efa_combined_minority":60.3,"efa_has_duplicate":0,"efa_mc1":0,"efa_sc1":0,"efa_mc2":0,"efa_sc2":0,"efa_mc3":0,"efa_sc3":0,"efa_mc4":0,"efa_sc4":0,"efa_mc5":0,"efa_sc5":0,"efa_has_split":0},"geometry":{"type":"Polygon","coordinates":[[[-75.619353,39.651512],[-75.607514,39.655122],[-75.605862,39.655267],[-75.601472,39.654033],[-75.598213,39.651535],[-75.596814,39.64881],[-75.595419,39.648186],[-75.596214,39.647503],[-75.5917467759147,39.6456298433782],[-75.6004949488643,39.6353936845212],[-75.600874,39.63644],[-75.605273,39.638433],[-75.606035,39.639348],[-75.60791,39.64069],[-75.614518,39.640733],[-75.625315,39.643816],[-75.619353,39.651512]]]}},{"id":"58","type":"Feature","properties":{"GEOID":"100030160002","eb":6.58,"sv":3.51,"county":"New Castle","pop":1308.0,"pm25_pct":66.0,"diesel_pct":75.0,"cancer_pct":51.0,"traffic_pct":33.0,"superfund_pct":94.0,"lowinc_pct":0.667431193,"unemp_pct":0.033678756,"lingiso_pct":0.086592179,"poc_pct":86.0,"sv_health":4.54,"efa":"Significant","name":"New Castle BG 160002","efa_hisp_pct":55.3,"efa_black_pct":10.4,"efa_lingiso_pct":8.8,"efa_lingiso_sp":100.0,"efa_poverty_pct":35.3,"efa_mhhi":57614.0,"efa_combined_minority":70.7,"efa_has_duplicate":1,"efa_mc1":1,"efa_sc1":1,"efa_mc2":0,"efa_sc2":0,"efa_mc3":1,"efa_sc3":1,"efa_mc4":0,"efa_sc4":0,"efa_mc5":0,"efa_sc5":0,"efa_has_split":1},"geometry":{"type":"Polygon","coordinates":[[[-75.578317,39.694057],[-75.576713,39.695869],[-75.575339,39.696024],[-75.574011,39.696299],[-75.565056,39.69244],[-75.565457,39.69199],[-75.567993,39.688923],[-75.567742,39.685571],[-75.567606,39.684364],[-75.567318,39.683655],[-75.572694,39.682486],[-75.572717,39.678466],[-75.575342,39.678254],[-75.576636,39.689473],[-75.576839,39.691428],[-75.578317,39.694057]]]}},{"id":"59","type":"Feature","properties":{"GEOID":"100030166141","eb":3.25,"sv":1.74,"county":"New Castle","pop":2418.0,"pm25_pct":30.0,"diesel_pct":39.0,"cancer_pct":0.0,"traffic_pct":42.0,"superfund_pct":18.0,"lowinc_pct":0.0,"unemp_pct":0.0,"lingiso_pct":0.0,"poc_pct":23.0,"sv_health":2.99,"efa":"Not EFA","name":"New Castle BG 166141","efa_hisp_pct":2.5,"efa_black_pct":3.1,"efa_lingiso_pct":0,"efa_lingiso_sp":null,"efa_poverty_pct":0,"efa_mhhi":134653.0,"efa_combined_minority":14.4,"efa_has_duplicate":0,"efa_mc1":0,"efa_sc1":0,"efa_mc2":0,"efa_sc2":0,"efa_mc3":0,"efa_sc3":0,"efa_mc4":0,"efa_sc4":0,"efa_mc5":0,"efa_sc5":0,"efa_has_split":0},"geometry":{"type":"Polygon","coordinates":[[[-75.716689,39.449686],[-75.707302,39.450127],[-75.701655,39.450469],[-75.696881,39.450751],[-75.695203,39.445689],[-75.69343,39.440234],[-75.693152,39.438506],[-75.693377,39.437978],[-75.694785,39.437516],[-75.702266,39.436787],[-75.706369,39.436343],[-75.70716,39.436432],[-75.708371,39.436657],[-75.708891,39.437334],[-75.709693,39.437659],[-75.710805,39.437828],[-75.712051,39.437866],[-75.713311,39.437285],[-75.714019,39.439163],[-75.716689,39.449686]]]}},{"id":"60","type":"Feature","properties":{"GEOID":"100030166093","eb":2.79,"sv":1.62,"county":"New Castle","pop":2257.0,"pm25_pct":35.0,"diesel_pct":41.0,"cancer_pct":0.0,"traffic_pct":15.0,"superfund_pct":43.0,"lowinc_pct":0.043863536,"unemp_pct":0.003748828,"lingiso_pct":0.0,"poc_pct":16.0,"sv_health":3.29,"efa":"Not EFA","name":"New Castle BG 166093","efa_hisp_pct":0.1,"efa_black_pct":13.6,"efa_lingiso_pct":0,"efa_lingiso_sp":null,"efa_poverty_pct":7.4,"efa_mhhi":193875.0,"efa_combined_minority":19.1,"efa_has_duplicate":0,"efa_mc1":0,"efa_sc1":0,"efa_mc2":0,"efa_sc2":0,"efa_mc3":0,"efa_sc3":0,"efa_mc4":0,"efa_sc4":0,"efa_mc5":0,"efa_sc5":0,"efa_has_split":0},"geometry":{"type":"Polygon","coordinates":[[[-75.7795846104508,39.5355374688062],[-75.774678,39.535099],[-75.767947,39.536294],[-75.760675,39.539055],[-75.755896,39.54023],[-75.753731,39.540343],[-75.738241,39.541148],[-75.737448,39.531043],[-75.736633,39.529781],[-75.744055,39.526791],[-75.746577,39.524423],[-75.748083,39.52132],[-75.747545,39.515397],[-75.748867,39.51309],[-75.751847,39.510929],[-75.752341,39.510053],[-75.750661,39.504993],[-75.749577,39.503815],[-75.753676,39.49942],[-75.756755,39.497518],[-75.763914,39.495829],[-75.769529,39.493775],[-75.7762226834811,39.494332849895],[-75.7795181992453,39.5347235164389],[-75.7795846104508,39.5355374688062]]]}},{"id":"61","type":"Feature","properties":{"GEOID":"100030163063","eb":6.47,"sv":2.17,"county":"New Castle","pop":1001.0,"pm25_pct":53.0,"diesel_pct":83.0,"cancer_pct":51.0,"traffic_pct":77.0,"superfund_pct":95.0,"lowinc_pct":0.011988012,"unemp_pct":0.0,"lingiso_pct":0.0,"poc_pct":84.0,"sv_health":3.84,"efa":"Not EFA","name":"New Castle BG 163063","efa_hisp_pct":14.4,"efa_black_pct":46.0,"efa_lingiso_pct":0,"efa_lingiso_sp":null,"efa_poverty_pct":1.0,"efa_mhhi":160953.0,"efa_combined_minority":63.9,"efa_has_duplicate":0,"efa_mc1":0,"efa_sc1":0,"efa_mc2":0,"efa_sc2":0,"efa_mc3":0,"efa_sc3":0,"efa_mc4":0,"efa_sc4":0,"efa_mc5":0,"efa_sc5":0,"efa_has_split":0},"geometry":{"type":"Polygon","coordinates":[[[-75.651709,39.632714],[-75.643608,39.637116],[-75.640521,39.639098],[-75.632956,39.636772],[-75.633849,39.635412],[-75.631679,39.634623],[-75.642069,39.620635],[-75.643772,39.618321],[-75.650631,39.626613],[-75.651456,39.627983],[-75.6531,39.631961],[-75.651709,39.632714]]]}},{"id":"62","type":"Feature","properties":{"GEOID":"100030148131","eb":5.85,"sv":1.93,"county":"New Castle","pop":1823.0,"pm25_pct":50.0,"diesel_pct":74.0,"cancer_pct":51.0,"traffic_pct":54.0,"superfund_pct":68.0,"lowinc_pct":0.059243006,"unemp_pct":0.012331839,"lingiso_pct":0.042038217,"poc_pct":76.0,"sv_health":3.18,"efa":"Not EFA","name":"New Castle BG 148131","efa_hisp_pct":16.5,"efa_black_pct":12.3,"efa_lingiso_pct":2.0,"efa_lingiso_sp":0,"efa_poverty_pct":4.0,"efa_mhhi":136569.0,"efa_combined_minority":53.5,"efa_has_duplicate":0,"efa_mc1":0,"efa_sc1":0,"efa_mc2":0,"efa_sc2":0,"efa_mc3":0,"efa_sc3":0,"efa_mc4":0,"efa_sc4":0,"efa_mc5":0,"efa_sc5":0,"efa_has_split":0},"geometry":{"type":"Polygon","coordinates":[[[-75.7875417024712,39.6390306427924],[-75.783756,39.639433],[-75.763974,39.645498],[-75.762193,39.646035],[-75.760115,39.64657],[-75.758787,39.6468],[-75.757101,39.646975],[-75.746325,39.647025],[-75.745612,39.646011],[-75.743888,39.642632],[-75.743544,39.641109],[-75.743622,39.635969],[-75.748111,39.63367],[-75.751916,39.632573],[-75.763417,39.629097],[-75.772838,39.626044],[-75.786216419654,39.6217124085307],[-75.78689,39.630575],[-75.7871896545332,39.6342564699798],[-75.7872028393553,39.6344184549362],[-75.78745,39.637455],[-75.7875410026659,39.6390186186539],[-75.7875417024712,39.6390306427924]]]}},{"id":"63","type":"Feature","properties":{"GEOID":"100030163081","eb":6.09,"sv":2.1,"county":"New Castle","pop":2672.0,"pm25_pct":55.0,"diesel_pct":63.0,"cancer_pct":51.0,"traffic_pct":40.0,"superfund_pct":98.0,"lowinc_pct":0.158308383,"unemp_pct":0.019230769,"lingiso_pct":0.0,"poc_pct":84.0,"sv_health":3.75,"efa":"Not EFA","name":"New Castle BG 163081","efa_hisp_pct":2.4,"efa_black_pct":54.1,"efa_lingiso_pct":0,"efa_lingiso_sp":null,"efa_poverty_pct":6.6,"efa_mhhi":52188.0,"efa_combined_minority":66.6,"efa_has_duplicate":0,"efa_mc1":0,"efa_sc1":0,"efa_mc2":0,"efa_sc2":0,"efa_mc3":0,"efa_sc3":0,"efa_mc4":0,"efa_sc4":0,"efa_mc5":0,"efa_sc5":0,"efa_has_split":0},"geometry":{"type":"Polygon","coordinates":[[[-75.628638,39.638932],[-75.625315,39.643816],[-75.614518,39.640733],[-75.60791,39.64069],[-75.606035,39.639348],[-75.614286,39.632481],[-75.615116,39.63369],[-75.619081,39.634966],[-75.62139,39.634492],[-75.625932,39.636472],[-75.628638,39.638932]]]}},{"id":"64","type":"Feature","properties":{"GEOID":"100030148123","eb":4.29,"sv":1.98,"county":"New Castle","pop":1986.0,"pm25_pct":47.0,"diesel_pct":54.0,"cancer_pct":0.0,"traffic_pct":53.0,"superfund_pct":73.0,"lowinc_pct":0.048841893,"unemp_pct":0.0,"lingiso_pct":0.0,"poc_pct":27.0,"sv_health":3.19,"efa":"Not EFA","name":"New Castle BG 148123","efa_hisp_pct":3.8,"efa_black_pct":12.8,"efa_lingiso_pct":0,"efa_lingiso_sp":null,"efa_poverty_pct":1.3,"efa_mhhi":116389.0,"efa_combined_minority":31.7,"efa_has_duplicate":0,"efa_mc1":0,"efa_sc1":0,"efa_mc2":0,"efa_sc2":0,"efa_mc3":0,"efa_sc3":0,"efa_mc4":0,"efa_sc4":0,"efa_mc5":0,"efa_sc5":0,"efa_has_split":0},"geometry":{"type":"Polygon","coordinates":[[[-75.774613,39.605229],[-75.769267,39.604794],[-75.759825,39.603186],[-75.744983,39.604885],[-75.74213,39.596426],[-75.741593,39.593164],[-75.758031,39.592143],[-75.757822,39.589643],[-75.770174,39.585867],[-75.770387,39.587845],[-75.774108,39.5947],[-75.773606,39.597532],[-75.774613,39.605229]]]}},{"id":"65","type":"Feature","properties":{"GEOID":"100030101051","eb":7.79,"sv":2.49,"county":"New Castle","pop":591.0,"pm25_pct":99.0,"diesel_pct":80.0,"cancer_pct":51.0,"traffic_pct":96.0,"superfund_pct":59.0,"lowinc_pct":0.359925789,"unemp_pct":0.269230769,"lingiso_pct":0.0,"poc_pct":81.0,"sv_health":3.28,"efa":"Significant","name":"New Castle BG 101051","efa_hisp_pct":6.1,"efa_black_pct":50.1,"efa_lingiso_pct":0,"efa_lingiso_sp":null,"efa_poverty_pct":32.8,"efa_mhhi":null,"efa_combined_minority":69.2,"efa_has_duplicate":1,"efa_mc1":1,"efa_sc1":1,"efa_mc2":0,"efa_sc2":0,"efa_mc3":1,"efa_sc3":0,"efa_mc4":0,"efa_sc4":0,"efa_mc5":0,"efa_sc5":0,"efa_has_split":1},"geometry":{"type":"Polygon","coordinates":[[[-75.459446,39.810368],[-75.45489,39.813259],[-75.453156,39.815448],[-75.451187,39.817542],[-75.4498743837216,39.8186425446778],[-75.4373079165898,39.8132154267429],[-75.4370683549011,39.8131119665163],[-75.4339085190138,39.8117473186932],[-75.440369,39.81028],[-75.445425,39.809156],[-75.454279,39.80453],[-75.458783,39.809872],[-75.459446,39.810368]]]}},{"id":"66","type":"Feature","properties":{"GEOID":"100030149035","eb":5.32,"sv":3.59,"county":"New Castle","pop":1533.0,"pm25_pct":52.0,"diesel_pct":58.0,"cancer_pct":51.0,"traffic_pct":57.0,"superfund_pct":74.0,"lowinc_pct":0.650073206,"unemp_pct":0.189768977,"lingiso_pct":0.11641791,"poc_pct":95.0,"sv_health":4.23,"efa":"Significant","name":"New Castle BG 149035","efa_hisp_pct":22.9,"efa_black_pct":55.5,"efa_lingiso_pct":5.3,"efa_lingiso_sp":100.0,"efa_poverty_pct":59.6,"efa_mhhi":27005.0,"efa_combined_minority":84.8,"efa_has_duplicate":0,"efa_mc1":0,"efa_sc1":0,"efa_mc2":1,"efa_sc2":0,"efa_mc3":1,"efa_sc3":1,"efa_mc4":1,"efa_sc4":1,"efa_mc5":0,"efa_sc5":0,"efa_has_split":0},"geometry":{"type":"Polygon","coordinates":[[[-75.69306,39.631303],[-75.690593,39.628804],[-75.683913,39.622543],[-75.685016,39.622128],[-75.689124,39.620657],[-75.690694,39.622775],[-75.69654,39.628677],[-75.69306,39.631303]]]}},{"id":"67","type":"Feature","properties":{"GEOID":"100030030021","eb":7.31,"sv":3.84,"county":"New Castle","pop":2325.0,"pm25_pct":81.0,"diesel_pct":77.0,"cancer_pct":51.0,"traffic_pct":54.0,"superfund_pct":74.0,"lowinc_pct":0.291245791,"unemp_pct":0.058333333,"lingiso_pct":0.0,"poc_pct":89.0,"sv_health":5.61,"efa":"Significant","name":"New Castle BG 30021","efa_hisp_pct":7.2,"efa_black_pct":64.8,"efa_lingiso_pct":0,"efa_lingiso_sp":null,"efa_poverty_pct":24.0,"efa_mhhi":49479.0,"efa_combined_minority":78.3,"efa_has_duplicate":0,"efa_mc1":1,"efa_sc1":1,"efa_mc2":1,"efa_sc2":0,"efa_mc3":1,"efa_sc3":0,"efa_mc4":1,"efa_sc4":0,"efa_mc5":0,"efa_sc5":0,"efa_has_split":0},"geometry":{"type":"Polygon","coordinates":[[[-75.53753,39.743324],[-75.531615,39.746054],[-75.528739,39.744187],[-75.528202,39.744475],[-75.526688,39.744424],[-75.525426,39.742874],[-75.525927,39.74058],[-75.52437,39.738879],[-75.524503,39.738854],[-75.526481,39.738032],[-75.531978,39.73988],[-75.534957,39.738797],[-75.537034,39.739702],[-75.53753,39.743324]]]}},{"id":"68","type":"Feature","properties":{"GEOID":"100030166112","eb":3.41,"sv":2.16,"county":"New Castle","pop":555.0,"pm25_pct":46.0,"diesel_pct":44.0,"cancer_pct":0.0,"traffic_pct":23.0,"superfund_pct":40.0,"lowinc_pct":0.279279279,"unemp_pct":0.0,"lingiso_pct":0.0,"poc_pct":45.0,"sv_health":2.99,"efa":"Not EFA","name":"New Castle BG 166112","efa_hisp_pct":0,"efa_black_pct":22.5,"efa_lingiso_pct":22.1,"efa_lingiso_sp":0,"efa_poverty_pct":0,"efa_mhhi":null,"efa_combined_minority":41.3,"efa_has_duplicate":0,"efa_mc1":0,"efa_sc1":0,"efa_mc2":0,"efa_sc2":0,"efa_mc3":0,"efa_sc3":0,"efa_mc4":0,"efa_sc4":0,"efa_mc5":1,"efa_sc5":0,"efa_has_split":0},"geometry":{"type":"Polygon","coordinates":[[[-75.725323,39.541097],[-75.725228,39.542001],[-75.717163,39.543347],[-75.711691,39.543884],[-75.7031,39.543333],[-75.703302,39.542448],[-75.710266,39.511179],[-75.711555,39.511186],[-75.711659,39.51119],[-75.711848,39.513634],[-75.712516,39.515551],[-75.716515,39.521486],[-75.721913,39.528091],[-75.723498,39.529171],[-75.723245,39.52993],[-75.726219,39.534124],[-75.725323,39.541097]]]}},{"id":"69","type":"Feature","properties":{"GEOID":"100030136114","eb":4.17,"sv":2.7,"county":"New Castle","pop":1272.0,"pm25_pct":67.0,"diesel_pct":52.0,"cancer_pct":51.0,"traffic_pct":25.0,"superfund_pct":40.0,"lowinc_pct":0.414149444,"unemp_pct":0.107942974,"lingiso_pct":0.0,"poc_pct":76.0,"sv_health":3.4,"efa":"Not EFA","name":"New Castle BG 136114","efa_hisp_pct":9.1,"efa_black_pct":49.1,"efa_lingiso_pct":0,"efa_lingiso_sp":null,"efa_poverty_pct":0.8,"efa_mhhi":86167.0,"efa_combined_minority":59.6,"efa_has_duplicate":0,"efa_mc1":0,"efa_sc1":0,"efa_mc2":0,"efa_sc2":0,"efa_mc3":0,"efa_sc3":0,"efa_mc4":0,"efa_sc4":0,"efa_mc5":0,"efa_sc5":0,"efa_has_split":0},"geometry":{"type":"Polygon","coordinates":[[[-75.703962,39.721488],[-75.699127,39.721848],[-75.699127,39.719746],[-75.696784,39.715685],[-75.696266,39.714947],[-75.695615,39.713547],[-75.697097,39.713315],[-75.700952,39.711196],[-75.703738,39.711597],[-75.703858,39.713036],[-75.700897,39.716717],[-75.702477,39.71735],[-75.703316,39.720534],[-75.705905,39.720847],[-75.703962,39.721488]]]}},{"id":"70","type":"Feature","properties":{"GEOID":"100030003002","eb":7.21,"sv":3.91,"county":"New Castle","pop":1272.0,"pm25_pct":90.0,"diesel_pct":84.0,"cancer_pct":51.0,"traffic_pct":73.0,"superfund_pct":58.0,"lowinc_pct":0.498427673,"unemp_pct":0.092905405,"lingiso_pct":0.0,"poc_pct":99.0,"sv_health":4.76,"efa":"Significant","name":"New Castle BG 3002","efa_hisp_pct":0,"efa_black_pct":94.0,"efa_lingiso_pct":0,"efa_lingiso_sp":null,"efa_poverty_pct":36.9,"efa_mhhi":41802.0,"efa_combined_minority":95.8,"efa_has_duplicate":0,"efa_mc1":1,"efa_sc1":1,"efa_mc2":1,"efa_sc2":1,"efa_mc3":1,"efa_sc3":1,"efa_mc4":1,"efa_sc4":0,"efa_mc5":0,"efa_sc5":0,"efa_has_split":0},"geometry":{"type":"Polygon","coordinates":[[[-75.541909,39.758886],[-75.538984,39.760188],[-75.537109,39.757683],[-75.540813,39.756037],[-75.54142,39.755766],[-75.541909,39.758886]]]}},{"id":"71","type":"Feature","properties":{"GEOID":"100030127005","eb":6.82,"sv":3.17,"county":"New Castle","pop":771.0,"pm25_pct":68.0,"diesel_pct":70.0,"cancer_pct":51.0,"traffic_pct":98.0,"superfund_pct":98.0,"lowinc_pct":0.31387808,"unemp_pct":0.048387097,"lingiso_pct":0.203703704,"poc_pct":80.0,"sv_health":4.39,"efa":"Moderate","name":"New Castle BG 127005","efa_hisp_pct":27.1,"efa_black_pct":16.5,"efa_lingiso_pct":20.8,"efa_lingiso_sp":100.0,"efa_poverty_pct":11.3,"efa_mhhi":62875.0,"efa_combined_minority":54.3,"efa_has_duplicate":0,"efa_mc1":0,"efa_sc1":0,"efa_mc2":0,"efa_sc2":0,"efa_mc3":0,"efa_sc3":0,"efa_mc4":0,"efa_sc4":0,"efa_mc5":1,"efa_sc5":0,"efa_has_split":0},"geometry":{"type":"Polygon","coordinates":[[[-75.614812,39.711247],[-75.613905,39.712392],[-75.614265,39.713614],[-75.61246,39.713479],[-75.614388,39.716908],[-75.611994,39.71814],[-75.61189,39.718195],[-75.611624,39.718335],[-75.609068,39.716034],[-75.608259,39.712886],[-75.608311,39.712069],[-75.609158,39.711968],[-75.608786,39.710506],[-75.611,39.709572],[-75.612471,39.708401],[-75.615383,39.708952],[-75.614812,39.711247]]]}},{"id":"72","type":"Feature","properties":{"GEOID":"100030136133","eb":5.11,"sv":1.69,"county":"New Castle","pop":2564.0,"pm25_pct":74.0,"diesel_pct":56.0,"cancer_pct":51.0,"traffic_pct":59.0,"superfund_pct":50.0,"lowinc_pct":0.147815913,"unemp_pct":0.006648936,"lingiso_pct":0.0,"poc_pct":11.0,"sv_health":3.26,"efa":"Not EFA","name":"New Castle BG 136133","efa_hisp_pct":7.1,"efa_black_pct":0,"efa_lingiso_pct":0,"efa_lingiso_sp":null,"efa_poverty_pct":0.9,"efa_mhhi":99707.0,"efa_combined_minority":12.8,"efa_has_duplicate":0,"efa_mc1":0,"efa_sc1":0,"efa_mc2":0,"efa_sc2":0,"efa_mc3":0,"efa_sc3":0,"efa_mc4":0,"efa_sc4":0,"efa_mc5":0,"efa_sc5":0,"efa_has_split":0},"geometry":{"type":"Polygon","coordinates":[[[-75.679329,39.750506],[-75.677338,39.752435],[-75.676013,39.752626],[-75.669338,39.750377],[-75.660396,39.751581],[-75.660009,39.748949],[-75.659669,39.745769],[-75.662501,39.738941],[-75.666137,39.7319],[-75.66597,39.731127],[-75.666786,39.730783],[-75.668323,39.732036],[-75.673609,39.73359],[-75.67429,39.735394],[-75.67409,39.74332],[-75.678159,39.745984],[-75.676487,39.747857],[-75.679176,39.748434],[-75.679329,39.750506]]]}},{"id":"73","type":"Feature","properties":{"GEOID":"100030159003","eb":7.7,"sv":3.23,"county":"New Castle","pop":1728.0,"pm25_pct":66.0,"diesel_pct":90.0,"cancer_pct":99.0,"traffic_pct":52.0,"superfund_pct":90.0,"lowinc_pct":0.216435185,"unemp_pct":0.180354267,"lingiso_pct":0.0,"poc_pct":62.0,"sv_health":3.94,"efa":"Not EFA","name":"New Castle BG 159003","efa_hisp_pct":4.2,"efa_black_pct":36.3,"efa_lingiso_pct":0,"efa_lingiso_sp":null,"efa_poverty_pct":4.8,"efa_mhhi":112759.0,"efa_combined_minority":45.9,"efa_has_duplicate":0,"efa_mc1":0,"efa_sc1":0,"efa_mc2":0,"efa_sc2":0,"efa_mc3":0,"efa_sc3":0,"efa_mc4":0,"efa_sc4":0,"efa_mc5":0,"efa_sc5":0,"efa_has_split":0},"geometry":{"type":"Polygon","coordinates":[[[-75.567742,39.685571],[-75.565218,39.686504],[-75.563347,39.6865],[-75.562861,39.686845],[-75.55793,39.683735],[-75.55809,39.683338],[-75.559261,39.680016],[-75.561073,39.676174],[-75.563727,39.675799],[-75.565661,39.677578],[-75.566695,39.682134],[-75.567318,39.683655],[-75.567606,39.684364],[-75.567742,39.685571]]]}},{"id":"74","type":"Feature","properties":{"GEOID":"100030102002","eb":6.88,"sv":2.36,"county":"New Castle","pop":1037.0,"pm25_pct":98.0,"diesel_pct":82.0,"cancer_pct":51.0,"traffic_pct":62.0,"superfund_pct":40.0,"lowinc_pct":0.118611379,"unemp_pct":0.036363636,"lingiso_pct":0.0,"poc_pct":64.0,"sv_health":3.45,"efa":"Not EFA","name":"New Castle BG 102002","efa_hisp_pct":11.0,"efa_black_pct":39.5,"efa_lingiso_pct":0,"efa_lingiso_sp":null,"efa_poverty_pct":0.5,"efa_mhhi":86000.0,"efa_combined_minority":54.0,"efa_has_duplicate":0,"efa_mc1":0,"efa_sc1":0,"efa_mc2":0,"efa_sc2":0,"efa_mc3":0,"efa_sc3":0,"efa_mc4":0,"efa_sc4":0,"efa_mc5":0,"efa_sc5":0,"efa_has_split":0},"geometry":{"type":"Polygon","coordinates":[[[-75.476303,39.808287],[-75.46956,39.814175],[-75.466421,39.812987],[-75.470426,39.809655],[-75.470231,39.808761],[-75.466889,39.806964],[-75.470596,39.804061],[-75.472794,39.804623],[-75.473063,39.805007],[-75.473012,39.806076],[-75.476303,39.808287]]]}},{"id":"75","type":"Feature","properties":{"GEOID":"100030104002","eb":6.31,"sv":2.24,"county":"New Castle","pop":1072.0,"pm25_pct":95.0,"diesel_pct":83.0,"cancer_pct":51.0,"traffic_pct":41.0,"superfund_pct":44.0,"lowinc_pct":0.223880597,"unemp_pct":0.085964912,"lingiso_pct":0.0,"poc_pct":29.0,"sv_health":3.6,"efa":"Not EFA","name":"New Castle BG 104002","efa_hisp_pct":2.4,"efa_black_pct":14.5,"efa_lingiso_pct":0,"efa_lingiso_sp":null,"efa_poverty_pct":11.1,"efa_mhhi":75500.0,"efa_combined_minority":21.2,"efa_has_duplicate":0,"efa_mc1":0,"efa_sc1":0,"efa_mc2":0,"efa_sc2":0,"efa_mc3":0,"efa_sc3":0,"efa_mc4":0,"efa_sc4":0,"efa_mc5":0,"efa_sc5":0,"efa_has_split":0},"geometry":{"type":"Polygon","coordinates":[[[-75.479235,39.793532],[-75.475321,39.79123],[-75.477011,39.789441],[-75.474425,39.788198],[-75.477917,39.785029],[-75.484091,39.788543],[-75.479235,39.793532]]]}},{"id":"76","type":"Feature","properties":{"GEOID":"100030108001","eb":6.36,"sv":2.37,"county":"New Castle","pop":1770.0,"pm25_pct":92.0,"diesel_pct":68.0,"cancer_pct":51.0,"traffic_pct":68.0,"superfund_pct":42.0,"lowinc_pct":0.463276836,"unemp_pct":0.026824034,"lingiso_pct":0.0,"poc_pct":26.0,"sv_health":3.4,"efa":"Not EFA","name":"New Castle BG 108001","efa_hisp_pct":0,"efa_black_pct":9.2,"efa_lingiso_pct":0,"efa_lingiso_sp":null,"efa_poverty_pct":0.6,"efa_mhhi":80278.0,"efa_combined_minority":15.2,"efa_has_duplicate":0,"efa_mc1":0,"efa_sc1":0,"efa_mc2":0,"efa_sc2":0,"efa_mc3":0,"efa_sc3":0,"efa_mc4":0,"efa_sc4":0,"efa_mc5":0,"efa_sc5":0,"efa_has_split":0},"geometry":{"type":"Polygon","coordinates":[[[-75.517614,39.772781],[-75.516934,39.777214],[-75.510759,39.778917],[-75.506377,39.780922],[-75.506779,39.775772],[-75.507377,39.77335],[-75.50668,39.772826],[-75.503171,39.769379],[-75.509347,39.76658],[-75.511472,39.76561],[-75.515953,39.763553],[-75.517452,39.769654],[-75.517228,39.77173],[-75.517614,39.772781]]]}},{"id":"77","type":"Feature","properties":{"GEOID":"100030110002","eb":5.83,"sv":1.93,"county":"New Castle","pop":1387.0,"pm25_pct":92.0,"diesel_pct":70.0,"cancer_pct":51.0,"traffic_pct":61.0,"superfund_pct":37.0,"lowinc_pct":0.057678443,"unemp_pct":0.047267356,"lingiso_pct":0.051391863,"poc_pct":46.0,"sv_health":3.21,"efa":"Not EFA","name":"New Castle BG 110002","efa_hisp_pct":18.4,"efa_black_pct":2.1,"efa_lingiso_pct":5.5,"efa_lingiso_sp":0,"efa_poverty_pct":3.2,"efa_mhhi":85536.0,"efa_combined_minority":23.7,"efa_has_duplicate":0,"efa_mc1":0,"efa_sc1":0,"efa_mc2":0,"efa_sc2":0,"efa_mc3":0,"efa_sc3":0,"efa_mc4":0,"efa_sc4":0,"efa_mc5":0,"efa_sc5":0,"efa_has_split":0},"geometry":{"type":"Polygon","coordinates":[[[-75.502041,39.797161],[-75.500849,39.799812],[-75.493752,39.796589],[-75.490472,39.793225],[-75.49121,39.792331],[-75.496059,39.788151],[-75.498957,39.790405],[-75.501475,39.793157],[-75.502041,39.797161]]]}},{"id":"78","type":"Feature","properties":{"GEOID":"100030112052","eb":5.51,"sv":1.77,"county":"New Castle","pop":887.0,"pm25_pct":98.0,"diesel_pct":60.0,"cancer_pct":51.0,"traffic_pct":56.0,"superfund_pct":29.0,"lowinc_pct":0.076662909,"unemp_pct":0.022271715,"lingiso_pct":0.011331445,"poc_pct":8.0,"sv_health":3.4,"efa":"Not EFA","name":"New Castle BG 112052","efa_hisp_pct":0,"efa_black_pct":0.1,"efa_lingiso_pct":0,"efa_lingiso_sp":null,"efa_poverty_pct":0,"efa_mhhi":104464.0,"efa_combined_minority":3.8,"efa_has_duplicate":0,"efa_mc1":0,"efa_sc1":0,"efa_mc2":0,"efa_sc2":0,"efa_mc3":0,"efa_sc3":0,"efa_mc4":0,"efa_sc4":0,"efa_mc5":0,"efa_sc5":0,"efa_has_split":0},"geometry":{"type":"Polygon","coordinates":[[[-75.525084,39.82845],[-75.51132,39.826364],[-75.513325,39.825521],[-75.515751,39.82279],[-75.516476,39.819761],[-75.518075,39.820248],[-75.519812,39.821047],[-75.523384,39.822718],[-75.523734,39.823064],[-75.527871,39.828835],[-75.525084,39.82845]]]}},{"id":"79","type":"Feature","properties":{"GEOID":"100030114001","eb":5.37,"sv":1.99,"county":"New Castle","pop":959.0,"pm25_pct":96.0,"diesel_pct":69.0,"cancer_pct":51.0,"traffic_pct":43.0,"superfund_pct":34.0,"lowinc_pct":0.222106361,"unemp_pct":0.035955056,"lingiso_pct":0.0,"poc_pct":34.0,"sv_health":3.14,"efa":"Not EFA","name":"New Castle BG 114001","efa_hisp_pct":0,"efa_black_pct":12.9,"efa_lingiso_pct":0,"efa_lingiso_sp":null,"efa_poverty_pct":2.1,"efa_mhhi":130833.0,"efa_combined_minority":20.3,"efa_has_duplicate":0,"efa_mc1":0,"efa_sc1":0,"efa_mc2":0,"efa_sc2":0,"efa_mc3":0,"efa_sc3":0,"efa_mc4":0,"efa_sc4":0,"efa_mc5":0,"efa_sc5":0,"efa_has_split":0},"geometry":{"type":"Polygon","coordinates":[[[-75.512766,39.803245],[-75.512403,39.804461],[-75.511253,39.805865],[-75.509272,39.804688],[-75.505088,39.802164],[-75.505244,39.80003],[-75.509882,39.798261],[-75.511714,39.796249],[-75.51686,39.798791],[-75.512766,39.803245]]]}},{"id":"80","type":"Feature","properties":{"GEOID":"100030112011","eb":5.37,"sv":1.83,"county":"New Castle","pop":1692.0,"pm25_pct":97.0,"diesel_pct":57.0,"cancer_pct":51.0,"traffic_pct":39.0,"superfund_pct":29.0,"lowinc_pct":0.033687943,"unemp_pct":0.020765027,"lingiso_pct":0.024498886,"poc_pct":15.0,"sv_health":2.95,"efa":"Not EFA","name":"New Castle BG 112011","efa_hisp_pct":0.7,"efa_black_pct":3.8,"efa_lingiso_pct":2.5,"efa_lingiso_sp":0,"efa_poverty_pct":2.4,"efa_mhhi":135625.0,"efa_combined_minority":13.7,"efa_has_duplicate":0,"efa_mc1":0,"efa_sc1":0,"efa_mc2":0,"efa_sc2":0,"efa_mc3":0,"efa_sc3":0,"efa_mc4":0,"efa_sc4":0,"efa_mc5":0,"efa_sc5":0,"efa_has_split":0},"geometry":{"type":"Polygon","coordinates":[[[-75.549734,39.813331],[-75.549637,39.814194],[-75.54908,39.816186],[-75.546449,39.815253],[-75.545424,39.81662],[-75.54471,39.817002],[-75.544101,39.819368],[-75.542976,39.82192],[-75.542038,39.822494],[-75.536378,39.824715],[-75.534524,39.824275],[-75.534485,39.821409],[-75.535822,39.812551],[-75.535727,39.808402],[-75.543326,39.808821],[-75.548493,39.809161],[-75.549211,39.809206],[-75.549763,39.813076],[-75.549734,39.813331]]]}},{"id":"81","type":"Feature","properties":{"GEOID":"100030115003","eb":6.13,"sv":2.03,"county":"New Castle","pop":896.0,"pm25_pct":95.0,"diesel_pct":63.0,"cancer_pct":51.0,"traffic_pct":78.0,"superfund_pct":33.0,"lowinc_pct":0.083705357,"unemp_pct":0.079150579,"lingiso_pct":0.0,"poc_pct":11.0,"sv_health":3.52,"efa":"Not EFA","name":"New Castle BG 115003","efa_hisp_pct":0,"efa_black_pct":3.7,"efa_lingiso_pct":0,"efa_lingiso_sp":null,"efa_poverty_pct":3.6,"efa_mhhi":117321.0,"efa_combined_minority":7.4,"efa_has_duplicate":0,"efa_mc1":0,"efa_sc1":0,"efa_mc2":0,"efa_sc2":0,"efa_mc3":0,"efa_sc3":0,"efa_mc4":0,"efa_sc4":0,"efa_mc5":0,"efa_sc5":0,"efa_has_split":0},"geometry":{"type":"Polygon","coordinates":[[[-75.547967,39.801167],[-75.539357,39.803156],[-75.536892,39.799423],[-75.543735,39.798561],[-75.543464,39.796444],[-75.541687,39.795033],[-75.545798,39.79404],[-75.547082,39.79482],[-75.547967,39.801167]]]}},{"id":"82","type":"Feature","properties":{"GEOID":"100030144033","eb":5.96,"sv":2.24,"county":"New Castle","pop":1653.0,"pm25_pct":55.0,"diesel_pct":48.0,"cancer_pct":51.0,"traffic_pct":80.0,"superfund_pct":65.0,"lowinc_pct":0.447670901,"unemp_pct":0.062741313,"lingiso_pct":0.020740741,"poc_pct":81.0,"sv_health":3.62,"efa":"Moderate","name":"New Castle BG 144033","efa_hisp_pct":28.6,"efa_black_pct":26.6,"efa_lingiso_pct":4.0,"efa_lingiso_sp":0,"efa_poverty_pct":23.0,"efa_mhhi":36477.0,"efa_combined_minority":65.7,"efa_has_duplicate":0,"efa_mc1":0,"efa_sc1":0,"efa_mc2":0,"efa_sc2":0,"efa_mc3":0,"efa_sc3":0,"efa_mc4":1,"efa_sc4":0,"efa_mc5":0,"efa_sc5":0,"efa_has_split":0},"geometry":{"type":"Polygon","coordinates":[[[-75.773981,39.675869],[-75.768775,39.677469],[-75.764014,39.678924],[-75.762233,39.677734],[-75.765589,39.67495],[-75.770612,39.670437],[-75.771908,39.671651],[-75.773026,39.673959],[-75.773981,39.675869]]]}},{"id":"83","type":"Feature","properties":{"GEOID":"100030148032","eb":5.95,"sv":2.02,"county":"New Castle","pop":1736.0,"pm25_pct":51.0,"diesel_pct":68.0,"cancer_pct":51.0,"traffic_pct":55.0,"superfund_pct":63.0,"lowinc_pct":0.128456221,"unemp_pct":0.012512031,"lingiso_pct":0.008130081,"poc_pct":51.0,"sv_health":3.6,"efa":"Not EFA","name":"New Castle BG 148032","efa_hisp_pct":11.9,"efa_black_pct":8.7,"efa_lingiso_pct":0,"efa_lingiso_sp":null,"efa_poverty_pct":5.0,"efa_mhhi":81316.0,"efa_combined_minority":32.7,"efa_has_duplicate":0,"efa_mc1":0,"efa_sc1":0,"efa_mc2":0,"efa_sc2":0,"efa_mc3":0,"efa_sc3":0,"efa_mc4":0,"efa_sc4":0,"efa_mc5":0,"efa_sc5":0,"efa_has_split":0},"geometry":{"type":"Polygon","coordinates":[[[-75.7880955854846,39.6485475267544],[-75.782203,39.654297],[-75.781757,39.654733],[-75.78136,39.654267],[-75.780935,39.653657],[-75.780645,39.653079],[-75.780457,39.652542],[-75.780333,39.651847],[-75.774188,39.657072],[-75.770847,39.658237],[-75.768776,39.655217],[-75.768528,39.652959],[-75.769463,39.653182],[-75.769976,39.649314],[-75.787787176812,39.6432484121769],[-75.7880955854846,39.6485475267544]]]}},{"id":"84","type":"Feature","properties":{"GEOID":"100030144021","eb":6.08,"sv":2.26,"county":"New Castle","pop":586.0,"pm25_pct":53.0,"diesel_pct":54.0,"cancer_pct":51.0,"traffic_pct":92.0,"superfund_pct":67.0,"lowinc_pct":0.506825939,"unemp_pct":0.0,"lingiso_pct":0.020905923,"poc_pct":43.0,"sv_health":3.56,"efa":"Not EFA","name":"New Castle BG 144021","efa_hisp_pct":4.0,"efa_black_pct":1.3,"efa_lingiso_pct":0,"efa_lingiso_sp":null,"efa_poverty_pct":38.9,"efa_mhhi":91667.0,"efa_combined_minority":20.3,"efa_has_duplicate":0,"efa_mc1":1,"efa_sc1":1,"efa_mc2":0,"efa_sc2":0,"efa_mc3":1,"efa_sc3":1,"efa_mc4":0,"efa_sc4":0,"efa_mc5":0,"efa_sc5":0,"efa_has_split":0},"geometry":{"type":"Polygon","coordinates":[[[-75.765589,39.67495],[-75.762233,39.677734],[-75.756493,39.682751],[-75.755966,39.682964],[-75.754113,39.683002],[-75.753672,39.683014],[-75.753501,39.674511],[-75.753513,39.674431],[-75.756775,39.674752],[-75.76513,39.674747],[-75.765589,39.67495]]]}},{"id":"85","type":"Feature","properties":{"GEOID":"100030147061","eb":5.97,"sv":2.37,"county":"New Castle","pop":877.0,"pm25_pct":54.0,"diesel_pct":75.0,"cancer_pct":51.0,"traffic_pct":61.0,"superfund_pct":82.0,"lowinc_pct":0.076396807,"unemp_pct":0.042780749,"lingiso_pct":0.029069767,"poc_pct":45.0,"sv_health":3.44,"efa":"Not EFA","name":"New Castle BG 147061","efa_hisp_pct":0.8,"efa_black_pct":31.3,"efa_lingiso_pct":2.1,"efa_lingiso_sp":100.0,"efa_poverty_pct":2.0,"efa_mhhi":136961.0,"efa_combined_minority":36.1,"efa_has_duplicate":0,"efa_mc1":0,"efa_sc1":0,"efa_mc2":0,"efa_sc2":0,"efa_mc3":0,"efa_sc3":0,"efa_mc4":0,"efa_sc4":0,"efa_mc5":0,"efa_sc5":0,"efa_has_split":0},"geometry":{"type":"Polygon","coordinates":[[[-75.732038,39.648676],[-75.706728,39.653787],[-75.703752,39.654615],[-75.701117,39.655684],[-75.696917,39.658182],[-75.697776,39.648909],[-75.697715,39.648453],[-75.702963,39.647868],[-75.702504,39.645789],[-75.702521,39.645248],[-75.70552,39.635542],[-75.708839,39.636606],[-75.707268,39.640194],[-75.709049,39.643024],[-75.710575,39.645838],[-75.710228,39.647211],[-75.714367,39.646482],[-75.729972,39.642085],[-75.732038,39.648676]]]}},{"id":"86","type":"Feature","properties":{"GEOID":"100030122003","eb":6.33,"sv":2.55,"county":"New Castle","pop":999.0,"pm25_pct":78.0,"diesel_pct":61.0,"cancer_pct":51.0,"traffic_pct":60.0,"superfund_pct":65.0,"lowinc_pct":0.127127127,"unemp_pct":0.0,"lingiso_pct":0.0,"poc_pct":50.0,"sv_health":4.02,"efa":"Not EFA","name":"New Castle BG 122003","efa_hisp_pct":16.8,"efa_black_pct":18.3,"efa_lingiso_pct":0,"efa_lingiso_sp":null,"efa_poverty_pct":15.5,"efa_mhhi":88798.0,"efa_combined_minority":40.8,"efa_has_duplicate":0,"efa_mc1":0,"efa_sc1":0,"efa_mc2":0,"efa_sc2":0,"efa_mc3":0,"efa_sc3":0,"efa_mc4":0,"efa_sc4":0,"efa_mc5":0,"efa_sc5":0,"efa_has_split":0},"geometry":{"type":"Polygon","coordinates":[[[-75.601733,39.745604],[-75.600915,39.747736],[-75.598491,39.748321],[-75.597664,39.748352],[-75.59536,39.748354],[-75.590805,39.748628],[-75.589628,39.74903],[-75.589611,39.746104],[-75.591875,39.745849],[-75.592393,39.745484],[-75.594971,39.74376],[-75.597096,39.744347],[-75.599298,39.742887],[-75.601183,39.744152],[-75.602632,39.744944],[-75.601733,39.745604]]]}},{"id":"87","type":"Feature","properties":{"GEOID":"100030125001","eb":7.33,"sv":3.27,"county":"New Castle","pop":949.0,"pm25_pct":76.0,"diesel_pct":85.0,"cancer_pct":51.0,"traffic_pct":77.0,"superfund_pct":81.0,"lowinc_pct":0.51317176,"unemp_pct":0.03202847,"lingiso_pct":0.061643836,"poc_pct":79.0,"sv_health":3.85,"efa":"Not EFA","name":"New Castle BG 125001","efa_hisp_pct":35.5,"efa_black_pct":37.1,"efa_lingiso_pct":9.5,"efa_lingiso_sp":100.0,"efa_poverty_pct":0,"efa_mhhi":84505.0,"efa_combined_minority":75.0,"efa_has_duplicate":0,"efa_mc1":0,"efa_sc1":0,"efa_mc2":0,"efa_sc2":0,"efa_mc3":0,"efa_sc3":0,"efa_mc4":0,"efa_sc4":0,"efa_mc5":0,"efa_sc5":0,"efa_has_split":0},"geometry":{"type":"Polygon","coordinates":[[[-75.58024,39.737363],[-75.577117,39.741918],[-75.576837,39.741428],[-75.574668,39.737686],[-75.573257,39.735317],[-75.573074,39.735004],[-75.578217,39.732929],[-75.578972,39.735757],[-75.5799,39.737066],[-75.58024,39.737363]]]}},{"id":"88","type":"Feature","properties":{"GEOID":"100030124004","eb":6.99,"sv":2.96,"county":"New Castle","pop":1058.0,"pm25_pct":77.0,"diesel_pct":67.0,"cancer_pct":51.0,"traffic_pct":95.0,"superfund_pct":85.0,"lowinc_pct":0.296860133,"unemp_pct":0.013050571,"lingiso_pct":0.0,"poc_pct":52.0,"sv_health":4.12,"efa":"Not EFA","name":"New Castle BG 124004","efa_hisp_pct":23.4,"efa_black_pct":10.0,"efa_lingiso_pct":0,"efa_lingiso_sp":null,"efa_poverty_pct":3.6,"efa_mhhi":69213.0,"efa_combined_minority":40.4,"efa_has_duplicate":0,"efa_mc1":0,"efa_sc1":0,"efa_mc2":0,"efa_sc2":0,"efa_mc3":0,"efa_sc3":0,"efa_mc4":0,"efa_sc4":0,"efa_mc5":0,"efa_sc5":0,"efa_has_split":0},"geometry":{"type":"Polygon","coordinates":[[[-75.622708,39.73742],[-75.621707,39.737427],[-75.619978,39.737529],[-75.614913,39.737757],[-75.604641,39.738723],[-75.604608,39.73809],[-75.607178,39.73655],[-75.607101,39.735015],[-75.604032,39.732208],[-75.618538,39.730482],[-75.621453,39.733768],[-75.62219,39.734934],[-75.622708,39.73742]]]}},{"id":"89","type":"Feature","properties":{"GEOID":"100030149091","eb":6.36,"sv":2.99,"county":"New Castle","pop":1708.0,"pm25_pct":61.0,"diesel_pct":93.0,"cancer_pct":51.0,"traffic_pct":51.0,"superfund_pct":92.0,"lowinc_pct":0.370023419,"unemp_pct":0.011882998,"lingiso_pct":0.0,"poc_pct":91.0,"sv_health":3.85,"efa":"Significant","name":"New Castle BG 149091","efa_hisp_pct":10.9,"efa_black_pct":76.8,"efa_lingiso_pct":0,"efa_lingiso_sp":null,"efa_poverty_pct":12.8,"efa_mhhi":64211.0,"efa_combined_minority":90.8,"efa_has_duplicate":0,"efa_mc1":1,"efa_sc1":0,"efa_mc2":1,"efa_sc2":1,"efa_mc3":0,"efa_sc3":0,"efa_mc4":0,"efa_sc4":0,"efa_mc5":0,"efa_sc5":0,"efa_has_split":0},"geometry":{"type":"Polygon","coordinates":[[[-75.639116,39.662839],[-75.629825,39.663601],[-75.629623,39.659597],[-75.629182,39.659349],[-75.629957,39.657532],[-75.629904,39.656763],[-75.631201,39.656547],[-75.634933,39.655133],[-75.637455,39.658573],[-75.642095,39.662636],[-75.639116,39.662839]]]}},{"id":"90","type":"Feature","properties":{"GEOID":"100030149034","eb":5.47,"sv":2.26,"county":"New Castle","pop":1367.0,"pm25_pct":52.0,"diesel_pct":58.0,"cancer_pct":51.0,"traffic_pct":71.0,"superfund_pct":77.0,"lowinc_pct":0.255303585,"unemp_pct":0.025842697,"lingiso_pct":0.0,"poc_pct":89.0,"sv_health":4.23,"efa":"Moderate","name":"New Castle BG 149034","efa_hisp_pct":11.8,"efa_black_pct":65.7,"efa_lingiso_pct":0,"efa_lingiso_sp":null,"efa_poverty_pct":17.7,"efa_mhhi":82672.0,"efa_combined_minority":85.7,"efa_has_duplicate":0,"efa_mc1":1,"efa_sc1":0,"efa_mc2":1,"efa_sc2":0,"efa_mc3":0,"efa_sc3":0,"efa_mc4":0,"efa_sc4":0,"efa_mc5":0,"efa_sc5":0,"efa_has_split":0},"geometry":{"type":"Polygon","coordinates":[[[-75.688756,39.629274],[-75.687007,39.628511],[-75.686695,39.62726],[-75.685154,39.628829],[-75.68211,39.626462],[-75.680995,39.627293],[-75.678088,39.624844],[-75.683823,39.622578],[-75.683913,39.622543],[-75.690593,39.628804],[-75.688756,39.629274]]]}},{"id":"91","type":"Feature","properties":{"GEOID":"100030155021","eb":8.07,"sv":3.5,"county":"New Castle","pop":1914.0,"pm25_pct":72.0,"diesel_pct":86.0,"cancer_pct":100.0,"traffic_pct":83.0,"superfund_pct":91.0,"lowinc_pct":0.396942541,"unemp_pct":0.114421931,"lingiso_pct":0.0,"poc_pct":93.0,"sv_health":4.66,"efa":"Moderate","name":"New Castle BG 155021","efa_hisp_pct":28.6,"efa_black_pct":55.2,"efa_lingiso_pct":0,"efa_lingiso_sp":null,"efa_poverty_pct":28.3,"efa_mhhi":52609.0,"efa_combined_minority":87.7,"efa_has_duplicate":0,"efa_mc1":0,"efa_sc1":0,"efa_mc2":1,"efa_sc2":0,"efa_mc3":1,"efa_sc3":0,"efa_mc4":0,"efa_sc4":0,"efa_mc5":0,"efa_sc5":0,"efa_has_split":0},"geometry":{"type":"Polygon","coordinates":[[[-75.551223,39.702866],[-75.548342,39.711393],[-75.544844,39.722411],[-75.535661,39.718755],[-75.533205,39.71375],[-75.532534,39.711403],[-75.532585,39.706638],[-75.530236,39.704563],[-75.53398,39.705825],[-75.544079,39.704753],[-75.549765,39.698411],[-75.552426,39.699508],[-75.551223,39.702866]]]}},{"id":"92","type":"Feature","properties":{"GEOID":"100030160001","eb":6.58,"sv":3.14,"county":"New Castle","pop":1705.0,"pm25_pct":66.0,"diesel_pct":75.0,"cancer_pct":51.0,"traffic_pct":19.0,"superfund_pct":93.0,"lowinc_pct":0.39882698,"unemp_pct":0.071165644,"lingiso_pct":0.0,"poc_pct":91.0,"sv_health":4.54,"efa":"Moderate","name":"New Castle BG 160001","efa_hisp_pct":7.9,"efa_black_pct":60.5,"efa_lingiso_pct":0,"efa_lingiso_sp":null,"efa_poverty_pct":2.6,"efa_mhhi":69531.0,"efa_combined_minority":83.4,"efa_has_duplicate":0,"efa_mc1":0,"efa_sc1":0,"efa_mc2":1,"efa_sc2":0,"efa_mc3":0,"efa_sc3":0,"efa_mc4":0,"efa_sc4":0,"efa_mc5":0,"efa_sc5":0,"efa_has_split":0},"geometry":{"type":"Polygon","coordinates":[[[-75.575342,39.678254],[-75.572717,39.678466],[-75.572694,39.682486],[-75.567318,39.683655],[-75.566695,39.682134],[-75.565661,39.677578],[-75.568813,39.675487],[-75.568932,39.676476],[-75.570399,39.674655],[-75.570292,39.671809],[-75.57123,39.671123],[-75.574705,39.672145],[-75.574835,39.673136],[-75.575342,39.678254]]]}},{"id":"93","type":"Feature","properties":{"GEOID":"100030105021","eb":6.63,"sv":2.08,"county":"New Castle","pop":972.0,"pm25_pct":91.0,"diesel_pct":71.0,"cancer_pct":51.0,"traffic_pct":77.0,"superfund_pct":45.0,"lowinc_pct":0.034216336,"unemp_pct":0.0,"lingiso_pct":0.0,"poc_pct":10.0,"sv_health":3.72,"efa":"Not EFA","name":"New Castle BG 105021","efa_hisp_pct":0,"efa_black_pct":5.8,"efa_lingiso_pct":0,"efa_lingiso_sp":null,"efa_poverty_pct":2.1,"efa_mhhi":137652.0,"efa_combined_minority":7.6,"efa_has_duplicate":0,"efa_mc1":0,"efa_sc1":0,"efa_mc2":0,"efa_sc2":0,"efa_mc3":0,"efa_sc3":0,"efa_mc4":0,"efa_sc4":0,"efa_mc5":0,"efa_sc5":0,"efa_has_split":0},"geometry":{"type":"Polygon","coordinates":[[[-75.49793,39.771786],[-75.489051,39.777742],[-75.48631,39.779501],[-75.486439,39.779147],[-75.481444,39.774866],[-75.48116,39.774643],[-75.485605,39.767058],[-75.488031,39.767093],[-75.490878,39.767643],[-75.491905,39.766474],[-75.497825,39.769818],[-75.499029,39.771248],[-75.49793,39.771786]]]}},{"id":"94","type":"Feature","properties":{"GEOID":"100030131001","eb":6.28,"sv":3.06,"county":"New Castle","pop":740.0,"pm25_pct":71.0,"diesel_pct":82.0,"cancer_pct":51.0,"traffic_pct":72.0,"superfund_pct":84.0,"lowinc_pct":0.114864865,"unemp_pct":0.073684211,"lingiso_pct":0.107407407,"poc_pct":56.0,"sv_health":3.98,"efa":"Not EFA","name":"New Castle BG 131001","efa_hisp_pct":21.6,"efa_black_pct":21.7,"efa_lingiso_pct":12.2,"efa_lingiso_sp":100.0,"efa_poverty_pct":2.5,"efa_mhhi":85509.0,"efa_combined_minority":50.3,"efa_has_duplicate":0,"efa_mc1":0,"efa_sc1":0,"efa_mc2":0,"efa_sc2":0,"efa_mc3":0,"efa_sc3":0,"efa_mc4":0,"efa_sc4":0,"efa_mc5":0,"efa_sc5":0,"efa_has_split":0},"geometry":{"type":"Polygon","coordinates":[[[-75.653418,39.726167],[-75.649285,39.728305],[-75.646287,39.729854],[-75.639332,39.733394],[-75.634316,39.734963],[-75.63378,39.734287],[-75.636695,39.729815],[-75.63698,39.726867],[-75.635007,39.72537],[-75.638962,39.724056],[-75.638646,39.725919],[-75.645246,39.72752],[-75.645743,39.727544],[-75.651835,39.726132],[-75.653418,39.726167]]]}},{"id":"95","type":"Feature","properties":{"GEOID":"100030132002","eb":6.12,"sv":3.2,"county":"New Castle","pop":510.0,"pm25_pct":73.0,"diesel_pct":78.0,"cancer_pct":51.0,"traffic_pct":71.0,"superfund_pct":82.0,"lowinc_pct":0.343137255,"unemp_pct":0.027681661,"lingiso_pct":0.184549356,"poc_pct":78.0,"sv_health":3.95,"efa":"Significant","name":"New Castle BG 132002","efa_hisp_pct":58.0,"efa_black_pct":0,"efa_lingiso_pct":19.3,"efa_lingiso_sp":100.0,"efa_poverty_pct":40.1,"efa_mhhi":66826.0,"efa_combined_minority":58.0,"efa_has_duplicate":0,"efa_mc1":1,"efa_sc1":1,"efa_mc2":0,"efa_sc2":0,"efa_mc3":1,"efa_sc3":1,"efa_mc4":0,"efa_sc4":0,"efa_mc5":1,"efa_sc5":0,"efa_has_split":0},"geometry":{"type":"Polygon","coordinates":[[[-75.647649,39.735845],[-75.647134,39.736117],[-75.641339,39.736177],[-75.639332,39.733394],[-75.646287,39.729854],[-75.647088,39.730923],[-75.647667,39.735369],[-75.647649,39.735845]]]}},{"id":"96","type":"Feature","properties":{"GEOID":"100030164042","eb":4.14,"sv":2.92,"county":"New Castle","pop":956.0,"pm25_pct":48.0,"diesel_pct":49.0,"cancer_pct":0.0,"traffic_pct":5.0,"superfund_pct":70.0,"lowinc_pct":0.305439331,"unemp_pct":0.070615034,"lingiso_pct":0.0,"poc_pct":40.0,"sv_health":3.99,"efa":"Not EFA","name":"New Castle BG 164042","efa_hisp_pct":13.0,"efa_black_pct":6.1,"efa_lingiso_pct":0,"efa_lingiso_sp":null,"efa_poverty_pct":14.4,"efa_mhhi":70592.0,"efa_combined_minority":24.4,"efa_has_duplicate":0,"efa_mc1":0,"efa_sc1":0,"efa_mc2":0,"efa_sc2":0,"efa_mc3":0,"efa_sc3":0,"efa_mc4":0,"efa_sc4":0,"efa_mc5":0,"efa_sc5":0,"efa_has_split":0},"geometry":{"type":"Polygon","coordinates":[[[-75.613682,39.584239],[-75.606908,39.586562],[-75.605939,39.586605],[-75.599122,39.588918],[-75.597173322751,39.5877820945208],[-75.592224,39.583568],[-75.591984,39.583248],[-75.587744,39.580672],[-75.5872,39.580256],[-75.586608,39.57888],[-75.5861893858681,39.5785745248227],[-75.588662,39.576498],[-75.590366,39.570129],[-75.59955,39.57622],[-75.602034,39.577023],[-75.606668,39.578506],[-75.613528,39.581433],[-75.615672,39.581777],[-75.613682,39.584239]]]}},{"id":"97","type":"Feature","properties":{"GEOID":"100030136072","eb":4.08,"sv":1.79,"county":"New Castle","pop":1186.0,"pm25_pct":71.0,"diesel_pct":51.0,"cancer_pct":51.0,"traffic_pct":17.0,"superfund_pct":44.0,"lowinc_pct":0.029211295,"unemp_pct":0.0,"lingiso_pct":0.0,"poc_pct":52.0,"sv_health":3.39,"efa":"Not EFA","name":"New Castle BG 136072","efa_hisp_pct":2.0,"efa_black_pct":5.4,"efa_lingiso_pct":0,"efa_lingiso_sp":null,"efa_poverty_pct":2.5,"efa_mhhi":66760.0,"efa_combined_minority":22.4,"efa_has_duplicate":0,"efa_mc1":0,"efa_sc1":0,"efa_mc2":0,"efa_sc2":0,"efa_mc3":0,"efa_sc3":0,"efa_mc4":0,"efa_sc4":0,"efa_mc5":0,"efa_sc5":0,"efa_has_split":0},"geometry":{"type":"Polygon","coordinates":[[[-75.708913,39.735458],[-75.705655,39.735378],[-75.704797,39.736764],[-75.698247,39.738859],[-75.694986,39.740502],[-75.694091,39.737534],[-75.694191,39.734883],[-75.695058,39.733357],[-75.698513,39.733652],[-75.701797,39.731692],[-75.703093,39.730143],[-75.702716,39.730055],[-75.702006,39.728561],[-75.702466,39.729243],[-75.70653,39.732691],[-75.708536,39.734645],[-75.708913,39.735458]]]}},{"id":"98","type":"Feature","properties":{"GEOID":"100030140004","eb":5.54,"sv":3.02,"county":"New Castle","pop":2406.0,"pm25_pct":62.0,"diesel_pct":89.0,"cancer_pct":51.0,"traffic_pct":92.0,"superfund_pct":50.0,"lowinc_pct":0.265170407,"unemp_pct":0.023809524,"lingiso_pct":0.070807453,"poc_pct":55.0,"sv_health":4.01,"efa":"Moderate","name":"New Castle BG 140004","efa_hisp_pct":11.7,"efa_black_pct":18.4,"efa_lingiso_pct":8.3,"efa_lingiso_sp":100.0,"efa_poverty_pct":30.8,"efa_mhhi":67417.0,"efa_combined_minority":40.9,"efa_has_duplicate":0,"efa_mc1":0,"efa_sc1":0,"efa_mc2":0,"efa_sc2":0,"efa_mc3":1,"efa_sc3":0,"efa_mc4":0,"efa_sc4":0,"efa_mc5":0,"efa_sc5":0,"efa_has_split":0},"geometry":{"type":"Polygon","coordinates":[[[-75.695691,39.6788],[-75.68638,39.683382],[-75.681778,39.685508],[-75.680721,39.6834],[-75.680024,39.680885],[-75.679601,39.676623],[-75.68018,39.675438],[-75.686398,39.677246],[-75.689523,39.67816],[-75.695691,39.6788]]]}},{"id":"99","type":"Feature","properties":{"GEOID":"100030002001","eb":6.6,"sv":3.0,"county":"New Castle","pop":675.0,"pm25_pct":91.0,"diesel_pct":76.0,"cancer_pct":51.0,"traffic_pct":67.0,"superfund_pct":46.0,"lowinc_pct":0.336296296,"unemp_pct":0.026737968,"lingiso_pct":0.0,"poc_pct":69.0,"sv_health":4.42,"efa":"Not EFA","name":"New Castle BG 2001","efa_hisp_pct":20.5,"efa_black_pct":10.5,"efa_lingiso_pct":0,"efa_lingiso_sp":null,"efa_poverty_pct":9.0,"efa_mhhi":60734.0,"efa_combined_minority":31.0,"efa_has_duplicate":0,"efa_mc1":0,"efa_sc1":0,"efa_mc2":0,"efa_sc2":0,"efa_mc3":0,"efa_sc3":0,"efa_mc4":0,"efa_sc4":0,"efa_mc5":0,"efa_sc5":0,"efa_has_split":0},"geometry":{"type":"Polygon","coordinates":[[[-75.532026,39.770066],[-75.529951,39.771762],[-75.525944,39.773007],[-75.523998,39.76992],[-75.523416,39.769527],[-75.52235,39.768948],[-75.519811,39.768136],[-75.520858,39.766528],[-75.523031,39.764647],[-75.524305,39.765672],[-75.525812,39.766144],[-75.526046,39.76621],[-75.532353,39.769778],[-75.532026,39.770066]]]}},{"id":"100","type":"Feature","properties":{"GEOID":"100030004002","eb":7.42,"sv":3.02,"county":"New Castle","pop":788.0,"pm25_pct":89.0,"diesel_pct":86.0,"cancer_pct":51.0,"traffic_pct":84.0,"superfund_pct":60.0,"lowinc_pct":0.354248366,"unemp_pct":0.0,"lingiso_pct":0.0,"poc_pct":93.0,"sv_health":4.14,"efa":"Significant","name":"New Castle BG 4002","efa_hisp_pct":4.0,"efa_black_pct":72.1,"efa_lingiso_pct":0,"efa_lingiso_sp":null,"efa_poverty_pct":24.5,"efa_mhhi":38071.0,"efa_combined_minority":76.9,"efa_has_duplicate":0,"efa_mc1":1,"efa_sc1":1,"efa_mc2":1,"efa_sc2":0,"efa_mc3":1,"efa_sc3":0,"efa_mc4":1,"efa_sc4":0,"efa_mc5":0,"efa_sc5":0,"efa_has_split":0},"geometry":{"type":"Polygon","coordinates":[[[-75.544572,39.757819],[-75.542236,39.761202],[-75.541909,39.758886],[-75.54142,39.755766],[-75.542912,39.755082],[-75.547704,39.753167],[-75.544572,39.757819]]]}},{"id":"101","type":"Feature","properties":{"GEOID":"100030005001","eb":7.2,"sv":2.79,"county":"New Castle","pop":1017.0,"pm25_pct":88.0,"diesel_pct":91.0,"cancer_pct":51.0,"traffic_pct":66.0,"superfund_pct":59.0,"lowinc_pct":0.068829892,"unemp_pct":0.008836524,"lingiso_pct":0.0,"poc_pct":99.0,"sv_health":4.16,"efa":"Significant","name":"New Castle BG 5001","efa_hisp_pct":0,"efa_black_pct":90.5,"efa_lingiso_pct":0,"efa_lingiso_sp":null,"efa_poverty_pct":12.4,"efa_mhhi":89342.0,"efa_combined_minority":98.2,"efa_has_duplicate":0,"efa_mc1":1,"efa_sc1":0,"efa_mc2":1,"efa_sc2":1,"efa_mc3":0,"efa_sc3":0,"efa_mc4":0,"efa_sc4":0,"efa_mc5":0,"efa_sc5":0,"efa_has_split":0},"geometry":{"type":"Polygon","coordinates":[[[-75.537109,39.757683],[-75.534023,39.759078],[-75.531904,39.756248],[-75.533173,39.75568],[-75.534976,39.754881],[-75.537109,39.757683]]]}},{"id":"102","type":"Feature","properties":{"GEOID":"100030006012","eb":7.15,"sv":3.61,"county":"New Castle","pop":1310.0,"pm25_pct":86.0,"diesel_pct":77.0,"cancer_pct":51.0,"traffic_pct":57.0,"superfund_pct":64.0,"lowinc_pct":0.594656489,"unemp_pct":0.263803681,"lingiso_pct":0.002824859,"poc_pct":98.0,"sv_health":4.98,"efa":"Significant","name":"New Castle BG 6012","efa_hisp_pct":0.1,"efa_black_pct":95.2,"efa_lingiso_pct":0.3,"efa_lingiso_sp":100.0,"efa_poverty_pct":55.3,"efa_mhhi":56563.0,"efa_combined_minority":98.5,"efa_has_duplicate":0,"efa_mc1":1,"efa_sc1":1,"efa_mc2":1,"efa_sc2":1,"efa_mc3":1,"efa_sc3":1,"efa_mc4":0,"efa_sc4":0,"efa_mc5":0,"efa_sc5":0,"efa_has_split":0},"geometry":{"type":"Polygon","coordinates":[[[-75.531428,39.754545],[-75.531904,39.756248],[-75.525216,39.752018],[-75.527966,39.749461],[-75.533287,39.752794],[-75.531428,39.754545]]]}},{"id":"103","type":"Feature","properties":{"GEOID":"100030009002","eb":7.92,"sv":3.79,"county":"New Castle","pop":684.0,"pm25_pct":82.0,"diesel_pct":95.0,"cancer_pct":51.0,"traffic_pct":92.0,"superfund_pct":72.0,"lowinc_pct":0.456140351,"unemp_pct":0.045092838,"lingiso_pct":0.0,"poc_pct":97.0,"sv_health":5.04,"efa":"Significant","name":"New Castle BG 9002","efa_hisp_pct":16.3,"efa_black_pct":80.4,"efa_lingiso_pct":0,"efa_lingiso_sp":null,"efa_poverty_pct":23.5,"efa_mhhi":70500.0,"efa_combined_minority":100.0,"efa_has_duplicate":0,"efa_mc1":1,"efa_sc1":1,"efa_mc2":1,"efa_sc2":1,"efa_mc3":1,"efa_sc3":0,"efa_mc4":0,"efa_sc4":0,"efa_mc5":0,"efa_sc5":0,"efa_has_split":0},"geometry":{"type":"Polygon","coordinates":[[[-75.543214,39.744851],[-75.542625,39.74569],[-75.540456,39.74477],[-75.541023,39.743945],[-75.542244,39.742154],[-75.54445,39.743052],[-75.543214,39.744851]]]}},{"id":"104","type":"Feature","properties":{"GEOID":"100030013002","eb":6.89,"sv":1.47,"county":"New Castle","pop":786.0,"pm25_pct":89.0,"diesel_pct":79.0,"cancer_pct":51.0,"traffic_pct":77.0,"superfund_pct":48.0,"lowinc_pct":0.030927835,"unemp_pct":0.0,"lingiso_pct":0.0,"poc_pct":13.0,"sv_health":2.99,"efa":"Not EFA","name":"New Castle BG 13002","efa_hisp_pct":0,"efa_black_pct":0.3,"efa_lingiso_pct":0,"efa_lingiso_sp":null,"efa_poverty_pct":2.7,"efa_mhhi":164250.0,"efa_combined_minority":8.3,"efa_has_duplicate":0,"efa_mc1":0,"efa_sc1":0,"efa_mc2":0,"efa_sc2":0,"efa_mc3":0,"efa_sc3":0,"efa_mc4":0,"efa_sc4":0,"efa_mc5":0,"efa_sc5":0,"efa_has_split":0},"geometry":{"type":"Polygon","coordinates":[[[-75.568395,39.762624],[-75.565409,39.764671],[-75.564774,39.764542],[-75.562439,39.762448],[-75.565315,39.760563],[-75.568161,39.756316],[-75.571432,39.758177],[-75.568395,39.762624]]]}},{"id":"105","type":"Feature","properties":{"GEOID":"100030021002","eb":7.59,"sv":4.52,"county":"New Castle","pop":773.0,"pm25_pct":80.0,"diesel_pct":95.0,"cancer_pct":51.0,"traffic_pct":98.0,"superfund_pct":69.0,"lowinc_pct":0.602846054,"unemp_pct":0.087301587,"lingiso_pct":0.074656189,"poc_pct":95.0,"sv_health":6.04,"efa":"Significant","name":"New Castle BG 21002","efa_hisp_pct":11.6,"efa_black_pct":80.2,"efa_lingiso_pct":6.9,"efa_lingiso_sp":88.6,"efa_poverty_pct":34.9,"efa_mhhi":26932.0,"efa_combined_minority":92.4,"efa_has_duplicate":0,"efa_mc1":1,"efa_sc1":1,"efa_mc2":1,"efa_sc2":1,"efa_mc3":1,"efa_sc3":1,"efa_mc4":1,"efa_sc4":1,"efa_mc5":0,"efa_sc5":0,"efa_has_split":0},"geometry":{"type":"Polygon","coordinates":[[[-75.561973,39.741688],[-75.560724,39.743477],[-75.560324,39.744106],[-75.559679,39.743845],[-75.553568,39.74135],[-75.554699,39.739696],[-75.556422,39.740388],[-75.557305,39.739853],[-75.559115,39.740589],[-75.561317,39.741425],[-75.561973,39.741688]]]}},{"id":"106","type":"Feature","properties":{"GEOID":"100030023002","eb":7.16,"sv":3.45,"county":"New Castle","pop":881.0,"pm25_pct":83.0,"diesel_pct":89.0,"cancer_pct":51.0,"traffic_pct":89.0,"superfund_pct":60.0,"lowinc_pct":0.480549199,"unemp_pct":0.027700831,"lingiso_pct":0.019093079,"poc_pct":97.0,"sv_health":4.39,"efa":"Significant","name":"New Castle BG 23002","efa_hisp_pct":32.4,"efa_black_pct":64.5,"efa_lingiso_pct":13.2,"efa_lingiso_sp":100.0,"efa_poverty_pct":31.5,"efa_mhhi":33365.0,"efa_combined_minority":96.9,"efa_has_duplicate":0,"efa_mc1":1,"efa_sc1":1,"efa_mc2":1,"efa_sc2":1,"efa_mc3":1,"efa_sc3":0,"efa_mc4":1,"efa_sc4":0,"efa_mc5":0,"efa_sc5":0,"efa_has_split":0},"geometry":{"type":"Polygon","coordinates":[[[-75.571097,39.74541],[-75.568442,39.749294],[-75.566511,39.748513],[-75.569136,39.744616],[-75.571097,39.74541]]]}},{"id":"107","type":"Feature","properties":{"GEOID":"100030026003","eb":7.36,"sv":4.14,"county":"New Castle","pop":1122.0,"pm25_pct":80.0,"diesel_pct":94.0,"cancer_pct":51.0,"traffic_pct":99.0,"superfund_pct":66.0,"lowinc_pct":0.737967914,"unemp_pct":0.08388521,"lingiso_pct":0.0,"poc_pct":88.0,"sv_health":4.41,"efa":"Significant","name":"New Castle BG 26003","efa_hisp_pct":19.5,"efa_black_pct":47.4,"efa_lingiso_pct":0,"efa_lingiso_sp":null,"efa_poverty_pct":61.0,"efa_mhhi":null,"efa_combined_minority":68.7,"efa_has_duplicate":0,"efa_mc1":1,"efa_sc1":1,"efa_mc2":0,"efa_sc2":0,"efa_mc3":1,"efa_sc3":1,"efa_mc4":0,"efa_sc4":0,"efa_mc5":0,"efa_sc5":0,"efa_has_split":0},"geometry":{"type":"Polygon","coordinates":[[[-75.565738,39.743221],[-75.564626,39.742779],[-75.561973,39.741688],[-75.562644,39.74],[-75.567215,39.74106],[-75.565738,39.743221]]]}},{"id":"108","type":"Feature","properties":{"GEOID":"100050518021","eb":2.07,"sv":2.73,"county":"Sussex","pop":1447.0,"pm25_pct":36.0,"diesel_pct":29.0,"cancer_pct":0.0,"traffic_pct":40.0,"superfund_pct":31.0,"lowinc_pct":0.311760612,"unemp_pct":0.06227758,"lingiso_pct":0.0,"poc_pct":14.0,"sv_health":4.73,"efa":"Moderate","name":"Sussex BG 518021","efa_hisp_pct":0,"efa_black_pct":5.8,"efa_lingiso_pct":0,"efa_lingiso_sp":null,"efa_poverty_pct":25.4,"efa_mhhi":59185.0,"efa_combined_minority":6.7,"efa_has_duplicate":0,"efa_mc1":0,"efa_sc1":0,"efa_mc2":0,"efa_sc2":0,"efa_mc3":1,"efa_sc3":0,"efa_mc4":0,"efa_sc4":0,"efa_mc5":0,"efa_sc5":0,"efa_has_split":0},"geometry":{"type":"Polygon","coordinates":[[[-75.57183,38.558821],[-75.570779,38.562408],[-75.570979,38.56419],[-75.567835,38.565591],[-75.567299,38.565907],[-75.562739,38.570154],[-75.561817,38.568652],[-75.559654,38.565157],[-75.556763,38.560032],[-75.55641,38.555072],[-75.556262,38.549321],[-75.55698,38.513458],[-75.569701,38.512835],[-75.569898,38.514589],[-75.569793,38.523773],[-75.569507,38.541587],[-75.569508,38.542497],[-75.569478,38.54957],[-75.571289,38.556772],[-75.57183,38.558821]]]}},{"id":"109","type":"Feature","properties":{"GEOID":"100050504062","eb":3.36,"sv":3.95,"county":"Sussex","pop":1832.0,"pm25_pct":44.0,"diesel_pct":34.0,"cancer_pct":0.0,"traffic_pct":46.0,"superfund_pct":76.0,"lowinc_pct":0.520301624,"unemp_pct":0.070332481,"lingiso_pct":0.017830609,"poc_pct":79.0,"sv_health":5.17,"efa":"Moderate","name":"Sussex BG 504062","efa_hisp_pct":9.9,"efa_black_pct":45.2,"efa_lingiso_pct":2.4,"efa_lingiso_sp":0,"efa_poverty_pct":34.2,"efa_mhhi":35450.0,"efa_combined_minority":61.5,"efa_has_duplicate":0,"efa_mc1":0,"efa_sc1":0,"efa_mc2":0,"efa_sc2":0,"efa_mc3":1,"efa_sc3":0,"efa_mc4":1,"efa_sc4":0,"efa_mc5":0,"efa_sc5":0,"efa_has_split":0},"geometry":{"type":"Polygon","coordinates":[[[-75.62255,38.661685],[-75.622272,38.663976],[-75.621783,38.663908],[-75.61746,38.664278],[-75.616779,38.664511],[-75.61495,38.665545],[-75.610552,38.665837],[-75.599452,38.662711],[-75.597333,38.661901],[-75.593842,38.66063],[-75.5944,38.655777],[-75.594263,38.65276],[-75.595315,38.652699],[-75.596781,38.652612],[-75.597646,38.652484],[-75.603061,38.64984],[-75.609412,38.648157],[-75.610003,38.648067],[-75.618133,38.64637],[-75.6223,38.659828],[-75.62255,38.661685]]]}},{"id":"110","type":"Feature","properties":{"GEOID":"100010405012","eb":4.2,"sv":2.94,"county":"Kent","pop":1540.0,"pm25_pct":12.0,"diesel_pct":50.0,"cancer_pct":0.0,"traffic_pct":78.0,"superfund_pct":48.0,"lowinc_pct":0.423376623,"unemp_pct":0.105521472,"lingiso_pct":0.077777778,"poc_pct":62.0,"sv_health":4.81,"efa":"Not EFA","name":"Kent BG 405012","efa_hisp_pct":32.6,"efa_black_pct":15.8,"efa_lingiso_pct":7.5,"efa_lingiso_sp":100.0,"efa_poverty_pct":7.8,"efa_mhhi":52207.0,"efa_combined_minority":53.3,"efa_has_duplicate":0,"efa_mc1":0,"efa_sc1":0,"efa_mc2":0,"efa_sc2":0,"efa_mc3":0,"efa_sc3":0,"efa_mc4":0,"efa_sc4":0,"efa_mc5":0,"efa_sc5":0,"efa_has_split":0},"geometry":{"type":"Polygon","coordinates":[[[-75.559177,39.202321],[-75.555057,39.204891],[-75.554156,39.207104],[-75.550743,39.207726],[-75.547342,39.209693],[-75.546836,39.209993],[-75.542924,39.205473],[-75.539864,39.202407],[-75.535829,39.199321],[-75.528738,39.19455],[-75.527559,39.193761],[-75.525306,39.192252],[-75.525941,39.190764],[-75.524319,39.187717],[-75.524169,39.186512],[-75.525059,39.18509],[-75.529561,39.181],[-75.53093,39.182114],[-75.548462,39.194718],[-75.553692,39.198473],[-75.555891,39.200037],[-75.559177,39.202321]]]}},{"id":"111","type":"Feature","properties":{"GEOID":"100010433002","eb":3.99,"sv":3.22,"county":"Kent","pop":1947.0,"pm25_pct":15.0,"diesel_pct":50.0,"cancer_pct":0.0,"traffic_pct":51.0,"superfund_pct":73.0,"lowinc_pct":0.440256616,"unemp_pct":0.094944513,"lingiso_pct":0.0,"poc_pct":85.0,"sv_health":3.95,"efa":"Moderate","name":"Kent BG 433002","efa_hisp_pct":4.9,"efa_black_pct":43.9,"efa_lingiso_pct":0,"efa_lingiso_sp":null,"efa_poverty_pct":6.6,"efa_mhhi":44922.0,"efa_combined_minority":68.3,"efa_has_duplicate":1,"efa_mc1":0,"efa_sc1":0,"efa_mc2":0,"efa_sc2":0,"efa_mc3":0,"efa_sc3":0,"efa_mc4":1,"efa_sc4":0,"efa_mc5":0,"efa_sc5":0,"efa_has_split":1},"geometry":{"type":"Polygon","coordinates":[[[-75.549565,39.179367],[-75.548213,39.1804],[-75.545189,39.182819],[-75.541449,39.181312],[-75.537975,39.181119],[-75.536713,39.181834],[-75.533426,39.180846],[-75.532975,39.176951],[-75.529871,39.174467],[-75.529962,39.172948],[-75.546488,39.16938],[-75.5477,39.172224],[-75.553581,39.176229],[-75.549565,39.179367]]]}},{"id":"112","type":"Feature","properties":{"GEOID":"100050507061","eb":1.34,"sv":2.37,"county":"Sussex","pop":806.0,"pm25_pct":14.0,"diesel_pct":1.0,"cancer_pct":0.0,"traffic_pct":6.0,"superfund_pct":19.0,"lowinc_pct":0.123566879,"unemp_pct":0.036053131,"lingiso_pct":0.0,"poc_pct":51.0,"sv_health":4.31,"efa":"Not EFA","name":"Sussex BG 507061","efa_hisp_pct":1.9,"efa_black_pct":2.8,"efa_lingiso_pct":0,"efa_lingiso_sp":null,"efa_poverty_pct":6.2,"efa_mhhi":97500.0,"efa_combined_minority":32.4,"efa_has_duplicate":0,"efa_mc1":0,"efa_sc1":0,"efa_mc2":0,"efa_sc2":0,"efa_mc3":0,"efa_sc3":0,"efa_mc4":0,"efa_sc4":0,"efa_mc5":0,"efa_sc5":0,"efa_has_split":0},"geometry":{"type":"Polygon","coordinates":[[[-75.133391,38.622471],[-75.126828,38.624205],[-75.122489,38.624841],[-75.120659,38.624583],[-75.118886,38.624354],[-75.102891,38.625394],[-75.098117,38.625166],[-75.095248,38.623847],[-75.093306,38.622257],[-75.090865,38.625058],[-75.085294,38.625112],[-75.088555,38.621765],[-75.094043,38.618396],[-75.099405,38.614499],[-75.101028,38.612695],[-75.102665,38.609861],[-75.103195,38.606862],[-75.110563,38.606165],[-75.113484,38.605581],[-75.115862,38.604787],[-75.124627,38.600797],[-75.124627,38.612482],[-75.124625,38.614698],[-75.124669,38.61562],[-75.128499,38.614857],[-75.132964,38.61217],[-75.134462,38.612247],[-75.132643,38.616219],[-75.133159,38.618696],[-75.137028,38.622402],[-75.133391,38.622471]]]}},{"id":"113","type":"Feature","properties":{"GEOID":"100050511021","eb":1.88,"sv":2.25,"county":"Sussex","pop":237.0,"pm25_pct":7.0,"diesel_pct":44.0,"cancer_pct":0.0,"traffic_pct":67.0,"superfund_pct":2.0,"lowinc_pct":0.17721519,"unemp_pct":0.026548673,"lingiso_pct":0.0,"poc_pct":14.0,"sv_health":3.59,"efa":"Not EFA","name":"Sussex BG 511021","efa_hisp_pct":10.3,"efa_black_pct":0,"efa_lingiso_pct":0,"efa_lingiso_sp":null,"efa_poverty_pct":15.3,"efa_mhhi":135625.0,"efa_combined_minority":12.8,"efa_has_duplicate":0,"efa_mc1":0,"efa_sc1":0,"efa_mc2":0,"efa_sc2":0,"efa_mc3":0,"efa_sc3":0,"efa_mc4":0,"efa_sc4":0,"efa_mc5":0,"efa_sc5":0,"efa_has_split":0},"geometry":{"type":"Polygon","coordinates":[[[-75.081856,38.715956],[-75.078914,38.716247],[-75.076442,38.716495],[-75.0753980054082,38.7167103385283],[-75.0749827428339,38.7143719538125],[-75.0736826951588,38.7070512564962],[-75.076285,38.706868],[-75.077434,38.708079],[-75.080897,38.708109],[-75.081856,38.715956]]]}},{"id":"114","type":"Feature","properties":{"GEOID":"100050512012","eb":1.35,"sv":2.35,"county":"Sussex","pop":676.0,"pm25_pct":4.0,"diesel_pct":24.0,"cancer_pct":0.0,"traffic_pct":8.0,"superfund_pct":15.0,"lowinc_pct":0.30239521,"unemp_pct":0.065743945,"lingiso_pct":0.037249284,"poc_pct":21.0,"sv_health":3.85,"efa":"Not EFA","name":"Sussex BG 512012","efa_hisp_pct":7.1,"efa_black_pct":0,"efa_lingiso_pct":3.9,"efa_lingiso_sp":0,"efa_poverty_pct":11.4,"efa_mhhi":81250.0,"efa_combined_minority":13.0,"efa_has_duplicate":0,"efa_mc1":0,"efa_sc1":0,"efa_mc2":0,"efa_sc2":0,"efa_mc3":0,"efa_sc3":0,"efa_mc4":0,"efa_sc4":0,"efa_mc5":0,"efa_sc5":0,"efa_has_split":0},"geometry":{"type":"Polygon","coordinates":[[[-75.097068,38.576088],[-75.094878,38.580425],[-75.089665,38.582139],[-75.083396,38.583452],[-75.078512,38.583055],[-75.077476,38.585262],[-75.075318,38.584937],[-75.077755,38.579235],[-75.08147,38.568129],[-75.081306,38.564125],[-75.084086,38.55585],[-75.086396,38.55238],[-75.086461,38.552286],[-75.087917,38.554709],[-75.089356,38.557315],[-75.089649,38.557763],[-75.089831,38.56],[-75.091562,38.564445],[-75.095251,38.56816],[-75.096618,38.57071],[-75.097381,38.573243],[-75.097068,38.576088]]]}},{"id":"115","type":"Feature","properties":{"GEOID":"100050512034","eb":1.68,"sv":1.89,"county":"Sussex","pop":102.0,"pm25_pct":2.0,"diesel_pct":27.0,"cancer_pct":0.0,"traffic_pct":26.0,"superfund_pct":10.0,"lowinc_pct":0.0,"unemp_pct":0.0,"lingiso_pct":0.0,"poc_pct":13.0,"sv_health":3.76,"efa":"Not EFA","name":"Sussex BG 512034","efa_hisp_pct":3.8,"efa_black_pct":0,"efa_lingiso_pct":0,"efa_lingiso_sp":null,"efa_poverty_pct":6.9,"efa_mhhi":110417.0,"efa_combined_minority":10.0,"efa_has_duplicate":0,"efa_mc1":0,"efa_sc1":0,"efa_mc2":0,"efa_sc2":0,"efa_mc3":0,"efa_sc3":0,"efa_mc4":0,"efa_sc4":0,"efa_mc5":0,"efa_sc5":0,"efa_has_split":0},"geometry":{"type":"Polygon","coordinates":[[[-75.075251,38.533121],[-75.068924,38.534122],[-75.068668,38.533171],[-75.063051,38.53211],[-75.063259,38.527376],[-75.063214,38.526214],[-75.063483,38.524136],[-75.064469,38.523305],[-75.06603,38.522909],[-75.067548,38.522596],[-75.06913,38.522588],[-75.075251,38.533121]]]}},{"id":"116","type":"Feature","properties":{"GEOID":"100050512042","eb":2.02,"sv":1.96,"county":"Sussex","pop":38.0,"pm25_pct":1.0,"diesel_pct":12.0,"cancer_pct":0.0,"traffic_pct":90.0,"superfund_pct":8.0,"lowinc_pct":0.0,"unemp_pct":0.0,"lingiso_pct":0.0,"poc_pct":0.0,"sv_health":3.43,"efa":"Not EFA","name":"Sussex BG 512042","efa_hisp_pct":0,"efa_black_pct":0,"efa_lingiso_pct":0,"efa_lingiso_sp":null,"efa_poverty_pct":0,"efa_mhhi":133036.0,"efa_combined_minority":0,"efa_has_duplicate":0,"efa_mc1":0,"efa_sc1":0,"efa_mc2":0,"efa_sc2":0,"efa_mc3":0,"efa_sc3":0,"efa_mc4":0,"efa_sc4":0,"efa_mc5":0,"efa_sc5":0,"efa_has_split":0},"geometry":{"type":"Polygon","coordinates":[[[-75.059418,38.538246],[-75.0541713282225,38.5385697135952],[-75.0536281853726,38.5321621701452],[-75.054613,38.532228],[-75.056905,38.532173],[-75.059169,38.53195],[-75.059418,38.538246]]]}},{"id":"117","type":"Feature","properties":{"GEOID":"100030015002","eb":7.61,"sv":3.49,"county":"New Castle","pop":1829.0,"pm25_pct":85.0,"diesel_pct":93.0,"cancer_pct":51.0,"traffic_pct":98.0,"superfund_pct":63.0,"lowinc_pct":0.454893384,"unemp_pct":0.097154073,"lingiso_pct":0.0,"poc_pct":86.0,"sv_health":4.45,"efa":"Significant","name":"New Castle BG 15002","efa_hisp_pct":4.4,"efa_black_pct":71.2,"efa_lingiso_pct":0,"efa_lingiso_sp":null,"efa_poverty_pct":29.2,"efa_mhhi":57863.0,"efa_combined_minority":78.7,"efa_has_duplicate":0,"efa_mc1":1,"efa_sc1":1,"efa_mc2":1,"efa_sc2":0,"efa_mc3":1,"efa_sc3":0,"efa_mc4":0,"efa_sc4":0,"efa_mc5":0,"efa_sc5":0,"efa_has_split":0},"geometry":{"type":"Polygon","coordinates":[[[-75.562887,39.750573],[-75.557419,39.748356],[-75.559312,39.745586],[-75.564792,39.747811],[-75.562887,39.750573]]]}},{"id":"118","type":"Feature","properties":{"GEOID":"100030112032","eb":6.48,"sv":2.32,"county":"New Castle","pop":571.0,"pm25_pct":100.0,"diesel_pct":62.0,"cancer_pct":51.0,"traffic_pct":49.0,"superfund_pct":39.0,"lowinc_pct":0.141856392,"unemp_pct":0.0,"lingiso_pct":0.0,"poc_pct":19.0,"sv_health":3.87,"efa":"Not EFA","name":"New Castle BG 112032","efa_hisp_pct":0,"efa_black_pct":0,"efa_lingiso_pct":0,"efa_lingiso_sp":null,"efa_poverty_pct":0,"efa_mhhi":103073.0,"efa_combined_minority":5.5,"efa_has_duplicate":0,"efa_mc1":0,"efa_sc1":0,"efa_mc2":0,"efa_sc2":0,"efa_mc3":0,"efa_sc3":0,"efa_mc4":0,"efa_sc4":0,"efa_mc5":0,"efa_sc5":0,"efa_has_split":0},"geometry":{"type":"Polygon","coordinates":[[[-75.486586,39.82465],[-75.481242,39.829112],[-75.4754870028189,39.8274081016111],[-75.479665,39.824707],[-75.479862,39.821285],[-75.487117,39.822614],[-75.486586,39.82465]]]}},{"id":"119","type":"Feature","properties":{"GEOID":"100030103002","eb":6.98,"sv":3.25,"county":"New Castle","pop":1455.0,"pm25_pct":96.0,"diesel_pct":79.0,"cancer_pct":51.0,"traffic_pct":74.0,"superfund_pct":44.0,"lowinc_pct":0.445360825,"unemp_pct":0.105175292,"lingiso_pct":0.252584934,"poc_pct":85.0,"sv_health":3.33,"efa":"Significant","name":"New Castle BG 103002","efa_hisp_pct":14.6,"efa_black_pct":45.7,"efa_lingiso_pct":27.7,"efa_lingiso_sp":83.6,"efa_poverty_pct":26.7,"efa_mhhi":48333.0,"efa_combined_minority":77.8,"efa_has_duplicate":0,"efa_mc1":1,"efa_sc1":1,"efa_mc2":1,"efa_sc2":0,"efa_mc3":1,"efa_sc3":0,"efa_mc4":1,"efa_sc4":0,"efa_mc5":0,"efa_sc5":1,"efa_has_split":0},"geometry":{"type":"Polygon","coordinates":[[[-75.470813,39.802225],[-75.470884,39.803031],[-75.470661,39.803535],[-75.469589,39.803516],[-75.465643,39.801419],[-75.462394,39.803985],[-75.458683,39.801841],[-75.465771,39.796006],[-75.465884,39.795912],[-75.467211,39.797646],[-75.473098,39.801281],[-75.470813,39.802225]]]}},{"id":"120","type":"Feature","properties":{"GEOID":"100030155022","eb":7.87,"sv":3.87,"county":"New Castle","pop":693.0,"pm25_pct":72.0,"diesel_pct":86.0,"cancer_pct":100.0,"traffic_pct":69.0,"superfund_pct":81.0,"lowinc_pct":0.496392496,"unemp_pct":0.040106952,"lingiso_pct":0.0,"poc_pct":69.0,"sv_health":4.66,"efa":"Not EFA","name":"New Castle BG 155022","efa_hisp_pct":26.7,"efa_black_pct":19.6,"efa_lingiso_pct":0,"efa_lingiso_sp":null,"efa_poverty_pct":11.8,"efa_mhhi":54886.0,"efa_combined_minority":51.8,"efa_has_duplicate":0,"efa_mc1":0,"efa_sc1":0,"efa_mc2":0,"efa_sc2":0,"efa_mc3":0,"efa_sc3":0,"efa_mc4":0,"efa_sc4":0,"efa_mc5":0,"efa_sc5":0,"efa_has_split":0},"geometry":{"type":"Polygon","coordinates":[[[-75.552426,39.699508],[-75.549765,39.698411],[-75.544079,39.704753],[-75.53398,39.705825],[-75.530236,39.704563],[-75.525533030886,39.7005032002623],[-75.5319118207207,39.6928945848377],[-75.536697,39.694407],[-75.540617,39.695014],[-75.55368,39.695751],[-75.552426,39.699508]]]}},{"id":"121","type":"Feature","properties":{"GEOID":"100030116002","eb":5.94,"sv":1.93,"county":"New Castle","pop":2385.0,"pm25_pct":93.0,"diesel_pct":65.0,"cancer_pct":51.0,"traffic_pct":55.0,"superfund_pct":35.0,"lowinc_pct":0.203867171,"unemp_pct":0.024351925,"lingiso_pct":0.011261261,"poc_pct":21.0,"sv_health":3.26,"efa":"Not EFA","name":"New Castle BG 116002","efa_hisp_pct":1.2,"efa_black_pct":8.3,"efa_lingiso_pct":1.5,"efa_lingiso_sp":0,"efa_poverty_pct":2.7,"efa_mhhi":105729.0,"efa_combined_minority":15.9,"efa_has_duplicate":0,"efa_mc1":0,"efa_sc1":0,"efa_mc2":0,"efa_sc2":0,"efa_mc3":0,"efa_sc3":0,"efa_mc4":0,"efa_sc4":0,"efa_mc5":0,"efa_sc5":0,"efa_has_split":0},"geometry":{"type":"Polygon","coordinates":[[[-75.547082,39.79482],[-75.545798,39.79404],[-75.541687,39.795033],[-75.536597,39.796283],[-75.535497,39.795273],[-75.535167,39.795647],[-75.532152,39.796744],[-75.528458,39.794127],[-75.523908,39.791562],[-75.533583,39.788919],[-75.540126,39.787146],[-75.542179,39.791658],[-75.543975,39.791712],[-75.546653,39.791534],[-75.546985,39.794041],[-75.547082,39.79482]]]}},{"id":"122","type":"Feature","properties":{"GEOID":"100030136152","eb":5.53,"sv":2.74,"county":"New Castle","pop":476.0,"pm25_pct":65.0,"diesel_pct":96.0,"cancer_pct":51.0,"traffic_pct":80.0,"superfund_pct":55.0,"lowinc_pct":0.283613445,"unemp_pct":0.065306122,"lingiso_pct":0.0,"poc_pct":23.0,"sv_health":3.63,"efa":"Not EFA","name":"New Castle BG 136152","efa_hisp_pct":0,"efa_black_pct":17.1,"efa_lingiso_pct":0,"efa_lingiso_sp":null,"efa_poverty_pct":2.9,"efa_mhhi":94219.0,"efa_combined_minority":19.8,"efa_has_duplicate":0,"efa_mc1":0,"efa_sc1":0,"efa_mc2":0,"efa_sc2":0,"efa_mc3":0,"efa_sc3":0,"efa_mc4":0,"efa_sc4":0,"efa_mc5":0,"efa_sc5":0,"efa_has_split":0},"geometry":{"type":"Polygon","coordinates":[[[-75.684399,39.707059],[-75.681588,39.709251],[-75.681471,39.709326],[-75.678238,39.711796],[-75.675452,39.713892],[-75.673963,39.711901],[-75.676484,39.711115],[-75.675082,39.708486],[-75.677113,39.705658],[-75.680674,39.704384],[-75.682302,39.706189],[-75.684399,39.707059]]]}},{"id":"123","type":"Feature","properties":{"GEOID":"100030136073","eb":4.21,"sv":1.75,"county":"New Castle","pop":2050.0,"pm25_pct":71.0,"diesel_pct":51.0,"cancer_pct":51.0,"traffic_pct":30.0,"superfund_pct":40.0,"lowinc_pct":0.109268293,"unemp_pct":0.035767511,"lingiso_pct":0.041009464,"poc_pct":62.0,"sv_health":3.39,"efa":"Not EFA","name":"New Castle BG 136073","efa_hisp_pct":6.8,"efa_black_pct":19.7,"efa_lingiso_pct":4.3,"efa_lingiso_sp":0,"efa_poverty_pct":9.4,"efa_mhhi":70054.0,"efa_combined_minority":45.8,"efa_has_duplicate":0,"efa_mc1":0,"efa_sc1":0,"efa_mc2":0,"efa_sc2":0,"efa_mc3":0,"efa_sc3":0,"efa_mc4":0,"efa_sc4":0,"efa_mc5":0,"efa_sc5":0,"efa_has_split":0},"geometry":{"type":"Polygon","coordinates":[[[-75.703093,39.730143],[-75.701797,39.731692],[-75.698513,39.733652],[-75.695058,39.733357],[-75.696069,39.731778],[-75.695951,39.729722],[-75.694018,39.728414],[-75.69431,39.726598],[-75.69296,39.726364],[-75.696869,39.72274],[-75.699127,39.721848],[-75.701149,39.723923],[-75.702006,39.728561],[-75.702716,39.730055],[-75.703093,39.730143]]]}},{"id":"124","type":"Feature","properties":{"GEOID":"100030148083","eb":5.37,"sv":2.15,"county":"New Castle","pop":1902.0,"pm25_pct":51.0,"diesel_pct":65.0,"cancer_pct":51.0,"traffic_pct":56.0,"superfund_pct":65.0,"lowinc_pct":0.28338591,"unemp_pct":0.047178538,"lingiso_pct":0.091703057,"poc_pct":90.0,"sv_health":3.58,"efa":"Moderate","name":"New Castle BG 148083","efa_hisp_pct":17.5,"efa_black_pct":65.4,"efa_lingiso_pct":8.2,"efa_lingiso_sp":100.0,"efa_poverty_pct":3.9,"efa_mhhi":72500.0,"efa_combined_minority":85.4,"efa_has_duplicate":0,"efa_mc1":0,"efa_sc1":0,"efa_mc2":1,"efa_sc2":0,"efa_mc3":0,"efa_sc3":0,"efa_mc4":0,"efa_sc4":0,"efa_mc5":0,"efa_sc5":0,"efa_has_split":0},"geometry":{"type":"Polygon","coordinates":[[[-75.715412,39.620229],[-75.712529,39.621625],[-75.705436,39.617087],[-75.700697,39.614784],[-75.705006,39.611122],[-75.707653,39.609988],[-75.715279,39.614768],[-75.7148,39.618082],[-75.715412,39.620229]]]}},{"id":"125","type":"Feature","properties":{"GEOID":"100030135051","eb":4.29,"sv":1.54,"county":"New Castle","pop":731.0,"pm25_pct":75.0,"diesel_pct":42.0,"cancer_pct":51.0,"traffic_pct":31.0,"superfund_pct":72.0,"lowinc_pct":0.0,"unemp_pct":0.0,"lingiso_pct":0.0,"poc_pct":13.0,"sv_health":3.23,"efa":"Not EFA","name":"New Castle BG 135051","efa_hisp_pct":0,"efa_black_pct":1.3,"efa_lingiso_pct":0,"efa_lingiso_sp":null,"efa_poverty_pct":0,"efa_mhhi":170000.0,"efa_combined_minority":14.9,"efa_has_duplicate":0,"efa_mc1":0,"efa_sc1":0,"efa_mc2":0,"efa_sc2":0,"efa_mc3":0,"efa_sc3":0,"efa_mc4":0,"efa_sc4":0,"efa_mc5":0,"efa_sc5":0,"efa_has_split":0},"geometry":{"type":"Polygon","coordinates":[[[-75.7393235590979,39.77292479948],[-75.736489,39.775759],[-75.727049,39.784126],[-75.7248662643848,39.7858306125756],[-75.718136,39.776789],[-75.715345,39.774625],[-75.721291,39.769335],[-75.724055,39.770303],[-75.731182,39.770604],[-75.735746,39.771962],[-75.738472,39.772842],[-75.7393235590979,39.77292479948]]]}},{"id":"126","type":"Feature","properties":{"GEOID":"100030023003","eb":7.21,"sv":4.03,"county":"New Castle","pop":696.0,"pm25_pct":83.0,"diesel_pct":89.0,"cancer_pct":51.0,"traffic_pct":96.0,"superfund_pct":58.0,"lowinc_pct":0.659482759,"unemp_pct":0.284789644,"lingiso_pct":0.0,"poc_pct":92.0,"sv_health":4.39,"efa":"Significant","name":"New Castle BG 23003","efa_hisp_pct":33.5,"efa_black_pct":45.1,"efa_lingiso_pct":0,"efa_lingiso_sp":null,"efa_poverty_pct":34.7,"efa_mhhi":47411.0,"efa_combined_minority":83.5,"efa_has_duplicate":0,"efa_mc1":1,"efa_sc1":1,"efa_mc2":1,"efa_sc2":0,"efa_mc3":1,"efa_sc3":0,"efa_mc4":1,"efa_sc4":0,"efa_mc5":0,"efa_sc5":0,"efa_has_split":0},"geometry":{"type":"Polygon","coordinates":[[[-75.571993,39.750751],[-75.568442,39.749294],[-75.571097,39.74541],[-75.574639,39.746869],[-75.571993,39.750751]]]}},{"id":"127","type":"Feature","properties":{"GEOID":"100030122004","eb":6.74,"sv":3.11,"county":"New Castle","pop":1895.0,"pm25_pct":78.0,"diesel_pct":61.0,"cancer_pct":51.0,"traffic_pct":88.0,"superfund_pct":79.0,"lowinc_pct":0.241545894,"unemp_pct":0.084914182,"lingiso_pct":0.151119403,"poc_pct":71.0,"sv_health":4.02,"efa":"Not EFA","name":"New Castle BG 122004","efa_hisp_pct":41.8,"efa_black_pct":4.0,"efa_lingiso_pct":13.8,"efa_lingiso_sp":88.7,"efa_poverty_pct":3.9,"efa_mhhi":69559.0,"efa_combined_minority":48.0,"efa_has_duplicate":0,"efa_mc1":0,"efa_sc1":0,"efa_mc2":0,"efa_sc2":0,"efa_mc3":0,"efa_sc3":0,"efa_mc4":0,"efa_sc4":0,"efa_mc5":0,"efa_sc5":0,"efa_has_split":0},"geometry":{"type":"Polygon","coordinates":[[[-75.617586,39.740956],[-75.61467,39.742737],[-75.610445,39.746011],[-75.610183,39.747785],[-75.606581,39.748239],[-75.600915,39.747736],[-75.601733,39.745604],[-75.602632,39.744944],[-75.604509,39.741584],[-75.604699,39.738862],[-75.604641,39.738723],[-75.614913,39.737757],[-75.619978,39.737529],[-75.617586,39.740956]]]}},{"id":"128","type":"Feature","properties":{"GEOID":"100010415001","eb":3.46,"sv":2.86,"county":"Kent","pop":3615.0,"pm25_pct":17.0,"diesel_pct":49.0,"cancer_pct":0.0,"traffic_pct":53.0,"superfund_pct":79.0,"lowinc_pct":0.4406639,"unemp_pct":0.025257732,"lingiso_pct":0.045780969,"poc_pct":61.0,"sv_health":4.64,"efa":"Moderate","name":"Kent BG 415001","efa_hisp_pct":5.3,"efa_black_pct":28.4,"efa_lingiso_pct":6.1,"efa_lingiso_sp":0,"efa_poverty_pct":23.1,"efa_mhhi":51250.0,"efa_combined_minority":38.4,"efa_has_duplicate":0,"efa_mc1":0,"efa_sc1":0,"efa_mc2":0,"efa_sc2":0,"efa_mc3":0,"efa_sc3":0,"efa_mc4":1,"efa_sc4":0,"efa_mc5":0,"efa_sc5":0,"efa_has_split":0},"geometry":{"type":"Polygon","coordinates":[[[-75.546022,39.132273],[-75.538167,39.14053],[-75.538143,39.140554],[-75.534547,39.144367],[-75.525448,39.143856],[-75.525659,39.141111],[-75.52574,39.140097],[-75.524666,39.139078],[-75.525042,39.138782],[-75.525675,39.138141],[-75.528368,39.132753],[-75.53005,39.133216],[-75.533025,39.133001],[-75.537477,39.13261],[-75.538352,39.132546],[-75.539981,39.132484],[-75.546022,39.132273]]]}},{"id":"129","type":"Feature","properties":{"GEOID":"100010410002","eb":4.24,"sv":3.22,"county":"Kent","pop":1797.0,"pm25_pct":19.0,"diesel_pct":42.0,"cancer_pct":0.0,"traffic_pct":63.0,"superfund_pct":86.0,"lowinc_pct":0.274295572,"unemp_pct":0.0,"lingiso_pct":0.0,"poc_pct":78.0,"sv_health":4.54,"efa":"Not EFA","name":"Kent BG 410002","efa_hisp_pct":7.3,"efa_black_pct":54.3,"efa_lingiso_pct":7.5,"efa_lingiso_sp":0,"efa_poverty_pct":11.4,"efa_mhhi":57083.0,"efa_combined_minority":68.0,"efa_has_duplicate":0,"efa_mc1":0,"efa_sc1":0,"efa_mc2":0,"efa_sc2":0,"efa_mc3":0,"efa_sc3":0,"efa_mc4":0,"efa_sc4":0,"efa_mc5":0,"efa_sc5":0,"efa_has_split":0},"geometry":{"type":"Polygon","coordinates":[[[-75.515275,39.163267],[-75.5069,39.166828],[-75.504359,39.166923],[-75.500874,39.161889],[-75.498646,39.15879],[-75.49876,39.156897],[-75.509835,39.15738],[-75.512264,39.157502],[-75.512219,39.158767],[-75.513756,39.161456],[-75.515275,39.163267]]]}},{"id":"130","type":"Feature","properties":{"GEOID":"100010425002","eb":4.19,"sv":3.89,"county":"Kent","pop":1363.0,"pm25_pct":39.0,"diesel_pct":37.0,"cancer_pct":0.0,"traffic_pct":85.0,"superfund_pct":1.0,"lowinc_pct":0.553272451,"unemp_pct":0.0,"lingiso_pct":0.112866817,"poc_pct":74.0,"sv_health":4.9,"efa":"Moderate","name":"Kent BG 425002","efa_hisp_pct":1.1,"efa_black_pct":36.2,"efa_lingiso_pct":13.0,"efa_lingiso_sp":0,"efa_poverty_pct":18.9,"efa_mhhi":38469.0,"efa_combined_minority":53.0,"efa_has_duplicate":0,"efa_mc1":0,"efa_sc1":0,"efa_mc2":0,"efa_sc2":0,"efa_mc3":0,"efa_sc3":0,"efa_mc4":1,"efa_sc4":0,"efa_mc5":0,"efa_sc5":0,"efa_has_split":0},"geometry":{"type":"Polygon","coordinates":[[[-75.443988,38.913074],[-75.443462,38.91481],[-75.442736,38.915876],[-75.438018,38.921452],[-75.435411,38.91901],[-75.435243,38.915852],[-75.433977,38.914275],[-75.431697,38.912117],[-75.434048,38.910817],[-75.44039,38.913128],[-75.443717,38.913077],[-75.443988,38.913074]]]}},{"id":"131","type":"Feature","properties":{"GEOID":"100010418022","eb":2.58,"sv":2.55,"county":"Kent","pop":2671.0,"pm25_pct":11.0,"diesel_pct":21.0,"cancer_pct":0.0,"traffic_pct":27.0,"superfund_pct":66.0,"lowinc_pct":0.27054409,"unemp_pct":0.010031348,"lingiso_pct":0.0,"poc_pct":84.0,"sv_health":3.79,"efa":"Not EFA","name":"Kent BG 418022","efa_hisp_pct":3.0,"efa_black_pct":49.9,"efa_lingiso_pct":0,"efa_lingiso_sp":null,"efa_poverty_pct":1.8,"efa_mhhi":55682.0,"efa_combined_minority":72.2,"efa_has_duplicate":0,"efa_mc1":0,"efa_sc1":0,"efa_mc2":0,"efa_sc2":0,"efa_mc3":0,"efa_sc3":0,"efa_mc4":0,"efa_sc4":0,"efa_mc5":0,"efa_sc5":0,"efa_has_split":0},"geometry":{"type":"Polygon","coordinates":[[[-75.586835,39.153356],[-75.58672,39.153528],[-75.584636,39.155076],[-75.583381,39.156066],[-75.578251,39.158243],[-75.577809,39.158364],[-75.576766,39.158532],[-75.571883,39.15853],[-75.568023,39.158527],[-75.567758,39.158526],[-75.566228,39.158532],[-75.562242,39.158556],[-75.560962,39.158688],[-75.560892,39.158463],[-75.555979,39.152645],[-75.555661,39.152089],[-75.555496,39.151664],[-75.555322,39.151082],[-75.556229,39.15096],[-75.558555,39.150554],[-75.561124,39.149886],[-75.565868,39.146622],[-75.566144,39.146433],[-75.573118,39.141749],[-75.574424,39.141529],[-75.580501,39.141889],[-75.582147,39.14134],[-75.588989,39.147666],[-75.586835,39.153356]]]}},{"id":"132","type":"Feature","properties":{"GEOID":"100010417012","eb":2.82,"sv":2.86,"county":"Kent","pop":986.0,"pm25_pct":19.0,"diesel_pct":37.0,"cancer_pct":0.0,"traffic_pct":33.0,"superfund_pct":53.0,"lowinc_pct":0.203853955,"unemp_pct":0.097701149,"lingiso_pct":0.064171123,"poc_pct":58.0,"sv_health":4.02,"efa":"Significant","name":"Kent BG 417012","efa_hisp_pct":5.9,"efa_black_pct":9.9,"efa_lingiso_pct":14.0,"efa_lingiso_sp":0,"efa_poverty_pct":6.1,"efa_mhhi":29738.0,"efa_combined_minority":21.9,"efa_has_duplicate":0,"efa_mc1":0,"efa_sc1":0,"efa_mc2":0,"efa_sc2":0,"efa_mc3":0,"efa_sc3":0,"efa_mc4":1,"efa_sc4":1,"efa_mc5":0,"efa_sc5":0,"efa_has_split":0},"geometry":{"type":"Polygon","coordinates":[[[-75.553828,39.113318],[-75.553312,39.116109],[-75.552713,39.117687],[-75.552145,39.119245],[-75.551168,39.119008],[-75.549898,39.118875],[-75.548633,39.119017],[-75.545874,39.119313],[-75.539348,39.116317],[-75.545449,39.110422],[-75.555102,39.111873],[-75.553828,39.113318]]]}},{"id":"133","type":"Feature","properties":{"GEOID":"100030125005","eb":7.16,"sv":2.85,"county":"New Castle","pop":638.0,"pm25_pct":76.0,"diesel_pct":85.0,"cancer_pct":51.0,"traffic_pct":61.0,"superfund_pct":89.0,"lowinc_pct":0.161442006,"unemp_pct":0.0,"lingiso_pct":0.0,"poc_pct":41.0,"sv_health":3.85,"efa":"Not EFA","name":"New Castle BG 125005","efa_hisp_pct":2.0,"efa_black_pct":12.9,"efa_lingiso_pct":0,"efa_lingiso_sp":null,"efa_poverty_pct":7.2,"efa_mhhi":83750.0,"efa_combined_minority":31.1,"efa_has_duplicate":0,"efa_mc1":0,"efa_sc1":0,"efa_mc2":0,"efa_sc2":0,"efa_mc3":0,"efa_sc3":0,"efa_mc4":0,"efa_sc4":0,"efa_mc5":0,"efa_sc5":0,"efa_has_split":0},"geometry":{"type":"Polygon","coordinates":[[[-75.595309,39.729265],[-75.595066,39.730755],[-75.586871,39.729922],[-75.586006,39.728424],[-75.587692,39.727238],[-75.595328,39.728111],[-75.595309,39.729265]]]}},{"id":"134","type":"Feature","properties":{"GEOID":"100030125006","eb":6.97,"sv":2.92,"county":"New Castle","pop":1301.0,"pm25_pct":76.0,"diesel_pct":85.0,"cancer_pct":51.0,"traffic_pct":52.0,"superfund_pct":88.0,"lowinc_pct":0.098385857,"unemp_pct":0.151238592,"lingiso_pct":0.02173913,"poc_pct":52.0,"sv_health":3.85,"efa":"Not EFA","name":"New Castle BG 125006","efa_hisp_pct":15.5,"efa_black_pct":18.5,"efa_lingiso_pct":2.0,"efa_lingiso_sp":0,"efa_poverty_pct":0,"efa_mhhi":90425.0,"efa_combined_minority":40.5,"efa_has_duplicate":0,"efa_mc1":0,"efa_sc1":0,"efa_mc2":0,"efa_sc2":0,"efa_mc3":0,"efa_sc3":0,"efa_mc4":0,"efa_sc4":0,"efa_mc5":0,"efa_sc5":0,"efa_has_split":0},"geometry":{"type":"Polygon","coordinates":[[[-75.606382,39.727914],[-75.600959,39.727259],[-75.600716,39.728682],[-75.595328,39.728111],[-75.596263,39.723249],[-75.600235,39.723835],[-75.604544,39.724437],[-75.607185,39.724724],[-75.606382,39.727914]]]}},{"id":"135","type":"Feature","properties":{"GEOID":"100030016003","eb":7.73,"sv":4.48,"county":"New Castle","pop":888.0,"pm25_pct":84.0,"diesel_pct":94.0,"cancer_pct":51.0,"traffic_pct":100.0,"superfund_pct":66.0,"lowinc_pct":0.787089468,"unemp_pct":0.035587189,"lingiso_pct":0.0,"poc_pct":96.0,"sv_health":5.36,"efa":"Significant","name":"New Castle BG 16003","efa_hisp_pct":0.4,"efa_black_pct":78.3,"efa_lingiso_pct":0,"efa_lingiso_sp":null,"efa_poverty_pct":44.1,"efa_mhhi":36184.0,"efa_combined_minority":93.6,"efa_has_duplicate":0,"efa_mc1":1,"efa_sc1":1,"efa_mc2":1,"efa_sc2":1,"efa_mc3":1,"efa_sc3":1,"efa_mc4":1,"efa_sc4":0,"efa_mc5":0,"efa_sc5":0,"efa_has_split":0},"geometry":{"type":"Polygon","coordinates":[[[-75.559312,39.745586],[-75.557419,39.748356],[-75.556814,39.748099],[-75.554594,39.747185],[-75.555456,39.745931],[-75.55648,39.744432],[-75.558684,39.745333],[-75.559312,39.745586]]]}},{"id":"136","type":"Feature","properties":{"GEOID":"100050512052","eb":2.11,"sv":2.6,"county":"Sussex","pop":399.0,"pm25_pct":0.0,"diesel_pct":2.0,"cancer_pct":0.0,"traffic_pct":57.0,"superfund_pct":1.0,"lowinc_pct":0.240601504,"unemp_pct":0.021052632,"lingiso_pct":0.0,"poc_pct":27.0,"sv_health":3.94,"efa":"Not EFA","name":"Sussex BG 512052","efa_hisp_pct":0,"efa_black_pct":0,"efa_lingiso_pct":0,"efa_lingiso_sp":null,"efa_poverty_pct":1.2,"efa_mhhi":116250.0,"efa_combined_minority":23.1,"efa_has_duplicate":0,"efa_mc1":0,"efa_sc1":0,"efa_mc2":0,"efa_sc2":0,"efa_mc3":0,"efa_sc3":0,"efa_mc4":0,"efa_sc4":0,"efa_mc5":0,"efa_sc5":0,"efa_has_split":0},"geometry":{"type":"Polygon","coordinates":[[[-75.064231,38.452599],[-75.062859,38.456383],[-75.061983,38.460034],[-75.061904,38.467439],[-75.058108,38.466532],[-75.057911,38.464399],[-75.056125,38.465205],[-75.055934,38.467354],[-75.051856,38.467386],[-75.052293,38.452821],[-75.052404222416,38.4512572698339],[-75.0535840104491,38.4512553189111],[-75.05801,38.451248],[-75.0626999419505,38.4512626207352],[-75.0653681686071,38.4512709388414],[-75.064231,38.452599]]]}},{"id":"137","type":"Feature","properties":{"GEOID":"100050503032","eb":2.29,"sv":2.97,"county":"Sussex","pop":1771.0,"pm25_pct":37.0,"diesel_pct":13.0,"cancer_pct":0.0,"traffic_pct":39.0,"superfund_pct":12.0,"lowinc_pct":0.326923077,"unemp_pct":0.082690187,"lingiso_pct":0.0,"poc_pct":66.0,"sv_health":4.72,"efa":"Not EFA","name":"Sussex BG 503032","efa_hisp_pct":21.2,"efa_black_pct":16.6,"efa_lingiso_pct":0,"efa_lingiso_sp":null,"efa_poverty_pct":7.2,"efa_mhhi":68789.0,"efa_combined_minority":40.2,"efa_has_duplicate":0,"efa_mc1":0,"efa_sc1":0,"efa_mc2":0,"efa_sc2":0,"efa_mc3":0,"efa_sc3":0,"efa_mc4":0,"efa_sc4":0,"efa_mc5":0,"efa_sc5":0,"efa_has_split":0},"geometry":{"type":"Polygon","coordinates":[[[-75.655659,38.781655],[-75.653115,38.782432],[-75.63826,38.788748],[-75.627049,38.794472],[-75.622798,38.7975],[-75.61439,38.802042],[-75.611018,38.805276],[-75.619491,38.817671],[-75.621059,38.821973],[-75.622454,38.824497],[-75.612997,38.829327],[-75.613636,38.829917],[-75.615422,38.833616],[-75.582418,38.834638],[-75.585069,38.826607],[-75.585737,38.819241],[-75.585116,38.813302],[-75.585031,38.812737],[-75.583876,38.808256],[-75.583915,38.806039],[-75.584474,38.804139],[-75.586415,38.80117],[-75.587412,38.800139],[-75.588766,38.796584],[-75.59064,38.790396],[-75.593444,38.759487],[-75.609296,38.762527],[-75.61249,38.763512],[-75.614799,38.762424],[-75.619598,38.75895],[-75.627881,38.753697],[-75.635122,38.758299],[-75.667725,38.780801],[-75.655659,38.781655]]]}},{"id":"138","type":"Feature","properties":{"GEOID":"100050513091","eb":1.54,"sv":2.99,"county":"Sussex","pop":864.0,"pm25_pct":4.0,"diesel_pct":5.0,"cancer_pct":0.0,"traffic_pct":14.0,"superfund_pct":9.0,"lowinc_pct":0.232638889,"unemp_pct":0.08974359,"lingiso_pct":0.0,"poc_pct":17.0,"sv_health":4.13,"efa":"Moderate","name":"Sussex BG 513091","efa_hisp_pct":6.0,"efa_black_pct":0,"efa_lingiso_pct":0,"efa_lingiso_sp":null,"efa_poverty_pct":7.6,"efa_mhhi":49702.0,"efa_combined_minority":8.9,"efa_has_duplicate":0,"efa_mc1":0,"efa_sc1":0,"efa_mc2":0,"efa_sc2":0,"efa_mc3":0,"efa_sc3":0,"efa_mc4":1,"efa_sc4":0,"efa_mc5":0,"efa_sc5":0,"efa_has_split":0},"geometry":{"type":"Polygon","coordinates":[[[-75.097699,38.478396],[-75.094584,38.482991],[-75.092534,38.482952],[-75.092819,38.483421],[-75.091434,38.484475],[-75.088119,38.483808],[-75.082059,38.483767],[-75.080893,38.483362],[-75.081641,38.482638],[-75.080951,38.479719],[-75.089661,38.475416],[-75.092686,38.470166],[-75.098732,38.472354],[-75.097699,38.478396]]]}},{"id":"139","type":"Feature","properties":{"GEOID":"100050513121","eb":1.46,"sv":2.46,"county":"Sussex","pop":869.0,"pm25_pct":6.0,"diesel_pct":4.0,"cancer_pct":0.0,"traffic_pct":10.0,"superfund_pct":10.0,"lowinc_pct":0.085155351,"unemp_pct":0.028653295,"lingiso_pct":0.0,"poc_pct":0.0,"sv_health":4.13,"efa":"Not EFA","name":"Sussex BG 513121","efa_hisp_pct":0,"efa_black_pct":0,"efa_lingiso_pct":0,"efa_lingiso_sp":null,"efa_poverty_pct":7.9,"efa_mhhi":76802.0,"efa_combined_minority":0,"efa_has_duplicate":0,"efa_mc1":0,"efa_sc1":0,"efa_mc2":0,"efa_sc2":0,"efa_mc3":0,"efa_sc3":0,"efa_mc4":0,"efa_sc4":0,"efa_mc5":0,"efa_sc5":0,"efa_has_split":0},"geometry":{"type":"Polygon","coordinates":[[[-75.128498,38.462779],[-75.119941,38.467314],[-75.11584,38.469823],[-75.111298,38.472318],[-75.101201,38.473162],[-75.098732,38.472354],[-75.092686,38.470166],[-75.090802,38.469378],[-75.087351,38.466206],[-75.087179,38.463243],[-75.090122,38.462367],[-75.09778,38.463981],[-75.094468,38.461072],[-75.096304,38.460693],[-75.096007,38.459912],[-75.096862,38.459421],[-75.097931,38.459179],[-75.099504,38.460096],[-75.100105,38.459508],[-75.102697,38.459172],[-75.105346,38.460995],[-75.10937,38.460126],[-75.115289,38.461057],[-75.116973,38.46182],[-75.121018,38.461016],[-75.12583,38.461674],[-75.128498,38.462779]]]}},{"id":"140","type":"Feature","properties":{"GEOID":"100030025003","eb":7.32,"sv":2.82,"county":"New Castle","pop":1108.0,"pm25_pct":80.0,"diesel_pct":88.0,"cancer_pct":51.0,"traffic_pct":96.0,"superfund_pct":70.0,"lowinc_pct":0.102888087,"unemp_pct":0.097457627,"lingiso_pct":0.0,"poc_pct":41.0,"sv_health":3.92,"efa":"Not EFA","name":"New Castle BG 25003","efa_hisp_pct":0,"efa_black_pct":21.4,"efa_lingiso_pct":0,"efa_lingiso_sp":null,"efa_poverty_pct":2.0,"efa_mhhi":67934.0,"efa_combined_minority":24.5,"efa_has_duplicate":0,"efa_mc1":0,"efa_sc1":0,"efa_mc2":0,"efa_sc2":0,"efa_mc3":0,"efa_sc3":0,"efa_mc4":0,"efa_sc4":0,"efa_mc5":0,"efa_sc5":0,"efa_has_split":0},"geometry":{"type":"Polygon","coordinates":[[[-75.574639,39.746869],[-75.571097,39.74541],[-75.573529,39.741827],[-75.577087,39.743284],[-75.574639,39.746869]]]}},{"id":"141","type":"Feature","properties":{"GEOID":"100050501052","eb":2.33,"sv":2.93,"county":"Sussex","pop":2987.0,"pm25_pct":39.0,"diesel_pct":21.0,"cancer_pct":0.0,"traffic_pct":10.0,"superfund_pct":10.0,"lowinc_pct":0.147974556,"unemp_pct":0.0,"lingiso_pct":0.082788671,"poc_pct":57.0,"sv_health":4.38,"efa":"Not EFA","name":"Sussex BG 501052","efa_hisp_pct":17.4,"efa_black_pct":9.0,"efa_lingiso_pct":9.4,"efa_lingiso_sp":100.0,"efa_poverty_pct":6.5,"efa_mhhi":82287.0,"efa_combined_minority":28.0,"efa_has_duplicate":0,"efa_mc1":0,"efa_sc1":0,"efa_mc2":0,"efa_sc2":0,"efa_mc3":0,"efa_sc3":0,"efa_mc4":0,"efa_sc4":0,"efa_mc5":0,"efa_sc5":0,"efa_has_split":0},"geometry":{"type":"Polygon","coordinates":[[[-75.422259,38.898084],[-75.421282,38.897851],[-75.417269,38.895151],[-75.411541,38.891181],[-75.409713,38.889923],[-75.406949,38.887996],[-75.40627,38.887487],[-75.404432,38.886038],[-75.400326,38.882795],[-75.399674,38.882283],[-75.39395,38.877751],[-75.391715,38.875779],[-75.390151,38.876723],[-75.385111,38.878305],[-75.382857,38.874328],[-75.379394,38.870218],[-75.377824,38.869318],[-75.375691,38.868389],[-75.377699,38.866789],[-75.382364,38.863691],[-75.388007,38.861832],[-75.392262,38.855707],[-75.393145,38.854778],[-75.394345,38.853706],[-75.399335,38.85105],[-75.404271,38.857671],[-75.409657,38.863574],[-75.413288,38.867278],[-75.418997,38.867344],[-75.419007,38.870969],[-75.419001,38.880733],[-75.419053,38.883077],[-75.419447,38.884749],[-75.421767,38.893646],[-75.422259,38.898084]]]}},{"id":"142","type":"Feature","properties":{"GEOID":"100030027002","eb":7.77,"sv":2.71,"county":"New Castle","pop":1323.0,"pm25_pct":77.0,"diesel_pct":96.0,"cancer_pct":51.0,"traffic_pct":96.0,"superfund_pct":83.0,"lowinc_pct":0.405895692,"unemp_pct":0.122765197,"lingiso_pct":0.021696252,"poc_pct":95.0,"sv_health":3.11,"efa":"Significant","name":"New Castle BG 27002","efa_hisp_pct":15.7,"efa_black_pct":69.5,"efa_lingiso_pct":3.4,"efa_lingiso_sp":100.0,"efa_poverty_pct":32.0,"efa_mhhi":63947.0,"efa_combined_minority":87.9,"efa_has_duplicate":0,"efa_mc1":1,"efa_sc1":1,"efa_mc2":1,"efa_sc2":0,"efa_mc3":1,"efa_sc3":0,"efa_mc4":0,"efa_sc4":0,"efa_mc5":0,"efa_sc5":0,"efa_has_split":0},"geometry":{"type":"Polygon","coordinates":[[[-75.573074,39.735004],[-75.569119,39.736578],[-75.56733,39.733925],[-75.564457,39.735735],[-75.570532,39.729275],[-75.573074,39.735004]]]}},{"id":"143","type":"Feature","properties":{"GEOID":"100050504064","eb":3.7,"sv":3.85,"county":"Sussex","pop":816.0,"pm25_pct":44.0,"diesel_pct":34.0,"cancer_pct":0.0,"traffic_pct":64.0,"superfund_pct":85.0,"lowinc_pct":0.426448737,"unemp_pct":0.0,"lingiso_pct":0.147692308,"poc_pct":68.0,"sv_health":5.17,"efa":"Moderate","name":"Sussex BG 504064","efa_hisp_pct":17.9,"efa_black_pct":27.7,"efa_lingiso_pct":2.4,"efa_lingiso_sp":100.0,"efa_poverty_pct":34.3,"efa_mhhi":68639.0,"efa_combined_minority":48.7,"efa_has_duplicate":1,"efa_mc1":0,"efa_sc1":0,"efa_mc2":0,"efa_sc2":0,"efa_mc3":1,"efa_sc3":0,"efa_mc4":0,"efa_sc4":0,"efa_mc5":0,"efa_sc5":0,"efa_has_split":1},"geometry":{"type":"Polygon","coordinates":[[[-75.609412,38.648157],[-75.603061,38.64984],[-75.597646,38.652484],[-75.596781,38.652612],[-75.595315,38.652699],[-75.594263,38.65276],[-75.594097,38.650322],[-75.594082,38.65008],[-75.594347,38.650042],[-75.594258,38.648982],[-75.594193,38.648173],[-75.594186,38.648083],[-75.593834,38.643689],[-75.594294,38.644274],[-75.596899,38.642674],[-75.597598,38.638735],[-75.599077,38.638507],[-75.602291,38.638975],[-75.605717,38.641166],[-75.609034,38.640593],[-75.609412,38.648157]]]}},{"id":"144","type":"Feature","properties":{"GEOID":"100010405022","eb":4.26,"sv":3.24,"county":"Kent","pop":1462.0,"pm25_pct":13.0,"diesel_pct":40.0,"cancer_pct":0.0,"traffic_pct":48.0,"superfund_pct":60.0,"lowinc_pct":0.521887825,"unemp_pct":0.175496689,"lingiso_pct":0.009104704,"poc_pct":66.0,"sv_health":4.36,"efa":"Moderate","name":"Kent BG 405022","efa_hisp_pct":21.6,"efa_black_pct":25.8,"efa_lingiso_pct":0.8,"efa_lingiso_sp":0,"efa_poverty_pct":19.4,"efa_mhhi":42813.0,"efa_combined_minority":55.7,"efa_has_duplicate":0,"efa_mc1":1,"efa_sc1":0,"efa_mc2":0,"efa_sc2":0,"efa_mc3":0,"efa_sc3":0,"efa_mc4":1,"efa_sc4":0,"efa_mc5":0,"efa_sc5":0,"efa_has_split":0},"geometry":{"type":"Polygon","coordinates":[[[-75.524255,39.193963],[-75.520073,39.192173],[-75.519894,39.191986],[-75.518226,39.192399],[-75.517748,39.192529],[-75.516761,39.192944],[-75.514969,39.194049],[-75.51422,39.194514],[-75.5056,39.199954],[-75.505456,39.200045],[-75.497867,39.205461],[-75.485753,39.197792],[-75.484598,39.197306],[-75.47947,39.196828],[-75.484462,39.190857],[-75.487761,39.187531],[-75.488382,39.18692],[-75.490608,39.184597],[-75.492207,39.182971],[-75.49629,39.178827],[-75.496837,39.178488],[-75.502395,39.1768],[-75.525306,39.192252],[-75.524255,39.193963]]]}},{"id":"145","type":"Feature","properties":{"GEOID":"100030002002","eb":6.79,"sv":2.69,"county":"New Castle","pop":223.0,"pm25_pct":91.0,"diesel_pct":76.0,"cancer_pct":51.0,"traffic_pct":66.0,"superfund_pct":52.0,"lowinc_pct":0.089686099,"unemp_pct":0.0,"lingiso_pct":0.0,"poc_pct":86.0,"sv_health":4.42,"efa":"Not EFA","name":"New Castle BG 2002","efa_hisp_pct":0,"efa_black_pct":39.6,"efa_lingiso_pct":0,"efa_lingiso_sp":null,"efa_poverty_pct":0,"efa_mhhi":100182.0,"efa_combined_minority":39.6,"efa_has_duplicate":0,"efa_mc1":0,"efa_sc1":0,"efa_mc2":0,"efa_sc2":0,"efa_mc3":0,"efa_sc3":0,"efa_mc4":0,"efa_sc4":0,"efa_mc5":0,"efa_sc5":0,"efa_has_split":0},"geometry":{"type":"Polygon","coordinates":[[[-75.527868,39.762338],[-75.523031,39.764647],[-75.520858,39.766528],[-75.519811,39.768136],[-75.518396,39.767629],[-75.518969,39.765335],[-75.520631,39.765788],[-75.518431,39.762412],[-75.519764,39.761804],[-75.525487,39.759194],[-75.527868,39.762338]]]}},{"id":"146","type":"Feature","properties":{"GEOID":"100030149072","eb":5.46,"sv":2.44,"county":"New Castle","pop":1812.0,"pm25_pct":57.0,"diesel_pct":92.0,"cancer_pct":51.0,"traffic_pct":42.0,"superfund_pct":79.0,"lowinc_pct":0.25,"unemp_pct":0.037354086,"lingiso_pct":0.043636364,"poc_pct":87.0,"sv_health":3.83,"efa":"Not EFA","name":"New Castle BG 149072","efa_hisp_pct":29.4,"efa_black_pct":35.3,"efa_lingiso_pct":4.4,"efa_lingiso_sp":55.6,"efa_poverty_pct":5.6,"efa_mhhi":74787.0,"efa_combined_minority":73.3,"efa_has_duplicate":0,"efa_mc1":0,"efa_sc1":0,"efa_mc2":0,"efa_sc2":0,"efa_mc3":0,"efa_sc3":0,"efa_mc4":0,"efa_sc4":0,"efa_mc5":0,"efa_sc5":0,"efa_has_split":0},"geometry":{"type":"Polygon","coordinates":[[[-75.664869,39.650807],[-75.660806,39.649225],[-75.656156,39.649816],[-75.657063,39.64577],[-75.659196,39.64583],[-75.664186,39.643441],[-75.668353,39.649187],[-75.664869,39.650807]]]}},{"id":"147","type":"Feature","properties":{"GEOID":"100050506042","eb":4.38,"sv":3.41,"county":"Sussex","pop":898.0,"pm25_pct":32.0,"diesel_pct":26.0,"cancer_pct":0.0,"traffic_pct":69.0,"superfund_pct":99.0,"lowinc_pct":0.437639198,"unemp_pct":0.0,"lingiso_pct":0.0,"poc_pct":28.0,"sv_health":4.93,"efa":"Not EFA","name":"Sussex BG 506042","efa_hisp_pct":9.3,"efa_black_pct":38.9,"efa_lingiso_pct":4.4,"efa_lingiso_sp":100.0,"efa_poverty_pct":16.0,"efa_mhhi":60913.0,"efa_combined_minority":57.1,"efa_has_duplicate":0,"efa_mc1":0,"efa_sc1":0,"efa_mc2":0,"efa_sc2":0,"efa_mc3":0,"efa_sc3":0,"efa_mc4":0,"efa_sc4":0,"efa_mc5":0,"efa_sc5":0,"efa_has_split":0},"geometry":{"type":"Polygon","coordinates":[[[-75.293361,38.589027],[-75.275018,38.575386],[-75.26738,38.569785],[-75.272397,38.565752],[-75.273862,38.564143],[-75.27476,38.564531],[-75.275907,38.563528],[-75.284461,38.573441],[-75.287329,38.576772],[-75.28824,38.577804],[-75.295055,38.58562],[-75.293361,38.589027]]]}},{"id":"148","type":"Feature","properties":{"GEOID":"100030130002","eb":6.43,"sv":2.69,"county":"New Castle","pop":647.0,"pm25_pct":70.0,"diesel_pct":79.0,"cancer_pct":51.0,"traffic_pct":90.0,"superfund_pct":87.0,"lowinc_pct":0.335394127,"unemp_pct":0.0,"lingiso_pct":0.0,"poc_pct":26.0,"sv_health":3.77,"efa":"Not EFA","name":"New Castle BG 130002","efa_hisp_pct":11.4,"efa_black_pct":2.4,"efa_lingiso_pct":0,"efa_lingiso_sp":null,"efa_poverty_pct":4.5,"efa_mhhi":91250.0,"efa_combined_minority":15.3,"efa_has_duplicate":0,"efa_mc1":0,"efa_sc1":0,"efa_mc2":0,"efa_sc2":0,"efa_mc3":0,"efa_sc3":0,"efa_mc4":0,"efa_sc4":0,"efa_mc5":0,"efa_sc5":0,"efa_has_split":0},"geometry":{"type":"Polygon","coordinates":[[[-75.650168,39.720181],[-75.645444,39.721865],[-75.647295,39.718883],[-75.644366,39.716724],[-75.644387,39.714161],[-75.64836,39.712574],[-75.648458,39.712622],[-75.653022,39.718194],[-75.650168,39.720181]]]}},{"id":"149","type":"Feature","properties":{"GEOID":"100030147031","eb":5.86,"sv":2.95,"county":"New Castle","pop":1446.0,"pm25_pct":57.0,"diesel_pct":74.0,"cancer_pct":51.0,"traffic_pct":46.0,"superfund_pct":78.0,"lowinc_pct":0.326417704,"unemp_pct":0.018835616,"lingiso_pct":0.0,"poc_pct":40.0,"sv_health":4.07,"efa":"Not EFA","name":"New Castle BG 147031","efa_hisp_pct":3.2,"efa_black_pct":24.8,"efa_lingiso_pct":0.9,"efa_lingiso_sp":100.0,"efa_poverty_pct":6.3,"efa_mhhi":61170.0,"efa_combined_minority":39.6,"efa_has_duplicate":0,"efa_mc1":0,"efa_sc1":0,"efa_mc2":0,"efa_sc2":0,"efa_mc3":0,"efa_sc3":0,"efa_mc4":0,"efa_sc4":0,"efa_mc5":0,"efa_sc5":0,"efa_has_split":0},"geometry":{"type":"Polygon","coordinates":[[[-75.738292,39.671616],[-75.736245,39.675276],[-75.729153,39.677472],[-75.72897,39.677046],[-75.728254,39.673335],[-75.721524,39.673901],[-75.72011,39.674525],[-75.722944,39.671314],[-75.727617,39.670291],[-75.728387,39.670231],[-75.732453,39.670601],[-75.736298,39.67065],[-75.73886,39.669542],[-75.738292,39.671616]]]}},{"id":"150","type":"Feature","properties":{"GEOID":"100030026001","eb":7.26,"sv":3.65,"county":"New Castle","pop":618.0,"pm25_pct":80.0,"diesel_pct":94.0,"cancer_pct":51.0,"traffic_pct":89.0,"superfund_pct":68.0,"lowinc_pct":0.522653722,"unemp_pct":0.0,"lingiso_pct":0.095588235,"poc_pct":91.0,"sv_health":4.41,"efa":"Significant","name":"New Castle BG 26001","efa_hisp_pct":24.2,"efa_black_pct":39.9,"efa_lingiso_pct":0,"efa_lingiso_sp":null,"efa_poverty_pct":25.7,"efa_mhhi":32571.0,"efa_combined_minority":80.4,"efa_has_duplicate":0,"efa_mc1":1,"efa_sc1":1,"efa_mc2":1,"efa_sc2":0,"efa_mc3":1,"efa_sc3":0,"efa_mc4":1,"efa_sc4":0,"efa_mc5":0,"efa_sc5":0,"efa_has_split":0},"geometry":{"type":"Polygon","coordinates":[[[-75.570989,39.738677],[-75.567433,39.743922],[-75.565738,39.743221],[-75.567215,39.74106],[-75.568533,39.739126],[-75.569302,39.737979],[-75.570989,39.738677]]]}},{"id":"151","type":"Feature","properties":{"GEOID":"100050510091","eb":1.52,"sv":1.62,"county":"Sussex","pop":517.0,"pm25_pct":10.0,"diesel_pct":32.0,"cancer_pct":0.0,"traffic_pct":1.0,"superfund_pct":1.0,"lowinc_pct":0.0,"unemp_pct":0.0,"lingiso_pct":0.0,"poc_pct":54.0,"sv_health":3.3,"efa":"Not EFA","name":"Sussex BG 510091","efa_hisp_pct":0,"efa_black_pct":0,"efa_lingiso_pct":0,"efa_lingiso_sp":null,"efa_poverty_pct":0,"efa_mhhi":234141.0,"efa_combined_minority":21.8,"efa_has_duplicate":0,"efa_mc1":0,"efa_sc1":0,"efa_mc2":0,"efa_sc2":0,"efa_mc3":0,"efa_sc3":0,"efa_mc4":0,"efa_sc4":0,"efa_mc5":0,"efa_sc5":0,"efa_has_split":0},"geometry":{"type":"Polygon","coordinates":[[[-75.132834,38.773152],[-75.130096,38.772057],[-75.127201,38.771291],[-75.125265,38.770253],[-75.123088,38.768614],[-75.121682,38.76763],[-75.111511,38.759287],[-75.103452,38.752954],[-75.10053,38.750473],[-75.0977,38.748751],[-75.091777,38.743808],[-75.089881,38.74105],[-75.090111,38.74098],[-75.091331,38.739996],[-75.093738,38.741644],[-75.095418,38.740425],[-75.099281,38.740902],[-75.099228,38.740234],[-75.102537,38.738569],[-75.104292,38.73671],[-75.1065,38.735289],[-75.109888,38.734654],[-75.11185,38.733873],[-75.118707,38.742375],[-75.132373,38.759659],[-75.129967,38.762028],[-75.128818,38.763159],[-75.129466,38.764495],[-75.128782,38.767408],[-75.130339,38.77144],[-75.133236,38.772821],[-75.132834,38.773152]]]}},{"id":"152","type":"Feature","properties":{"GEOID":"100050505062","eb":2.7,"sv":2.23,"county":"Sussex","pop":2270.0,"pm25_pct":36.0,"diesel_pct":16.0,"cancer_pct":0.0,"traffic_pct":10.0,"superfund_pct":45.0,"lowinc_pct":0.177092511,"unemp_pct":0.008341057,"lingiso_pct":0.008383234,"poc_pct":34.0,"sv_health":4.01,"efa":"Not EFA","name":"Sussex BG 505062","efa_hisp_pct":14.8,"efa_black_pct":5.4,"efa_lingiso_pct":2.0,"efa_lingiso_sp":100.0,"efa_poverty_pct":1.8,"efa_mhhi":91310.0,"efa_combined_minority":22.6,"efa_has_duplicate":0,"efa_mc1":0,"efa_sc1":0,"efa_mc2":0,"efa_sc2":0,"efa_mc3":0,"efa_sc3":0,"efa_mc4":0,"efa_sc4":0,"efa_mc5":0,"efa_sc5":0,"efa_has_split":0},"geometry":{"type":"Polygon","coordinates":[[[-75.364832,38.657609],[-75.361113,38.666596],[-75.360834,38.669161],[-75.361449,38.671393],[-75.360578,38.673093],[-75.356739,38.676249],[-75.354253,38.680713],[-75.356093,38.682199],[-75.353057,38.682172],[-75.350173,38.682637],[-75.349013,38.683356],[-75.346093,38.688425],[-75.34397,38.688012],[-75.333316,38.687453],[-75.325813,38.685961],[-75.32082,38.684196],[-75.307898,38.682527],[-75.307045,38.680635],[-75.302609,38.674747],[-75.300641,38.664983],[-75.299009,38.662739],[-75.297444,38.647058],[-75.295932,38.632165],[-75.311376,38.633698],[-75.313533,38.635161],[-75.315168,38.638469],[-75.321905,38.638949],[-75.3235,38.639359],[-75.330169,38.642815],[-75.340769,38.646801],[-75.344865,38.647502],[-75.358536,38.653465],[-75.361442,38.6539],[-75.364832,38.657609]]]}},{"id":"153","type":"Feature","properties":{"GEOID":"100050505033","eb":5.1,"sv":3.87,"county":"Sussex","pop":731.0,"pm25_pct":41.0,"diesel_pct":25.0,"cancer_pct":0.0,"traffic_pct":84.0,"superfund_pct":100.0,"lowinc_pct":0.424076607,"unemp_pct":0.042505593,"lingiso_pct":0.0,"poc_pct":83.0,"sv_health":5.29,"efa":"Significant","name":"Sussex BG 505033","efa_hisp_pct":60.1,"efa_black_pct":17.1,"efa_lingiso_pct":13.7,"efa_lingiso_sp":100.0,"efa_poverty_pct":34.6,"efa_mhhi":62936.0,"efa_combined_minority":77.6,"efa_has_duplicate":0,"efa_mc1":1,"efa_sc1":1,"efa_mc2":1,"efa_sc2":0,"efa_mc3":1,"efa_sc3":0,"efa_mc4":0,"efa_sc4":0,"efa_mc5":0,"efa_sc5":0,"efa_has_split":0},"geometry":{"type":"Polygon","coordinates":[[[-75.388702,38.696721],[-75.386525,38.695362],[-75.384523,38.696485],[-75.382939,38.695485],[-75.381293,38.70301],[-75.381626,38.707607],[-75.380396,38.710198],[-75.377193,38.713206],[-75.376978,38.716666],[-75.373246,38.71628],[-75.365268,38.714731],[-75.36519,38.714426],[-75.365255,38.714266],[-75.36603,38.710621],[-75.36623,38.709615],[-75.366402,38.708746],[-75.368285,38.699179],[-75.378254,38.695887],[-75.385855,38.69006],[-75.391342,38.694911],[-75.388702,38.696721]]]}},{"id":"154","type":"Feature","properties":{"GEOID":"100030101062","eb":7.25,"sv":2.34,"county":"New Castle","pop":593.0,"pm25_pct":99.0,"diesel_pct":80.0,"cancer_pct":51.0,"traffic_pct":65.0,"superfund_pct":49.0,"lowinc_pct":0.18381113,"unemp_pct":0.030612245,"lingiso_pct":0.030716724,"poc_pct":86.0,"sv_health":3.6,"efa":"Not EFA","name":"New Castle BG 101062","efa_hisp_pct":6.3,"efa_black_pct":45.6,"efa_lingiso_pct":3.7,"efa_lingiso_sp":0,"efa_poverty_pct":2.2,"efa_mhhi":82031.0,"efa_combined_minority":73.5,"efa_has_duplicate":0,"efa_mc1":0,"efa_sc1":0,"efa_mc2":0,"efa_sc2":0,"efa_mc3":0,"efa_sc3":0,"efa_mc4":0,"efa_sc4":0,"efa_mc5":0,"efa_sc5":0,"efa_has_split":0},"geometry":{"type":"Polygon","coordinates":[[[-75.464124,39.81893],[-75.4599264483802,39.822567241051],[-75.4598175446831,39.8225275407136],[-75.4580580976641,39.8218861424669],[-75.459715,39.821228],[-75.458823,39.81956],[-75.461847,39.818533],[-75.46227,39.818292],[-75.464124,39.81893]]]}},{"id":"155","type":"Feature","properties":{"GEOID":"100030149082","eb":6.16,"sv":3.02,"county":"New Castle","pop":1168.0,"pm25_pct":59.0,"diesel_pct":91.0,"cancer_pct":51.0,"traffic_pct":30.0,"superfund_pct":94.0,"lowinc_pct":0.302226027,"unemp_pct":0.105782793,"lingiso_pct":0.020283976,"poc_pct":88.0,"sv_health":4.32,"efa":"Moderate","name":"New Castle BG 149082","efa_hisp_pct":25.7,"efa_black_pct":52.2,"efa_lingiso_pct":1.6,"efa_lingiso_sp":100.0,"efa_poverty_pct":3.0,"efa_mhhi":55714.0,"efa_combined_minority":82.7,"efa_has_duplicate":0,"efa_mc1":0,"efa_sc1":0,"efa_mc2":1,"efa_sc2":0,"efa_mc3":0,"efa_sc3":0,"efa_mc4":0,"efa_sc4":0,"efa_mc5":0,"efa_sc5":0,"efa_has_split":0},"geometry":{"type":"Polygon","coordinates":[[[-75.634933,39.655133],[-75.631201,39.656547],[-75.629904,39.656763],[-75.627303,39.656474],[-75.624622,39.654796],[-75.626715,39.653758],[-75.630669,39.654091],[-75.633592,39.653244],[-75.634933,39.655133]]]}},{"id":"156","type":"Feature","properties":{"GEOID":"100030139063","eb":5.45,"sv":1.85,"county":"New Castle","pop":745.0,"pm25_pct":58.0,"diesel_pct":87.0,"cancer_pct":51.0,"traffic_pct":55.0,"superfund_pct":62.0,"lowinc_pct":0.174496644,"unemp_pct":0.024752475,"lingiso_pct":0.054474708,"poc_pct":60.0,"sv_health":2.98,"efa":"Not EFA","name":"New Castle BG 139063","efa_hisp_pct":3.9,"efa_black_pct":28.7,"efa_lingiso_pct":2.7,"efa_lingiso_sp":0,"efa_poverty_pct":0,"efa_mhhi":null,"efa_combined_minority":70.6,"efa_has_duplicate":0,"efa_mc1":0,"efa_sc1":0,"efa_mc2":0,"efa_sc2":0,"efa_mc3":0,"efa_sc3":0,"efa_mc4":0,"efa_sc4":0,"efa_mc5":0,"efa_sc5":0,"efa_has_split":0},"geometry":{"type":"Polygon","coordinates":[[[-75.697776,39.648909],[-75.696917,39.658182],[-75.690908,39.66116],[-75.689947,39.659925],[-75.686978,39.660255],[-75.686389,39.657717],[-75.684606,39.658565],[-75.68172,39.657225],[-75.681771,39.653922],[-75.691098,39.650361],[-75.693069,39.649585],[-75.697506,39.648446],[-75.697715,39.648453],[-75.697776,39.648909]]]}},{"id":"157","type":"Feature","properties":{"GEOID":"100030148095","eb":4.83,"sv":2.45,"county":"New Castle","pop":612.0,"pm25_pct":49.0,"diesel_pct":53.0,"cancer_pct":51.0,"traffic_pct":28.0,"superfund_pct":78.0,"lowinc_pct":0.233660131,"unemp_pct":0.074204947,"lingiso_pct":0.146118722,"poc_pct":74.0,"sv_health":3.82,"efa":"Moderate","name":"New Castle BG 148095","efa_hisp_pct":4.9,"efa_black_pct":32.7,"efa_lingiso_pct":18.2,"efa_lingiso_sp":0,"efa_poverty_pct":16.6,"efa_mhhi":58610.0,"efa_combined_minority":56.9,"efa_has_duplicate":0,"efa_mc1":1,"efa_sc1":0,"efa_mc2":0,"efa_sc2":0,"efa_mc3":0,"efa_sc3":0,"efa_mc4":0,"efa_sc4":0,"efa_mc5":1,"efa_sc5":0,"efa_has_split":0},"geometry":{"type":"Polygon","coordinates":[[[-75.703378,39.599037],[-75.704182,39.602079],[-75.698849,39.603121],[-75.694465,39.601761],[-75.691216,39.599754],[-75.695696,39.59559],[-75.699595,39.593361],[-75.701642,39.594738],[-75.704634,39.596292],[-75.703378,39.599037]]]}},{"id":"158","type":"Feature","properties":{"GEOID":"100030166142","eb":3.14,"sv":1.74,"county":"New Castle","pop":3277.0,"pm25_pct":30.0,"diesel_pct":39.0,"cancer_pct":0.0,"traffic_pct":52.0,"superfund_pct":18.0,"lowinc_pct":0.009459872,"unemp_pct":0.064997804,"lingiso_pct":0.0,"poc_pct":41.0,"sv_health":2.99,"efa":"Not EFA","name":"New Castle BG 166142","efa_hisp_pct":3.0,"efa_black_pct":33.4,"efa_lingiso_pct":0,"efa_lingiso_sp":null,"efa_poverty_pct":1.5,"efa_mhhi":127952.0,"efa_combined_minority":42.3,"efa_has_duplicate":0,"efa_mc1":0,"efa_sc1":0,"efa_mc2":0,"efa_sc2":0,"efa_mc3":0,"efa_sc3":0,"efa_mc4":0,"efa_sc4":0,"efa_mc5":0,"efa_sc5":0,"efa_has_split":0},"geometry":{"type":"Polygon","coordinates":[[[-75.696881,39.450751],[-75.686418,39.452649],[-75.688191,39.460841],[-75.688188,39.460953],[-75.687711,39.462449],[-75.683,39.460706],[-75.681807,39.459253],[-75.677177,39.460353],[-75.676428,39.460323],[-75.674191,39.458815],[-75.676604,39.457615],[-75.675159,39.455069],[-75.674568,39.45512],[-75.674652,39.452881],[-75.673935,39.450897],[-75.672996,39.44971],[-75.665005,39.442904],[-75.665269,39.442695],[-75.664121,39.441715],[-75.666019,39.43953],[-75.665516,39.4382],[-75.668718,39.439345],[-75.672981,39.44062],[-75.676393,39.438736],[-75.684898,39.439297],[-75.687065,39.438278],[-75.689545,39.438538],[-75.693377,39.437978],[-75.693152,39.438506],[-75.69343,39.440234],[-75.695203,39.445689],[-75.696881,39.450751]]]}},{"id":"159","type":"Feature","properties":{"GEOID":"100030117003","eb":6.68,"sv":1.74,"county":"New Castle","pop":1025.0,"pm25_pct":94.0,"diesel_pct":55.0,"cancer_pct":51.0,"traffic_pct":87.0,"superfund_pct":42.0,"lowinc_pct":0.181372549,"unemp_pct":0.0,"lingiso_pct":0.014227642,"poc_pct":9.0,"sv_health":2.95,"efa":"Not EFA","name":"New Castle BG 117003","efa_hisp_pct":3.4,"efa_black_pct":2.5,"efa_lingiso_pct":0,"efa_lingiso_sp":null,"efa_poverty_pct":13.8,"efa_mhhi":117708.0,"efa_combined_minority":8.8,"efa_has_duplicate":0,"efa_mc1":0,"efa_sc1":0,"efa_mc2":0,"efa_sc2":0,"efa_mc3":0,"efa_sc3":0,"efa_mc4":0,"efa_sc4":0,"efa_mc5":0,"efa_sc5":0,"efa_has_split":0},"geometry":{"type":"Polygon","coordinates":[[[-75.580325,39.791683],[-75.575218,39.795537],[-75.575071,39.796962],[-75.573116,39.796731],[-75.572641,39.796293],[-75.572955,39.792779],[-75.572324,39.791257],[-75.563977,39.787438],[-75.55832,39.784303],[-75.555599,39.784686],[-75.553563,39.783528],[-75.548562,39.778762],[-75.547187,39.778041],[-75.546238,39.777774],[-75.544923,39.777644],[-75.543863,39.77174],[-75.542753,39.764613],[-75.549115,39.76277],[-75.553497,39.761809],[-75.557149,39.76146],[-75.556645,39.765622],[-75.55835,39.767822],[-75.559114,39.768496],[-75.565191,39.769232],[-75.570048,39.770965],[-75.574297,39.769097],[-75.576116,39.769004],[-75.578332,39.769888],[-75.578862,39.770426],[-75.579041,39.770921],[-75.578195,39.773231],[-75.577436,39.774398],[-75.573665,39.77739],[-75.570559,39.780941],[-75.570671,39.78245],[-75.575659,39.783998],[-75.576994,39.784491],[-75.577303,39.786472],[-75.579896,39.789252],[-75.580325,39.791683]]]}},{"id":"160","type":"Feature","properties":{"GEOID":"100030105025","eb":6.79,"sv":2.19,"county":"New Castle","pop":1140.0,"pm25_pct":91.0,"diesel_pct":71.0,"cancer_pct":51.0,"traffic_pct":90.0,"superfund_pct":48.0,"lowinc_pct":0.210526316,"unemp_pct":0.041335453,"lingiso_pct":0.0,"poc_pct":42.0,"sv_health":3.72,"efa":"Not EFA","name":"New Castle BG 105025","efa_hisp_pct":0,"efa_black_pct":22.3,"efa_lingiso_pct":0,"efa_lingiso_sp":null,"efa_poverty_pct":10.7,"efa_mhhi":92419.0,"efa_combined_minority":28.0,"efa_has_duplicate":0,"efa_mc1":0,"efa_sc1":0,"efa_mc2":0,"efa_sc2":0,"efa_mc3":0,"efa_sc3":0,"efa_mc4":0,"efa_sc4":0,"efa_mc5":0,"efa_sc5":0,"efa_has_split":0},"geometry":{"type":"Polygon","coordinates":[[[-75.48631,39.779501],[-75.481301,39.782741],[-75.477917,39.785029],[-75.474425,39.788198],[-75.474206,39.788406],[-75.471665,39.787109],[-75.471477,39.785722],[-75.4697455653652,39.7846615325088],[-75.4719915820485,39.7813880156216],[-75.48001,39.773918],[-75.48116,39.774643],[-75.481444,39.774866],[-75.486439,39.779147],[-75.48631,39.779501]]]}},{"id":"161","type":"Feature","properties":{"GEOID":"100030144022","eb":6.22,"sv":2.05,"county":"New Castle","pop":2193.0,"pm25_pct":53.0,"diesel_pct":54.0,"cancer_pct":51.0,"traffic_pct":85.0,"superfund_pct":74.0,"lowinc_pct":0.325581395,"unemp_pct":0.020618557,"lingiso_pct":0.03724605,"poc_pct":46.0,"sv_health":3.56,"efa":"Moderate","name":"New Castle BG 144022","efa_hisp_pct":6.2,"efa_black_pct":6.1,"efa_lingiso_pct":2.9,"efa_lingiso_sp":0,"efa_poverty_pct":15.8,"efa_mhhi":69293.0,"efa_combined_minority":35.7,"efa_has_duplicate":0,"efa_mc1":1,"efa_sc1":0,"efa_mc2":0,"efa_sc2":0,"efa_mc3":0,"efa_sc3":0,"efa_mc4":0,"efa_sc4":0,"efa_mc5":0,"efa_sc5":0,"efa_has_split":0},"geometry":{"type":"Polygon","coordinates":[[[-75.774245,39.66424],[-75.771723,39.669314],[-75.770612,39.670437],[-75.765589,39.67495],[-75.76513,39.674747],[-75.756775,39.674752],[-75.753513,39.674431],[-75.75345,39.672117],[-75.751308,39.655748],[-75.754384,39.653606],[-75.754478,39.653557],[-75.756605,39.654107],[-75.757491,39.655646],[-75.75727,39.657661],[-75.75853,39.656919],[-75.761949,39.656782],[-75.764336,39.657689],[-75.765344,39.659376],[-75.770702,39.659367],[-75.771831,39.660911],[-75.774097,39.662405],[-75.774245,39.66424]]]}},{"id":"162","type":"Feature","properties":{"GEOID":"100030124003","eb":6.75,"sv":3.36,"county":"New Castle","pop":860.0,"pm25_pct":77.0,"diesel_pct":67.0,"cancer_pct":51.0,"traffic_pct":62.0,"superfund_pct":84.0,"lowinc_pct":0.484883721,"unemp_pct":0.10989011,"lingiso_pct":0.036101083,"poc_pct":73.0,"sv_health":4.12,"efa":"Significant","name":"New Castle BG 124003","efa_hisp_pct":34.8,"efa_black_pct":16.4,"efa_lingiso_pct":3.6,"efa_lingiso_sp":100.0,"efa_poverty_pct":30.1,"efa_mhhi":35729.0,"efa_combined_minority":51.2,"efa_has_duplicate":0,"efa_mc1":1,"efa_sc1":1,"efa_mc2":0,"efa_sc2":0,"efa_mc3":1,"efa_sc3":0,"efa_mc4":1,"efa_sc4":0,"efa_mc5":0,"efa_sc5":0,"efa_has_split":0},"geometry":{"type":"Polygon","coordinates":[[[-75.607178,39.73655],[-75.604608,39.73809],[-75.604641,39.738723],[-75.604699,39.738862],[-75.600884,39.739349],[-75.601693,39.735879],[-75.601508,39.734025],[-75.604661,39.733903],[-75.607178,39.73655]]]}},{"id":"163","type":"Feature","properties":{"GEOID":"100030002004","eb":6.33,"sv":3.54,"county":"New Castle","pop":287.0,"pm25_pct":91.0,"diesel_pct":76.0,"cancer_pct":51.0,"traffic_pct":27.0,"superfund_pct":53.0,"lowinc_pct":0.825783972,"unemp_pct":0.0,"lingiso_pct":0.0,"poc_pct":96.0,"sv_health":4.42,"efa":"Significant","name":"New Castle BG 2004","efa_hisp_pct":0,"efa_black_pct":82.1,"efa_lingiso_pct":0,"efa_lingiso_sp":null,"efa_poverty_pct":7.5,"efa_mhhi":43667.0,"efa_combined_minority":93.9,"efa_has_duplicate":0,"efa_mc1":0,"efa_sc1":0,"efa_mc2":1,"efa_sc2":1,"efa_mc3":0,"efa_sc3":0,"efa_mc4":1,"efa_sc4":0,"efa_mc5":0,"efa_sc5":0,"efa_has_split":0},"geometry":{"type":"Polygon","coordinates":[[[-75.533998,39.765659],[-75.531291,39.766893],[-75.529767,39.764869],[-75.527868,39.762338],[-75.529309,39.76167],[-75.531134,39.760384],[-75.531498,39.761467],[-75.533211,39.762922],[-75.535182,39.765114],[-75.533998,39.765659]]]}},{"id":"164","type":"Feature","properties":{"GEOID":"100030006021","eb":7.34,"sv":4.09,"county":"New Castle","pop":937.0,"pm25_pct":84.0,"diesel_pct":87.0,"cancer_pct":51.0,"traffic_pct":73.0,"superfund_pct":62.0,"lowinc_pct":0.549626467,"unemp_pct":0.626728111,"lingiso_pct":0.0,"poc_pct":98.0,"sv_health":4.62,"efa":"Significant","name":"New Castle BG 6021","efa_hisp_pct":0,"efa_black_pct":95.8,"efa_lingiso_pct":0,"efa_lingiso_sp":null,"efa_poverty_pct":25.6,"efa_mhhi":25914.0,"efa_combined_minority":98.8,"efa_has_duplicate":0,"efa_mc1":1,"efa_sc1":1,"efa_mc2":1,"efa_sc2":1,"efa_mc3":1,"efa_sc3":0,"efa_mc4":1,"efa_sc4":1,"efa_mc5":0,"efa_sc5":0,"efa_has_split":0},"geometry":{"type":"Polygon","coordinates":[[[-75.537759,39.753629],[-75.534976,39.754881],[-75.533173,39.75568],[-75.531904,39.756248],[-75.531428,39.754545],[-75.533287,39.752794],[-75.534544,39.751586],[-75.535461,39.752151],[-75.535992,39.752486],[-75.537759,39.753629]]]}},{"id":"165","type":"Feature","properties":{"GEOID":"100050519002","eb":1.42,"sv":3.02,"county":"Sussex","pop":1477.0,"pm25_pct":27.0,"diesel_pct":1.0,"cancer_pct":0.0,"traffic_pct":44.0,"superfund_pct":12.0,"lowinc_pct":0.293838863,"unemp_pct":0.017567568,"lingiso_pct":0.042028986,"poc_pct":28.0,"sv_health":4.24,"efa":"Moderate","name":"Sussex BG 519002","efa_hisp_pct":1.8,"efa_black_pct":14.7,"efa_lingiso_pct":2.7,"efa_lingiso_sp":0,"efa_poverty_pct":15.7,"efa_mhhi":40625.0,"efa_combined_minority":22.8,"efa_has_duplicate":1,"efa_mc1":0,"efa_sc1":0,"efa_mc2":0,"efa_sc2":0,"efa_mc3":0,"efa_sc3":0,"efa_mc4":1,"efa_sc4":0,"efa_mc5":0,"efa_sc5":0,"efa_has_split":1},"geometry":{"type":"Polygon","coordinates":[[[-75.574131,38.462733],[-75.573948,38.467928],[-75.573832,38.468633],[-75.573658,38.469626],[-75.573343,38.471325],[-75.57024,38.484707],[-75.567645,38.492568],[-75.566235,38.49875],[-75.568133,38.505796],[-75.569233,38.50908],[-75.569701,38.512835],[-75.55698,38.513458],[-75.557089,38.507534],[-75.557204,38.501881],[-75.557736,38.475282],[-75.557865,38.468893],[-75.558033,38.460266],[-75.5581387254341,38.4555374850048],[-75.5583959672761,38.4555436004244],[-75.559212,38.455563],[-75.559934,38.455579],[-75.5599750858953,38.4555801940878],[-75.5631781857331,38.4556732864364],[-75.5641119031122,38.4557004232564],[-75.5643518721938,38.4557073975271],[-75.57411,38.455991],[-75.5742232244022,38.4559961655427],[-75.574131,38.462733]]]}},{"id":"166","type":"Feature","properties":{"GEOID":"100030136111","eb":4.43,"sv":2.57,"county":"New Castle","pop":1998.0,"pm25_pct":67.0,"diesel_pct":52.0,"cancer_pct":51.0,"traffic_pct":58.0,"superfund_pct":39.0,"lowinc_pct":0.236236236,"unemp_pct":0.014150943,"lingiso_pct":0.022813688,"poc_pct":50.0,"sv_health":3.4,"efa":"Not EFA","name":"New Castle BG 136111","efa_hisp_pct":0,"efa_black_pct":9.2,"efa_lingiso_pct":2.2,"efa_lingiso_sp":0,"efa_poverty_pct":4.6,"efa_mhhi":86779.0,"efa_combined_minority":16.6,"efa_has_duplicate":0,"efa_mc1":0,"efa_sc1":0,"efa_mc2":0,"efa_sc2":0,"efa_mc3":0,"efa_sc3":0,"efa_mc4":0,"efa_sc4":0,"efa_mc5":0,"efa_sc5":0,"efa_has_split":0},"geometry":{"type":"Polygon","coordinates":[[[-75.713105,39.729288],[-75.709889,39.731483],[-75.70653,39.732691],[-75.702466,39.729243],[-75.702006,39.728561],[-75.701149,39.723923],[-75.699127,39.721848],[-75.703962,39.721488],[-75.705905,39.720847],[-75.709797,39.717628],[-75.711293,39.717335],[-75.711552,39.719464],[-75.712749,39.72824],[-75.713305,39.729372],[-75.713105,39.729288]]]}},{"id":"167","type":"Feature","properties":{"GEOID":"100050511031","eb":1.83,"sv":1.75,"county":"Sussex","pop":703.0,"pm25_pct":7.0,"diesel_pct":35.0,"cancer_pct":0.0,"traffic_pct":74.0,"superfund_pct":6.0,"lowinc_pct":0.126600285,"unemp_pct":0.0,"lingiso_pct":0.0,"poc_pct":7.0,"sv_health":3.51,"efa":"Not EFA","name":"Sussex BG 511031","efa_hisp_pct":0,"efa_black_pct":0.9,"efa_lingiso_pct":0,"efa_lingiso_sp":null,"efa_poverty_pct":10.1,"efa_mhhi":93973.0,"efa_combined_minority":3.4,"efa_has_duplicate":0,"efa_mc1":0,"efa_sc1":0,"efa_mc2":0,"efa_sc2":0,"efa_mc3":0,"efa_sc3":0,"efa_mc4":0,"efa_sc4":0,"efa_mc5":0,"efa_sc5":0,"efa_has_split":0},"geometry":{"type":"Polygon","coordinates":[[[-75.097471,38.689881],[-75.097398,38.689853],[-75.094098,38.69765],[-75.093961,38.699249],[-75.093162,38.708635],[-75.092897,38.70852],[-75.089934,38.707225],[-75.088994,38.706726],[-75.087105,38.705446],[-75.08679,38.705226],[-75.079107,38.699916],[-75.081058,38.698183],[-75.079399,38.69483],[-75.080158,38.694235],[-75.085268,38.694678],[-75.087457,38.692831],[-75.088728,38.693247],[-75.090456,38.691604],[-75.090402,38.68936],[-75.089429,38.68761],[-75.091028,38.687443],[-75.091832,38.688015],[-75.097265,38.688891],[-75.096814,38.689727],[-75.097873,38.688843],[-75.097471,38.689881]]]}},{"id":"168","type":"Feature","properties":{"GEOID":"100050512032","eb":2.26,"sv":2.12,"county":"Sussex","pop":45.0,"pm25_pct":2.0,"diesel_pct":27.0,"cancer_pct":0.0,"traffic_pct":94.0,"superfund_pct":9.0,"lowinc_pct":0.066666667,"unemp_pct":0.0,"lingiso_pct":0.0,"poc_pct":7.0,"sv_health":3.76,"efa":"Not EFA","name":"Sussex BG 512032","efa_hisp_pct":11.4,"efa_black_pct":0,"efa_lingiso_pct":0,"efa_lingiso_sp":null,"efa_poverty_pct":11.4,"efa_mhhi":51563.0,"efa_combined_minority":20.0,"efa_has_duplicate":0,"efa_mc1":0,"efa_sc1":0,"efa_mc2":0,"efa_sc2":0,"efa_mc3":0,"efa_sc3":0,"efa_mc4":1,"efa_sc4":0,"efa_mc5":0,"efa_sc5":0,"efa_has_split":0},"geometry":{"type":"Polygon","coordinates":[[[-75.062925,38.532871],[-75.061624,38.538463],[-75.059418,38.538246],[-75.059169,38.53195],[-75.061449,38.532086],[-75.063051,38.53211],[-75.062925,38.532871]]]}},{"id":"169","type":"Feature","properties":{"GEOID":"100030136103","eb":4.75,"sv":1.93,"county":"New Castle","pop":2780.0,"pm25_pct":62.0,"diesel_pct":46.0,"cancer_pct":51.0,"traffic_pct":26.0,"superfund_pct":52.0,"lowinc_pct":0.353749072,"unemp_pct":0.058776167,"lingiso_pct":0.007912957,"poc_pct":59.0,"sv_health":3.09,"efa":"Not EFA","name":"New Castle BG 136103","efa_hisp_pct":25.0,"efa_black_pct":6.6,"efa_lingiso_pct":0,"efa_lingiso_sp":null,"efa_poverty_pct":6.7,"efa_mhhi":91488.0,"efa_combined_minority":42.0,"efa_has_duplicate":0,"efa_mc1":0,"efa_sc1":0,"efa_mc2":0,"efa_sc2":0,"efa_mc3":0,"efa_sc3":0,"efa_mc4":0,"efa_sc4":0,"efa_mc5":0,"efa_sc5":0,"efa_has_split":0},"geometry":{"type":"Polygon","coordinates":[[[-75.749159,39.693475],[-75.747593,39.696613],[-75.74443,39.698735],[-75.744134,39.7008],[-75.740532,39.704614],[-75.740268,39.712528],[-75.73687,39.713217],[-75.734435,39.709527],[-75.73307,39.707955],[-75.734532,39.707299],[-75.732385,39.704368],[-75.73427,39.700135],[-75.730782,39.698074],[-75.732602,39.696828],[-75.734028,39.694428],[-75.733022,39.692668],[-75.734009,39.692412],[-75.735237,39.689363],[-75.7375,39.689852],[-75.741716,39.690268],[-75.74261,39.690223],[-75.743595,39.690045],[-75.745883,39.689671],[-75.748468,39.689542],[-75.749159,39.693475]]]}},{"id":"170","type":"Feature","properties":{"GEOID":"100030156002","eb":7.87,"sv":3.25,"county":"New Castle","pop":1845.0,"pm25_pct":69.0,"diesel_pct":99.0,"cancer_pct":99.0,"traffic_pct":76.0,"superfund_pct":89.0,"lowinc_pct":0.350758853,"unemp_pct":0.037735849,"lingiso_pct":0.027124774,"poc_pct":95.0,"sv_health":4.3,"efa":"Moderate","name":"New Castle BG 156002","efa_hisp_pct":31.6,"efa_black_pct":50.6,"efa_lingiso_pct":3.3,"efa_lingiso_sp":100.0,"efa_poverty_pct":4.7,"efa_mhhi":61400.0,"efa_combined_minority":86.9,"efa_has_duplicate":0,"efa_mc1":0,"efa_sc1":0,"efa_mc2":1,"efa_sc2":0,"efa_mc3":0,"efa_sc3":0,"efa_mc4":0,"efa_sc4":0,"efa_mc5":0,"efa_sc5":0,"efa_has_split":0},"geometry":{"type":"Polygon","coordinates":[[[-75.564216,39.709794],[-75.561969,39.708553],[-75.555765,39.701302],[-75.552426,39.699508],[-75.55368,39.695751],[-75.562835,39.696342],[-75.561639,39.698484],[-75.564858,39.70905],[-75.564216,39.709794]]]}},{"id":"171","type":"Feature","properties":{"GEOID":"100010407003","eb":3.62,"sv":2.46,"county":"Kent","pop":1983.0,"pm25_pct":11.0,"diesel_pct":36.0,"cancer_pct":0.0,"traffic_pct":62.0,"superfund_pct":78.0,"lowinc_pct":0.342410489,"unemp_pct":0.062322946,"lingiso_pct":0.0,"poc_pct":69.0,"sv_health":4.15,"efa":"Moderate","name":"Kent BG 407003","efa_hisp_pct":7.2,"efa_black_pct":32.6,"efa_lingiso_pct":0,"efa_lingiso_sp":null,"efa_poverty_pct":11.8,"efa_mhhi":68911.0,"efa_combined_minority":42.4,"efa_has_duplicate":0,"efa_mc1":1,"efa_sc1":0,"efa_mc2":0,"efa_sc2":0,"efa_mc3":0,"efa_sc3":0,"efa_mc4":0,"efa_sc4":0,"efa_mc5":0,"efa_sc5":0,"efa_has_split":0},"geometry":{"type":"Polygon","coordinates":[[[-75.560559,39.165887],[-75.560117,39.1663],[-75.546488,39.16938],[-75.542852,39.158895],[-75.545139,39.158772],[-75.545542,39.158752],[-75.545843,39.158749],[-75.556415,39.159082],[-75.557471,39.159031],[-75.55816,39.163601],[-75.560534,39.165874],[-75.560559,39.165887]]]}},{"id":"172","type":"Feature","properties":{"GEOID":"100050510081","eb":2.08,"sv":2.14,"county":"Sussex","pop":309.0,"pm25_pct":10.0,"diesel_pct":32.0,"cancer_pct":0.0,"traffic_pct":71.0,"superfund_pct":5.0,"lowinc_pct":0.139158576,"unemp_pct":0.0,"lingiso_pct":0.0,"poc_pct":0.0,"sv_health":3.84,"efa":"Not EFA","name":"Sussex BG 510081","efa_hisp_pct":0,"efa_black_pct":9.8,"efa_lingiso_pct":0,"efa_lingiso_sp":null,"efa_poverty_pct":7.9,"efa_mhhi":null,"efa_combined_minority":9.8,"efa_has_duplicate":0,"efa_mc1":0,"efa_sc1":0,"efa_mc2":0,"efa_sc2":0,"efa_mc3":0,"efa_sc3":0,"efa_mc4":0,"efa_sc4":0,"efa_mc5":0,"efa_sc5":0,"efa_has_split":0},"geometry":{"type":"Polygon","coordinates":[[[-75.130372,38.735533],[-75.122035,38.731429],[-75.120039,38.72971],[-75.122725,38.724608],[-75.123763,38.723689],[-75.129144,38.727926],[-75.133265,38.731178],[-75.130372,38.735533]]]}},{"id":"173","type":"Feature","properties":{"GEOID":"100030136131","eb":4.93,"sv":1.69,"county":"New Castle","pop":1405.0,"pm25_pct":74.0,"diesel_pct":56.0,"cancer_pct":51.0,"traffic_pct":34.0,"superfund_pct":62.0,"lowinc_pct":0.108896797,"unemp_pct":0.051257253,"lingiso_pct":0.032258065,"poc_pct":13.0,"sv_health":3.26,"efa":"Not EFA","name":"New Castle BG 136131","efa_hisp_pct":1.6,"efa_black_pct":0.1,"efa_lingiso_pct":5.9,"efa_lingiso_sp":0,"efa_poverty_pct":12.4,"efa_mhhi":171964.0,"efa_combined_minority":9.6,"efa_has_duplicate":0,"efa_mc1":0,"efa_sc1":0,"efa_mc2":0,"efa_sc2":0,"efa_mc3":0,"efa_sc3":0,"efa_mc4":0,"efa_sc4":0,"efa_mc5":0,"efa_sc5":0,"efa_has_split":0},"geometry":{"type":"Polygon","coordinates":[[[-75.682961,39.762776],[-75.68051,39.764497],[-75.678488,39.764914],[-75.67421,39.767418],[-75.670683,39.767854],[-75.664184,39.770612],[-75.662951,39.76474],[-75.662754,39.762428],[-75.660831,39.756337],[-75.660396,39.751581],[-75.669338,39.750377],[-75.676013,39.752626],[-75.677338,39.752435],[-75.678182,39.754855],[-75.677755,39.757062],[-75.679192,39.758266],[-75.681038,39.761113],[-75.682961,39.762776]]]}},{"id":"174","type":"Feature","properties":{"GEOID":"100030003001","eb":6.84,"sv":4.04,"county":"New Castle","pop":669.0,"pm25_pct":90.0,"diesel_pct":84.0,"cancer_pct":51.0,"traffic_pct":38.0,"superfund_pct":57.0,"lowinc_pct":0.79671151,"unemp_pct":0.110576923,"lingiso_pct":0.0,"poc_pct":95.0,"sv_health":4.76,"efa":"Significant","name":"New Castle BG 3001","efa_hisp_pct":19.1,"efa_black_pct":69.0,"efa_lingiso_pct":0,"efa_lingiso_sp":null,"efa_poverty_pct":65.7,"efa_mhhi":27670.0,"efa_combined_minority":92.9,"efa_has_duplicate":0,"efa_mc1":1,"efa_sc1":1,"efa_mc2":1,"efa_sc2":1,"efa_mc3":1,"efa_sc3":1,"efa_mc4":1,"efa_sc4":1,"efa_mc5":0,"efa_sc5":0,"efa_has_split":0},"geometry":{"type":"Polygon","coordinates":[[[-75.538984,39.760188],[-75.535894,39.761579],[-75.534023,39.759078],[-75.537109,39.757683],[-75.538984,39.760188]]]}},{"id":"175","type":"Feature","properties":{"GEOID":"100030166133","eb":3.46,"sv":2.53,"county":"New Castle","pop":2201.0,"pm25_pct":30.0,"diesel_pct":39.0,"cancer_pct":0.0,"traffic_pct":43.0,"superfund_pct":22.0,"lowinc_pct":0.442071786,"unemp_pct":0.080701754,"lingiso_pct":0.0,"poc_pct":55.0,"sv_health":3.51,"efa":"Moderate","name":"New Castle BG 166133","efa_hisp_pct":7.0,"efa_black_pct":50.3,"efa_lingiso_pct":0,"efa_lingiso_sp":null,"efa_poverty_pct":12.1,"efa_mhhi":45394.0,"efa_combined_minority":57.3,"efa_has_duplicate":0,"efa_mc1":0,"efa_sc1":0,"efa_mc2":0,"efa_sc2":0,"efa_mc3":0,"efa_sc3":0,"efa_mc4":1,"efa_sc4":0,"efa_mc5":0,"efa_sc5":0,"efa_has_split":0},"geometry":{"type":"Polygon","coordinates":[[[-75.719213,39.457403],[-75.712091,39.458412],[-75.710352,39.457107],[-75.708448,39.456634],[-75.709007,39.454893],[-75.707302,39.450127],[-75.716689,39.449686],[-75.719213,39.457403]]]}},{"id":"176","type":"Feature","properties":{"GEOID":"100030135071","eb":5.04,"sv":1.64,"county":"New Castle","pop":1665.0,"pm25_pct":81.0,"diesel_pct":46.0,"cancer_pct":51.0,"traffic_pct":47.0,"superfund_pct":76.0,"lowinc_pct":0.06638246,"unemp_pct":0.0,"lingiso_pct":0.0,"poc_pct":32.0,"sv_health":3.13,"efa":"Not EFA","name":"New Castle BG 135071","efa_hisp_pct":0,"efa_black_pct":2.3,"efa_lingiso_pct":0,"efa_lingiso_sp":null,"efa_poverty_pct":4.7,"efa_mhhi":121094.0,"efa_combined_minority":24.1,"efa_has_duplicate":0,"efa_mc1":0,"efa_sc1":0,"efa_mc2":0,"efa_sc2":0,"efa_mc3":0,"efa_sc3":0,"efa_mc4":0,"efa_sc4":0,"efa_mc5":0,"efa_sc5":0,"efa_has_split":0},"geometry":{"type":"Polygon","coordinates":[[[-75.690677,39.775025],[-75.684359,39.778622],[-75.679172,39.780507],[-75.674382,39.781782],[-75.67151,39.783961],[-75.669915,39.783607],[-75.664784,39.778456],[-75.664236,39.771053],[-75.664184,39.770612],[-75.670683,39.767854],[-75.67421,39.767418],[-75.678488,39.764914],[-75.68051,39.764497],[-75.682961,39.762776],[-75.683689,39.763102],[-75.685344,39.763477],[-75.686104,39.764239],[-75.684185,39.768854],[-75.686709,39.771032],[-75.688122,39.77106],[-75.689207,39.774275],[-75.690677,39.775025]]]}},{"id":"177","type":"Feature","properties":{"GEOID":"100050508083","eb":2.24,"sv":2.46,"county":"Sussex","pop":994.0,"pm25_pct":29.0,"diesel_pct":18.0,"cancer_pct":0.0,"traffic_pct":53.0,"superfund_pct":14.0,"lowinc_pct":0.393360161,"unemp_pct":0.08,"lingiso_pct":0.099800399,"poc_pct":28.0,"sv_health":3.85,"efa":"Moderate","name":"Sussex BG 508083","efa_hisp_pct":28.7,"efa_black_pct":0.2,"efa_lingiso_pct":9.1,"efa_lingiso_sp":100.0,"efa_poverty_pct":11.0,"efa_mhhi":48060.0,"efa_combined_minority":28.9,"efa_has_duplicate":0,"efa_mc1":0,"efa_sc1":0,"efa_mc2":0,"efa_sc2":0,"efa_mc3":0,"efa_sc3":0,"efa_mc4":1,"efa_sc4":0,"efa_mc5":0,"efa_sc5":0,"efa_has_split":0},"geometry":{"type":"Polygon","coordinates":[[[-75.201315,38.747263],[-75.189577,38.751027],[-75.188777,38.75043],[-75.186721,38.749604],[-75.182661,38.749511],[-75.173871,38.748401],[-75.195291,38.740416],[-75.19936,38.739812],[-75.199865,38.74367],[-75.201315,38.747263]]]}},{"id":"178","type":"Feature","properties":{"GEOID":"100030109003","eb":6.14,"sv":2.31,"county":"New Castle","pop":597.0,"pm25_pct":93.0,"diesel_pct":68.0,"cancer_pct":51.0,"traffic_pct":70.0,"superfund_pct":38.0,"lowinc_pct":0.152428811,"unemp_pct":0.169491525,"lingiso_pct":0.0,"poc_pct":52.0,"sv_health":4.01,"efa":"Not EFA","name":"New Castle BG 109003","efa_hisp_pct":0.5,"efa_black_pct":33.0,"efa_lingiso_pct":0,"efa_lingiso_sp":null,"efa_poverty_pct":10.9,"efa_mhhi":null,"efa_combined_minority":35.3,"efa_has_duplicate":0,"efa_mc1":0,"efa_sc1":0,"efa_mc2":0,"efa_sc2":0,"efa_mc3":0,"efa_sc3":0,"efa_mc4":0,"efa_sc4":0,"efa_mc5":0,"efa_sc5":0,"efa_has_split":0},"geometry":{"type":"Polygon","coordinates":[[[-75.518934,39.783816],[-75.507713,39.785135],[-75.505945,39.785205],[-75.506074,39.782889],[-75.506377,39.780922],[-75.510759,39.778917],[-75.516934,39.777214],[-75.516964,39.778303],[-75.518934,39.783816]]]}},{"id":"179","type":"Feature","properties":{"GEOID":"100030125004","eb":7.32,"sv":3.0,"county":"New Castle","pop":395.0,"pm25_pct":76.0,"diesel_pct":85.0,"cancer_pct":51.0,"traffic_pct":79.0,"superfund_pct":91.0,"lowinc_pct":0.250632911,"unemp_pct":0.0,"lingiso_pct":0.0,"poc_pct":38.0,"sv_health":3.85,"efa":"Moderate","name":"New Castle BG 125004","efa_hisp_pct":16.2,"efa_black_pct":0,"efa_lingiso_pct":0,"efa_lingiso_sp":null,"efa_poverty_pct":11.7,"efa_mhhi":null,"efa_combined_minority":45.7,"efa_has_duplicate":0,"efa_mc1":1,"efa_sc1":0,"efa_mc2":0,"efa_sc2":0,"efa_mc3":0,"efa_sc3":0,"efa_mc4":0,"efa_sc4":0,"efa_mc5":0,"efa_sc5":0,"efa_has_split":0},"geometry":{"type":"Polygon","coordinates":[[[-75.595328,39.728111],[-75.587692,39.727238],[-75.593933,39.722874],[-75.596263,39.723249],[-75.595328,39.728111]]]}},{"id":"180","type":"Feature","properties":{"GEOID":"100030002003","eb":6.35,"sv":2.93,"county":"New Castle","pop":621.0,"pm25_pct":91.0,"diesel_pct":76.0,"cancer_pct":51.0,"traffic_pct":34.0,"superfund_pct":50.0,"lowinc_pct":0.400966184,"unemp_pct":0.0,"lingiso_pct":0.0,"poc_pct":96.0,"sv_health":4.42,"efa":"Significant","name":"New Castle BG 2003","efa_hisp_pct":6.1,"efa_black_pct":87.5,"efa_lingiso_pct":0,"efa_lingiso_sp":null,"efa_poverty_pct":9.6,"efa_mhhi":92375.0,"efa_combined_minority":93.6,"efa_has_duplicate":0,"efa_mc1":0,"efa_sc1":0,"efa_mc2":1,"efa_sc2":1,"efa_mc3":0,"efa_sc3":0,"efa_mc4":0,"efa_sc4":0,"efa_mc5":0,"efa_sc5":0,"efa_has_split":0},"geometry":{"type":"Polygon","coordinates":[[[-75.533786,39.768526],[-75.532026,39.770066],[-75.532353,39.769778],[-75.526046,39.76621],[-75.525812,39.766144],[-75.524305,39.765672],[-75.523031,39.764647],[-75.527868,39.762338],[-75.529767,39.764869],[-75.531291,39.766893],[-75.532787,39.769394],[-75.533786,39.768526]]]}},{"id":"181","type":"Feature","properties":{"GEOID":"100030006022","eb":7.39,"sv":3.67,"county":"New Castle","pop":780.0,"pm25_pct":84.0,"diesel_pct":87.0,"cancer_pct":51.0,"traffic_pct":58.0,"superfund_pct":67.0,"lowinc_pct":0.584615385,"unemp_pct":0.024498886,"lingiso_pct":0.0,"poc_pct":99.0,"sv_health":4.62,"efa":"Significant","name":"New Castle BG 6022","efa_hisp_pct":12.0,"efa_black_pct":86.6,"efa_lingiso_pct":0,"efa_lingiso_sp":null,"efa_poverty_pct":11.2,"efa_mhhi":51685.0,"efa_combined_minority":98.6,"efa_has_duplicate":0,"efa_mc1":0,"efa_sc1":0,"efa_mc2":1,"efa_sc2":1,"efa_mc3":0,"efa_sc3":0,"efa_mc4":1,"efa_sc4":0,"efa_mc5":0,"efa_sc5":0,"efa_has_split":0},"geometry":{"type":"Polygon","coordinates":[[[-75.539978,39.748346],[-75.539179,39.74832],[-75.535461,39.752151],[-75.534544,39.751586],[-75.535925,39.748783],[-75.531615,39.746054],[-75.53753,39.743324],[-75.539743,39.746609],[-75.539978,39.748346]]]}},{"id":"182","type":"Feature","properties":{"GEOID":"100030024003","eb":6.86,"sv":4.08,"county":"New Castle","pop":1057.0,"pm25_pct":83.0,"diesel_pct":78.0,"cancer_pct":51.0,"traffic_pct":86.0,"superfund_pct":54.0,"lowinc_pct":0.65625,"unemp_pct":0.177664975,"lingiso_pct":0.081395349,"poc_pct":87.0,"sv_health":4.57,"efa":"Moderate","name":"New Castle BG 24003","efa_hisp_pct":6.7,"efa_black_pct":71.2,"efa_lingiso_pct":11.0,"efa_lingiso_sp":100.0,"efa_poverty_pct":20.1,"efa_mhhi":33966.0,"efa_combined_minority":77.9,"efa_has_duplicate":0,"efa_mc1":1,"efa_sc1":0,"efa_mc2":1,"efa_sc2":0,"efa_mc3":0,"efa_sc3":0,"efa_mc4":1,"efa_sc4":0,"efa_mc5":0,"efa_sc5":0,"efa_has_split":0},"geometry":{"type":"Polygon","coordinates":[[[-75.581755,39.749759],[-75.579104,39.753658],[-75.571993,39.750751],[-75.574639,39.746869],[-75.581662,39.749721],[-75.581755,39.749759]]]}},{"id":"183","type":"Feature","properties":{"GEOID":"100030136102","eb":5.05,"sv":1.39,"county":"New Castle","pop":724.0,"pm25_pct":62.0,"diesel_pct":46.0,"cancer_pct":51.0,"traffic_pct":58.0,"superfund_pct":49.0,"lowinc_pct":0.012430939,"unemp_pct":0.025742574,"lingiso_pct":0.0,"poc_pct":42.0,"sv_health":3.09,"efa":"Not EFA","name":"New Castle BG 136102","efa_hisp_pct":7.0,"efa_black_pct":7.6,"efa_lingiso_pct":0,"efa_lingiso_sp":null,"efa_poverty_pct":0,"efa_mhhi":111419.0,"efa_combined_minority":30.6,"efa_has_duplicate":0,"efa_mc1":0,"efa_sc1":0,"efa_mc2":0,"efa_sc2":0,"efa_mc3":0,"efa_sc3":0,"efa_mc4":0,"efa_sc4":0,"efa_mc5":0,"efa_sc5":0,"efa_has_split":0},"geometry":{"type":"Polygon","coordinates":[[[-75.749896,39.697519],[-75.746555,39.703604],[-75.744636,39.709937],[-75.742509,39.712432],[-75.742265,39.71282],[-75.740837,39.715487],[-75.739349,39.715068],[-75.738608,39.714738],[-75.738167,39.714497],[-75.73687,39.713217],[-75.740268,39.712528],[-75.740532,39.704614],[-75.744134,39.7008],[-75.74443,39.698735],[-75.747593,39.696613],[-75.749159,39.693475],[-75.748468,39.689542],[-75.748756,39.68943],[-75.750718,39.695498],[-75.749896,39.697519]]]}},{"id":"184","type":"Feature","properties":{"GEOID":"100030163014","eb":5.67,"sv":2.55,"county":"New Castle","pop":1275.0,"pm25_pct":50.0,"diesel_pct":60.0,"cancer_pct":51.0,"traffic_pct":35.0,"superfund_pct":93.0,"lowinc_pct":0.122352941,"unemp_pct":0.05775076,"lingiso_pct":0.0,"poc_pct":72.0,"sv_health":3.66,"efa":"Not EFA","name":"New Castle BG 163014","efa_hisp_pct":15.2,"efa_black_pct":36.2,"efa_lingiso_pct":0,"efa_lingiso_sp":null,"efa_poverty_pct":9.4,"efa_mhhi":101090.0,"efa_combined_minority":57.3,"efa_has_duplicate":0,"efa_mc1":0,"efa_sc1":0,"efa_mc2":0,"efa_sc2":0,"efa_mc3":0,"efa_sc3":0,"efa_mc4":0,"efa_sc4":0,"efa_mc5":0,"efa_sc5":0,"efa_has_split":0},"geometry":{"type":"Polygon","coordinates":[[[-75.678831,39.618043],[-75.660829,39.627808],[-75.664394,39.608419],[-75.664893,39.607029],[-75.664926,39.605876],[-75.665625,39.607389],[-75.66857,39.608735],[-75.668909,39.608943],[-75.678831,39.618043]]]}},{"id":"185","type":"Feature","properties":{"GEOID":"100030137002","eb":5.44,"sv":2.75,"county":"New Castle","pop":2201.0,"pm25_pct":64.0,"diesel_pct":57.0,"cancer_pct":51.0,"traffic_pct":77.0,"superfund_pct":55.0,"lowinc_pct":0.441617447,"unemp_pct":0.032069971,"lingiso_pct":0.033505155,"poc_pct":88.0,"sv_health":3.6,"efa":"Moderate","name":"New Castle BG 137002","efa_hisp_pct":39.4,"efa_black_pct":30.9,"efa_lingiso_pct":1.8,"efa_lingiso_sp":100.0,"efa_poverty_pct":20.6,"efa_mhhi":60440.0,"efa_combined_minority":76.6,"efa_has_duplicate":0,"efa_mc1":1,"efa_sc1":0,"efa_mc2":0,"efa_sc2":0,"efa_mc3":0,"efa_sc3":0,"efa_mc4":0,"efa_sc4":0,"efa_mc5":0,"efa_sc5":0,"efa_has_split":0},"geometry":{"type":"Polygon","coordinates":[[[-75.724163,39.692463],[-75.722205,39.69354],[-75.720381,39.694309],[-75.719565,39.694606],[-75.714728,39.695872],[-75.709428,39.697796],[-75.708854,39.693183],[-75.707946,39.691988],[-75.706721,39.690898],[-75.708075,39.688748],[-75.709927,39.68989],[-75.715904,39.690686],[-75.718678,39.69348],[-75.723668,39.692523],[-75.724163,39.692463]]]}},{"id":"186","type":"Feature","properties":{"GEOID":"100030003003","eb":7.33,"sv":3.31,"county":"New Castle","pop":1405.0,"pm25_pct":90.0,"diesel_pct":84.0,"cancer_pct":51.0,"traffic_pct":94.0,"superfund_pct":54.0,"lowinc_pct":0.177935943,"unemp_pct":0.106971154,"lingiso_pct":0.0,"poc_pct":90.0,"sv_health":4.76,"efa":"Not EFA","name":"New Castle BG 3003","efa_hisp_pct":7.1,"efa_black_pct":58.6,"efa_lingiso_pct":0,"efa_lingiso_sp":null,"efa_poverty_pct":2.5,"efa_mhhi":84267.0,"efa_combined_minority":73.1,"efa_has_duplicate":0,"efa_mc1":0,"efa_sc1":0,"efa_mc2":0,"efa_sc2":0,"efa_mc3":0,"efa_sc3":0,"efa_mc4":0,"efa_sc4":0,"efa_mc5":0,"efa_sc5":0,"efa_has_split":0},"geometry":{"type":"Polygon","coordinates":[[[-75.542753,39.764613],[-75.539276,39.766037],[-75.535894,39.761579],[-75.538984,39.760188],[-75.541909,39.758886],[-75.542236,39.761202],[-75.542753,39.764613]]]}},{"id":"187","type":"Feature","properties":{"GEOID":"100030140003","eb":5.27,"sv":3.04,"county":"New Castle","pop":1252.0,"pm25_pct":62.0,"diesel_pct":89.0,"cancer_pct":51.0,"traffic_pct":70.0,"superfund_pct":47.0,"lowinc_pct":0.227635783,"unemp_pct":0.106958763,"lingiso_pct":0.0,"poc_pct":93.0,"sv_health":4.01,"efa":"Significant","name":"New Castle BG 140003","efa_hisp_pct":21.1,"efa_black_pct":58.7,"efa_lingiso_pct":0,"efa_lingiso_sp":null,"efa_poverty_pct":11.8,"efa_mhhi":54808.0,"efa_combined_minority":91.4,"efa_has_duplicate":0,"efa_mc1":1,"efa_sc1":0,"efa_mc2":1,"efa_sc2":1,"efa_mc3":0,"efa_sc3":0,"efa_mc4":0,"efa_sc4":0,"efa_mc5":0,"efa_sc5":0,"efa_has_split":0},"geometry":{"type":"Polygon","coordinates":[[[-75.688632,39.689124],[-75.684718,39.688249],[-75.682639,39.686505],[-75.681923,39.685677],[-75.681778,39.685508],[-75.68638,39.683382],[-75.685638,39.683831],[-75.688234,39.684711],[-75.689499,39.688387],[-75.688632,39.689124]]]}},{"id":"188","type":"Feature","properties":{"GEOID":"100050505031","eb":4.82,"sv":4.58,"county":"Sussex","pop":2605.0,"pm25_pct":41.0,"diesel_pct":25.0,"cancer_pct":0.0,"traffic_pct":78.0,"superfund_pct":92.0,"lowinc_pct":0.742442564,"unemp_pct":0.022194821,"lingiso_pct":0.377929688,"poc_pct":87.0,"sv_health":5.29,"efa":"Significant","name":"Sussex BG 505031","efa_hisp_pct":51.8,"efa_black_pct":9.8,"efa_lingiso_pct":37.1,"efa_lingiso_sp":100.0,"efa_poverty_pct":26.4,"efa_mhhi":45501.0,"efa_combined_minority":73.5,"efa_has_duplicate":0,"efa_mc1":1,"efa_sc1":1,"efa_mc2":0,"efa_sc2":0,"efa_mc3":1,"efa_sc3":0,"efa_mc4":1,"efa_sc4":0,"efa_mc5":0,"efa_sc5":1,"efa_has_split":0},"geometry":{"type":"Polygon","coordinates":[[[-75.401917,38.705171],[-75.391342,38.694911],[-75.385855,38.69006],[-75.396067,38.681838],[-75.396356,38.682439],[-75.403183,38.706095],[-75.401917,38.705171]]]}},{"id":"189","type":"Feature","properties":{"GEOID":"100030026002","eb":7.46,"sv":3.48,"county":"New Castle","pop":843.0,"pm25_pct":80.0,"diesel_pct":94.0,"cancer_pct":51.0,"traffic_pct":98.0,"superfund_pct":72.0,"lowinc_pct":0.302491103,"unemp_pct":0.087689713,"lingiso_pct":0.180821918,"poc_pct":97.0,"sv_health":4.41,"efa":"Significant","name":"New Castle BG 26002","efa_hisp_pct":13.8,"efa_black_pct":85.2,"efa_lingiso_pct":12.2,"efa_lingiso_sp":100.0,"efa_poverty_pct":8.2,"efa_mhhi":66595.0,"efa_combined_minority":99.0,"efa_has_duplicate":0,"efa_mc1":0,"efa_sc1":0,"efa_mc2":1,"efa_sc2":1,"efa_mc3":0,"efa_sc3":0,"efa_mc4":0,"efa_sc4":0,"efa_mc5":0,"efa_sc5":0,"efa_has_split":0},"geometry":{"type":"Polygon","coordinates":[[[-75.567215,39.74106],[-75.562644,39.74],[-75.561973,39.741688],[-75.561317,39.741425],[-75.559115,39.740589],[-75.565715,39.737894],[-75.568533,39.739126],[-75.567215,39.74106]]]}},{"id":"190","type":"Feature","properties":{"GEOID":"100050513141","eb":1.57,"sv":2.14,"county":"Sussex","pop":1081.0,"pm25_pct":5.0,"diesel_pct":14.0,"cancer_pct":0.0,"traffic_pct":16.0,"superfund_pct":15.0,"lowinc_pct":0.151711378,"unemp_pct":0.0,"lingiso_pct":0.007429421,"poc_pct":0.0,"sv_health":3.99,"efa":"Not EFA","name":"Sussex BG 513141","efa_hisp_pct":8.7,"efa_black_pct":0,"efa_lingiso_pct":0.7,"efa_lingiso_sp":0,"efa_poverty_pct":3.7,"efa_mhhi":82857.0,"efa_combined_minority":10.5,"efa_has_duplicate":0,"efa_mc1":0,"efa_sc1":0,"efa_mc2":0,"efa_sc2":0,"efa_mc3":0,"efa_sc3":0,"efa_mc4":0,"efa_sc4":0,"efa_mc5":0,"efa_sc5":0,"efa_has_split":0},"geometry":{"type":"Polygon","coordinates":[[[-75.115243,38.528908],[-75.114972,38.532007],[-75.113283,38.534476],[-75.11302,38.534895],[-75.107782,38.537126],[-75.105815,38.538691],[-75.10468,38.53973],[-75.103818,38.540226],[-75.102911,38.540755],[-75.101812,38.541952],[-75.10114,38.542294],[-75.095384,38.542638],[-75.095978,38.541141],[-75.095074,38.539289],[-75.09116,38.537185],[-75.089884,38.53556],[-75.089531,38.534998],[-75.08921,38.534354],[-75.08883,38.53359],[-75.094217,38.525449],[-75.095062,38.525468],[-75.097931,38.524171],[-75.101845,38.521943],[-75.103503,38.522144],[-75.105155,38.522423],[-75.106042,38.522563],[-75.107128,38.522741],[-75.111937,38.524138],[-75.117058,38.525271],[-75.115243,38.528908]]]}},{"id":"191","type":"Feature","properties":{"GEOID":"100030147032","eb":6.35,"sv":3.06,"county":"New Castle","pop":655.0,"pm25_pct":57.0,"diesel_pct":74.0,"cancer_pct":51.0,"traffic_pct":79.0,"superfund_pct":87.0,"lowinc_pct":0.283969466,"unemp_pct":0.0,"lingiso_pct":0.153024911,"poc_pct":69.0,"sv_health":4.07,"efa":"Moderate","name":"New Castle BG 147032","efa_hisp_pct":47.4,"efa_black_pct":2.0,"efa_lingiso_pct":17.3,"efa_lingiso_sp":0,"efa_poverty_pct":7.3,"efa_mhhi":92784.0,"efa_combined_minority":56.0,"efa_has_duplicate":0,"efa_mc1":0,"efa_sc1":0,"efa_mc2":0,"efa_sc2":0,"efa_mc3":0,"efa_sc3":0,"efa_mc4":0,"efa_sc4":0,"efa_mc5":1,"efa_sc5":0,"efa_has_split":0},"geometry":{"type":"Polygon","coordinates":[[[-75.73886,39.669542],[-75.736298,39.67065],[-75.732453,39.670601],[-75.728387,39.670231],[-75.727617,39.670291],[-75.726564,39.662704],[-75.728532,39.66229],[-75.736081,39.661738],[-75.736879,39.663515],[-75.738688,39.667747],[-75.73886,39.669542]]]}},{"id":"192","type":"Feature","properties":{"GEOID":"100050501013","eb":3.23,"sv":2.5,"county":"Sussex","pop":1875.0,"pm25_pct":42.0,"diesel_pct":19.0,"cancer_pct":0.0,"traffic_pct":29.0,"superfund_pct":1.0,"lowinc_pct":0.131578947,"unemp_pct":0.027332705,"lingiso_pct":0.0,"poc_pct":12.0,"sv_health":4.05,"efa":"Not EFA","name":"Sussex BG 501013","efa_hisp_pct":6.1,"efa_black_pct":0,"efa_lingiso_pct":0,"efa_lingiso_sp":null,"efa_poverty_pct":6.9,"efa_mhhi":80642.0,"efa_combined_minority":14.3,"efa_has_duplicate":0,"efa_mc1":0,"efa_sc1":0,"efa_mc2":0,"efa_sc2":0,"efa_mc3":0,"efa_sc3":0,"efa_mc4":0,"efa_sc4":0,"efa_mc5":0,"efa_sc5":0,"efa_has_split":0},"geometry":{"type":"Polygon","coordinates":[[[-75.475074,38.888989],[-75.471845,38.893824],[-75.471452,38.895274],[-75.467974,38.899532],[-75.467448,38.900768],[-75.464257,38.902645],[-75.463443,38.906417],[-75.460575,38.909382],[-75.456385,38.909809],[-75.449628,38.912065],[-75.446064,38.912768],[-75.443988,38.913074],[-75.443717,38.913077],[-75.443632,38.911897],[-75.440068,38.903726],[-75.439542,38.901853],[-75.441506,38.899369],[-75.442672,38.898287],[-75.455772,38.890218],[-75.46275,38.885313],[-75.472957,38.888923],[-75.475074,38.888989]]]}},{"id":"193","type":"Feature","properties":{"GEOID":"100030114002","eb":5.63,"sv":2.07,"county":"New Castle","pop":1323.0,"pm25_pct":96.0,"diesel_pct":69.0,"cancer_pct":51.0,"traffic_pct":49.0,"superfund_pct":33.0,"lowinc_pct":0.032207384,"unemp_pct":0.3,"lingiso_pct":0.0,"poc_pct":21.0,"sv_health":3.14,"efa":"Not EFA","name":"New Castle BG 114002","efa_hisp_pct":2.1,"efa_black_pct":1.2,"efa_lingiso_pct":0,"efa_lingiso_sp":null,"efa_poverty_pct":1.2,"efa_mhhi":182321.0,"efa_combined_minority":10.0,"efa_has_duplicate":0,"efa_mc1":0,"efa_sc1":0,"efa_mc2":0,"efa_sc2":0,"efa_mc3":0,"efa_sc3":0,"efa_mc4":0,"efa_sc4":0,"efa_mc5":0,"efa_sc5":0,"efa_has_split":0},"geometry":{"type":"Polygon","coordinates":[[[-75.528458,39.794127],[-75.515238,39.808244],[-75.511253,39.805865],[-75.512403,39.804461],[-75.512766,39.803245],[-75.51686,39.798791],[-75.511714,39.796249],[-75.513869,39.793962],[-75.514395,39.793542],[-75.523908,39.791562],[-75.528458,39.794127]]]}},{"id":"194","type":"Feature","properties":{"GEOID":"100050507072","eb":1.91,"sv":3.46,"county":"Sussex","pop":731.0,"pm25_pct":21.0,"diesel_pct":9.0,"cancer_pct":0.0,"traffic_pct":1.0,"superfund_pct":27.0,"lowinc_pct":0.317373461,"unemp_pct":0.038147139,"lingiso_pct":0.0,"poc_pct":15.0,"sv_health":4.52,"efa":"Moderate","name":"Sussex BG 507072","efa_hisp_pct":3.2,"efa_black_pct":0,"efa_lingiso_pct":0,"efa_lingiso_sp":null,"efa_poverty_pct":7.8,"efa_mhhi":41034.0,"efa_combined_minority":8.1,"efa_has_duplicate":0,"efa_mc1":0,"efa_sc1":0,"efa_mc2":0,"efa_sc2":0,"efa_mc3":0,"efa_sc3":0,"efa_mc4":1,"efa_sc4":0,"efa_mc5":0,"efa_sc5":0,"efa_has_split":0},"geometry":{"type":"Polygon","coordinates":[[[-75.177212,38.626013],[-75.172916,38.630037],[-75.167212,38.628561],[-75.163201,38.628367],[-75.160557,38.628614],[-75.151845,38.620888],[-75.150861,38.617722],[-75.152953,38.611371],[-75.155163,38.611349],[-75.154974,38.609487],[-75.158212,38.610249],[-75.159544,38.614689],[-75.161712,38.615769],[-75.164777,38.616252],[-75.168746,38.619935],[-75.169355,38.620881],[-75.172883,38.621952],[-75.174394,38.622602],[-75.177212,38.626013]]]}},{"id":"195","type":"Feature","properties":{"GEOID":"100050510083","eb":2.0,"sv":2.18,"county":"Sussex","pop":2980.0,"pm25_pct":10.0,"diesel_pct":32.0,"cancer_pct":0.0,"traffic_pct":49.0,"superfund_pct":4.0,"lowinc_pct":0.069127517,"unemp_pct":0.038626609,"lingiso_pct":0.0,"poc_pct":39.0,"sv_health":3.84,"efa":"Not EFA","name":"Sussex BG 510083","efa_hisp_pct":0.9,"efa_black_pct":16.7,"efa_lingiso_pct":0,"efa_lingiso_sp":null,"efa_poverty_pct":2.2,"efa_mhhi":144572.0,"efa_combined_minority":21.4,"efa_has_duplicate":0,"efa_mc1":0,"efa_sc1":0,"efa_mc2":0,"efa_sc2":0,"efa_mc3":0,"efa_sc3":0,"efa_mc4":0,"efa_sc4":0,"efa_mc5":0,"efa_sc5":0,"efa_has_split":0},"geometry":{"type":"Polygon","coordinates":[[[-75.151968,38.746844],[-75.150069,38.752153],[-75.148287,38.755701],[-75.138965,38.75383],[-75.138374,38.753897],[-75.133267,38.758791],[-75.133024,38.759024],[-75.132373,38.759659],[-75.118707,38.742375],[-75.128969,38.737655],[-75.130372,38.735533],[-75.133265,38.731178],[-75.133888,38.731644],[-75.144662,38.738868],[-75.148188,38.741205],[-75.153806,38.744926],[-75.151968,38.746844]]]}},{"id":"196","type":"Feature","properties":{"GEOID":"100050507102","eb":1.81,"sv":3.52,"county":"Sussex","pop":865.0,"pm25_pct":18.0,"diesel_pct":6.0,"cancer_pct":0.0,"traffic_pct":0.0,"superfund_pct":27.0,"lowinc_pct":0.366473988,"unemp_pct":0.0,"lingiso_pct":0.0,"poc_pct":27.0,"sv_health":5.09,"efa":"Not EFA","name":"Sussex BG 507102","efa_hisp_pct":17.8,"efa_black_pct":0,"efa_lingiso_pct":0,"efa_lingiso_sp":null,"efa_poverty_pct":12.9,"efa_mhhi":null,"efa_combined_minority":17.8,"efa_has_duplicate":0,"efa_mc1":0,"efa_sc1":0,"efa_mc2":0,"efa_sc2":0,"efa_mc3":0,"efa_sc3":0,"efa_mc4":0,"efa_sc4":0,"efa_mc5":0,"efa_sc5":0,"efa_has_split":0},"geometry":{"type":"Polygon","coordinates":[[[-75.181158,38.63494],[-75.176742,38.638403],[-75.175567,38.638941],[-75.174083,38.640293],[-75.169744,38.638427],[-75.167291,38.636722],[-75.166464,38.636587],[-75.16335,38.637721],[-75.157047,38.64103],[-75.153387,38.642065],[-75.157367,38.637593],[-75.156998,38.636936],[-75.163201,38.628367],[-75.167212,38.628561],[-75.172916,38.630037],[-75.179738,38.631885],[-75.181775,38.632428],[-75.181158,38.63494]]]}},{"id":"197","type":"Feature","properties":{"GEOID":"100050510102","eb":1.7,"sv":2.47,"county":"Sussex","pop":1194.0,"pm25_pct":21.0,"diesel_pct":31.0,"cancer_pct":0.0,"traffic_pct":14.0,"superfund_pct":12.0,"lowinc_pct":0.225293132,"unemp_pct":0.03892944,"lingiso_pct":0.0,"poc_pct":5.0,"sv_health":4.08,"efa":"Not EFA","name":"Sussex BG 510102","efa_hisp_pct":1.2,"efa_black_pct":2.5,"efa_lingiso_pct":0,"efa_lingiso_sp":null,"efa_poverty_pct":1.9,"efa_mhhi":86949.0,"efa_combined_minority":7.4,"efa_has_duplicate":0,"efa_mc1":0,"efa_sc1":0,"efa_mc2":0,"efa_sc2":0,"efa_mc3":0,"efa_sc3":0,"efa_mc4":0,"efa_sc4":0,"efa_mc5":0,"efa_sc5":0,"efa_has_split":0},"geometry":{"type":"Polygon","coordinates":[[[-75.179939,38.726706],[-75.168142,38.741625],[-75.166134,38.739598],[-75.16312,38.736751],[-75.154004,38.732938],[-75.149165,38.729789],[-75.142649,38.723737],[-75.146399,38.720243],[-75.16017,38.704639],[-75.162068,38.703269],[-75.164098,38.704473],[-75.166545,38.704738],[-75.170189,38.708534],[-75.173632,38.709139],[-75.176143,38.711601],[-75.169401,38.719408],[-75.170152,38.719654],[-75.173105,38.719522],[-75.183958,38.720862],[-75.179939,38.726706]]]}},{"id":"198","type":"Feature","properties":{"GEOID":"100030144031","eb":5.25,"sv":1.8,"county":"New Castle","pop":1495.0,"pm25_pct":55.0,"diesel_pct":48.0,"cancer_pct":51.0,"traffic_pct":29.0,"superfund_pct":57.0,"lowinc_pct":0.096989967,"unemp_pct":0.057989691,"lingiso_pct":0.0,"poc_pct":55.0,"sv_health":3.62,"efa":"Not EFA","name":"New Castle BG 144031","efa_hisp_pct":12.9,"efa_black_pct":22.3,"efa_lingiso_pct":0,"efa_lingiso_sp":null,"efa_poverty_pct":5.4,"efa_mhhi":125379.0,"efa_combined_minority":38.5,"efa_has_duplicate":0,"efa_mc1":0,"efa_sc1":0,"efa_mc2":0,"efa_sc2":0,"efa_mc3":0,"efa_sc3":0,"efa_mc4":0,"efa_sc4":0,"efa_mc5":0,"efa_sc5":0,"efa_has_split":0},"geometry":{"type":"Polygon","coordinates":[[[-75.776323,39.688076],[-75.775269,39.690112],[-75.767913,39.687372],[-75.769541,39.685346],[-75.769809,39.680906],[-75.76475,39.680089],[-75.763709,39.681882],[-75.760959,39.680877],[-75.764014,39.678924],[-75.768775,39.677469],[-75.773981,39.675869],[-75.775196,39.678457],[-75.775618,39.686181],[-75.776323,39.688076]]]}},{"id":"199","type":"Feature","properties":{"GEOID":"100030011003","eb":7.38,"sv":2.63,"county":"New Castle","pop":988.0,"pm25_pct":87.0,"diesel_pct":90.0,"cancer_pct":51.0,"traffic_pct":94.0,"superfund_pct":57.0,"lowinc_pct":0.473150963,"unemp_pct":0.069902913,"lingiso_pct":0.0,"poc_pct":36.0,"sv_health":3.46,"efa":"Significant","name":"New Castle BG 11003","efa_hisp_pct":0,"efa_black_pct":19.0,"efa_lingiso_pct":0,"efa_lingiso_sp":null,"efa_poverty_pct":40.0,"efa_mhhi":33340.0,"efa_combined_minority":21.1,"efa_has_duplicate":0,"efa_mc1":0,"efa_sc1":0,"efa_mc2":0,"efa_sc2":0,"efa_mc3":1,"efa_sc3":1,"efa_mc4":1,"efa_sc4":0,"efa_mc5":0,"efa_sc5":0,"efa_has_split":0},"geometry":{"type":"Polygon","coordinates":[[[-75.561474,39.757088],[-75.558312,39.754151],[-75.556528,39.752574],[-75.556593,39.752485],[-75.560813,39.753629],[-75.563366,39.75431],[-75.561474,39.757088]]]}},{"id":"200","type":"Feature","properties":{"GEOID":"100050511013","eb":2.06,"sv":1.72,"county":"Sussex","pop":480.0,"pm25_pct":8.0,"diesel_pct":44.0,"cancer_pct":0.0,"traffic_pct":79.0,"superfund_pct":2.0,"lowinc_pct":0.008528785,"unemp_pct":0.047297297,"lingiso_pct":0.018726592,"poc_pct":18.0,"sv_health":3.36,"efa":"Not EFA","name":"Sussex BG 511013","efa_hisp_pct":0.4,"efa_black_pct":0.2,"efa_lingiso_pct":0,"efa_lingiso_sp":null,"efa_poverty_pct":0,"efa_mhhi":168333.0,"efa_combined_minority":7.0,"efa_has_duplicate":0,"efa_mc1":0,"efa_sc1":0,"efa_mc2":0,"efa_sc2":0,"efa_mc3":0,"efa_sc3":0,"efa_mc4":0,"efa_sc4":0,"efa_mc5":0,"efa_sc5":0,"efa_has_split":0},"geometry":{"type":"Polygon","coordinates":[[[-75.092698,38.715704],[-75.092179,38.717391],[-75.091565,38.717844],[-75.08757,38.720905],[-75.085104,38.723221],[-75.084817,38.722985],[-75.082283,38.721084],[-75.081616,38.721174],[-75.080064,38.720632],[-75.078914,38.716247],[-75.081856,38.715956],[-75.089297,38.715147],[-75.092848,38.714392],[-75.092698,38.715704]]]}},{"id":"201","type":"Feature","properties":{"GEOID":"100030147051","eb":6.63,"sv":2.83,"county":"New Castle","pop":1525.0,"pm25_pct":56.0,"diesel_pct":81.0,"cancer_pct":51.0,"traffic_pct":80.0,"superfund_pct":98.0,"lowinc_pct":0.170491803,"unemp_pct":0.021348315,"lingiso_pct":0.0,"poc_pct":66.0,"sv_health":3.99,"efa":"Not EFA","name":"New Castle BG 147051","efa_hisp_pct":44.8,"efa_black_pct":4.2,"efa_lingiso_pct":0,"efa_lingiso_sp":null,"efa_poverty_pct":7.5,"efa_mhhi":65000.0,"efa_combined_minority":53.7,"efa_has_duplicate":0,"efa_mc1":0,"efa_sc1":0,"efa_mc2":0,"efa_sc2":0,"efa_mc3":0,"efa_sc3":0,"efa_mc4":0,"efa_sc4":0,"efa_mc5":0,"efa_sc5":0,"efa_has_split":0},"geometry":{"type":"Polygon","coordinates":[[[-75.736081,39.661738],[-75.728532,39.66229],[-75.726564,39.662704],[-75.726499,39.662551],[-75.726276,39.661915],[-75.725366,39.660328],[-75.727728,39.658975],[-75.728861,39.657072],[-75.728857,39.655651],[-75.733646,39.65395],[-75.735478,39.66003],[-75.736081,39.661738]]]}},{"id":"202","type":"Feature","properties":{"GEOID":"100010409001","eb":4.61,"sv":3.01,"county":"Kent","pop":1399.0,"pm25_pct":15.0,"diesel_pct":55.0,"cancer_pct":0.0,"traffic_pct":81.0,"superfund_pct":91.0,"lowinc_pct":0.224409449,"unemp_pct":0.001824818,"lingiso_pct":0.0,"poc_pct":57.0,"sv_health":5.18,"efa":"Not EFA","name":"Kent BG 409001","efa_hisp_pct":5.0,"efa_black_pct":31.9,"efa_lingiso_pct":0,"efa_lingiso_sp":null,"efa_poverty_pct":15.6,"efa_mhhi":58125.0,"efa_combined_minority":42.5,"efa_has_duplicate":0,"efa_mc1":0,"efa_sc1":0,"efa_mc2":0,"efa_sc2":0,"efa_mc3":0,"efa_sc3":0,"efa_mc4":0,"efa_sc4":0,"efa_mc5":0,"efa_sc5":0,"efa_has_split":0},"geometry":{"type":"Polygon","coordinates":[[[-75.531291,39.170898],[-75.529962,39.172948],[-75.529871,39.174467],[-75.527332,39.173302],[-75.526533,39.170981],[-75.521519,39.169562],[-75.521277,39.16634],[-75.519211,39.163131],[-75.528267,39.161113],[-75.53156,39.169824],[-75.531291,39.170898]]]}},{"id":"203","type":"Feature","properties":{"GEOID":"100030164013","eb":5.33,"sv":2.28,"county":"New Castle","pop":616.0,"pm25_pct":47.0,"diesel_pct":66.0,"cancer_pct":0.0,"traffic_pct":45.0,"superfund_pct":94.0,"lowinc_pct":0.141233766,"unemp_pct":0.056149733,"lingiso_pct":0.0,"poc_pct":75.0,"sv_health":3.43,"efa":"Not EFA","name":"New Castle BG 164013","efa_hisp_pct":2.7,"efa_black_pct":41.7,"efa_lingiso_pct":0,"efa_lingiso_sp":null,"efa_poverty_pct":10.1,"efa_mhhi":null,"efa_combined_minority":44.4,"efa_has_duplicate":0,"efa_mc1":0,"efa_sc1":0,"efa_mc2":0,"efa_sc2":0,"efa_mc3":0,"efa_sc3":0,"efa_mc4":0,"efa_sc4":0,"efa_mc5":0,"efa_sc5":0,"efa_has_split":0},"geometry":{"type":"Polygon","coordinates":[[[-75.684069,39.58589],[-75.678523,39.592299],[-75.668043,39.604452],[-75.667513,39.604298],[-75.664855,39.605456],[-75.661462,39.607663],[-75.657195,39.605905],[-75.65306,39.605893],[-75.654451,39.603672],[-75.660807,39.591101],[-75.657712,39.579394],[-75.658635,39.579485],[-75.665097,39.580804],[-75.681703,39.584555],[-75.68455,39.585381],[-75.684069,39.58589]]]}},{"id":"204","type":"Feature","properties":{"GEOID":"100030143021","eb":4.08,"sv":1.5,"county":"New Castle","pop":846.0,"pm25_pct":59.0,"diesel_pct":38.0,"cancer_pct":0.0,"traffic_pct":39.0,"superfund_pct":41.0,"lowinc_pct":0.017730496,"unemp_pct":0.0,"lingiso_pct":0.0,"poc_pct":25.0,"sv_health":3.13,"efa":"Not EFA","name":"New Castle BG 143021","efa_hisp_pct":0,"efa_black_pct":7.3,"efa_lingiso_pct":0,"efa_lingiso_sp":null,"efa_poverty_pct":1.6,"efa_mhhi":131125.0,"efa_combined_minority":17.8,"efa_has_duplicate":0,"efa_mc1":0,"efa_sc1":0,"efa_mc2":0,"efa_sc2":0,"efa_mc3":0,"efa_sc3":0,"efa_mc4":0,"efa_sc4":0,"efa_mc5":0,"efa_sc5":0,"efa_has_split":0},"geometry":{"type":"Polygon","coordinates":[[[-75.7884408482613,39.6968721768263],[-75.788395,39.700031],[-75.788395,39.700287],[-75.7883976120459,39.7005717519929],[-75.782465,39.698406],[-75.777631,39.698574],[-75.777117,39.697553],[-75.774436,39.697773],[-75.775479,39.69618],[-75.774623,39.694288],[-75.776477,39.692901],[-75.776119,39.690427],[-75.776769,39.690681],[-75.780696,39.692181],[-75.783596,39.693295],[-75.784402,39.693604],[-75.784988,39.69383],[-75.7884665379611,39.6951022248818],[-75.7884408482613,39.6968721768263]]]}},{"id":"205","type":"Feature","properties":{"GEOID":"100030163061","eb":6.47,"sv":2.84,"county":"New Castle","pop":1579.0,"pm25_pct":53.0,"diesel_pct":83.0,"cancer_pct":51.0,"traffic_pct":87.0,"superfund_pct":93.0,"lowinc_pct":0.291323623,"unemp_pct":0.1264637,"lingiso_pct":0.079722704,"poc_pct":62.0,"sv_health":3.84,"efa":"Not EFA","name":"New Castle BG 163061","efa_hisp_pct":16.1,"efa_black_pct":9.5,"efa_lingiso_pct":9.0,"efa_lingiso_sp":15.1,"efa_poverty_pct":20.4,"efa_mhhi":82472.0,"efa_combined_minority":40.9,"efa_has_duplicate":0,"efa_mc1":0,"efa_sc1":0,"efa_mc2":0,"efa_sc2":0,"efa_mc3":0,"efa_sc3":0,"efa_mc4":0,"efa_sc4":0,"efa_mc5":0,"efa_sc5":0,"efa_has_split":0},"geometry":{"type":"Polygon","coordinates":[[[-75.653433,39.636612],[-75.634875,39.647026],[-75.633819,39.647449],[-75.634043,39.647594],[-75.63109,39.648317],[-75.627118,39.649249],[-75.622663,39.650791],[-75.619824,39.6521],[-75.616906,39.654458],[-75.619353,39.651512],[-75.625414,39.649377],[-75.632443,39.645326],[-75.640521,39.639098],[-75.643608,39.637116],[-75.651709,39.632714],[-75.6531,39.631961],[-75.653382,39.633422],[-75.653433,39.636612]]]}},{"id":"206","type":"Feature","properties":{"GEOID":"100010433003","eb":4.45,"sv":3.14,"county":"Kent","pop":1599.0,"pm25_pct":15.0,"diesel_pct":50.0,"cancer_pct":0.0,"traffic_pct":68.0,"superfund_pct":90.0,"lowinc_pct":0.481832543,"unemp_pct":0.034074074,"lingiso_pct":0.019230769,"poc_pct":78.0,"sv_health":3.95,"efa":"Significant","name":"Kent BG 433003","efa_hisp_pct":10.0,"efa_black_pct":42.1,"efa_lingiso_pct":1.5,"efa_lingiso_sp":100.0,"efa_poverty_pct":35.9,"efa_mhhi":50683.0,"efa_combined_minority":58.5,"efa_has_duplicate":0,"efa_mc1":0,"efa_sc1":0,"efa_mc2":0,"efa_sc2":0,"efa_mc3":1,"efa_sc3":1,"efa_mc4":1,"efa_sc4":0,"efa_mc5":0,"efa_sc5":0,"efa_has_split":0},"geometry":{"type":"Polygon","coordinates":[[[-75.546488,39.16938],[-75.529962,39.172948],[-75.531291,39.170898],[-75.53156,39.169824],[-75.528267,39.161113],[-75.53776,39.159012],[-75.542852,39.158895],[-75.546488,39.16938]]]}},{"id":"207","type":"Feature","properties":{"GEOID":"100030103003","eb":7.29,"sv":2.38,"county":"New Castle","pop":1070.0,"pm25_pct":96.0,"diesel_pct":79.0,"cancer_pct":51.0,"traffic_pct":89.0,"superfund_pct":46.0,"lowinc_pct":0.06635514,"unemp_pct":0.0,"lingiso_pct":0.081466395,"poc_pct":58.0,"sv_health":3.33,"efa":"Not EFA","name":"New Castle BG 103003","efa_hisp_pct":7.2,"efa_black_pct":5.6,"efa_lingiso_pct":7.5,"efa_lingiso_sp":0,"efa_poverty_pct":0.6,"efa_mhhi":117500.0,"efa_combined_minority":46.6,"efa_has_duplicate":0,"efa_mc1":0,"efa_sc1":0,"efa_mc2":0,"efa_sc2":0,"efa_mc3":0,"efa_sc3":0,"efa_mc4":0,"efa_sc4":0,"efa_mc5":0,"efa_sc5":0,"efa_has_split":0},"geometry":{"type":"Polygon","coordinates":[[[-75.467491,39.803829],[-75.465683,39.804684],[-75.462557,39.80796],[-75.459446,39.810368],[-75.458783,39.809872],[-75.454279,39.80453],[-75.457209,39.802886],[-75.458683,39.801841],[-75.462394,39.803985],[-75.465643,39.801419],[-75.469589,39.803516],[-75.467491,39.803829]]]}},{"id":"208","type":"Feature","properties":{"GEOID":"100030149062","eb":5.42,"sv":3.02,"county":"New Castle","pop":1029.0,"pm25_pct":54.0,"diesel_pct":81.0,"cancer_pct":51.0,"traffic_pct":45.0,"superfund_pct":76.0,"lowinc_pct":0.370262391,"unemp_pct":0.077429984,"lingiso_pct":0.154929578,"poc_pct":96.0,"sv_health":4.01,"efa":"Not EFA","name":"New Castle BG 149062","efa_hisp_pct":5.4,"efa_black_pct":48.8,"efa_lingiso_pct":21.8,"efa_lingiso_sp":39.8,"efa_poverty_pct":13.5,"efa_mhhi":56545.0,"efa_combined_minority":89.6,"efa_has_duplicate":0,"efa_mc1":1,"efa_sc1":0,"efa_mc2":1,"efa_sc2":0,"efa_mc3":0,"efa_sc3":0,"efa_mc4":0,"efa_sc4":0,"efa_mc5":1,"efa_sc5":0,"efa_has_split":0},"geometry":{"type":"Polygon","coordinates":[[[-75.680701,39.637585],[-75.677055,39.639467],[-75.67631,39.642238],[-75.675098,39.643602],[-75.672085,39.639699],[-75.664234,39.635969],[-75.663631,39.636357],[-75.659174,39.635874],[-75.65981,39.632864],[-75.663923,39.630522],[-75.670646,39.627833],[-75.677853,39.633758],[-75.680701,39.637585]]]}},{"id":"209","type":"Feature","properties":{"GEOID":"100030127002","eb":6.6,"sv":3.38,"county":"New Castle","pop":569.0,"pm25_pct":68.0,"diesel_pct":70.0,"cancer_pct":51.0,"traffic_pct":82.0,"superfund_pct":99.0,"lowinc_pct":0.384885765,"unemp_pct":0.025454545,"lingiso_pct":0.183962264,"poc_pct":48.0,"sv_health":4.39,"efa":"Not EFA","name":"New Castle BG 127002","efa_hisp_pct":24.2,"efa_black_pct":0,"efa_lingiso_pct":9.0,"efa_lingiso_sp":100.0,"efa_poverty_pct":5.2,"efa_mhhi":90054.0,"efa_combined_minority":25.8,"efa_has_duplicate":0,"efa_mc1":0,"efa_sc1":0,"efa_mc2":0,"efa_sc2":0,"efa_mc3":0,"efa_sc3":0,"efa_mc4":0,"efa_sc4":0,"efa_mc5":0,"efa_sc5":0,"efa_has_split":0},"geometry":{"type":"Polygon","coordinates":[[[-75.621597,39.714642],[-75.614265,39.713614],[-75.613905,39.712392],[-75.614812,39.711247],[-75.620138,39.710247],[-75.621928,39.711472],[-75.621597,39.714642]]]}},{"id":"210","type":"Feature","properties":{"GEOID":"100030108003","eb":6.45,"sv":2.18,"county":"New Castle","pop":738.0,"pm25_pct":92.0,"diesel_pct":68.0,"cancer_pct":51.0,"traffic_pct":64.0,"superfund_pct":44.0,"lowinc_pct":0.298102981,"unemp_pct":0.0,"lingiso_pct":0.0,"poc_pct":57.0,"sv_health":3.4,"efa":"Moderate","name":"New Castle BG 108003","efa_hisp_pct":2.5,"efa_black_pct":25.0,"efa_lingiso_pct":0,"efa_lingiso_sp":null,"efa_poverty_pct":18.1,"efa_mhhi":95078.0,"efa_combined_minority":42.7,"efa_has_duplicate":1,"efa_mc1":1,"efa_sc1":0,"efa_mc2":0,"efa_sc2":0,"efa_mc3":0,"efa_sc3":0,"efa_mc4":0,"efa_sc4":0,"efa_mc5":0,"efa_sc5":0,"efa_has_split":1},"geometry":{"type":"Polygon","coordinates":[[[-75.543966,39.778278],[-75.542022,39.780147],[-75.535419,39.778998],[-75.534962,39.777177],[-75.52932,39.778471],[-75.526683,39.774254],[-75.52148,39.775396],[-75.516934,39.777214],[-75.517614,39.772781],[-75.517228,39.77173],[-75.517452,39.769654],[-75.515953,39.763553],[-75.517044,39.763049],[-75.518431,39.762412],[-75.520631,39.765788],[-75.518969,39.765335],[-75.518396,39.767629],[-75.519811,39.768136],[-75.52235,39.768948],[-75.523416,39.769527],[-75.523998,39.76992],[-75.525944,39.773007],[-75.529951,39.771762],[-75.532026,39.770066],[-75.533786,39.768526],[-75.532787,39.769394],[-75.531291,39.766893],[-75.533998,39.765659],[-75.535302,39.767388],[-75.537409,39.766887],[-75.539276,39.766037],[-75.542753,39.764613],[-75.543863,39.77174],[-75.544923,39.777644],[-75.543966,39.778278]]]}},{"id":"211","type":"Feature","properties":{"GEOID":"100030117001","eb":5.78,"sv":1.41,"county":"New Castle","pop":1494.0,"pm25_pct":94.0,"diesel_pct":55.0,"cancer_pct":51.0,"traffic_pct":54.0,"superfund_pct":33.0,"lowinc_pct":0.025238745,"unemp_pct":0.067599068,"lingiso_pct":0.0,"poc_pct":43.0,"sv_health":2.95,"efa":"Not EFA","name":"New Castle BG 117001","efa_hisp_pct":21.4,"efa_black_pct":3.4,"efa_lingiso_pct":0,"efa_lingiso_sp":null,"efa_poverty_pct":1.6,"efa_mhhi":250001.0,"efa_combined_minority":28.3,"efa_has_duplicate":0,"efa_mc1":0,"efa_sc1":0,"efa_mc2":0,"efa_sc2":0,"efa_mc3":0,"efa_sc3":0,"efa_mc4":0,"efa_sc4":0,"efa_mc5":0,"efa_sc5":0,"efa_has_split":0},"geometry":{"type":"Polygon","coordinates":[[[-75.56836,39.798733],[-75.554205,39.805448],[-75.548868,39.806815],[-75.547967,39.801167],[-75.547082,39.79482],[-75.546985,39.794041],[-75.550197,39.793281],[-75.55072,39.796794],[-75.553308,39.794835],[-75.567752,39.798244],[-75.56836,39.798733]]]}},{"id":"212","type":"Feature","properties":{"GEOID":"100030122002","eb":6.06,"sv":3.32,"county":"New Castle","pop":1013.0,"pm25_pct":78.0,"diesel_pct":61.0,"cancer_pct":51.0,"traffic_pct":56.0,"superfund_pct":51.0,"lowinc_pct":0.429447853,"unemp_pct":0.116104869,"lingiso_pct":0.15470852,"poc_pct":94.0,"sv_health":4.02,"efa":"Significant","name":"New Castle BG 122002","efa_hisp_pct":11.1,"efa_black_pct":49.0,"efa_lingiso_pct":9.3,"efa_lingiso_sp":100.0,"efa_poverty_pct":25.4,"efa_mhhi":43929.0,"efa_combined_minority":81.1,"efa_has_duplicate":0,"efa_mc1":1,"efa_sc1":1,"efa_mc2":1,"efa_sc2":0,"efa_mc3":1,"efa_sc3":0,"efa_mc4":1,"efa_sc4":0,"efa_mc5":0,"efa_sc5":0,"efa_has_split":0},"geometry":{"type":"Polygon","coordinates":[[[-75.609426,39.753442],[-75.608646,39.754992],[-75.604372,39.75877],[-75.600405,39.757202],[-75.599419,39.756796],[-75.588502,39.752482],[-75.587136,39.751921],[-75.589293,39.749682],[-75.589628,39.74903],[-75.590805,39.748628],[-75.59536,39.748354],[-75.597664,39.748352],[-75.598491,39.748321],[-75.600915,39.747736],[-75.606581,39.748239],[-75.610183,39.747785],[-75.609426,39.753442]]]}},{"id":"213","type":"Feature","properties":{"GEOID":"100030132003","eb":5.82,"sv":3.21,"county":"New Castle","pop":1581.0,"pm25_pct":73.0,"diesel_pct":78.0,"cancer_pct":51.0,"traffic_pct":51.0,"superfund_pct":80.0,"lowinc_pct":0.612903226,"unemp_pct":0.081673307,"lingiso_pct":0.0,"poc_pct":82.0,"sv_health":3.95,"efa":"Moderate","name":"New Castle BG 132003","efa_hisp_pct":15.3,"efa_black_pct":46.9,"efa_lingiso_pct":0,"efa_lingiso_sp":null,"efa_poverty_pct":29.1,"efa_mhhi":52691.0,"efa_combined_minority":65.4,"efa_has_duplicate":0,"efa_mc1":0,"efa_sc1":0,"efa_mc2":0,"efa_sc2":0,"efa_mc3":1,"efa_sc3":0,"efa_mc4":0,"efa_sc4":0,"efa_mc5":0,"efa_sc5":0,"efa_has_split":0},"geometry":{"type":"Polygon","coordinates":[[[-75.655851,39.734909],[-75.651205,39.737339],[-75.649506,39.734304],[-75.647667,39.735369],[-75.647088,39.730923],[-75.646287,39.729854],[-75.649285,39.728305],[-75.653277,39.729859],[-75.655851,39.734909]]]}},{"id":"214","type":"Feature","properties":{"GEOID":"100030006011","eb":6.93,"sv":3.23,"county":"New Castle","pop":1075.0,"pm25_pct":86.0,"diesel_pct":77.0,"cancer_pct":51.0,"traffic_pct":69.0,"superfund_pct":60.0,"lowinc_pct":0.305921053,"unemp_pct":0.253424658,"lingiso_pct":0.0,"poc_pct":94.0,"sv_health":4.98,"efa":"Significant","name":"New Castle BG 6011","efa_hisp_pct":1.8,"efa_black_pct":89.9,"efa_lingiso_pct":0,"efa_lingiso_sp":null,"efa_poverty_pct":30.4,"efa_mhhi":44028.0,"efa_combined_minority":92.8,"efa_has_duplicate":0,"efa_mc1":1,"efa_sc1":1,"efa_mc2":1,"efa_sc2":1,"efa_mc3":1,"efa_sc3":0,"efa_mc4":1,"efa_sc4":0,"efa_mc5":0,"efa_sc5":0,"efa_has_split":0},"geometry":{"type":"Polygon","coordinates":[[[-75.525816,39.759044],[-75.521575,39.75352],[-75.521537,39.753472],[-75.522049,39.753341],[-75.525216,39.752018],[-75.531904,39.756248],[-75.525816,39.759044]]]}},{"id":"215","type":"Feature","properties":{"GEOID":"100030023001","eb":7.14,"sv":3.6,"county":"New Castle","pop":747.0,"pm25_pct":83.0,"diesel_pct":89.0,"cancer_pct":51.0,"traffic_pct":85.0,"superfund_pct":62.0,"lowinc_pct":0.344042838,"unemp_pct":0.094707521,"lingiso_pct":0.0,"poc_pct":97.0,"sv_health":4.39,"efa":"Significant","name":"New Castle BG 23001","efa_hisp_pct":29.2,"efa_black_pct":67.2,"efa_lingiso_pct":0,"efa_lingiso_sp":null,"efa_poverty_pct":31.5,"efa_mhhi":54643.0,"efa_combined_minority":96.4,"efa_has_duplicate":0,"efa_mc1":1,"efa_sc1":1,"efa_mc2":1,"efa_sc2":1,"efa_mc3":1,"efa_sc3":0,"efa_mc4":0,"efa_sc4":0,"efa_mc5":0,"efa_sc5":0,"efa_has_split":0},"geometry":{"type":"Polygon","coordinates":[[[-75.569136,39.744616],[-75.566511,39.748513],[-75.564792,39.747811],[-75.566205,39.745725],[-75.567433,39.743922],[-75.569136,39.744616]]]}},{"id":"216","type":"Feature","properties":{"GEOID":"100030021001","eb":7.55,"sv":4.14,"county":"New Castle","pop":557.0,"pm25_pct":80.0,"diesel_pct":95.0,"cancer_pct":51.0,"traffic_pct":99.0,"superfund_pct":68.0,"lowinc_pct":0.438061041,"unemp_pct":0.120879121,"lingiso_pct":0.0,"poc_pct":89.0,"sv_health":6.04,"efa":"Significant","name":"New Castle BG 21001","efa_hisp_pct":5.8,"efa_black_pct":46.6,"efa_lingiso_pct":0,"efa_lingiso_sp":null,"efa_poverty_pct":37.7,"efa_mhhi":40313.0,"efa_combined_minority":69.6,"efa_has_duplicate":0,"efa_mc1":1,"efa_sc1":1,"efa_mc2":0,"efa_sc2":0,"efa_mc3":1,"efa_sc3":1,"efa_mc4":1,"efa_sc4":0,"efa_mc5":0,"efa_sc5":0,"efa_has_split":0},"geometry":{"type":"Polygon","coordinates":[[[-75.560324,39.744106],[-75.559312,39.745586],[-75.558684,39.745333],[-75.55648,39.744432],[-75.55256,39.742827],[-75.553568,39.74135],[-75.559679,39.743845],[-75.560324,39.744106]]]}},{"id":"217","type":"Feature","properties":{"GEOID":"100030147034","eb":5.83,"sv":3.21,"county":"New Castle","pop":932.0,"pm25_pct":57.0,"diesel_pct":74.0,"cancer_pct":51.0,"traffic_pct":58.0,"superfund_pct":76.0,"lowinc_pct":0.590128755,"unemp_pct":0.163265306,"lingiso_pct":0.0,"poc_pct":65.0,"sv_health":4.07,"efa":"Significant","name":"New Castle BG 147034","efa_hisp_pct":8.4,"efa_black_pct":37.7,"efa_lingiso_pct":0,"efa_lingiso_sp":null,"efa_poverty_pct":41.7,"efa_mhhi":54946.0,"efa_combined_minority":56.4,"efa_has_duplicate":0,"efa_mc1":0,"efa_sc1":0,"efa_mc2":0,"efa_sc2":0,"efa_mc3":1,"efa_sc3":1,"efa_mc4":0,"efa_sc4":0,"efa_mc5":0,"efa_sc5":0,"efa_has_split":0},"geometry":{"type":"Polygon","coordinates":[[[-75.719985,39.672581],[-75.718187,39.673981],[-75.718993,39.67517],[-75.718403,39.675364],[-75.712168,39.669463],[-75.71435,39.66796],[-75.716729,39.666645],[-75.719361,39.668293],[-75.719985,39.672581]]]}},{"id":"218","type":"Feature","properties":{"GEOID":"100030126002","eb":6.9,"sv":2.71,"county":"New Castle","pop":772.0,"pm25_pct":72.0,"diesel_pct":72.0,"cancer_pct":51.0,"traffic_pct":66.0,"superfund_pct":92.0,"lowinc_pct":0.208549223,"unemp_pct":0.012,"lingiso_pct":0.0,"poc_pct":40.0,"sv_health":3.58,"efa":"Not EFA","name":"New Castle BG 126002","efa_hisp_pct":0.8,"efa_black_pct":2.3,"efa_lingiso_pct":0,"efa_lingiso_sp":null,"efa_poverty_pct":11.4,"efa_mhhi":78182.0,"efa_combined_minority":15.1,"efa_has_duplicate":0,"efa_mc1":0,"efa_sc1":0,"efa_mc2":0,"efa_sc2":0,"efa_mc3":0,"efa_sc3":0,"efa_mc4":0,"efa_sc4":0,"efa_mc5":0,"efa_sc5":0,"efa_has_split":0},"geometry":{"type":"Polygon","coordinates":[[[-75.61204,39.718752],[-75.608179,39.720282],[-75.608317,39.722606],[-75.610295,39.725115],[-75.607185,39.724724],[-75.604544,39.724437],[-75.600235,39.723835],[-75.600931,39.720989],[-75.603241,39.719399],[-75.608031,39.718949],[-75.608508,39.719861],[-75.611624,39.718335],[-75.61204,39.718752]]]}},{"id":"219","type":"Feature","properties":{"GEOID":"100030150005","eb":6.95,"sv":3.5,"county":"New Castle","pop":1363.0,"pm25_pct":63.0,"diesel_pct":97.0,"cancer_pct":51.0,"traffic_pct":93.0,"superfund_pct":94.0,"lowinc_pct":0.311812179,"unemp_pct":0.082802548,"lingiso_pct":0.253308129,"poc_pct":91.0,"sv_health":4.22,"efa":"Moderate","name":"New Castle BG 150005","efa_hisp_pct":47.9,"efa_black_pct":36.0,"efa_lingiso_pct":17.3,"efa_lingiso_sp":55.1,"efa_poverty_pct":23.2,"efa_mhhi":33668.0,"efa_combined_minority":83.9,"efa_has_duplicate":0,"efa_mc1":1,"efa_sc1":0,"efa_mc2":1,"efa_sc2":0,"efa_mc3":0,"efa_sc3":0,"efa_mc4":1,"efa_sc4":0,"efa_mc5":1,"efa_sc5":0,"efa_has_split":0},"geometry":{"type":"Polygon","coordinates":[[[-75.63912,39.663347],[-75.633651,39.669066],[-75.630633,39.667908],[-75.629825,39.663601],[-75.639116,39.662839],[-75.63912,39.663347]]]}},{"id":"220","type":"Feature","properties":{"GEOID":"100030145022","eb":6.2,"sv":2.71,"county":"New Castle","pop":4438.0,"pm25_pct":56.0,"diesel_pct":62.0,"cancer_pct":51.0,"traffic_pct":87.0,"superfund_pct":71.0,"lowinc_pct":0.807743658,"unemp_pct":0.073744437,"lingiso_pct":0.0,"poc_pct":29.0,"sv_health":3.8,"efa":"Not EFA","name":"New Castle BG 145022","efa_hisp_pct":7.0,"efa_black_pct":3.8,"efa_lingiso_pct":0,"efa_lingiso_sp":null,"efa_poverty_pct":75.7,"efa_mhhi":25956.0,"efa_combined_minority":17.4,"efa_has_duplicate":0,"efa_mc1":0,"efa_sc1":0,"efa_mc2":0,"efa_sc2":0,"efa_mc3":1,"efa_sc3":1,"efa_mc4":1,"efa_sc4":1,"efa_mc5":0,"efa_sc5":0,"efa_has_split":0},"geometry":{"type":"Polygon","coordinates":[[[-75.753672,39.683014],[-75.745603,39.683631],[-75.745551,39.683641],[-75.743057,39.674528],[-75.744803,39.674156],[-75.753513,39.674431],[-75.753501,39.674511],[-75.753672,39.683014]]]}},{"id":"221","type":"Feature","properties":{"GEOID":"100030163071","eb":6.52,"sv":2.26,"county":"New Castle","pop":2546.0,"pm25_pct":53.0,"diesel_pct":83.0,"cancer_pct":51.0,"traffic_pct":70.0,"superfund_pct":98.0,"lowinc_pct":0.147314376,"unemp_pct":0.096443641,"lingiso_pct":0.0,"poc_pct":77.0,"sv_health":3.42,"efa":"Not EFA","name":"New Castle BG 163071","efa_hisp_pct":22.2,"efa_black_pct":34.1,"efa_lingiso_pct":0,"efa_lingiso_sp":null,"efa_poverty_pct":3.3,"efa_mhhi":108393.0,"efa_combined_minority":58.8,"efa_has_duplicate":0,"efa_mc1":0,"efa_sc1":0,"efa_mc2":0,"efa_sc2":0,"efa_mc3":0,"efa_sc3":0,"efa_mc4":0,"efa_sc4":0,"efa_mc5":0,"efa_sc5":0,"efa_has_split":0},"geometry":{"type":"Polygon","coordinates":[[[-75.664893,39.607029],[-75.664394,39.608419],[-75.660829,39.627808],[-75.65981,39.632864],[-75.653433,39.636612],[-75.653382,39.633422],[-75.6531,39.631961],[-75.651456,39.627983],[-75.650631,39.626613],[-75.643772,39.618321],[-75.643978,39.618053],[-75.644404,39.61741],[-75.65306,39.605893],[-75.657195,39.605905],[-75.661462,39.607663],[-75.664855,39.605456],[-75.664926,39.605876],[-75.664893,39.607029]]]}},{"id":"222","type":"Feature","properties":{"GEOID":"100030140002","eb":5.6,"sv":3.08,"county":"New Castle","pop":805.0,"pm25_pct":62.0,"diesel_pct":89.0,"cancer_pct":51.0,"traffic_pct":83.0,"superfund_pct":53.0,"lowinc_pct":0.243478261,"unemp_pct":0.0,"lingiso_pct":0.150515464,"poc_pct":85.0,"sv_health":4.01,"efa":"Moderate","name":"New Castle BG 140002","efa_hisp_pct":15.2,"efa_black_pct":41.1,"efa_lingiso_pct":15.9,"efa_lingiso_sp":100.0,"efa_poverty_pct":11.6,"efa_mhhi":34652.0,"efa_combined_minority":67.1,"efa_has_duplicate":0,"efa_mc1":1,"efa_sc1":0,"efa_mc2":0,"efa_sc2":0,"efa_mc3":0,"efa_sc3":0,"efa_mc4":1,"efa_sc4":0,"efa_mc5":1,"efa_sc5":0,"efa_has_split":0},"geometry":{"type":"Polygon","coordinates":[[[-75.698931,39.683246],[-75.697864,39.684718],[-75.69606,39.68425],[-75.691515,39.685938],[-75.692017,39.68746],[-75.689499,39.688387],[-75.688234,39.684711],[-75.685638,39.683831],[-75.68638,39.683382],[-75.695691,39.6788],[-75.695988,39.678859],[-75.698051,39.679685],[-75.699504,39.682478],[-75.698931,39.683246]]]}},{"id":"223","type":"Feature","properties":{"GEOID":"100030101061","eb":7.58,"sv":1.97,"county":"New Castle","pop":416.0,"pm25_pct":99.0,"diesel_pct":80.0,"cancer_pct":51.0,"traffic_pct":93.0,"superfund_pct":51.0,"lowinc_pct":0.012019231,"unemp_pct":0.0,"lingiso_pct":0.0,"poc_pct":92.0,"sv_health":3.6,"efa":"Moderate","name":"New Castle BG 101061","efa_hisp_pct":0,"efa_black_pct":52.8,"efa_lingiso_pct":0,"efa_lingiso_sp":null,"efa_poverty_pct":0,"efa_mhhi":48795.0,"efa_combined_minority":72.6,"efa_has_duplicate":0,"efa_mc1":0,"efa_sc1":0,"efa_mc2":0,"efa_sc2":0,"efa_mc3":0,"efa_sc3":0,"efa_mc4":1,"efa_sc4":0,"efa_mc5":0,"efa_sc5":0,"efa_has_split":0},"geometry":{"type":"Polygon","coordinates":[[[-75.461847,39.818533],[-75.458823,39.81956],[-75.456842,39.819657],[-75.4577341167979,39.8217680367454],[-75.4549971840311,39.820770300605],[-75.45374,39.820312],[-75.4498743837216,39.8186425446778],[-75.451187,39.817542],[-75.453156,39.815448],[-75.456782,39.816337],[-75.46227,39.818292],[-75.461847,39.818533]]]}},{"id":"224","type":"Feature","properties":{"GEOID":"100030151001","eb":7.03,"sv":2.8,"county":"New Castle","pop":2269.0,"pm25_pct":65.0,"diesel_pct":75.0,"cancer_pct":51.0,"traffic_pct":75.0,"superfund_pct":97.0,"lowinc_pct":0.10507569,"unemp_pct":0.108255452,"lingiso_pct":0.0,"poc_pct":64.0,"sv_health":4.04,"efa":"Not EFA","name":"New Castle BG 151001","efa_hisp_pct":9.9,"efa_black_pct":26.6,"efa_lingiso_pct":0,"efa_lingiso_sp":null,"efa_poverty_pct":8.8,"efa_mhhi":68704.0,"efa_combined_minority":39.1,"efa_has_duplicate":0,"efa_mc1":0,"efa_sc1":0,"efa_mc2":0,"efa_sc2":0,"efa_mc3":0,"efa_sc3":0,"efa_mc4":0,"efa_sc4":0,"efa_mc5":0,"efa_sc5":0,"efa_has_split":0},"geometry":{"type":"Polygon","coordinates":[[[-75.590439,39.680556],[-75.584259,39.687404],[-75.581741,39.690194],[-75.578932,39.693376],[-75.578317,39.694057],[-75.576839,39.691428],[-75.576636,39.689473],[-75.575342,39.678254],[-75.574835,39.673136],[-75.574705,39.672145],[-75.574438,39.670212],[-75.57897,39.672515],[-75.579788,39.674061],[-75.575739,39.673486],[-75.575934,39.675364],[-75.579585,39.674982],[-75.585056,39.672894],[-75.590439,39.680556]]]}},{"id":"225","type":"Feature","properties":{"GEOID":"100010411012","eb":3.4,"sv":2.33,"county":"Kent","pop":643.0,"pm25_pct":22.0,"diesel_pct":48.0,"cancer_pct":0.0,"traffic_pct":12.0,"superfund_pct":81.0,"lowinc_pct":0.600311042,"unemp_pct":0.0,"lingiso_pct":0.0,"poc_pct":33.0,"sv_health":3.11,"efa":"Not EFA","name":"Kent BG 411012","efa_hisp_pct":10.9,"efa_black_pct":14.7,"efa_lingiso_pct":0,"efa_lingiso_sp":null,"efa_poverty_pct":16.4,"efa_mhhi":39914.0,"efa_combined_minority":33.9,"efa_has_duplicate":0,"efa_mc1":0,"efa_sc1":0,"efa_mc2":0,"efa_sc2":0,"efa_mc3":0,"efa_sc3":0,"efa_mc4":1,"efa_sc4":0,"efa_mc5":0,"efa_sc5":0,"efa_has_split":0},"geometry":{"type":"Polygon","coordinates":[[[-75.498578,39.114997],[-75.495078,39.115997],[-75.493522,39.11844],[-75.492206,39.118194],[-75.491761,39.118353],[-75.487649,39.12142],[-75.483127,39.118489],[-75.488158,39.114442],[-75.488605,39.11416],[-75.485262,39.111703],[-75.483269,39.108795],[-75.483269,39.108503],[-75.484889,39.109112],[-75.486616,39.111401],[-75.489263,39.11139],[-75.490812,39.109717],[-75.492913,39.111744],[-75.496425,39.111432],[-75.498661,39.112098],[-75.498578,39.114997]]]}},{"id":"226","type":"Feature","properties":{"GEOID":"100030105023","eb":6.23,"sv":2.19,"county":"New Castle","pop":881.0,"pm25_pct":91.0,"diesel_pct":71.0,"cancer_pct":51.0,"traffic_pct":44.0,"superfund_pct":43.0,"lowinc_pct":0.191827469,"unemp_pct":0.020080321,"lingiso_pct":0.0,"poc_pct":0.0,"sv_health":3.72,"efa":"Not EFA","name":"New Castle BG 105023","efa_hisp_pct":0,"efa_black_pct":0,"efa_lingiso_pct":0,"efa_lingiso_sp":null,"efa_poverty_pct":21.5,"efa_mhhi":112772.0,"efa_combined_minority":0.1,"efa_has_duplicate":0,"efa_mc1":0,"efa_sc1":0,"efa_mc2":0,"efa_sc2":0,"efa_mc3":0,"efa_sc3":0,"efa_mc4":0,"efa_sc4":0,"efa_mc5":0,"efa_sc5":0,"efa_has_split":0},"geometry":{"type":"Polygon","coordinates":[[[-75.509347,39.76658],[-75.503171,39.769379],[-75.502619,39.769626],[-75.500811,39.768575],[-75.503197,39.766173],[-75.497877,39.762599],[-75.495158,39.765287],[-75.493064,39.765392],[-75.49674,39.761932],[-75.497363,39.761331],[-75.4987,39.760294],[-75.503363,39.763051],[-75.509347,39.76658]]]}},{"id":"227","type":"Feature","properties":{"GEOID":"100030112022","eb":5.7,"sv":1.85,"county":"New Castle","pop":1195.0,"pm25_pct":99.0,"diesel_pct":55.0,"cancer_pct":51.0,"traffic_pct":78.0,"superfund_pct":28.0,"lowinc_pct":0.131380753,"unemp_pct":0.054474708,"lingiso_pct":0.0,"poc_pct":34.0,"sv_health":3.46,"efa":"Not EFA","name":"New Castle BG 112022","efa_hisp_pct":2.9,"efa_black_pct":14.6,"efa_lingiso_pct":0,"efa_lingiso_sp":null,"efa_poverty_pct":4.0,"efa_mhhi":83611.0,"efa_combined_minority":27.0,"efa_has_duplicate":0,"efa_mc1":0,"efa_sc1":0,"efa_mc2":0,"efa_sc2":0,"efa_mc3":0,"efa_sc3":0,"efa_mc4":0,"efa_sc4":0,"efa_mc5":0,"efa_sc5":0,"efa_has_split":0},"geometry":{"type":"Polygon","coordinates":[[[-75.54242,39.834887],[-75.5400582754622,39.838229220042],[-75.5397340102655,39.838220925322],[-75.539346,39.838211],[-75.5327980290377,39.8376157868707],[-75.5281893535546,39.8371968564613],[-75.5188176150883,39.8363449617581],[-75.51986,39.833753],[-75.52441,39.828405],[-75.525084,39.82845],[-75.527871,39.828835],[-75.534285,39.829653],[-75.534574,39.829682],[-75.536173,39.829839],[-75.544178,39.828729],[-75.54242,39.834887]]]}},{"id":"228","type":"Feature","properties":{"GEOID":"100030101052","eb":7.43,"sv":2.24,"county":"New Castle","pop":1797.0,"pm25_pct":99.0,"diesel_pct":80.0,"cancer_pct":51.0,"traffic_pct":88.0,"superfund_pct":47.0,"lowinc_pct":0.129104062,"unemp_pct":0.117108875,"lingiso_pct":0.034833091,"poc_pct":83.0,"sv_health":3.28,"efa":"Not EFA","name":"New Castle BG 101052","efa_hisp_pct":7.4,"efa_black_pct":29.6,"efa_lingiso_pct":3.3,"efa_lingiso_sp":100.0,"efa_poverty_pct":10.1,"efa_mhhi":75518.0,"efa_combined_minority":64.8,"efa_has_duplicate":0,"efa_mc1":0,"efa_sc1":0,"efa_mc2":0,"efa_sc2":0,"efa_mc3":0,"efa_sc3":0,"efa_mc4":0,"efa_sc4":0,"efa_mc5":0,"efa_sc5":0,"efa_has_split":0},"geometry":{"type":"Polygon","coordinates":[[[-75.46956,39.814175],[-75.464124,39.81893],[-75.46227,39.818292],[-75.456782,39.816337],[-75.453156,39.815448],[-75.45489,39.813259],[-75.459446,39.810368],[-75.460363,39.81084],[-75.466421,39.812987],[-75.46956,39.814175]]]}},{"id":"229","type":"Feature","properties":{"GEOID":"100030136113","eb":4.39,"sv":2.57,"county":"New Castle","pop":1695.0,"pm25_pct":67.0,"diesel_pct":52.0,"cancer_pct":51.0,"traffic_pct":45.0,"superfund_pct":39.0,"lowinc_pct":0.351622419,"unemp_pct":0.015906681,"lingiso_pct":0.0,"poc_pct":60.0,"sv_health":3.4,"efa":"Moderate","name":"New Castle BG 136113","efa_hisp_pct":8.5,"efa_black_pct":29.4,"efa_lingiso_pct":0,"efa_lingiso_sp":null,"efa_poverty_pct":18.0,"efa_mhhi":72228.0,"efa_combined_minority":51.3,"efa_has_duplicate":0,"efa_mc1":1,"efa_sc1":0,"efa_mc2":0,"efa_sc2":0,"efa_mc3":0,"efa_sc3":0,"efa_mc4":0,"efa_sc4":0,"efa_mc5":0,"efa_sc5":0,"efa_has_split":0},"geometry":{"type":"Polygon","coordinates":[[[-75.711298,39.711712],[-75.710831,39.714458],[-75.711293,39.717335],[-75.709797,39.717628],[-75.705905,39.720847],[-75.703316,39.720534],[-75.702477,39.71735],[-75.700897,39.716717],[-75.703858,39.713036],[-75.703738,39.711597],[-75.706272,39.711978],[-75.711069,39.711265],[-75.711298,39.711712]]]}},{"id":"230","type":"Feature","properties":{"GEOID":"100010416001","eb":3.55,"sv":3.5,"county":"Kent","pop":2253.0,"pm25_pct":18.0,"diesel_pct":47.0,"cancer_pct":0.0,"traffic_pct":76.0,"superfund_pct":74.0,"lowinc_pct":0.333184258,"unemp_pct":0.053333333,"lingiso_pct":0.001123596,"poc_pct":59.0,"sv_health":4.95,"efa":"Not EFA","name":"Kent BG 416001","efa_hisp_pct":8.6,"efa_black_pct":16.2,"efa_lingiso_pct":0.1,"efa_lingiso_sp":0,"efa_poverty_pct":16.6,"efa_mhhi":78167.0,"efa_combined_minority":37.5,"efa_has_duplicate":0,"efa_mc1":0,"efa_sc1":0,"efa_mc2":0,"efa_sc2":0,"efa_mc3":0,"efa_sc3":0,"efa_mc4":0,"efa_sc4":0,"efa_mc5":0,"efa_sc5":0,"efa_has_split":0},"geometry":{"type":"Polygon","coordinates":[[[-75.536573,39.115211],[-75.536473,39.115425],[-75.53252,39.123896],[-75.528368,39.132753],[-75.525675,39.138141],[-75.525042,39.138782],[-75.524666,39.139078],[-75.522889,39.140291],[-75.522734,39.139173],[-75.522374,39.138032],[-75.52082,39.13424],[-75.51785,39.126968],[-75.516257,39.122766],[-75.515577,39.118054],[-75.52174,39.11677],[-75.534548,39.112973],[-75.534914,39.112973],[-75.537568,39.113091],[-75.536573,39.115211]]]}},{"id":"231","type":"Feature","properties":{"GEOID":"100050504063","eb":3.73,"sv":3.58,"county":"Sussex","pop":589.0,"pm25_pct":44.0,"diesel_pct":34.0,"cancer_pct":0.0,"traffic_pct":58.0,"superfund_pct":87.0,"lowinc_pct":0.383701189,"unemp_pct":0.0,"lingiso_pct":0.064285714,"poc_pct":74.0,"sv_health":5.17,"efa":"Moderate","name":"Sussex BG 504063","efa_hisp_pct":6.5,"efa_black_pct":51.0,"efa_lingiso_pct":6.8,"efa_lingiso_sp":100.0,"efa_poverty_pct":26.3,"efa_mhhi":41371.0,"efa_combined_minority":59.6,"efa_has_duplicate":0,"efa_mc1":0,"efa_sc1":0,"efa_mc2":0,"efa_sc2":0,"efa_mc3":1,"efa_sc3":0,"efa_mc4":1,"efa_sc4":0,"efa_mc5":0,"efa_sc5":0,"efa_has_split":0},"geometry":{"type":"Polygon","coordinates":[[[-75.618133,38.64637],[-75.610003,38.648067],[-75.609412,38.648157],[-75.609034,38.640593],[-75.611418,38.640032],[-75.614148,38.63794],[-75.61425,38.638208],[-75.618133,38.64637]]]}},{"id":"232","type":"Feature","properties":{"GEOID":"100050504082","eb":2.0,"sv":3.48,"county":"Sussex","pop":1099.0,"pm25_pct":44.0,"diesel_pct":14.0,"cancer_pct":0.0,"traffic_pct":11.0,"superfund_pct":49.0,"lowinc_pct":0.24021838,"unemp_pct":0.0,"lingiso_pct":0.0,"poc_pct":42.0,"sv_health":4.99,"efa":"Not EFA","name":"Sussex BG 504082","efa_hisp_pct":17.9,"efa_black_pct":5.2,"efa_lingiso_pct":0,"efa_lingiso_sp":null,"efa_poverty_pct":13.7,"efa_mhhi":61154.0,"efa_combined_minority":28.8,"efa_has_duplicate":0,"efa_mc1":0,"efa_sc1":0,"efa_mc2":0,"efa_sc2":0,"efa_mc3":0,"efa_sc3":0,"efa_mc4":0,"efa_sc4":0,"efa_mc5":0,"efa_sc5":0,"efa_has_split":0},"geometry":{"type":"Polygon","coordinates":[[[-75.585674,38.622269],[-75.569488,38.625079],[-75.563265,38.632856],[-75.561374,38.636725],[-75.560366,38.640557],[-75.556035,38.63954],[-75.552666,38.63872],[-75.551898,38.638338],[-75.540139,38.628504],[-75.532408,38.624653],[-75.530555,38.623995],[-75.523915,38.623366],[-75.519595,38.623604],[-75.505556,38.62655],[-75.503963,38.62652],[-75.484652,38.620322],[-75.503095,38.610212],[-75.515291,38.603541],[-75.517512,38.605379],[-75.519297,38.606599],[-75.527154,38.603251],[-75.529008,38.602896],[-75.54883,38.601801],[-75.548762,38.60364],[-75.554688,38.603088],[-75.557778,38.602533],[-75.558233,38.602107],[-75.558962,38.601976],[-75.570402,38.601885],[-75.580857,38.599415],[-75.582077,38.601392],[-75.585507,38.607189],[-75.589771,38.620937],[-75.585674,38.622269]]]}},{"id":"233","type":"Feature","properties":{"GEOID":"100030117002","eb":5.96,"sv":1.44,"county":"New Castle","pop":548.0,"pm25_pct":94.0,"diesel_pct":55.0,"cancer_pct":51.0,"traffic_pct":63.0,"superfund_pct":35.0,"lowinc_pct":0.027372263,"unemp_pct":0.0,"lingiso_pct":0.0,"poc_pct":30.0,"sv_health":2.95,"efa":"Not EFA","name":"New Castle BG 117002","efa_hisp_pct":10.6,"efa_black_pct":0,"efa_lingiso_pct":0,"efa_lingiso_sp":null,"efa_poverty_pct":0,"efa_mhhi":250001.0,"efa_combined_minority":18.5,"efa_has_duplicate":0,"efa_mc1":0,"efa_sc1":0,"efa_mc2":0,"efa_sc2":0,"efa_mc3":0,"efa_sc3":0,"efa_mc4":0,"efa_sc4":0,"efa_mc5":0,"efa_sc5":0,"efa_has_split":0},"geometry":{"type":"Polygon","coordinates":[[[-75.572641,39.796293],[-75.5721,39.796489],[-75.56836,39.798733],[-75.567752,39.798244],[-75.553308,39.794835],[-75.55072,39.796794],[-75.550197,39.793281],[-75.546985,39.794041],[-75.546653,39.791534],[-75.545891,39.785595],[-75.54495,39.77778],[-75.544923,39.777644],[-75.546238,39.777774],[-75.547187,39.778041],[-75.548562,39.778762],[-75.553563,39.783528],[-75.555599,39.784686],[-75.55832,39.784303],[-75.563977,39.787438],[-75.572324,39.791257],[-75.572955,39.792779],[-75.572641,39.796293]]]}},{"id":"234","type":"Feature","properties":{"GEOID":"100030141003","eb":5.72,"sv":3.56,"county":"New Castle","pop":2082.0,"pm25_pct":60.0,"diesel_pct":73.0,"cancer_pct":51.0,"traffic_pct":50.0,"superfund_pct":72.0,"lowinc_pct":0.604707013,"unemp_pct":0.048387097,"lingiso_pct":0.048322148,"poc_pct":76.0,"sv_health":4.3,"efa":"Moderate","name":"New Castle BG 141003","efa_hisp_pct":20.0,"efa_black_pct":29.1,"efa_lingiso_pct":5.0,"efa_lingiso_sp":100.0,"efa_poverty_pct":25.5,"efa_mhhi":46225.0,"efa_combined_minority":55.6,"efa_has_duplicate":0,"efa_mc1":0,"efa_sc1":0,"efa_mc2":0,"efa_sc2":0,"efa_mc3":1,"efa_sc3":0,"efa_mc4":1,"efa_sc4":0,"efa_mc5":0,"efa_sc5":0,"efa_has_split":0},"geometry":{"type":"Polygon","coordinates":[[[-75.729153,39.677472],[-75.710142,39.683335],[-75.709815,39.682857],[-75.711491,39.682094],[-75.713608,39.678913],[-75.719265,39.678489],[-75.720788,39.677172],[-75.718993,39.67517],[-75.72011,39.674525],[-75.721524,39.673901],[-75.728254,39.673335],[-75.72897,39.677046],[-75.729153,39.677472]]]}},{"id":"235","type":"Feature","properties":{"GEOID":"100030132001","eb":6.13,"sv":2.88,"county":"New Castle","pop":900.0,"pm25_pct":73.0,"diesel_pct":78.0,"cancer_pct":51.0,"traffic_pct":69.0,"superfund_pct":80.0,"lowinc_pct":0.326666667,"unemp_pct":0.103370787,"lingiso_pct":0.0,"poc_pct":55.0,"sv_health":3.95,"efa":"Moderate","name":"New Castle BG 132001","efa_hisp_pct":12.2,"efa_black_pct":3.5,"efa_lingiso_pct":0,"efa_lingiso_sp":null,"efa_poverty_pct":13.2,"efa_mhhi":87188.0,"efa_combined_minority":23.3,"efa_has_duplicate":0,"efa_mc1":1,"efa_sc1":0,"efa_mc2":0,"efa_sc2":0,"efa_mc3":0,"efa_sc3":0,"efa_mc4":0,"efa_sc4":0,"efa_mc5":0,"efa_sc5":0,"efa_has_split":0},"geometry":{"type":"Polygon","coordinates":[[[-75.651205,39.737339],[-75.644965,39.740603],[-75.643821,39.74101],[-75.637759,39.740308],[-75.636816,39.739814],[-75.634506,39.738907],[-75.635066,39.737251],[-75.634316,39.734963],[-75.639332,39.733394],[-75.641339,39.736177],[-75.647134,39.736117],[-75.647649,39.735845],[-75.647667,39.735369],[-75.649506,39.734304],[-75.651205,39.737339]]]}},{"id":"236","type":"Feature","properties":{"GEOID":"100030139012","eb":5.7,"sv":2.91,"county":"New Castle","pop":1292.0,"pm25_pct":60.0,"diesel_pct":88.0,"cancer_pct":51.0,"traffic_pct":94.0,"superfund_pct":54.0,"lowinc_pct":0.424922601,"unemp_pct":0.088996764,"lingiso_pct":0.0,"poc_pct":72.0,"sv_health":3.76,"efa":"Not EFA","name":"New Castle BG 139012","efa_hisp_pct":35.1,"efa_black_pct":10.6,"efa_lingiso_pct":0,"efa_lingiso_sp":null,"efa_poverty_pct":3.3,"efa_mhhi":65873.0,"efa_combined_minority":54.6,"efa_has_duplicate":0,"efa_mc1":0,"efa_sc1":0,"efa_mc2":0,"efa_sc2":0,"efa_mc3":0,"efa_sc3":0,"efa_mc4":0,"efa_sc4":0,"efa_mc5":0,"efa_sc5":0,"efa_has_split":0},"geometry":{"type":"Polygon","coordinates":[[[-75.692871,39.676961],[-75.688686,39.677309],[-75.686662,39.676714],[-75.686398,39.677246],[-75.68018,39.675438],[-75.680803,39.67432],[-75.683915,39.672779],[-75.684325,39.672741],[-75.688072,39.673822],[-75.692605,39.676107],[-75.692871,39.676961]]]}},{"id":"237","type":"Feature","properties":{"GEOID":"100010413001","eb":4.65,"sv":4.26,"county":"Kent","pop":1172.0,"pm25_pct":15.0,"diesel_pct":57.0,"cancer_pct":0.0,"traffic_pct":94.0,"superfund_pct":91.0,"lowinc_pct":0.71672355,"unemp_pct":0.104424779,"lingiso_pct":0.0,"poc_pct":87.0,"sv_health":5.56,"efa":"Significant","name":"Kent BG 413001","efa_hisp_pct":6.4,"efa_black_pct":56.3,"efa_lingiso_pct":0,"efa_lingiso_sp":null,"efa_poverty_pct":46.3,"efa_mhhi":26016.0,"efa_combined_minority":71.2,"efa_has_duplicate":0,"efa_mc1":0,"efa_sc1":0,"efa_mc2":0,"efa_sc2":0,"efa_mc3":1,"efa_sc3":1,"efa_mc4":1,"efa_sc4":1,"efa_mc5":0,"efa_sc5":0,"efa_has_split":0},"geometry":{"type":"Polygon","coordinates":[[[-75.519211,39.163131],[-75.517184,39.162833],[-75.515275,39.163267],[-75.513756,39.161456],[-75.512219,39.158767],[-75.512264,39.157502],[-75.515467,39.148877],[-75.51762,39.149634],[-75.518507,39.154263],[-75.517173,39.157256],[-75.519057,39.159317],[-75.519686,39.161115],[-75.519211,39.163131]]]}},{"id":"238","type":"Feature","properties":{"GEOID":"100010409002","eb":4.59,"sv":3.63,"county":"Kent","pop":1005.0,"pm25_pct":15.0,"diesel_pct":55.0,"cancer_pct":0.0,"traffic_pct":87.0,"superfund_pct":83.0,"lowinc_pct":0.578361982,"unemp_pct":0.056537102,"lingiso_pct":0.036753446,"poc_pct":61.0,"sv_health":5.18,"efa":"Significant","name":"Kent BG 409002","efa_hisp_pct":7.5,"efa_black_pct":25.0,"efa_lingiso_pct":4.7,"efa_lingiso_sp":35.5,"efa_poverty_pct":29.9,"efa_mhhi":24615.0,"efa_combined_minority":44.6,"efa_has_duplicate":0,"efa_mc1":1,"efa_sc1":1,"efa_mc2":0,"efa_sc2":0,"efa_mc3":1,"efa_sc3":0,"efa_mc4":1,"efa_sc4":1,"efa_mc5":0,"efa_sc5":0,"efa_has_split":0},"geometry":{"type":"Polygon","coordinates":[[[-75.529561,39.181],[-75.518107,39.16995],[-75.517117,39.168113],[-75.516422,39.164901],[-75.515275,39.163267],[-75.517184,39.162833],[-75.519211,39.163131],[-75.521277,39.16634],[-75.521519,39.169562],[-75.526533,39.170981],[-75.527332,39.173302],[-75.529871,39.174467],[-75.529561,39.181]]]}},{"id":"239","type":"Feature","properties":{"GEOID":"100030024004","eb":7.18,"sv":3.06,"county":"New Castle","pop":1198.0,"pm25_pct":83.0,"diesel_pct":78.0,"cancer_pct":51.0,"traffic_pct":91.0,"superfund_pct":73.0,"lowinc_pct":0.158597663,"unemp_pct":0.0,"lingiso_pct":0.0,"poc_pct":32.0,"sv_health":4.57,"efa":"Not EFA","name":"New Castle BG 24004","efa_hisp_pct":1.0,"efa_black_pct":12.8,"efa_lingiso_pct":0,"efa_lingiso_sp":null,"efa_poverty_pct":1.0,"efa_mhhi":108118.0,"efa_combined_minority":15.4,"efa_has_duplicate":0,"efa_mc1":0,"efa_sc1":0,"efa_mc2":0,"efa_sc2":0,"efa_mc3":0,"efa_sc3":0,"efa_mc4":0,"efa_sc4":0,"efa_mc5":0,"efa_sc5":0,"efa_has_split":0},"geometry":{"type":"Polygon","coordinates":[[[-75.584555,39.744507],[-75.581662,39.749721],[-75.574639,39.746869],[-75.577087,39.743284],[-75.578007,39.742413],[-75.578726,39.742049],[-75.582907,39.741296],[-75.581868,39.742862],[-75.584081,39.744163],[-75.584555,39.744507]]]}},{"id":"240","type":"Feature","properties":{"GEOID":"100030136141","eb":5.67,"sv":2.84,"county":"New Castle","pop":603.0,"pm25_pct":68.0,"diesel_pct":84.0,"cancer_pct":51.0,"traffic_pct":81.0,"superfund_pct":70.0,"lowinc_pct":0.061359867,"unemp_pct":0.10046729,"lingiso_pct":0.0,"poc_pct":29.0,"sv_health":3.88,"efa":"Not EFA","name":"New Castle BG 136141","efa_hisp_pct":8.0,"efa_black_pct":5.0,"efa_lingiso_pct":0,"efa_lingiso_sp":null,"efa_poverty_pct":8.0,"efa_mhhi":132963.0,"efa_combined_minority":22.2,"efa_has_duplicate":0,"efa_mc1":0,"efa_sc1":0,"efa_mc2":0,"efa_sc2":0,"efa_mc3":0,"efa_sc3":0,"efa_mc4":0,"efa_sc4":0,"efa_mc5":0,"efa_sc5":0,"efa_has_split":0},"geometry":{"type":"Polygon","coordinates":[[[-75.675452,39.713892],[-75.673164,39.71562],[-75.670982,39.717082],[-75.665832,39.71978],[-75.663017,39.72121],[-75.661962,39.719931],[-75.659449,39.715669],[-75.658646,39.715169],[-75.66169,39.715347],[-75.66732,39.713417],[-75.673963,39.711901],[-75.675452,39.713892]]]}},{"id":"241","type":"Feature","properties":{"GEOID":"100030148094","eb":5.05,"sv":2.19,"county":"New Castle","pop":1252.0,"pm25_pct":49.0,"diesel_pct":53.0,"cancer_pct":51.0,"traffic_pct":45.0,"superfund_pct":77.0,"lowinc_pct":0.160543131,"unemp_pct":0.018115942,"lingiso_pct":0.033274956,"poc_pct":83.0,"sv_health":3.82,"efa":"Not EFA","name":"New Castle BG 148094","efa_hisp_pct":12.1,"efa_black_pct":38.6,"efa_lingiso_pct":3.2,"efa_lingiso_sp":0,"efa_poverty_pct":0,"efa_mhhi":82463.0,"efa_combined_minority":59.6,"efa_has_duplicate":0,"efa_mc1":0,"efa_sc1":0,"efa_mc2":0,"efa_sc2":0,"efa_mc3":0,"efa_sc3":0,"efa_mc4":0,"efa_sc4":0,"efa_mc5":0,"efa_sc5":0,"efa_has_split":0},"geometry":{"type":"Polygon","coordinates":[[[-75.707653,39.609988],[-75.705006,39.611122],[-75.700697,39.614784],[-75.699928,39.615463],[-75.69775,39.617072],[-75.695764,39.618344],[-75.694762,39.618795],[-75.694615,39.618669],[-75.693283,39.617293],[-75.690095,39.602913],[-75.690581,39.600235],[-75.691216,39.599754],[-75.694465,39.601761],[-75.707423,39.609846],[-75.707653,39.609988]]]}},{"id":"242","type":"Feature","properties":{"GEOID":"100030009003","eb":7.91,"sv":3.97,"county":"New Castle","pop":892.0,"pm25_pct":82.0,"diesel_pct":95.0,"cancer_pct":51.0,"traffic_pct":97.0,"superfund_pct":69.0,"lowinc_pct":0.567264574,"unemp_pct":0.12539185,"lingiso_pct":0.0,"poc_pct":99.0,"sv_health":5.04,"efa":"Significant","name":"New Castle BG 9003","efa_hisp_pct":12.3,"efa_black_pct":81.7,"efa_lingiso_pct":0,"efa_lingiso_sp":null,"efa_poverty_pct":28.6,"efa_mhhi":43750.0,"efa_combined_minority":97.2,"efa_has_duplicate":0,"efa_mc1":1,"efa_sc1":1,"efa_mc2":1,"efa_sc2":1,"efa_mc3":1,"efa_sc3":0,"efa_mc4":1,"efa_sc4":0,"efa_mc5":0,"efa_sc5":0,"efa_has_split":0},"geometry":{"type":"Polygon","coordinates":[[[-75.545698,39.743564],[-75.54333,39.747057],[-75.545189,39.747802],[-75.544173,39.749345],[-75.543855,39.750278],[-75.540808,39.749634],[-75.539978,39.748346],[-75.540738,39.748462],[-75.542625,39.74569],[-75.543214,39.744851],[-75.54445,39.743052],[-75.545698,39.743564]]]}},{"id":"243","type":"Feature","properties":{"GEOID":"100030011002","eb":7.59,"sv":2.41,"county":"New Castle","pop":1056.0,"pm25_pct":87.0,"diesel_pct":90.0,"cancer_pct":51.0,"traffic_pct":99.0,"superfund_pct":59.0,"lowinc_pct":0.207039338,"unemp_pct":0.075829384,"lingiso_pct":0.0,"poc_pct":37.0,"sv_health":3.46,"efa":"Not EFA","name":"New Castle BG 11002","efa_hisp_pct":5.6,"efa_black_pct":14.1,"efa_lingiso_pct":0,"efa_lingiso_sp":null,"efa_poverty_pct":19.3,"efa_mhhi":73685.0,"efa_combined_minority":26.5,"efa_has_duplicate":0,"efa_mc1":0,"efa_sc1":0,"efa_mc2":0,"efa_sc2":0,"efa_mc3":0,"efa_sc3":0,"efa_mc4":0,"efa_sc4":0,"efa_mc5":0,"efa_sc5":0,"efa_has_split":0},"geometry":{"type":"Polygon","coordinates":[[[-75.558312,39.754151],[-75.555259,39.756121],[-75.55354,39.754561],[-75.553029,39.754906],[-75.553687,39.75274],[-75.554987,39.751244],[-75.555094,39.751144],[-75.556593,39.752485],[-75.556528,39.752574],[-75.558312,39.754151]]]}},{"id":"244","type":"Feature","properties":{"GEOID":"100050508082","eb":2.1,"sv":2.03,"county":"Sussex","pop":1661.0,"pm25_pct":29.0,"diesel_pct":18.0,"cancer_pct":0.0,"traffic_pct":31.0,"superfund_pct":17.0,"lowinc_pct":0.043949428,"unemp_pct":0.0,"lingiso_pct":0.087067862,"poc_pct":5.0,"sv_health":3.85,"efa":"Not EFA","name":"Sussex BG 508082","efa_hisp_pct":0,"efa_black_pct":0,"efa_lingiso_pct":8.1,"efa_lingiso_sp":0,"efa_poverty_pct":4.2,"efa_mhhi":99200.0,"efa_combined_minority":2.2,"efa_has_duplicate":0,"efa_mc1":0,"efa_sc1":0,"efa_mc2":0,"efa_sc2":0,"efa_mc3":0,"efa_sc3":0,"efa_mc4":0,"efa_sc4":0,"efa_mc5":0,"efa_sc5":0,"efa_has_split":0},"geometry":{"type":"Polygon","coordinates":[[[-75.226374,38.747725],[-75.222474,38.750695],[-75.220209,38.751383],[-75.217279,38.753493],[-75.214868,38.756453],[-75.20377,38.759704],[-75.203061,38.760209],[-75.195027,38.755851],[-75.200305,38.753523],[-75.207168,38.748184],[-75.205738,38.739186],[-75.222602,38.736622],[-75.222762,38.740616],[-75.223536,38.744657],[-75.223695,38.744964],[-75.226374,38.747725]]]}},{"id":"245","type":"Feature","properties":{"GEOID":"100050502003","eb":1.82,"sv":3.57,"county":"Sussex","pop":1950.0,"pm25_pct":42.0,"diesel_pct":10.0,"cancer_pct":0.0,"traffic_pct":11.0,"superfund_pct":24.0,"lowinc_pct":0.519034853,"unemp_pct":0.050135501,"lingiso_pct":0.03250774,"poc_pct":70.0,"sv_health":4.57,"efa":"Not EFA","name":"Sussex BG 502003","efa_hisp_pct":20.4,"efa_black_pct":28.2,"efa_lingiso_pct":2.4,"efa_lingiso_sp":100.0,"efa_poverty_pct":16.9,"efa_mhhi":53786.0,"efa_combined_minority":51.0,"efa_has_duplicate":0,"efa_mc1":0,"efa_sc1":0,"efa_mc2":0,"efa_sc2":0,"efa_mc3":0,"efa_sc3":0,"efa_mc4":0,"efa_sc4":0,"efa_mc5":0,"efa_sc5":0,"efa_has_split":0},"geometry":{"type":"Polygon","coordinates":[[[-75.432605,38.779123],[-75.431538,38.785092],[-75.429738,38.792484],[-75.429693,38.798136],[-75.429151,38.800435],[-75.429117,38.803742],[-75.429103,38.806116],[-75.429107,38.806946],[-75.429135,38.813154],[-75.429131,38.816051],[-75.429123,38.818474],[-75.429204,38.82819],[-75.422355,38.833447],[-75.419167,38.828984],[-75.414906,38.827254],[-75.412102,38.823601],[-75.40926,38.821997],[-75.408111,38.820721],[-75.403538,38.827286],[-75.402416,38.828062],[-75.395489,38.830519],[-75.394913,38.831066],[-75.395355,38.835821],[-75.393524,38.83453],[-75.388089,38.834301],[-75.383011,38.83322],[-75.370379,38.833517],[-75.36701,38.83334],[-75.365942,38.833254],[-75.362636,38.833128],[-75.348894,38.834181],[-75.345712,38.834144],[-75.345398,38.829586],[-75.343619,38.826552],[-75.345383,38.81567],[-75.342963,38.810292],[-75.342387,38.808497],[-75.341976,38.804234],[-75.342273,38.800454],[-75.341985,38.798332],[-75.340734,38.794685],[-75.340676,38.786696],[-75.365907,38.783521],[-75.372467,38.781895],[-75.376808,38.782094],[-75.380684,38.783441],[-75.384434,38.783149],[-75.391734,38.778798],[-75.397045,38.778452],[-75.398333,38.776341],[-75.400647,38.77567],[-75.406892,38.772934],[-75.410558,38.771102],[-75.412703,38.769252],[-75.414607,38.768429],[-75.416428,38.765732],[-75.418522,38.764106],[-75.418614,38.762098],[-75.423971,38.761957],[-75.433732,38.762593],[-75.432605,38.779123]]]}},{"id":"246","type":"Feature","properties":{"GEOID":"100050518011","eb":1.9,"sv":4.05,"county":"Sussex","pop":2015.0,"pm25_pct":33.0,"diesel_pct":2.0,"cancer_pct":0.0,"traffic_pct":33.0,"superfund_pct":41.0,"lowinc_pct":0.722801788,"unemp_pct":0.015479876,"lingiso_pct":0.011349306,"poc_pct":68.0,"sv_health":5.11,"efa":"Significant","name":"Sussex BG 518011","efa_hisp_pct":25.9,"efa_black_pct":37.9,"efa_lingiso_pct":3.3,"efa_lingiso_sp":100.0,"efa_poverty_pct":43.2,"efa_mhhi":28049.0,"efa_combined_minority":65.4,"efa_has_duplicate":0,"efa_mc1":0,"efa_sc1":0,"efa_mc2":0,"efa_sc2":0,"efa_mc3":1,"efa_sc3":1,"efa_mc4":1,"efa_sc4":1,"efa_mc5":0,"efa_sc5":0,"efa_has_split":0},"geometry":{"type":"Polygon","coordinates":[[[-75.59069,38.596151],[-75.58621,38.59697],[-75.58592,38.597941],[-75.580857,38.599415],[-75.571989,38.585075],[-75.56876,38.579859],[-75.567533,38.577886],[-75.566594,38.576363],[-75.564681,38.573285],[-75.562739,38.570154],[-75.567299,38.565907],[-75.567835,38.565591],[-75.570979,38.56419],[-75.570779,38.562408],[-75.57183,38.558821],[-75.572904,38.558976],[-75.574649,38.558137],[-75.575445,38.558655],[-75.577243,38.56223],[-75.577004,38.562168],[-75.578133,38.566976],[-75.578725,38.573387],[-75.57994,38.576729],[-75.58606,38.585576],[-75.594263,38.597525],[-75.59069,38.596151]]]}},{"id":"247","type":"Feature","properties":{"GEOID":"100050513083","eb":2.11,"sv":2.67,"county":"Sussex","pop":942.0,"pm25_pct":13.0,"diesel_pct":7.0,"cancer_pct":0.0,"traffic_pct":15.0,"superfund_pct":31.0,"lowinc_pct":0.351380043,"unemp_pct":0.063917526,"lingiso_pct":0.0,"poc_pct":21.0,"sv_health":4.36,"efa":"Moderate","name":"Sussex BG 513083","efa_hisp_pct":0,"efa_black_pct":5.1,"efa_lingiso_pct":0,"efa_lingiso_sp":null,"efa_poverty_pct":5.1,"efa_mhhi":46712.0,"efa_combined_minority":9.8,"efa_has_duplicate":0,"efa_mc1":0,"efa_sc1":0,"efa_mc2":0,"efa_sc2":0,"efa_mc3":0,"efa_sc3":0,"efa_mc4":1,"efa_sc4":0,"efa_mc5":0,"efa_sc5":0,"efa_has_split":0},"geometry":{"type":"Polygon","coordinates":[[[-75.201894,38.558557],[-75.199419,38.558707],[-75.197362,38.560063],[-75.197863,38.562049],[-75.193866,38.564975],[-75.192845,38.568441],[-75.192975,38.570599],[-75.186259,38.570954],[-75.182774,38.57369],[-75.170565,38.585123],[-75.170308,38.588909],[-75.169529,38.589123],[-75.167421,38.589988],[-75.163229,38.583949],[-75.161596,38.582249],[-75.160821,38.579668],[-75.161184,38.579445],[-75.160131,38.578664],[-75.160309,38.577662],[-75.159564,38.576133],[-75.158628,38.575244],[-75.158882,38.573216],[-75.16012,38.572826],[-75.15915,38.572018],[-75.159436,38.571459],[-75.158654,38.571272],[-75.156711,38.569493],[-75.15704,38.56763],[-75.154681,38.564635],[-75.154642,38.562645],[-75.153395,38.560731],[-75.154484,38.556524],[-75.154354,38.554812],[-75.156917,38.555485],[-75.165548,38.557103],[-75.167198,38.556999],[-75.182336,38.554022],[-75.184665,38.553705],[-75.192937,38.553786],[-75.199491,38.556501],[-75.203443,38.556442],[-75.201894,38.558557]]]}},{"id":"248","type":"Feature","properties":{"GEOID":"100010417013","eb":2.84,"sv":3.13,"county":"Kent","pop":1637.0,"pm25_pct":19.0,"diesel_pct":37.0,"cancer_pct":0.0,"traffic_pct":60.0,"superfund_pct":42.0,"lowinc_pct":0.359804521,"unemp_pct":0.017410229,"lingiso_pct":0.257545272,"poc_pct":92.0,"sv_health":4.02,"efa":"Moderate","name":"Kent BG 417013","efa_hisp_pct":5.7,"efa_black_pct":60.5,"efa_lingiso_pct":21.8,"efa_lingiso_sp":0,"efa_poverty_pct":3.3,"efa_mhhi":85541.0,"efa_combined_minority":73.9,"efa_has_duplicate":0,"efa_mc1":0,"efa_sc1":0,"efa_mc2":0,"efa_sc2":0,"efa_mc3":0,"efa_sc3":0,"efa_mc4":0,"efa_sc4":0,"efa_mc5":1,"efa_sc5":0,"efa_has_split":0},"geometry":{"type":"Polygon","coordinates":[[[-75.555937,39.098369],[-75.55562,39.099145],[-75.554339,39.10138],[-75.547057,39.108836],[-75.546785,39.109112],[-75.545449,39.110422],[-75.539348,39.116317],[-75.538352,39.115657],[-75.536573,39.115211],[-75.537568,39.113091],[-75.541056,39.105645],[-75.542504,39.102612],[-75.545947,39.095216],[-75.551086,39.095367],[-75.551621,39.095382],[-75.554595,39.095472],[-75.557143,39.095551],[-75.555937,39.098369]]]}},{"id":"249","type":"Feature","properties":{"GEOID":"100030143022","eb":4.64,"sv":1.96,"county":"New Castle","pop":1533.0,"pm25_pct":59.0,"diesel_pct":38.0,"cancer_pct":0.0,"traffic_pct":69.0,"superfund_pct":51.0,"lowinc_pct":0.414872798,"unemp_pct":0.056900726,"lingiso_pct":0.027985075,"poc_pct":34.0,"sv_health":3.13,"efa":"Not EFA","name":"New Castle BG 143022","efa_hisp_pct":2.5,"efa_black_pct":4.3,"efa_lingiso_pct":3.8,"efa_lingiso_sp":0,"efa_poverty_pct":15.8,"efa_mhhi":87898.0,"efa_combined_minority":17.8,"efa_has_duplicate":0,"efa_mc1":0,"efa_sc1":0,"efa_mc2":0,"efa_sc2":0,"efa_mc3":0,"efa_sc3":0,"efa_mc4":0,"efa_sc4":0,"efa_mc5":0,"efa_sc5":0,"efa_has_split":0},"geometry":{"type":"Polygon","coordinates":[[[-75.777631,39.698574],[-75.7741,39.699137],[-75.773636,39.699732],[-75.771168,39.699527],[-75.766809,39.697462],[-75.76634,39.697858],[-75.763424,39.692993],[-75.761081,39.690684],[-75.759705,39.687612],[-75.756201,39.683002],[-75.767913,39.687372],[-75.775269,39.690112],[-75.776119,39.690427],[-75.776477,39.692901],[-75.774623,39.694288],[-75.775479,39.69618],[-75.774436,39.697773],[-75.777117,39.697553],[-75.777631,39.698574]]]}},{"id":"250","type":"Feature","properties":{"GEOID":"100050515021","eb":3.4,"sv":2.86,"county":"Sussex","pop":1586.0,"pm25_pct":24.0,"diesel_pct":9.0,"cancer_pct":0.0,"traffic_pct":15.0,"superfund_pct":75.0,"lowinc_pct":0.265525982,"unemp_pct":0.072096128,"lingiso_pct":0.0,"poc_pct":35.0,"sv_health":4.37,"efa":"Not EFA","name":"Sussex BG 515021","efa_hisp_pct":0,"efa_black_pct":16.6,"efa_lingiso_pct":0,"efa_lingiso_sp":null,"efa_poverty_pct":1.2,"efa_mhhi":94464.0,"efa_combined_minority":17.9,"efa_has_duplicate":0,"efa_mc1":0,"efa_sc1":0,"efa_mc2":0,"efa_sc2":0,"efa_mc3":0,"efa_sc3":0,"efa_mc4":0,"efa_sc4":0,"efa_mc5":0,"efa_sc5":0,"efa_has_split":0},"geometry":{"type":"Polygon","coordinates":[[[-75.272397,38.565752],[-75.26738,38.569785],[-75.26138,38.572724],[-75.261028,38.573118],[-75.260098,38.575067],[-75.2583,38.583157],[-75.255428,38.583714],[-75.25404,38.586833],[-75.250201,38.588233],[-75.245909,38.591327],[-75.244702,38.591578],[-75.240504,38.591414],[-75.237878,38.589869],[-75.236531,38.588106],[-75.23466,38.587704],[-75.231754,38.58776],[-75.225624,38.5883],[-75.222809,38.588775],[-75.218937,38.590561],[-75.217248,38.590665],[-75.212901,38.59011],[-75.208835,38.591671],[-75.198094,38.590123],[-75.195037,38.589559],[-75.187834,38.589428],[-75.182699,38.589129],[-75.179354,38.588308],[-75.174137,38.587862],[-75.170308,38.588909],[-75.170565,38.585123],[-75.182774,38.57369],[-75.186259,38.570954],[-75.192975,38.570599],[-75.197977,38.568941],[-75.201136,38.566625],[-75.203566,38.564446],[-75.208406,38.562069],[-75.210572,38.561971],[-75.216819,38.561117],[-75.218833,38.561115],[-75.22139,38.558328],[-75.224898,38.558134],[-75.227294,38.558389],[-75.228468,38.557913],[-75.230659,38.553208],[-75.231837,38.552592],[-75.236101,38.551508],[-75.237535,38.551354],[-75.238053,38.55248],[-75.240328,38.553204],[-75.241887,38.552588],[-75.237846,38.556451],[-75.246774,38.554891],[-75.248415,38.554292],[-75.249038,38.553988],[-75.249264,38.553751],[-75.249887,38.55416],[-75.251049,38.554562],[-75.252536,38.554953],[-75.256018,38.556079],[-75.260985,38.558553],[-75.273862,38.564143],[-75.272397,38.565752]]]}},{"id":"251","type":"Feature","properties":{"GEOID":"100030138002","eb":5.89,"sv":2.44,"county":"New Castle","pop":1600.0,"pm25_pct":64.0,"diesel_pct":98.0,"cancer_pct":51.0,"traffic_pct":88.0,"superfund_pct":70.0,"lowinc_pct":0.035490605,"unemp_pct":0.23245614,"lingiso_pct":0.0,"poc_pct":63.0,"sv_health":3.29,"efa":"Not EFA","name":"New Castle BG 138002","efa_hisp_pct":3.1,"efa_black_pct":14.5,"efa_lingiso_pct":0,"efa_lingiso_sp":null,"efa_poverty_pct":1.5,"efa_mhhi":97941.0,"efa_combined_minority":21.2,"efa_has_duplicate":0,"efa_mc1":0,"efa_sc1":0,"efa_mc2":0,"efa_sc2":0,"efa_mc3":0,"efa_sc3":0,"efa_mc4":0,"efa_sc4":0,"efa_mc5":0,"efa_sc5":0,"efa_has_split":0},"geometry":{"type":"Polygon","coordinates":[[[-75.681923,39.685677],[-75.674583,39.689381],[-75.671783,39.691035],[-75.668934,39.693242],[-75.671302,39.693952],[-75.672043,39.694843],[-75.675312,39.698302],[-75.675585,39.699082],[-75.672633,39.699094],[-75.669667,39.699974],[-75.665568,39.697963],[-75.664562,39.699023],[-75.665098,39.6998],[-75.663033,39.701411],[-75.661245,39.701312],[-75.65986,39.700421],[-75.65796,39.700849],[-75.655675,39.702924],[-75.655218,39.705596],[-75.653606,39.706919],[-75.65411,39.704783],[-75.653205,39.702677],[-75.651759,39.700242],[-75.651489,39.69947],[-75.651402,39.6979],[-75.654789,39.688469],[-75.656469,39.683743],[-75.657251,39.679641],[-75.656847,39.677898],[-75.654415,39.673457],[-75.655323,39.668239],[-75.655261,39.666916],[-75.654853,39.665538],[-75.656773,39.664514],[-75.656672,39.663983],[-75.658338,39.664859],[-75.659979,39.665324],[-75.665952,39.667467],[-75.667362,39.667504],[-75.668349,39.668168],[-75.669938,39.668705],[-75.672907,39.66978],[-75.675124,39.672028],[-75.676984,39.673827],[-75.68018,39.675438],[-75.679601,39.676623],[-75.680024,39.680885],[-75.680721,39.6834],[-75.681778,39.685508],[-75.681923,39.685677]]]}},{"id":"252","type":"Feature","properties":{"GEOID":"100010417014","eb":2.34,"sv":2.77,"county":"Kent","pop":1762.0,"pm25_pct":19.0,"diesel_pct":37.0,"cancer_pct":0.0,"traffic_pct":19.0,"superfund_pct":38.0,"lowinc_pct":0.128087306,"unemp_pct":0.0,"lingiso_pct":0.0,"poc_pct":35.0,"sv_health":4.02,"efa":"Not EFA","name":"Kent BG 417014","efa_hisp_pct":5.4,"efa_black_pct":18.3,"efa_lingiso_pct":0,"efa_lingiso_sp":null,"efa_poverty_pct":11.1,"efa_mhhi":60846.0,"efa_combined_minority":34.5,"efa_has_duplicate":0,"efa_mc1":0,"efa_sc1":0,"efa_mc2":0,"efa_sc2":0,"efa_mc3":0,"efa_sc3":0,"efa_mc4":0,"efa_sc4":0,"efa_mc5":0,"efa_sc5":0,"efa_has_split":0},"geometry":{"type":"Polygon","coordinates":[[[-75.581063,39.094332],[-75.578052,39.095636],[-75.571296,39.09859],[-75.571223,39.098622],[-75.567507,39.100295],[-75.565647,39.101529],[-75.563861,39.102728],[-75.561097,39.106364],[-75.559622,39.107769],[-75.559088,39.108253],[-75.557795,39.109431],[-75.555785,39.111265],[-75.555102,39.111873],[-75.545449,39.110422],[-75.546785,39.109112],[-75.547057,39.108836],[-75.554339,39.10138],[-75.55562,39.099145],[-75.555937,39.098369],[-75.557143,39.095551],[-75.558428,39.092586],[-75.55851,39.0924],[-75.566279,39.091469],[-75.567615,39.091284],[-75.568125,39.091066],[-75.569772,39.089587],[-75.573403,39.08571],[-75.575558,39.085342],[-75.578901,39.086876],[-75.581063,39.094332]]]}},{"id":"253","type":"Feature","properties":{"GEOID":"100030120002","eb":6.07,"sv":2.9,"county":"New Castle","pop":1975.0,"pm25_pct":75.0,"diesel_pct":62.0,"cancer_pct":51.0,"traffic_pct":63.0,"superfund_pct":80.0,"lowinc_pct":0.424810127,"unemp_pct":0.079086116,"lingiso_pct":0.038402458,"poc_pct":57.0,"sv_health":3.99,"efa":"Not EFA","name":"New Castle BG 120002","efa_hisp_pct":6.8,"efa_black_pct":21.8,"efa_lingiso_pct":3.1,"efa_lingiso_sp":100.0,"efa_poverty_pct":7.3,"efa_mhhi":67589.0,"efa_combined_minority":33.6,"efa_has_duplicate":0,"efa_mc1":0,"efa_sc1":0,"efa_mc2":0,"efa_sc2":0,"efa_mc3":0,"efa_sc3":0,"efa_mc4":0,"efa_sc4":0,"efa_mc5":0,"efa_sc5":0,"efa_has_split":0},"geometry":{"type":"Polygon","coordinates":[[[-75.636566,39.747627],[-75.632558,39.748014],[-75.628972,39.746876],[-75.624662,39.7463],[-75.624011,39.746343],[-75.623981,39.746229],[-75.623709,39.743551],[-75.622708,39.73742],[-75.626829,39.736909],[-75.634316,39.734963],[-75.635066,39.737251],[-75.634506,39.738907],[-75.631159,39.740702],[-75.633999,39.744204],[-75.636517,39.745783],[-75.637389,39.74582],[-75.636566,39.747627]]]}},{"id":"254","type":"Feature","properties":{"GEOID":"100030103001","eb":6.87,"sv":2.48,"county":"New Castle","pop":1052.0,"pm25_pct":96.0,"diesel_pct":79.0,"cancer_pct":51.0,"traffic_pct":75.0,"superfund_pct":42.0,"lowinc_pct":0.135931559,"unemp_pct":0.0304414,"lingiso_pct":0.036144578,"poc_pct":50.0,"sv_health":3.33,"efa":"Not EFA","name":"New Castle BG 103001","efa_hisp_pct":7.0,"efa_black_pct":39.4,"efa_lingiso_pct":4.6,"efa_lingiso_sp":52.4,"efa_poverty_pct":4.6,"efa_mhhi":114375.0,"efa_combined_minority":48.6,"efa_has_duplicate":0,"efa_mc1":0,"efa_sc1":0,"efa_mc2":0,"efa_sc2":0,"efa_mc3":0,"efa_sc3":0,"efa_mc4":0,"efa_sc4":0,"efa_mc5":0,"efa_sc5":0,"efa_has_split":0},"geometry":{"type":"Polygon","coordinates":[[[-75.480879,39.804354],[-75.476303,39.808287],[-75.473012,39.806076],[-75.473063,39.805007],[-75.472794,39.804623],[-75.470596,39.804061],[-75.470661,39.803535],[-75.470884,39.803031],[-75.470813,39.802225],[-75.473098,39.801281],[-75.467211,39.797646],[-75.465884,39.795912],[-75.467931,39.794084],[-75.470643,39.79577],[-75.475771,39.798964],[-75.47628,39.799485],[-75.479596,39.803017],[-75.479859,39.803218],[-75.481025,39.804226],[-75.480879,39.804354]]]}},{"id":"255","type":"Feature","properties":{"GEOID":"100010402013","eb":2.96,"sv":2.36,"county":"Kent","pop":1221.0,"pm25_pct":3.0,"diesel_pct":36.0,"cancer_pct":0.0,"traffic_pct":53.0,"superfund_pct":13.0,"lowinc_pct":0.214827296,"unemp_pct":0.031377899,"lingiso_pct":0.0,"poc_pct":64.0,"sv_health":3.86,"efa":"Not EFA","name":"Kent BG 402013","efa_hisp_pct":0,"efa_black_pct":43.8,"efa_lingiso_pct":0,"efa_lingiso_sp":null,"efa_poverty_pct":1.4,"efa_mhhi":85625.0,"efa_combined_minority":55.8,"efa_has_duplicate":0,"efa_mc1":0,"efa_sc1":0,"efa_mc2":0,"efa_sc2":0,"efa_mc3":0,"efa_sc3":0,"efa_mc4":0,"efa_sc4":0,"efa_mc5":0,"efa_sc5":0,"efa_has_split":0},"geometry":{"type":"Polygon","coordinates":[[[-75.622273,39.297079],[-75.620988,39.301033],[-75.620778,39.30384],[-75.619002,39.306672],[-75.618634,39.307219],[-75.618003,39.308208],[-75.61606,39.309735],[-75.614256,39.308307],[-75.611492,39.309295],[-75.609385,39.308801],[-75.60688,39.306035],[-75.60785,39.305493],[-75.620141,39.295486],[-75.620686,39.295061],[-75.621259,39.294611],[-75.622503,39.295303],[-75.622273,39.297079]]]}},{"id":"256","type":"Feature","properties":{"GEOID":"100050509051","eb":1.87,"sv":1.93,"county":"Sussex","pop":939.0,"pm25_pct":25.0,"diesel_pct":23.0,"cancer_pct":0.0,"traffic_pct":17.0,"superfund_pct":0.0,"lowinc_pct":0.042598509,"unemp_pct":0.0,"lingiso_pct":0.0,"poc_pct":0.0,"sv_health":3.89,"efa":"Not EFA","name":"Sussex BG 509051","efa_hisp_pct":0.5,"efa_black_pct":0,"efa_lingiso_pct":0,"efa_lingiso_sp":null,"efa_poverty_pct":1.3,"efa_mhhi":77372.0,"efa_combined_minority":1.4,"efa_has_duplicate":0,"efa_mc1":0,"efa_sc1":0,"efa_mc2":0,"efa_sc2":0,"efa_mc3":0,"efa_sc3":0,"efa_mc4":0,"efa_sc4":0,"efa_mc5":0,"efa_sc5":0,"efa_has_split":0},"geometry":{"type":"Polygon","coordinates":[[[-75.192035,38.806014],[-75.1902011884624,38.806676942826],[-75.160748,38.791224],[-75.159022,38.790193],[-75.134022,38.782242],[-75.113331,38.782998],[-75.103087190465,38.7865992406579],[-75.104022,38.782072],[-75.104274,38.782032],[-75.104277,38.781884],[-75.121919,38.779559],[-75.126262,38.775733],[-75.130096,38.772057],[-75.132834,38.773152],[-75.133444,38.773427],[-75.13761,38.775794],[-75.137868,38.776408],[-75.141727,38.779393],[-75.14725,38.779813],[-75.153509,38.782331],[-75.154674,38.7831],[-75.158652,38.788194],[-75.162737,38.789725],[-75.16301,38.790162],[-75.170232,38.793135],[-75.176633,38.796629],[-75.181631,38.797827],[-75.185113,38.800953],[-75.192644,38.805149],[-75.192035,38.806014]]]}},{"id":"257","type":"Feature","properties":{"GEOID":"100050510113","eb":2.4,"sv":2.48,"county":"Sussex","pop":1038.0,"pm25_pct":21.0,"diesel_pct":31.0,"cancer_pct":0.0,"traffic_pct":75.0,"superfund_pct":8.0,"lowinc_pct":0.379576108,"unemp_pct":0.083832335,"lingiso_pct":0.0,"poc_pct":9.0,"sv_health":3.85,"efa":"Moderate","name":"Sussex BG 510113","efa_hisp_pct":1.5,"efa_black_pct":4.6,"efa_lingiso_pct":0,"efa_lingiso_sp":null,"efa_poverty_pct":17.2,"efa_mhhi":35893.0,"efa_combined_minority":13.2,"efa_has_duplicate":0,"efa_mc1":0,"efa_sc1":0,"efa_mc2":0,"efa_sc2":0,"efa_mc3":0,"efa_sc3":0,"efa_mc4":1,"efa_sc4":0,"efa_mc5":0,"efa_sc5":0,"efa_has_split":0},"geometry":{"type":"Polygon","coordinates":[[[-75.173871,38.748401],[-75.163097,38.748436],[-75.160363,38.748058],[-75.156577,38.746682],[-75.153806,38.744926],[-75.148188,38.741205],[-75.156374,38.736071],[-75.162881,38.742037],[-75.166134,38.739598],[-75.168142,38.741625],[-75.169408,38.742925],[-75.170043,38.743582],[-75.173793,38.747475],[-75.174838,38.747687],[-75.173871,38.748401]]]}},{"id":"258","type":"Feature","properties":{"GEOID":"100050519001","eb":0.97,"sv":2.93,"county":"Sussex","pop":1453.0,"pm25_pct":27.0,"diesel_pct":1.0,"cancer_pct":0.0,"traffic_pct":8.0,"superfund_pct":18.0,"lowinc_pct":0.157604955,"unemp_pct":0.058676654,"lingiso_pct":0.0,"poc_pct":49.0,"sv_health":4.24,"efa":"Not EFA","name":"Sussex BG 519001","efa_hisp_pct":5.1,"efa_black_pct":14.7,"efa_lingiso_pct":0,"efa_lingiso_sp":null,"efa_poverty_pct":6.2,"efa_mhhi":52688.0,"efa_combined_minority":28.1,"efa_has_duplicate":0,"efa_mc1":0,"efa_sc1":0,"efa_mc2":0,"efa_sc2":0,"efa_mc3":0,"efa_sc3":0,"efa_mc4":0,"efa_sc4":0,"efa_mc5":0,"efa_sc5":0,"efa_has_split":0},"geometry":{"type":"Polygon","coordinates":[[[-75.6987790001605,38.5220305544398],[-75.694538,38.521362],[-75.660342,38.518586],[-75.642705,38.517161],[-75.641332,38.517197],[-75.640152,38.517477],[-75.592685,38.537538],[-75.591822,38.538],[-75.591746,38.538044],[-75.586775,38.533521],[-75.588595,38.524243],[-75.588217,38.523014],[-75.583645,38.522446],[-75.584964,38.514616],[-75.585248,38.514137],[-75.586471,38.507984],[-75.586029,38.504043],[-75.585785,38.498726],[-75.585963,38.496984],[-75.589477,38.494067],[-75.588706,38.488498],[-75.588899,38.483702],[-75.588429,38.48178],[-75.589414,38.476314],[-75.593917,38.462124],[-75.5830567276075,38.4563991691133],[-75.583601,38.456424],[-75.589307,38.456286],[-75.593082,38.456404],[-75.5979382535903,38.4568431759313],[-75.598069,38.456855],[-75.630457,38.457904],[-75.6480799930221,38.4583692522397],[-75.662843,38.458759],[-75.665585,38.4589],[-75.6916522875818,38.4599952251859],[-75.69367,38.46008],[-75.696369,38.492373],[-75.696688,38.496467],[-75.6979007507768,38.5112905415682],[-75.698777,38.522001],[-75.6987790001605,38.5220305544398]]]}},{"id":"259","type":"Feature","properties":{"GEOID":"100030019021","eb":7.83,"sv":3.16,"county":"New Castle","pop":595.0,"pm25_pct":74.0,"diesel_pct":97.0,"cancer_pct":51.0,"traffic_pct":92.0,"superfund_pct":89.0,"lowinc_pct":0.418487395,"unemp_pct":0.119601329,"lingiso_pct":0.0,"poc_pct":98.0,"sv_health":4.08,"efa":"Significant","name":"New Castle BG 19021","efa_hisp_pct":2.0,"efa_black_pct":83.2,"efa_lingiso_pct":0,"efa_lingiso_sp":null,"efa_poverty_pct":17.9,"efa_mhhi":60156.0,"efa_combined_minority":99.2,"efa_has_duplicate":0,"efa_mc1":1,"efa_sc1":0,"efa_mc2":1,"efa_sc2":1,"efa_mc3":0,"efa_sc3":0,"efa_mc4":0,"efa_sc4":0,"efa_mc5":0,"efa_sc5":0,"efa_has_split":0},"geometry":{"type":"Polygon","coordinates":[[[-75.547709,39.723558],[-75.540541,39.73407],[-75.540471,39.734582],[-75.540966,39.735414],[-75.537788,39.736254],[-75.535882,39.736191],[-75.533125,39.735169],[-75.53359,39.728605],[-75.532429,39.725305],[-75.53042,39.723042],[-75.525823,39.720577],[-75.5126823485899,39.7158314838503],[-75.525533030886,39.7005032002623],[-75.530236,39.704563],[-75.532585,39.706638],[-75.532534,39.711403],[-75.533205,39.71375],[-75.535661,39.718755],[-75.544844,39.722411],[-75.547709,39.723558]]]}},{"id":"260","type":"Feature","properties":{"GEOID":"100050510173","eb":1.9,"sv":2.42,"county":"Sussex","pop":942.0,"pm25_pct":12.0,"diesel_pct":28.0,"cancer_pct":0.0,"traffic_pct":63.0,"superfund_pct":8.0,"lowinc_pct":0.476645435,"unemp_pct":0.0,"lingiso_pct":0.0,"poc_pct":51.0,"sv_health":3.7,"efa":"Not EFA","name":"Sussex BG 510173","efa_hisp_pct":0,"efa_black_pct":0,"efa_lingiso_pct":0,"efa_lingiso_sp":null,"efa_poverty_pct":6.9,"efa_mhhi":131917.0,"efa_combined_minority":2.2,"efa_has_duplicate":0,"efa_mc1":0,"efa_sc1":0,"efa_mc2":0,"efa_sc2":0,"efa_mc3":0,"efa_sc3":0,"efa_mc4":0,"efa_sc4":0,"efa_mc5":0,"efa_sc5":0,"efa_has_split":0},"geometry":{"type":"Polygon","coordinates":[[[-75.130172,38.726753],[-75.129144,38.727926],[-75.123763,38.723689],[-75.123036,38.723121],[-75.121544,38.721977],[-75.121487,38.720423],[-75.123684,38.715827],[-75.122769,38.715545],[-75.117515,38.710425],[-75.115578,38.712077],[-75.109556,38.713753],[-75.113838,38.710255],[-75.114584,38.708225],[-75.117437,38.704551],[-75.119372,38.703583],[-75.11978,38.699942],[-75.121084,38.697534],[-75.124563,38.700286],[-75.125414,38.70174],[-75.129206,38.702736],[-75.129205,38.704296],[-75.127571,38.705103],[-75.126384,38.706877],[-75.124675,38.7077],[-75.123801,38.710294],[-75.124998,38.713359],[-75.126487,38.714706],[-75.129886,38.715762],[-75.129228,38.717012],[-75.124742,38.716741],[-75.12382,38.717894],[-75.126725,38.71836],[-75.129421,38.720782],[-75.131632,38.721485],[-75.130172,38.726753]]]}},{"id":"261","type":"Feature","properties":{"GEOID":"100010428023","eb":1.87,"sv":3.6,"county":"Kent","pop":808.0,"pm25_pct":27.0,"diesel_pct":5.0,"cancer_pct":0.0,"traffic_pct":20.0,"superfund_pct":11.0,"lowinc_pct":0.50990099,"unemp_pct":0.0,"lingiso_pct":0.0,"poc_pct":4.0,"sv_health":4.33,"efa":"Moderate","name":"Kent BG 428023","efa_hisp_pct":0,"efa_black_pct":0,"efa_lingiso_pct":0,"efa_lingiso_sp":null,"efa_poverty_pct":30.1,"efa_mhhi":54202.0,"efa_combined_minority":3.7,"efa_has_duplicate":1,"efa_mc1":0,"efa_sc1":0,"efa_mc2":0,"efa_sc2":0,"efa_mc3":1,"efa_sc3":0,"efa_mc4":0,"efa_sc4":0,"efa_mc5":0,"efa_sc5":0,"efa_has_split":1},"geometry":{"type":"Polygon","coordinates":[[[-75.604271,39.007876],[-75.597714,39.011301],[-75.596385,39.011982],[-75.595035,39.012343],[-75.591973,39.012256],[-75.587378,39.010978],[-75.58274,39.010052],[-75.580806,39.009583],[-75.576407,39.008523],[-75.576867,39.004851],[-75.577395,38.999826],[-75.579118,38.985946],[-75.57931,38.983102],[-75.578272,38.983432],[-75.575564,38.982957],[-75.567511,38.984679],[-75.567321,38.98284],[-75.567305,38.974334],[-75.565403,38.962312],[-75.564566,38.953253],[-75.56595,38.953199],[-75.574509,38.951734],[-75.576078,38.950608],[-75.579285,38.948938],[-75.587419,38.949598],[-75.594154,38.950845],[-75.593107,38.957763],[-75.592732,38.962577],[-75.592574,38.969453],[-75.592334,38.970728],[-75.590352,38.973879],[-75.590151,38.975497],[-75.597229,38.974278],[-75.595551,38.979094],[-75.600151,38.991593],[-75.606994,39.006718],[-75.604271,39.007876]]]}},{"id":"262","type":"Feature","properties":{"GEOID":"100030135015","eb":4.84,"sv":2.18,"county":"New Castle","pop":1285.0,"pm25_pct":87.0,"diesel_pct":47.0,"cancer_pct":51.0,"traffic_pct":18.0,"superfund_pct":76.0,"lowinc_pct":0.045914397,"unemp_pct":0.154929578,"lingiso_pct":0.0,"poc_pct":31.0,"sv_health":3.28,"efa":"Not EFA","name":"New Castle BG 135015","efa_hisp_pct":5.0,"efa_black_pct":0,"efa_lingiso_pct":0,"efa_lingiso_sp":null,"efa_poverty_pct":2.2,"efa_mhhi":248848.0,"efa_combined_minority":12.3,"efa_has_duplicate":0,"efa_mc1":0,"efa_sc1":0,"efa_mc2":0,"efa_sc2":0,"efa_mc3":0,"efa_sc3":0,"efa_mc4":0,"efa_sc4":0,"efa_mc5":0,"efa_sc5":0,"efa_has_split":0},"geometry":{"type":"Polygon","coordinates":[[[-75.686944,39.792188],[-75.681805,39.796385],[-75.677741,39.800611],[-75.677454,39.801834],[-75.675509,39.805544],[-75.675966,39.807973],[-75.67318,39.80724],[-75.671356,39.808868],[-75.667392,39.808325],[-75.666357,39.80537],[-75.661583,39.801155],[-75.662487,39.800024],[-75.660635,39.798509],[-75.657909,39.798199],[-75.656761,39.797986],[-75.6545,39.800265],[-75.653943,39.802526],[-75.650071,39.800198],[-75.648401,39.797737],[-75.646911,39.797334],[-75.64596,39.795536],[-75.645505,39.79415],[-75.642062,39.793029],[-75.644189,39.790816],[-75.643326,39.788375],[-75.640305,39.788424],[-75.639779,39.786227],[-75.64027,39.785986],[-75.640079,39.783344],[-75.642792,39.780961],[-75.644205,39.783168],[-75.646882,39.783606],[-75.649921,39.782179],[-75.661543,39.775259],[-75.664784,39.778456],[-75.669915,39.783607],[-75.67151,39.783961],[-75.680632,39.7859],[-75.683859,39.788471],[-75.684964,39.790107],[-75.686732,39.790969],[-75.686944,39.792188]]]}},{"id":"263","type":"Feature","properties":{"GEOID":"100050513071","eb":1.41,"sv":2.83,"county":"Sussex","pop":2892.0,"pm25_pct":13.0,"diesel_pct":7.0,"cancer_pct":0.0,"traffic_pct":15.0,"superfund_pct":19.0,"lowinc_pct":0.239626556,"unemp_pct":0.023323615,"lingiso_pct":0.0,"poc_pct":3.0,"sv_health":4.76,"efa":"Not EFA","name":"Sussex BG 513071","efa_hisp_pct":0,"efa_black_pct":0,"efa_lingiso_pct":0,"efa_lingiso_sp":null,"efa_poverty_pct":20.6,"efa_mhhi":97049.0,"efa_combined_minority":1.6,"efa_has_duplicate":0,"efa_mc1":0,"efa_sc1":0,"efa_mc2":0,"efa_sc2":0,"efa_mc3":0,"efa_sc3":0,"efa_mc4":0,"efa_sc4":0,"efa_mc5":0,"efa_sc5":0,"efa_has_split":0},"geometry":{"type":"Polygon","coordinates":[[[-75.123661,38.57336],[-75.121674,38.574525],[-75.115356,38.576454],[-75.115108,38.577683],[-75.108701,38.579894],[-75.108535,38.581107],[-75.106649,38.579754],[-75.104893,38.580053],[-75.102843,38.57926],[-75.101852,38.579804],[-75.097142,38.579539],[-75.094878,38.580425],[-75.097068,38.576088],[-75.097381,38.573243],[-75.096618,38.57071],[-75.095251,38.56816],[-75.091562,38.564445],[-75.089831,38.56],[-75.089649,38.557763],[-75.089356,38.557315],[-75.09604,38.553519],[-75.095709,38.55328],[-75.098747,38.552856],[-75.102576,38.551179],[-75.103144,38.551127],[-75.106881,38.549844],[-75.109575,38.549553],[-75.110596,38.549053],[-75.111386,38.548976],[-75.111995,38.549102],[-75.112618,38.549014],[-75.113546,38.549509],[-75.113616,38.549749],[-75.114296,38.550201],[-75.115851,38.550468],[-75.118433,38.552274],[-75.119934,38.55231],[-75.121099,38.552454],[-75.121414,38.552624],[-75.121513,38.553498],[-75.122311,38.5535],[-75.1235,38.553482],[-75.124547,38.569409],[-75.123661,38.57336]]]}},{"id":"264","type":"Feature","properties":{"GEOID":"100030119003","eb":5.33,"sv":1.63,"county":"New Castle","pop":776.0,"pm25_pct":89.0,"diesel_pct":51.0,"cancer_pct":51.0,"traffic_pct":39.0,"superfund_pct":43.0,"lowinc_pct":0.037371134,"unemp_pct":0.030612245,"lingiso_pct":0.022508039,"poc_pct":19.0,"sv_health":3.41,"efa":"Not EFA","name":"New Castle BG 119003","efa_hisp_pct":4.3,"efa_black_pct":0,"efa_lingiso_pct":7.0,"efa_lingiso_sp":0,"efa_poverty_pct":3.5,"efa_mhhi":233750.0,"efa_combined_minority":15.1,"efa_has_duplicate":0,"efa_mc1":0,"efa_sc1":0,"efa_mc2":0,"efa_sc2":0,"efa_mc3":0,"efa_sc3":0,"efa_mc4":0,"efa_sc4":0,"efa_mc5":0,"efa_sc5":0,"efa_has_split":0},"geometry":{"type":"Polygon","coordinates":[[[-75.64596,39.795536],[-75.633299,39.800192],[-75.63219,39.799324],[-75.633866,39.798628],[-75.633887,39.797206],[-75.631058,39.796349],[-75.629382,39.794601],[-75.619995,39.791996],[-75.618019,39.791187],[-75.619465,39.788157],[-75.622668,39.78536],[-75.622012,39.782291],[-75.624515,39.779843],[-75.624261,39.77573],[-75.623056,39.772042],[-75.62334,39.769007],[-75.613507,39.771182],[-75.611995,39.770665],[-75.61146,39.769133],[-75.608854,39.766672],[-75.608725,39.765923],[-75.604435,39.767746],[-75.60484,39.76645],[-75.604048,39.764781],[-75.598827,39.765264],[-75.599298,39.763755],[-75.604283,39.758871],[-75.604372,39.75877],[-75.611392,39.760752],[-75.620897,39.761388],[-75.6241,39.76179],[-75.624248,39.761804],[-75.633665,39.762875],[-75.63619,39.762658],[-75.639202,39.76474],[-75.640276,39.764367],[-75.640472,39.762694],[-75.641789,39.762793],[-75.64266,39.764411],[-75.642587,39.76672],[-75.641658,39.766864],[-75.638221,39.765627],[-75.636385,39.765727],[-75.634941,39.767032],[-75.635381,39.769765],[-75.637356,39.771373],[-75.640473,39.772998],[-75.641249,39.774119],[-75.640419,39.775482],[-75.636781,39.778421],[-75.637488,39.781566],[-75.639751,39.78505],[-75.639779,39.786227],[-75.640305,39.788424],[-75.643326,39.788375],[-75.644189,39.790816],[-75.642062,39.793029],[-75.645505,39.79415],[-75.64596,39.795536]]]}},{"id":"265","type":"Feature","properties":{"GEOID":"100010402033","eb":3.36,"sv":3.21,"county":"Kent","pop":2757.0,"pm25_pct":10.0,"diesel_pct":30.0,"cancer_pct":0.0,"traffic_pct":82.0,"superfund_pct":15.0,"lowinc_pct":0.379397896,"unemp_pct":0.066309444,"lingiso_pct":0.0,"poc_pct":89.0,"sv_health":4.49,"efa":"Not EFA","name":"Kent BG 402033","efa_hisp_pct":9.9,"efa_black_pct":44.8,"efa_lingiso_pct":0,"efa_lingiso_sp":null,"efa_poverty_pct":23.1,"efa_mhhi":64632.0,"efa_combined_minority":56.5,"efa_has_duplicate":0,"efa_mc1":0,"efa_sc1":0,"efa_mc2":0,"efa_sc2":0,"efa_mc3":0,"efa_sc3":0,"efa_mc4":0,"efa_sc4":0,"efa_mc5":0,"efa_sc5":0,"efa_has_split":0},"geometry":{"type":"Polygon","coordinates":[[[-75.609385,39.308801],[-75.606598,39.30809],[-75.603836,39.311182],[-75.603446,39.309094],[-75.602031,39.30811],[-75.599571,39.308442],[-75.599218,39.309737],[-75.597106,39.309554],[-75.59669,39.309751],[-75.595407,39.308045],[-75.594286,39.306066],[-75.593235,39.302779],[-75.593095,39.300322],[-75.593439,39.295907],[-75.593348,39.291578],[-75.59322,39.290749],[-75.592297,39.287578],[-75.591434,39.285714],[-75.58746,39.279714],[-75.582298,39.272478],[-75.58895,39.269684],[-75.589528,39.271141],[-75.591662,39.276908],[-75.591725,39.277098],[-75.594514,39.285438],[-75.5948,39.286451],[-75.595257,39.288142],[-75.596062,39.290112],[-75.596338,39.290628],[-75.596689,39.291284],[-75.597716,39.293353],[-75.602814,39.301329],[-75.603838,39.302581],[-75.60688,39.306035],[-75.609385,39.308801]]]}},{"id":"266","type":"Feature","properties":{"GEOID":"100050504061","eb":2.96,"sv":3.73,"county":"Sussex","pop":1585.0,"pm25_pct":44.0,"diesel_pct":34.0,"cancer_pct":0.0,"traffic_pct":42.0,"superfund_pct":46.0,"lowinc_pct":0.442902208,"unemp_pct":0.050397878,"lingiso_pct":0.060390764,"poc_pct":63.0,"sv_health":5.17,"efa":"Moderate","name":"Sussex BG 504061","efa_hisp_pct":9.4,"efa_black_pct":31.0,"efa_lingiso_pct":4.3,"efa_lingiso_sp":100.0,"efa_poverty_pct":19.5,"efa_mhhi":69205.0,"efa_combined_minority":51.7,"efa_has_duplicate":1,"efa_mc1":1,"efa_sc1":0,"efa_mc2":0,"efa_sc2":0,"efa_mc3":0,"efa_sc3":0,"efa_mc4":0,"efa_sc4":0,"efa_mc5":0,"efa_sc5":0,"efa_has_split":1},"geometry":{"type":"Polygon","coordinates":[[[-75.622272,38.663976],[-75.621576,38.669018],[-75.617951,38.68642],[-75.615134,38.699765],[-75.614983,38.699688],[-75.61051,38.697527],[-75.610152,38.697369],[-75.608743,38.696779],[-75.60451,38.695499],[-75.603076,38.695164],[-75.602033,38.695115],[-75.600023,38.695524],[-75.590503,38.698988],[-75.589076,38.699672],[-75.590863,38.685061],[-75.592136,38.674648],[-75.592748,38.669596],[-75.593842,38.66063],[-75.597333,38.661901],[-75.599452,38.662711],[-75.610552,38.665837],[-75.61495,38.665545],[-75.616779,38.664511],[-75.61746,38.664278],[-75.621783,38.663908],[-75.622272,38.663976]]]}},{"id":"267","type":"Feature","properties":{"GEOID":"100030131003","eb":6.34,"sv":3.01,"county":"New Castle","pop":718.0,"pm25_pct":71.0,"diesel_pct":82.0,"cancer_pct":51.0,"traffic_pct":93.0,"superfund_pct":83.0,"lowinc_pct":0.115598886,"unemp_pct":0.11827957,"lingiso_pct":0.0,"poc_pct":33.0,"sv_health":3.98,"efa":"Not EFA","name":"New Castle BG 131003","efa_hisp_pct":22.5,"efa_black_pct":0.8,"efa_lingiso_pct":0,"efa_lingiso_sp":null,"efa_poverty_pct":8.9,"efa_mhhi":83098.0,"efa_combined_minority":23.7,"efa_has_duplicate":0,"efa_mc1":0,"efa_sc1":0,"efa_mc2":0,"efa_sc2":0,"efa_mc3":0,"efa_sc3":0,"efa_mc4":0,"efa_sc4":0,"efa_mc5":0,"efa_sc5":0,"efa_has_split":0},"geometry":{"type":"Polygon","coordinates":[[[-75.658218,39.723717],[-75.653418,39.726167],[-75.651835,39.726132],[-75.648986,39.72308],[-75.647421,39.723739],[-75.645174,39.722283],[-75.645444,39.721865],[-75.650168,39.720181],[-75.653022,39.718194],[-75.655356,39.720944],[-75.658218,39.723717]]]}},{"id":"268","type":"Feature","properties":{"GEOID":"100030104004","eb":6.61,"sv":2.27,"county":"New Castle","pop":962.0,"pm25_pct":95.0,"diesel_pct":83.0,"cancer_pct":51.0,"traffic_pct":47.0,"superfund_pct":41.0,"lowinc_pct":0.150480256,"unemp_pct":0.139269406,"lingiso_pct":0.0,"poc_pct":49.0,"sv_health":3.6,"efa":"Not EFA","name":"New Castle BG 104004","efa_hisp_pct":0,"efa_black_pct":13.6,"efa_lingiso_pct":0,"efa_lingiso_sp":null,"efa_poverty_pct":0.6,"efa_mhhi":103750.0,"efa_combined_minority":20.5,"efa_has_duplicate":0,"efa_mc1":0,"efa_sc1":0,"efa_mc2":0,"efa_sc2":0,"efa_mc3":0,"efa_sc3":0,"efa_mc4":0,"efa_sc4":0,"efa_mc5":0,"efa_sc5":0,"efa_has_split":0},"geometry":{"type":"Polygon","coordinates":[[[-75.480891,39.799123],[-75.47894,39.798551],[-75.478357,39.798431],[-75.47628,39.799485],[-75.475771,39.798964],[-75.470643,39.79577],[-75.472893,39.796153],[-75.475058,39.794029],[-75.476397,39.796582],[-75.476839,39.796142],[-75.47881,39.794106],[-75.483672,39.796507],[-75.480891,39.799123]]]}},{"id":"269","type":"Feature","properties":{"GEOID":"100050510141","eb":1.77,"sv":2.53,"county":"Sussex","pop":1175.0,"pm25_pct":17.0,"diesel_pct":17.0,"cancer_pct":0.0,"traffic_pct":8.0,"superfund_pct":20.0,"lowinc_pct":0.158297872,"unemp_pct":0.0,"lingiso_pct":0.0,"poc_pct":7.0,"sv_health":4.05,"efa":"Not EFA","name":"Sussex BG 510141","efa_hisp_pct":4.2,"efa_black_pct":0.2,"efa_lingiso_pct":0,"efa_lingiso_sp":null,"efa_poverty_pct":1.1,"efa_mhhi":91000.0,"efa_combined_minority":5.2,"efa_has_duplicate":0,"efa_mc1":0,"efa_sc1":0,"efa_mc2":0,"efa_sc2":0,"efa_mc3":0,"efa_sc3":0,"efa_mc4":0,"efa_sc4":0,"efa_mc5":0,"efa_sc5":0,"efa_has_split":0},"geometry":{"type":"Polygon","coordinates":[[[-75.164112,38.666163],[-75.163391,38.667631],[-75.162895,38.675229],[-75.160303,38.675081],[-75.159619,38.673607],[-75.156952,38.671062],[-75.155665,38.670334],[-75.151079,38.669014],[-75.147145,38.667293],[-75.14392,38.664567],[-75.143128,38.66359],[-75.140569,38.657977],[-75.137478,38.65515],[-75.135686,38.650164],[-75.134951,38.646827],[-75.134233,38.645664],[-75.131267,38.644697],[-75.130915,38.643252],[-75.129392,38.640972],[-75.133268,38.642425],[-75.141067,38.643644],[-75.144067,38.645649],[-75.14572,38.647386],[-75.147073,38.650237],[-75.148875,38.651064],[-75.149955,38.652977],[-75.154965,38.654562],[-75.156605,38.655693],[-75.164882,38.657078],[-75.164112,38.666163]]]}},{"id":"270","type":"Feature","properties":{"GEOID":"100050514001","eb":2.55,"sv":2.99,"county":"Sussex","pop":1354.0,"pm25_pct":16.0,"diesel_pct":5.0,"cancer_pct":0.0,"traffic_pct":47.0,"superfund_pct":23.0,"lowinc_pct":0.521064302,"unemp_pct":0.03125,"lingiso_pct":0.037940379,"poc_pct":55.0,"sv_health":4.02,"efa":"Not EFA","name":"Sussex BG 514001","efa_hisp_pct":30.7,"efa_black_pct":8.7,"efa_lingiso_pct":0.6,"efa_lingiso_sp":100.0,"efa_poverty_pct":7.8,"efa_mhhi":72404.0,"efa_combined_minority":41.1,"efa_has_duplicate":0,"efa_mc1":0,"efa_sc1":0,"efa_mc2":0,"efa_sc2":0,"efa_mc3":0,"efa_sc3":0,"efa_mc4":0,"efa_sc4":0,"efa_mc5":0,"efa_sc5":0,"efa_has_split":0},"geometry":{"type":"Polygon","coordinates":[[[-75.327818,38.457754],[-75.327064,38.46012],[-75.32292,38.459299],[-75.321251,38.460878],[-75.320852,38.46308],[-75.319938,38.464756],[-75.31977,38.466394],[-75.322057,38.467621],[-75.323257,38.470855],[-75.325647,38.472286],[-75.32143,38.476448],[-75.31924,38.479818],[-75.318423,38.480253],[-75.303038,38.47913],[-75.301216,38.478678],[-75.299648,38.475959],[-75.297376,38.474341],[-75.293452,38.472727],[-75.289821,38.472478],[-75.284847,38.472543],[-75.276524,38.471496],[-75.274981,38.471804],[-75.267255,38.475483],[-75.255267,38.477818],[-75.255186,38.47529],[-75.254056,38.474632],[-75.245716,38.471281],[-75.243745,38.468847],[-75.242322,38.467014],[-75.24046,38.46456],[-75.240148,38.464381],[-75.237858,38.463846],[-75.236198,38.463772],[-75.233795,38.463387],[-75.232927,38.463332],[-75.232116,38.463402],[-75.231623,38.463508],[-75.230574,38.463844],[-75.226181,38.464444],[-75.225129,38.464705],[-75.224588,38.464886],[-75.220049,38.458066],[-75.21944,38.455013],[-75.21897,38.453816],[-75.218298,38.451773],[-75.2185099036811,38.4512997125401],[-75.220252285202,38.4513046671303],[-75.2327056756072,38.4513400792634],[-75.2362935667214,38.4513502816961],[-75.252723,38.451397],[-75.2528614344015,38.4513987243042],[-75.26035,38.451492],[-75.331475317607,38.4519122460051],[-75.327818,38.457754]]]}},{"id":"271","type":"Feature","properties":{"GEOID":"100030118004","eb":4.78,"sv":1.67,"county":"New Castle","pop":1254.0,"pm25_pct":94.0,"diesel_pct":43.0,"cancer_pct":51.0,"traffic_pct":21.0,"superfund_pct":35.0,"lowinc_pct":0.027910686,"unemp_pct":0.019493177,"lingiso_pct":0.0,"poc_pct":14.0,"sv_health":3.16,"efa":"Not EFA","name":"New Castle BG 118004","efa_hisp_pct":1.7,"efa_black_pct":0,"efa_lingiso_pct":0,"efa_lingiso_sp":null,"efa_poverty_pct":6.4,"efa_mhhi":171635.0,"efa_combined_minority":10.0,"efa_has_duplicate":0,"efa_mc1":0,"efa_sc1":0,"efa_mc2":0,"efa_sc2":0,"efa_mc3":0,"efa_sc3":0,"efa_mc4":0,"efa_sc4":0,"efa_mc5":0,"efa_sc5":0,"efa_has_split":0},"geometry":{"type":"Polygon","coordinates":[[[-75.6581539070972,39.8227304991601],[-75.641518,39.828363],[-75.6348127976025,39.8301357641688],[-75.634706,39.830164],[-75.617251,39.833999],[-75.595756,39.837156],[-75.5948458381425,39.8372862097586],[-75.593666,39.837455],[-75.5930817368867,39.8375002881084],[-75.5798996512343,39.8385220738603],[-75.579849,39.838526],[-75.5793939947411,39.8385493199286],[-75.579254,39.838116],[-75.577237,39.834496],[-75.573646,39.831225],[-75.573044,39.82911],[-75.57518,39.825993],[-75.575676,39.822563],[-75.575027,39.821621],[-75.571739,39.819431],[-75.569937,39.817337],[-75.566294,39.809681],[-75.566311,39.808294],[-75.566801,39.807417],[-75.571167,39.803535],[-75.574283,39.799125],[-75.575071,39.796962],[-75.582284,39.793171],[-75.586657,39.791571],[-75.5878,39.790406],[-75.589483,39.790057],[-75.603904,39.788938],[-75.611978,39.804821],[-75.61837,39.809125],[-75.625427,39.813336],[-75.633035,39.81614],[-75.634937,39.817209],[-75.638235,39.816941],[-75.641252,39.817763],[-75.646916,39.819754],[-75.6581539070972,39.8227304991601]]]}},{"id":"272","type":"Feature","properties":{"GEOID":"100030109001","eb":5.48,"sv":2.31,"county":"New Castle","pop":926.0,"pm25_pct":93.0,"diesel_pct":68.0,"cancer_pct":51.0,"traffic_pct":43.0,"superfund_pct":34.0,"lowinc_pct":0.292656588,"unemp_pct":0.070640177,"lingiso_pct":0.027272727,"poc_pct":25.0,"sv_health":4.01,"efa":"Not EFA","name":"New Castle BG 109001","efa_hisp_pct":9.8,"efa_black_pct":0,"efa_lingiso_pct":0,"efa_lingiso_sp":null,"efa_poverty_pct":4.5,"efa_mhhi":120083.0,"efa_combined_minority":12.3,"efa_has_duplicate":0,"efa_mc1":0,"efa_sc1":0,"efa_mc2":0,"efa_sc2":0,"efa_mc3":0,"efa_sc3":0,"efa_mc4":0,"efa_sc4":0,"efa_mc5":0,"efa_sc5":0,"efa_has_split":0},"geometry":{"type":"Polygon","coordinates":[[[-75.511714,39.796249],[-75.509882,39.798261],[-75.505244,39.80003],[-75.505665,39.791602],[-75.511155,39.789824],[-75.513869,39.793962],[-75.511714,39.796249]]]}},{"id":"273","type":"Feature","properties":{"GEOID":"100030145021","eb":6.27,"sv":3.04,"county":"New Castle","pop":2265.0,"pm25_pct":56.0,"diesel_pct":62.0,"cancer_pct":51.0,"traffic_pct":97.0,"superfund_pct":71.0,"lowinc_pct":0.815715622,"unemp_pct":0.219748306,"lingiso_pct":0.058278146,"poc_pct":23.0,"sv_health":3.8,"efa":"Significant","name":"New Castle BG 145021","efa_hisp_pct":3.5,"efa_black_pct":3.7,"efa_lingiso_pct":5.2,"efa_lingiso_sp":0,"efa_poverty_pct":56.5,"efa_mhhi":26328.0,"efa_combined_minority":19.9,"efa_has_duplicate":1,"efa_mc1":1,"efa_sc1":1,"efa_mc2":0,"efa_sc2":0,"efa_mc3":1,"efa_sc3":1,"efa_mc4":1,"efa_sc4":1,"efa_mc5":0,"efa_sc5":0,"efa_has_split":1},"geometry":{"type":"Polygon","coordinates":[[[-75.753513,39.674431],[-75.744803,39.674156],[-75.743057,39.674528],[-75.745551,39.683641],[-75.744258,39.683718],[-75.73662,39.684483],[-75.735383,39.684739],[-75.732959,39.685373],[-75.730773,39.680899],[-75.729153,39.677472],[-75.736245,39.675276],[-75.738292,39.671616],[-75.73886,39.669542],[-75.738688,39.667747],[-75.736879,39.663515],[-75.736081,39.661738],[-75.738232,39.661422],[-75.738466,39.661381],[-75.738362,39.660996],[-75.74272,39.659365],[-75.746808,39.658361],[-75.747974,39.658224],[-75.748396,39.658228],[-75.748422,39.65792],[-75.748649,39.657614],[-75.74989,39.656713],[-75.750005,39.656666],[-75.750595,39.65623],[-75.751308,39.655748],[-75.75345,39.672117],[-75.753513,39.674431]]]}},{"id":"274","type":"Feature","properties":{"GEOID":"100010402052","eb":3.26,"sv":2.72,"county":"Kent","pop":2264.0,"pm25_pct":6.0,"diesel_pct":33.0,"cancer_pct":0.0,"traffic_pct":65.0,"superfund_pct":19.0,"lowinc_pct":0.242491166,"unemp_pct":0.025157233,"lingiso_pct":0.155963303,"poc_pct":62.0,"sv_health":4.17,"efa":"Moderate","name":"Kent BG 402052","efa_hisp_pct":13.5,"efa_black_pct":22.2,"efa_lingiso_pct":11.5,"efa_lingiso_sp":0,"efa_poverty_pct":19.7,"efa_mhhi":48024.0,"efa_combined_minority":43.7,"efa_has_duplicate":0,"efa_mc1":0,"efa_sc1":0,"efa_mc2":0,"efa_sc2":0,"efa_mc3":0,"efa_sc3":0,"efa_mc4":1,"efa_sc4":0,"efa_mc5":0,"efa_sc5":0,"efa_has_split":0},"geometry":{"type":"Polygon","coordinates":[[[-75.602394,39.284119],[-75.601955,39.284578],[-75.59858,39.291655],[-75.597716,39.293353],[-75.596689,39.291284],[-75.596338,39.290628],[-75.596062,39.290112],[-75.595257,39.288142],[-75.5948,39.286451],[-75.594514,39.285438],[-75.591725,39.277098],[-75.591662,39.276908],[-75.589528,39.271141],[-75.590946,39.270767],[-75.594323,39.270312],[-75.598308,39.276311],[-75.597798,39.276957],[-75.597299,39.277568],[-75.596436,39.278855],[-75.602128,39.281268],[-75.604615,39.282838],[-75.602394,39.284119]]]}},{"id":"275","type":"Feature","properties":{"GEOID":"100030169041","eb":2.15,"sv":3.28,"county":"New Castle","pop":3954.0,"pm25_pct":16.0,"diesel_pct":34.0,"cancer_pct":0.0,"traffic_pct":27.0,"superfund_pct":6.0,"lowinc_pct":0.262035763,"unemp_pct":0.154639175,"lingiso_pct":0.0,"poc_pct":68.0,"sv_health":4.44,"efa":"Not EFA","name":"New Castle BG 169041","efa_hisp_pct":6.2,"efa_black_pct":35.1,"efa_lingiso_pct":0,"efa_lingiso_sp":null,"efa_poverty_pct":8.2,"efa_mhhi":89063.0,"efa_combined_minority":44.3,"efa_has_duplicate":0,"efa_mc1":0,"efa_sc1":0,"efa_mc2":0,"efa_sc2":0,"efa_mc3":0,"efa_sc3":0,"efa_mc4":0,"efa_sc4":0,"efa_mc5":0,"efa_sc5":0,"efa_has_split":0},"geometry":{"type":"Polygon","coordinates":[[[-75.661674,39.372649],[-75.657982,39.374818],[-75.650351,39.375691],[-75.648437,39.376617],[-75.646194,39.376431],[-75.644089,39.377014],[-75.643578,39.378113],[-75.646286,39.379295],[-75.645424,39.382133],[-75.642136,39.382183],[-75.639915,39.385876],[-75.637848,39.384426],[-75.637154,39.387817],[-75.635941,39.388731],[-75.632988,39.387924],[-75.631012,39.384892],[-75.62841,39.387119],[-75.626396,39.387466],[-75.623528,39.388603],[-75.622475,39.390274],[-75.622818,39.391937],[-75.619324,39.395065],[-75.61647,39.394901],[-75.615168,39.393446],[-75.610769,39.393304],[-75.608238,39.394211],[-75.606895,39.393539],[-75.60537,39.395229],[-75.602692,39.39444],[-75.601753,39.392605],[-75.600624,39.393753],[-75.597534,39.393909],[-75.595634,39.396969],[-75.59687,39.39735],[-75.596779,39.400341],[-75.595993,39.401909],[-75.597977,39.402397],[-75.599291,39.404973],[-75.599115,39.406726],[-75.600449,39.407249],[-75.599701,39.408798],[-75.602242,39.411312],[-75.602707,39.415291],[-75.603722,39.413212],[-75.60482,39.41275],[-75.605461,39.415146],[-75.610008,39.414356],[-75.610249,39.415511],[-75.6082,39.416828],[-75.607491,39.418484],[-75.603554,39.419147],[-75.601707,39.420609],[-75.601677,39.422203],[-75.599091,39.424816],[-75.600792,39.426907],[-75.598953,39.427334],[-75.600647,39.430815],[-75.599091,39.429573],[-75.597603,39.43029],[-75.595726,39.429413],[-75.595848,39.432381],[-75.593468,39.432297],[-75.592354,39.430336],[-75.588959,39.430748],[-75.586647,39.431847],[-75.583794,39.431229],[-75.582672,39.431831],[-75.580681,39.431526],[-75.580643,39.433186],[-75.582359,39.434849],[-75.579895,39.436207],[-75.580719,39.439224],[-75.577904,39.439781],[-75.575928,39.437836],[-75.5746,39.437855],[-75.5714550448173,39.4404895611251],[-75.57183,39.438897],[-75.55589,39.430351],[-75.538512,39.416502],[-75.535977,39.409384],[-75.523583,39.391583],[-75.521682,39.387871],[-75.521263,39.381654],[-75.515797,39.378347],[-75.512996,39.366153],[-75.5123720823948,39.3656561384634],[-75.515975,39.364363],[-75.516897,39.360988],[-75.519628,39.360066],[-75.52142,39.358607],[-75.523254,39.359712],[-75.525877,39.359642],[-75.528453,39.358305],[-75.528673,39.356782],[-75.527259,39.354675],[-75.528696,39.35343],[-75.531914,39.354595],[-75.534278,39.353332],[-75.534484,39.351389],[-75.535849,39.350617],[-75.53899,39.351954],[-75.539867,39.353887],[-75.541586,39.354366],[-75.543263,39.353236],[-75.544056,39.351363],[-75.545216,39.350763],[-75.54811,39.351713],[-75.548131,39.352921],[-75.549645,39.353855],[-75.551626,39.35394],[-75.553369,39.35301],[-75.554683,39.351506],[-75.553841,39.349938],[-75.552242,39.350157],[-75.551096,39.349483],[-75.55104,39.345568],[-75.551599,39.345105],[-75.554223,39.345404],[-75.555886,39.346743],[-75.55619,39.348287],[-75.557378,39.349101],[-75.5588,39.346549],[-75.560519,39.345067],[-75.559982,39.343466],[-75.557846,39.342764],[-75.557358,39.341501],[-75.558334,39.33923],[-75.556813,39.338169],[-75.555717,39.337066],[-75.556205,39.335325],[-75.558843,39.333334],[-75.562734,39.332104],[-75.564806,39.331936],[-75.569007,39.328744],[-75.56982,39.326577],[-75.568716,39.323523],[-75.570958,39.318845],[-75.57462,39.313434],[-75.581145,39.311131],[-75.584341,39.308718],[-75.587325,39.309699],[-75.587495,39.311009],[-75.590409,39.311746],[-75.592056,39.311252],[-75.592338,39.309948],[-75.593889,39.308417],[-75.595471,39.310081],[-75.59669,39.309751],[-75.597106,39.309554],[-75.599218,39.309737],[-75.599571,39.308442],[-75.602031,39.30811],[-75.603446,39.309094],[-75.603836,39.311182],[-75.606598,39.30809],[-75.609385,39.308801],[-75.611177,39.310976],[-75.612508,39.312471],[-75.613301,39.313382],[-75.615223,39.315552],[-75.617983,39.318662],[-75.620284,39.322139],[-75.623341,39.327271],[-75.623109,39.327354],[-75.623731,39.328411],[-75.623982,39.328333],[-75.62467,39.329492],[-75.625937,39.331473],[-75.62747,39.333236],[-75.637344,39.344334],[-75.640404,39.348107],[-75.641809,39.35069],[-75.646536,39.359698],[-75.648691,39.362527],[-75.650471,39.364148],[-75.658632,39.369937],[-75.661674,39.372649]]]}},{"id":"276","type":"Feature","properties":{"GEOID":"100010413002","eb":4.64,"sv":3.86,"county":"Kent","pop":1103.0,"pm25_pct":15.0,"diesel_pct":57.0,"cancer_pct":0.0,"traffic_pct":90.0,"superfund_pct":96.0,"lowinc_pct":0.310970082,"unemp_pct":0.056838366,"lingiso_pct":0.023166023,"poc_pct":49.0,"sv_health":5.56,"efa":"Not EFA","name":"Kent BG 413002","efa_hisp_pct":11.8,"efa_black_pct":9.3,"efa_lingiso_pct":2.9,"efa_lingiso_sp":100.0,"efa_poverty_pct":4.1,"efa_mhhi":56576.0,"efa_combined_minority":22.1,"efa_has_duplicate":0,"efa_mc1":0,"efa_sc1":0,"efa_mc2":0,"efa_sc2":0,"efa_mc3":0,"efa_sc3":0,"efa_mc4":0,"efa_sc4":0,"efa_mc5":0,"efa_sc5":0,"efa_has_split":0},"geometry":{"type":"Polygon","coordinates":[[[-75.528267,39.161113],[-75.519211,39.163131],[-75.519686,39.161115],[-75.519057,39.159317],[-75.517173,39.157256],[-75.518507,39.154263],[-75.51762,39.149634],[-75.515467,39.148877],[-75.517012,39.144867],[-75.518555,39.14298],[-75.522889,39.140291],[-75.524666,39.139078],[-75.52574,39.140097],[-75.525659,39.141111],[-75.525448,39.143856],[-75.524855,39.151843],[-75.526591,39.156675],[-75.528267,39.161113]]]}},{"id":"277","type":"Feature","properties":{"GEOID":"100010422051","eb":2.07,"sv":3.18,"county":"Kent","pop":1293.0,"pm25_pct":26.0,"diesel_pct":29.0,"cancer_pct":0.0,"traffic_pct":41.0,"superfund_pct":29.0,"lowinc_pct":0.261407579,"unemp_pct":0.06640625,"lingiso_pct":0.0,"poc_pct":50.0,"sv_health":4.84,"efa":"Not EFA","name":"Kent BG 422051","efa_hisp_pct":5.6,"efa_black_pct":25.5,"efa_lingiso_pct":0,"efa_lingiso_sp":null,"efa_poverty_pct":4.0,"efa_mhhi":56905.0,"efa_combined_minority":47.3,"efa_has_duplicate":0,"efa_mc1":0,"efa_sc1":0,"efa_mc2":0,"efa_sc2":0,"efa_mc3":0,"efa_sc3":0,"efa_mc4":0,"efa_sc4":0,"efa_mc5":0,"efa_sc5":0,"efa_has_split":0},"geometry":{"type":"Polygon","coordinates":[[[-75.557552,39.046087],[-75.557312,39.047657],[-75.556294,39.053868],[-75.555609,39.058008],[-75.555135,39.061017],[-75.553944,39.061831],[-75.548866,39.06073],[-75.547807,39.060594],[-75.545329,39.06206],[-75.542609,39.06223],[-75.538545,39.059955],[-75.532488,39.062188],[-75.532005,39.061038],[-75.525549,39.050471],[-75.529433,39.048993],[-75.535993,39.046389],[-75.548166,39.04251],[-75.549658,39.042506],[-75.553188,39.042987],[-75.555823,39.042523],[-75.556995,39.045012],[-75.557421,39.045445],[-75.557676,39.045473],[-75.557552,39.046087]]]}},{"id":"278","type":"Feature","properties":{"GEOID":"100050506013","eb":2.32,"sv":2.36,"county":"Sussex","pop":1953.0,"pm25_pct":40.0,"diesel_pct":10.0,"cancer_pct":0.0,"traffic_pct":12.0,"superfund_pct":69.0,"lowinc_pct":0.187403994,"unemp_pct":0.065789474,"lingiso_pct":0.009345794,"poc_pct":17.0,"sv_health":4.32,"efa":"Not EFA","name":"Sussex BG 506013","efa_hisp_pct":0,"efa_black_pct":7.2,"efa_lingiso_pct":2.1,"efa_lingiso_sp":0,"efa_poverty_pct":5.5,"efa_mhhi":85427.0,"efa_combined_minority":11.7,"efa_has_duplicate":0,"efa_mc1":0,"efa_sc1":0,"efa_mc2":0,"efa_sc2":0,"efa_mc3":0,"efa_sc3":0,"efa_mc4":0,"efa_sc4":0,"efa_mc5":0,"efa_sc5":0,"efa_has_split":0},"geometry":{"type":"Polygon","coordinates":[[[-75.393426,38.598147],[-75.388337,38.599876],[-75.375496,38.603367],[-75.373193,38.603725],[-75.363071,38.603526],[-75.35943,38.603014],[-75.348235,38.601012],[-75.346322,38.600938],[-75.338549,38.601884],[-75.335609,38.601922],[-75.327887,38.600515],[-75.325468,38.600068],[-75.324885,38.599961],[-75.321439,38.59939],[-75.321588,38.599212],[-75.328219,38.592494],[-75.329285,38.591414],[-75.328231,38.590518],[-75.327737,38.588854],[-75.326331,38.587921],[-75.326485,38.587747],[-75.329834,38.581806],[-75.324878,38.574231],[-75.337283,38.566841],[-75.338823,38.567479],[-75.34231,38.568574],[-75.350503,38.569732],[-75.354642,38.568813],[-75.359876,38.567055],[-75.36275,38.56652],[-75.36756,38.566281],[-75.377105,38.564457],[-75.380756,38.576215],[-75.384069,38.580776],[-75.388765,38.583185],[-75.390652,38.590523],[-75.390728,38.593965],[-75.393426,38.598147]]]}},{"id":"279","type":"Feature","properties":{"GEOID":"100010401001","eb":1.17,"sv":2.48,"county":"Kent","pop":1618.0,"pm25_pct":0.0,"diesel_pct":15.0,"cancer_pct":0.0,"traffic_pct":1.0,"superfund_pct":20.0,"lowinc_pct":0.291100124,"unemp_pct":0.073979592,"lingiso_pct":0.009917355,"poc_pct":17.0,"sv_health":4.56,"efa":"Not EFA","name":"Kent BG 401001","efa_hisp_pct":9.2,"efa_black_pct":0.8,"efa_lingiso_pct":6.2,"efa_lingiso_sp":100.0,"efa_poverty_pct":7.5,"efa_mhhi":66544.0,"efa_combined_minority":14.9,"efa_has_duplicate":0,"efa_mc1":0,"efa_sc1":0,"efa_mc2":0,"efa_sc2":0,"efa_mc3":0,"efa_sc3":0,"efa_mc4":0,"efa_sc4":0,"efa_mc5":0,"efa_sc5":0,"efa_has_split":0},"geometry":{"type":"Polygon","coordinates":[[[-75.7569417784571,39.2580715974161],[-75.749172,39.260259],[-75.742561,39.261121],[-75.738041,39.262439],[-75.734693,39.256356],[-75.733106,39.255523],[-75.725192,39.249575],[-75.720221,39.246093],[-75.714812,39.238703],[-75.703737,39.239279],[-75.69732,39.24009],[-75.692878,39.241174],[-75.687818,39.241938],[-75.678891,39.245417],[-75.676498,39.247658],[-75.675146,39.250428],[-75.672665,39.251272],[-75.672455,39.252369],[-75.664635,39.248233],[-75.662331,39.24671],[-75.661092,39.244937],[-75.654758,39.238963],[-75.651822,39.238394],[-75.641587,39.237551],[-75.63563,39.23821],[-75.634711,39.234112],[-75.631042,39.232152],[-75.627934,39.228611],[-75.626237,39.22497],[-75.626363,39.222281],[-75.629671,39.215867],[-75.631657,39.212884],[-75.636691,39.207862],[-75.646159,39.205495],[-75.649203,39.203044],[-75.65862,39.208051],[-75.65978,39.20928],[-75.670342,39.223072],[-75.67267,39.222216],[-75.68293,39.221244],[-75.686421,39.220631],[-75.688261,39.219745],[-75.692419,39.216573],[-75.69636,39.215091],[-75.699567,39.215123],[-75.705476,39.215897],[-75.708892,39.216007],[-75.712625,39.21538],[-75.715028,39.214432],[-75.724549,39.209892],[-75.738909,39.201833],[-75.742497,39.200799],[-75.746228,39.200309],[-75.752593183003,39.199434938086],[-75.755953,39.245958],[-75.7559620947571,39.2460694205364],[-75.7569417784571,39.2580715974161]]]}},{"id":"280","type":"Feature","properties":{"GEOID":"100050511022","eb":2.13,"sv":2.21,"county":"Sussex","pop":435.0,"pm25_pct":7.0,"diesel_pct":44.0,"cancer_pct":0.0,"traffic_pct":86.0,"superfund_pct":4.0,"lowinc_pct":0.126436782,"unemp_pct":0.102803738,"lingiso_pct":0.020325203,"poc_pct":11.0,"sv_health":3.59,"efa":"Not EFA","name":"Sussex BG 511022","efa_hisp_pct":3.3,"efa_black_pct":0,"efa_lingiso_pct":1.9,"efa_lingiso_sp":0,"efa_poverty_pct":4.6,"efa_mhhi":117708.0,"efa_combined_minority":6.6,"efa_has_duplicate":0,"efa_mc1":0,"efa_sc1":0,"efa_mc2":0,"efa_sc2":0,"efa_mc3":0,"efa_sc3":0,"efa_mc4":0,"efa_sc4":0,"efa_mc5":0,"efa_sc5":0,"efa_has_split":0},"geometry":{"type":"Polygon","coordinates":[[[-75.093162,38.708635],[-75.092848,38.714392],[-75.089297,38.715147],[-75.081856,38.715956],[-75.080897,38.708109],[-75.080813,38.707461],[-75.082489,38.707671],[-75.08319,38.70788],[-75.087356,38.705795],[-75.087105,38.705446],[-75.088994,38.706726],[-75.089934,38.707225],[-75.092897,38.70852],[-75.093162,38.708635]]]}},{"id":"281","type":"Feature","properties":{"GEOID":"100050513133","eb":1.75,"sv":2.65,"county":"Sussex","pop":1090.0,"pm25_pct":5.0,"diesel_pct":14.0,"cancer_pct":0.0,"traffic_pct":37.0,"superfund_pct":19.0,"lowinc_pct":0.362037037,"unemp_pct":0.045454545,"lingiso_pct":0.036697248,"poc_pct":5.0,"sv_health":4.38,"efa":"Significant","name":"Sussex BG 513133","efa_hisp_pct":1.5,"efa_black_pct":0,"efa_lingiso_pct":2.2,"efa_lingiso_sp":0,"efa_poverty_pct":26.7,"efa_mhhi":59375.0,"efa_combined_minority":4.1,"efa_has_duplicate":0,"efa_mc1":1,"efa_sc1":1,"efa_mc2":0,"efa_sc2":0,"efa_mc3":1,"efa_sc3":0,"efa_mc4":0,"efa_sc4":0,"efa_mc5":0,"efa_sc5":0,"efa_has_split":0},"geometry":{"type":"Polygon","coordinates":[[[-75.131771,38.550776],[-75.127532,38.551087],[-75.125932,38.550878],[-75.123293,38.549749],[-75.117309,38.548004],[-75.108979,38.54747],[-75.100951,38.545853],[-75.099832,38.545632],[-75.09404,38.544787],[-75.095384,38.542638],[-75.10114,38.542294],[-75.101812,38.541952],[-75.102911,38.540755],[-75.103818,38.540226],[-75.10468,38.53973],[-75.105815,38.538691],[-75.107782,38.537126],[-75.11302,38.534895],[-75.113283,38.534476],[-75.11576,38.535318],[-75.116393,38.536204],[-75.117623,38.539773],[-75.117706,38.540329],[-75.12155,38.540297],[-75.12354,38.540216],[-75.124667,38.540147],[-75.126382,38.539977],[-75.128166,38.53979],[-75.131632,38.539412],[-75.131469,38.540042],[-75.131351,38.542426],[-75.131335,38.547848],[-75.131771,38.550776]]]}},{"id":"282","type":"Feature","properties":{"GEOID":"100030026004","eb":7.64,"sv":3.57,"county":"New Castle","pop":1267.0,"pm25_pct":80.0,"diesel_pct":94.0,"cancer_pct":51.0,"traffic_pct":92.0,"superfund_pct":82.0,"lowinc_pct":0.397084048,"unemp_pct":0.11969697,"lingiso_pct":0.024208566,"poc_pct":85.0,"sv_health":4.41,"efa":"Not EFA","name":"New Castle BG 26004","efa_hisp_pct":10.2,"efa_black_pct":23.0,"efa_lingiso_pct":4.7,"efa_lingiso_sp":100.0,"efa_poverty_pct":10.5,"efa_mhhi":null,"efa_combined_minority":52.2,"efa_has_duplicate":0,"efa_mc1":0,"efa_sc1":0,"efa_mc2":0,"efa_sc2":0,"efa_mc3":0,"efa_sc3":0,"efa_mc4":0,"efa_sc4":0,"efa_mc5":0,"efa_sc5":0,"efa_has_split":0},"geometry":{"type":"Polygon","coordinates":[[[-75.573257,39.735317],[-75.572106,39.737029],[-75.572006,39.737149],[-75.570989,39.738677],[-75.569302,39.737979],[-75.568533,39.739126],[-75.565715,39.737894],[-75.569119,39.736578],[-75.573074,39.735004],[-75.573257,39.735317]]]}},{"id":"283","type":"Feature","properties":{"GEOID":"100030135013","eb":5.38,"sv":2.19,"county":"New Castle","pop":1377.0,"pm25_pct":87.0,"diesel_pct":47.0,"cancer_pct":51.0,"traffic_pct":61.0,"superfund_pct":57.0,"lowinc_pct":0.035584604,"unemp_pct":0.032102729,"lingiso_pct":0.0,"poc_pct":17.0,"sv_health":3.28,"efa":"Not EFA","name":"New Castle BG 135013","efa_hisp_pct":5.5,"efa_black_pct":0,"efa_lingiso_pct":0,"efa_lingiso_sp":null,"efa_poverty_pct":0.9,"efa_mhhi":94074.0,"efa_combined_minority":24.4,"efa_has_duplicate":0,"efa_mc1":0,"efa_sc1":0,"efa_mc2":0,"efa_sc2":0,"efa_mc3":0,"efa_sc3":0,"efa_mc4":0,"efa_sc4":0,"efa_mc5":0,"efa_sc5":0,"efa_has_split":0},"geometry":{"type":"Polygon","coordinates":[[[-75.664236,39.771053],[-75.660472,39.769549],[-75.657566,39.768045],[-75.655698,39.767035],[-75.652312,39.765234],[-75.646406,39.764006],[-75.642456,39.762559],[-75.639898,39.76219],[-75.644301,39.756498],[-75.652676,39.753066],[-75.655196,39.752316],[-75.660396,39.751581],[-75.660831,39.756337],[-75.662754,39.762428],[-75.662951,39.76474],[-75.664184,39.770612],[-75.664236,39.771053]]]}},{"id":"284","type":"Feature","properties":{"GEOID":"100010422041","eb":1.81,"sv":2.5,"county":"Kent","pop":1990.0,"pm25_pct":26.0,"diesel_pct":29.0,"cancer_pct":0.0,"traffic_pct":12.0,"superfund_pct":32.0,"lowinc_pct":0.093969849,"unemp_pct":0.080752212,"lingiso_pct":0.021594684,"poc_pct":68.0,"sv_health":3.65,"efa":"Not EFA","name":"Kent BG 422041","efa_hisp_pct":11.9,"efa_black_pct":1.1,"efa_lingiso_pct":1.4,"efa_lingiso_sp":0,"efa_poverty_pct":1.8,"efa_mhhi":160811.0,"efa_combined_minority":37.9,"efa_has_duplicate":0,"efa_mc1":0,"efa_sc1":0,"efa_mc2":0,"efa_sc2":0,"efa_mc3":0,"efa_sc3":0,"efa_mc4":0,"efa_sc4":0,"efa_mc5":0,"efa_sc5":0,"efa_has_split":0},"geometry":{"type":"Polygon","coordinates":[[[-75.532488,39.062188],[-75.52559,39.062672],[-75.523993,39.063357],[-75.521118,39.063554],[-75.517907,39.061559],[-75.512912,39.060496],[-75.511418,39.060875],[-75.508767,39.059725],[-75.518773,39.051985],[-75.519056,39.051948],[-75.525549,39.050471],[-75.532005,39.061038],[-75.532488,39.062188]]]}},{"id":"285","type":"Feature","properties":{"GEOID":"100030016001","eb":7.74,"sv":3.87,"county":"New Castle","pop":805.0,"pm25_pct":84.0,"diesel_pct":94.0,"cancer_pct":51.0,"traffic_pct":99.0,"superfund_pct":65.0,"lowinc_pct":0.334161491,"unemp_pct":0.108504399,"lingiso_pct":0.043189369,"poc_pct":76.0,"sv_health":5.36,"efa":"Not EFA","name":"New Castle BG 16001","efa_hisp_pct":8.4,"efa_black_pct":53.5,"efa_lingiso_pct":0,"efa_lingiso_sp":null,"efa_poverty_pct":20.3,"efa_mhhi":64013.0,"efa_combined_minority":64.3,"efa_has_duplicate":0,"efa_mc1":0,"efa_sc1":0,"efa_mc2":0,"efa_sc2":0,"efa_mc3":0,"efa_sc3":0,"efa_mc4":0,"efa_sc4":0,"efa_mc5":0,"efa_sc5":0,"efa_has_split":0},"geometry":{"type":"Polygon","coordinates":[[[-75.556845,39.74922],[-75.556246,39.75008],[-75.555094,39.751144],[-75.554987,39.751244],[-75.554707,39.750993],[-75.553163,39.749755],[-75.551681,39.749403],[-75.553482,39.746747],[-75.554348,39.745478],[-75.555456,39.745931],[-75.554594,39.747185],[-75.556814,39.748099],[-75.557419,39.748356],[-75.556845,39.74922]]]}},{"id":"286","type":"Feature","properties":{"GEOID":"100010417021","eb":3.01,"sv":2.42,"county":"Kent","pop":2641.0,"pm25_pct":21.0,"diesel_pct":39.0,"cancer_pct":0.0,"traffic_pct":48.0,"superfund_pct":66.0,"lowinc_pct":0.160545248,"unemp_pct":0.036407767,"lingiso_pct":0.010452962,"poc_pct":32.0,"sv_health":3.91,"efa":"Not EFA","name":"Kent BG 417021","efa_hisp_pct":3.5,"efa_black_pct":10.4,"efa_lingiso_pct":1.3,"efa_lingiso_sp":100.0,"efa_poverty_pct":3.7,"efa_mhhi":118750.0,"efa_combined_minority":18.8,"efa_has_duplicate":0,"efa_mc1":0,"efa_sc1":0,"efa_mc2":0,"efa_sc2":0,"efa_mc3":0,"efa_sc3":0,"efa_mc4":0,"efa_sc4":0,"efa_mc5":0,"efa_sc5":0,"efa_has_split":0},"geometry":{"type":"Polygon","coordinates":[[[-75.534914,39.112973],[-75.534548,39.112973],[-75.52174,39.11677],[-75.515577,39.118054],[-75.514368,39.118256],[-75.506134,39.118037],[-75.505756,39.117633],[-75.503329,39.117336],[-75.501382,39.116034],[-75.49961,39.113893],[-75.499534,39.113284],[-75.501376,39.110109],[-75.513711,39.101725],[-75.513718,39.101779],[-75.515868,39.100329],[-75.523346,39.104811],[-75.525428,39.105984],[-75.53204,39.111572],[-75.534932,39.112932],[-75.534914,39.112973]]]}},{"id":"287","type":"Feature","properties":{"GEOID":"100030148132","eb":5.7,"sv":2.03,"county":"New Castle","pop":2972.0,"pm25_pct":50.0,"diesel_pct":74.0,"cancer_pct":51.0,"traffic_pct":48.0,"superfund_pct":69.0,"lowinc_pct":0.282549421,"unemp_pct":0.029658646,"lingiso_pct":0.033737024,"poc_pct":82.0,"sv_health":3.18,"efa":"Not EFA","name":"New Castle BG 148132","efa_hisp_pct":17.8,"efa_black_pct":20.0,"efa_lingiso_pct":4.3,"efa_lingiso_sp":0,"efa_poverty_pct":5.0,"efa_mhhi":90243.0,"efa_combined_minority":70.6,"efa_has_duplicate":0,"efa_mc1":0,"efa_sc1":0,"efa_mc2":0,"efa_sc2":0,"efa_mc3":0,"efa_sc3":0,"efa_mc4":0,"efa_sc4":0,"efa_mc5":0,"efa_sc5":0,"efa_has_split":0},"geometry":{"type":"Polygon","coordinates":[[[-75.763417,39.629097],[-75.751916,39.632573],[-75.751573,39.63044],[-75.747706,39.630519],[-75.747604,39.629231],[-75.74399,39.628871],[-75.744154,39.625474],[-75.748578,39.625955],[-75.752072,39.627042],[-75.761868,39.626757],[-75.763417,39.629097]]]}},{"id":"288","type":"Feature","properties":{"GEOID":"100030150002","eb":6.21,"sv":2.79,"county":"New Castle","pop":553.0,"pm25_pct":63.0,"diesel_pct":97.0,"cancer_pct":51.0,"traffic_pct":33.0,"superfund_pct":95.0,"lowinc_pct":0.047016275,"unemp_pct":0.0,"lingiso_pct":0.0,"poc_pct":52.0,"sv_health":4.22,"efa":"Not EFA","name":"New Castle BG 150002","efa_hisp_pct":10.7,"efa_black_pct":33.6,"efa_lingiso_pct":0,"efa_lingiso_sp":null,"efa_poverty_pct":0,"efa_mhhi":87225.0,"efa_combined_minority":47.4,"efa_has_duplicate":0,"efa_mc1":0,"efa_sc1":0,"efa_mc2":0,"efa_sc2":0,"efa_mc3":0,"efa_sc3":0,"efa_mc4":0,"efa_sc4":0,"efa_mc5":0,"efa_sc5":0,"efa_has_split":0},"geometry":{"type":"Polygon","coordinates":[[[-75.639834,39.678438],[-75.63737,39.679433],[-75.637171,39.681008],[-75.635006,39.68081],[-75.635611,39.679053],[-75.633916,39.678216],[-75.631673,39.680131],[-75.630756,39.682122],[-75.633828,39.684002],[-75.632762,39.68487],[-75.630537,39.683447],[-75.629065,39.679817],[-75.626083,39.676855],[-75.633142,39.669549],[-75.634543,39.670902],[-75.638518,39.672383],[-75.638628,39.673813],[-75.63643,39.674237],[-75.636949,39.67691],[-75.639078,39.677408],[-75.639834,39.678438]]]}},{"id":"289","type":"Feature","properties":{"GEOID":"100030148141","eb":5.45,"sv":1.98,"county":"New Castle","pop":2721.0,"pm25_pct":50.0,"diesel_pct":74.0,"cancer_pct":51.0,"traffic_pct":46.0,"superfund_pct":63.0,"lowinc_pct":0.067924528,"unemp_pct":0.122421823,"lingiso_pct":0.034722222,"poc_pct":62.0,"sv_health":3.17,"efa":"Not EFA","name":"New Castle BG 148141","efa_hisp_pct":0.1,"efa_black_pct":19.1,"efa_lingiso_pct":1.6,"efa_lingiso_sp":0,"efa_poverty_pct":1.2,"efa_mhhi":110060.0,"efa_combined_minority":36.4,"efa_has_duplicate":0,"efa_mc1":0,"efa_sc1":0,"efa_mc2":0,"efa_sc2":0,"efa_mc3":0,"efa_sc3":0,"efa_mc4":0,"efa_sc4":0,"efa_mc5":0,"efa_sc5":0,"efa_has_split":0},"geometry":{"type":"Polygon","coordinates":[[[-75.786216419654,39.6217124085307],[-75.772838,39.626044],[-75.771181,39.62319],[-75.770794,39.620208],[-75.768096,39.620027],[-75.762299,39.618113],[-75.758161,39.615041],[-75.758822,39.613333],[-75.757938,39.612712],[-75.753918,39.610452],[-75.750808,39.610506],[-75.750432,39.60955],[-75.74739,39.610037],[-75.745725,39.612621],[-75.74631,39.609085],[-75.744983,39.604885],[-75.759825,39.603186],[-75.769267,39.604794],[-75.774613,39.605229],[-75.783193,39.606461],[-75.7850388190259,39.6062182015777],[-75.7850538945016,39.6064165562109],[-75.7854092147263,39.6110916599468],[-75.7862137134778,39.6216768021856],[-75.786216419654,39.6217124085307]]]}},{"id":"290","type":"Feature","properties":{"GEOID":"100010402042","eb":3.04,"sv":2.23,"county":"Kent","pop":2010.0,"pm25_pct":6.0,"diesel_pct":33.0,"cancer_pct":0.0,"traffic_pct":29.0,"superfund_pct":17.0,"lowinc_pct":0.054753609,"unemp_pct":0.011591149,"lingiso_pct":0.02247191,"poc_pct":78.0,"sv_health":3.74,"efa":"Not EFA","name":"Kent BG 402042","efa_hisp_pct":8.4,"efa_black_pct":52.3,"efa_lingiso_pct":2.0,"efa_lingiso_sp":0,"efa_poverty_pct":4.1,"efa_mhhi":114722.0,"efa_combined_minority":66.3,"efa_has_duplicate":0,"efa_mc1":0,"efa_sc1":0,"efa_mc2":0,"efa_sc2":0,"efa_mc3":0,"efa_sc3":0,"efa_mc4":0,"efa_sc4":0,"efa_mc5":0,"efa_sc5":0,"efa_has_split":0},"geometry":{"type":"Polygon","coordinates":[[[-75.634641,39.277874],[-75.634037,39.279087],[-75.633928,39.279245],[-75.632121,39.281777],[-75.631968,39.281988],[-75.630793,39.283635],[-75.630721,39.283737],[-75.629901,39.28487],[-75.629626,39.285251],[-75.628029,39.282607],[-75.624143,39.276172],[-75.619931,39.269195],[-75.627614,39.262755],[-75.630759,39.261558],[-75.632519,39.261546],[-75.632017,39.263323],[-75.632738,39.266012],[-75.633467,39.268147],[-75.634378,39.271003],[-75.634504,39.271894],[-75.634641,39.277874]]]}},{"id":"291","type":"Feature","properties":{"GEOID":"100010428021","eb":1.97,"sv":3.25,"county":"Kent","pop":1780.0,"pm25_pct":27.0,"diesel_pct":5.0,"cancer_pct":0.0,"traffic_pct":48.0,"superfund_pct":18.0,"lowinc_pct":0.34494382,"unemp_pct":0.030480657,"lingiso_pct":0.0,"poc_pct":52.0,"sv_health":4.33,"efa":"Not EFA","name":"Kent BG 428021","efa_hisp_pct":2.1,"efa_black_pct":27.0,"efa_lingiso_pct":0,"efa_lingiso_sp":null,"efa_poverty_pct":9.1,"efa_mhhi":67483.0,"efa_combined_minority":33.0,"efa_has_duplicate":0,"efa_mc1":0,"efa_sc1":0,"efa_mc2":0,"efa_sc2":0,"efa_mc3":0,"efa_sc3":0,"efa_mc4":0,"efa_sc4":0,"efa_mc5":0,"efa_sc5":0,"efa_has_split":0},"geometry":{"type":"Polygon","coordinates":[[[-75.605806,39.029234],[-75.603032,39.041308],[-75.600448,39.041042],[-75.597101,39.041579],[-75.594256,39.040054],[-75.591781,39.036369],[-75.585207,39.034637],[-75.582151,39.034549],[-75.573104,39.033544],[-75.570104,39.034305],[-75.560746,39.035182],[-75.566546,39.015933],[-75.569272,39.006815],[-75.571876,39.007448],[-75.576407,39.008523],[-75.580806,39.009583],[-75.58274,39.010052],[-75.587378,39.010978],[-75.591973,39.012256],[-75.595035,39.012343],[-75.596385,39.011982],[-75.597714,39.011301],[-75.605231,39.02857],[-75.605806,39.029234]]]}},{"id":"292","type":"Feature","properties":{"GEOID":"100050508062","eb":2.2,"sv":2.15,"county":"Sussex","pop":1125.0,"pm25_pct":29.0,"diesel_pct":18.0,"cancer_pct":0.0,"traffic_pct":18.0,"superfund_pct":23.0,"lowinc_pct":0.027555556,"unemp_pct":0.033573141,"lingiso_pct":0.0,"poc_pct":10.0,"sv_health":4.24,"efa":"Not EFA","name":"Sussex BG 508062","efa_hisp_pct":2.0,"efa_black_pct":5.2,"efa_lingiso_pct":0,"efa_lingiso_sp":null,"efa_poverty_pct":4.1,"efa_mhhi":113723.0,"efa_combined_minority":7.2,"efa_has_duplicate":0,"efa_mc1":0,"efa_sc1":0,"efa_mc2":0,"efa_sc2":0,"efa_mc3":0,"efa_sc3":0,"efa_mc4":0,"efa_sc4":0,"efa_mc5":0,"efa_sc5":0,"efa_has_split":0},"geometry":{"type":"Polygon","coordinates":[[[-75.308815,38.778611],[-75.309833,38.779996],[-75.305005,38.778523],[-75.302227,38.777448],[-75.300664,38.776618],[-75.29937,38.77834],[-75.297588,38.778389],[-75.294425,38.77765],[-75.292569,38.778431],[-75.289947,38.778185],[-75.283431,38.780488],[-75.284162,38.781587],[-75.286628,38.782682],[-75.286876,38.784086],[-75.28347,38.785935],[-75.283735,38.789844],[-75.281606,38.791121],[-75.278587,38.791337],[-75.27643,38.79007],[-75.274368,38.79297],[-75.271584,38.792568],[-75.269355,38.793057],[-75.266953,38.791317],[-75.263069,38.790092],[-75.260255,38.789851],[-75.257795,38.791625],[-75.25635,38.791679],[-75.256202,38.790824],[-75.253341,38.788782],[-75.251765,38.790518],[-75.24599,38.787688],[-75.24033,38.784136],[-75.238603,38.777371],[-75.239309,38.772696],[-75.238396,38.768611],[-75.239533,38.764142],[-75.241373,38.761776],[-75.243542,38.759652],[-75.245405,38.756633],[-75.252086,38.754904],[-75.25397,38.754726],[-75.256931,38.755712],[-75.26362,38.759813],[-75.268947,38.762462],[-75.27226,38.763704],[-75.283999,38.766506],[-75.294232,38.769762],[-75.294419,38.76982],[-75.298482,38.771112],[-75.298595,38.771148],[-75.300699,38.771817],[-75.301644,38.772991],[-75.304459,38.775998],[-75.304956,38.776388],[-75.310178,38.777683],[-75.308815,38.778611]]]}},{"id":"293","type":"Feature","properties":{"GEOID":"100010429002","eb":2.21,"sv":3.39,"county":"Kent","pop":3200.0,"pm25_pct":41.0,"diesel_pct":3.0,"cancer_pct":0.0,"traffic_pct":2.0,"superfund_pct":4.0,"lowinc_pct":0.330912536,"unemp_pct":0.044069994,"lingiso_pct":0.0,"poc_pct":29.0,"sv_health":5.03,"efa":"Not EFA","name":"Kent BG 429002","efa_hisp_pct":4.9,"efa_black_pct":7.6,"efa_lingiso_pct":0,"efa_lingiso_sp":null,"efa_poverty_pct":10.0,"efa_mhhi":77500.0,"efa_combined_minority":15.4,"efa_has_duplicate":0,"efa_mc1":0,"efa_sc1":0,"efa_mc2":0,"efa_sc2":0,"efa_mc3":0,"efa_sc3":0,"efa_mc4":0,"efa_sc4":0,"efa_mc5":0,"efa_sc5":0,"efa_has_split":0},"geometry":{"type":"Polygon","coordinates":[[[-75.525837,38.964496],[-75.51759,38.968246],[-75.504097,38.976769],[-75.500489,38.978444],[-75.499747,38.977644],[-75.494153,38.968446],[-75.493039,38.967379],[-75.491489,38.966546],[-75.487888,38.965353],[-75.48788,38.946046],[-75.49369,38.942172],[-75.497144,38.940243],[-75.500618,38.937128],[-75.490528,38.934285],[-75.489403,38.932619],[-75.491412,38.931775],[-75.490403,38.924303],[-75.492719,38.922585],[-75.492178,38.916014],[-75.489489,38.905499],[-75.485,38.904887],[-75.484819,38.903753],[-75.485657,38.903617],[-75.488156,38.898983],[-75.487732,38.895493],[-75.488026,38.892784],[-75.490453,38.889664],[-75.491565,38.888525],[-75.494383,38.887882],[-75.49778,38.882127],[-75.501771,38.88088],[-75.503337,38.881617],[-75.508168,38.878951],[-75.5089,38.876927],[-75.510982,38.877411],[-75.508512,38.880977],[-75.510238,38.889524],[-75.509365,38.896098],[-75.509725,38.900473],[-75.512559,38.905779],[-75.513453,38.907105],[-75.515497,38.912741],[-75.515538,38.913377],[-75.515362,38.916839],[-75.515268,38.923047],[-75.517037,38.927669],[-75.519715,38.932849],[-75.52078,38.935549],[-75.521574,38.937689],[-75.522495,38.944085],[-75.522178,38.950893],[-75.523916,38.9547],[-75.525984,38.960446],[-75.525837,38.964496]]]}},{"id":"294","type":"Feature","properties":{"GEOID":"100050508061","eb":2.71,"sv":2.6,"county":"Sussex","pop":1211.0,"pm25_pct":29.0,"diesel_pct":18.0,"cancer_pct":0.0,"traffic_pct":21.0,"superfund_pct":29.0,"lowinc_pct":0.250206441,"unemp_pct":0.195736434,"lingiso_pct":0.039619651,"poc_pct":26.0,"sv_health":4.24,"efa":"Not EFA","name":"Sussex BG 508061","efa_hisp_pct":5.6,"efa_black_pct":13.1,"efa_lingiso_pct":4.0,"efa_lingiso_sp":0,"efa_poverty_pct":6.8,"efa_mhhi":77993.0,"efa_combined_minority":19.5,"efa_has_duplicate":0,"efa_mc1":0,"efa_sc1":0,"efa_mc2":0,"efa_sc2":0,"efa_mc3":0,"efa_sc3":0,"efa_mc4":0,"efa_sc4":0,"efa_mc5":0,"efa_sc5":0,"efa_has_split":0},"geometry":{"type":"Polygon","coordinates":[[[-75.298595,38.771148],[-75.298482,38.771112],[-75.294419,38.76982],[-75.294232,38.769762],[-75.283999,38.766506],[-75.27226,38.763704],[-75.268947,38.762462],[-75.26362,38.759813],[-75.256931,38.755712],[-75.25397,38.754726],[-75.252086,38.754904],[-75.245405,38.756633],[-75.248905,38.751787],[-75.251103,38.747255],[-75.255984,38.742571],[-75.258109,38.740053],[-75.258764,38.738392],[-75.269379,38.73894],[-75.269391,38.738924],[-75.266117,38.735312],[-75.263978,38.729155],[-75.270775,38.727803],[-75.285646,38.724854],[-75.287591,38.729874],[-75.288358,38.735215],[-75.289451,38.74017],[-75.289755,38.743392],[-75.290717,38.747849],[-75.292263,38.749569],[-75.295493,38.751431],[-75.294091,38.757952],[-75.297756,38.762212],[-75.297957,38.762961],[-75.29851,38.769805],[-75.298595,38.771148]]]}},{"id":"295","type":"Feature","properties":{"GEOID":"100030141001","eb":5.73,"sv":3.56,"county":"New Castle","pop":1191.0,"pm25_pct":60.0,"diesel_pct":73.0,"cancer_pct":51.0,"traffic_pct":74.0,"superfund_pct":64.0,"lowinc_pct":0.480268682,"unemp_pct":0.065298507,"lingiso_pct":0.0,"poc_pct":48.0,"sv_health":4.3,"efa":"Not EFA","name":"New Castle BG 141001","efa_hisp_pct":24.3,"efa_black_pct":1.0,"efa_lingiso_pct":0,"efa_lingiso_sp":null,"efa_poverty_pct":2.7,"efa_mhhi":58162.0,"efa_combined_minority":32.8,"efa_has_duplicate":0,"efa_mc1":0,"efa_sc1":0,"efa_mc2":0,"efa_sc2":0,"efa_mc3":0,"efa_sc3":0,"efa_mc4":0,"efa_sc4":0,"efa_mc5":0,"efa_sc5":0,"efa_has_split":0},"geometry":{"type":"Polygon","coordinates":[[[-75.712344,39.679153],[-75.707424,39.681774],[-75.709815,39.682857],[-75.710142,39.683335],[-75.70315,39.6855],[-75.702125,39.685814],[-75.70084,39.684482],[-75.698931,39.683246],[-75.699504,39.682478],[-75.698051,39.679685],[-75.695988,39.678859],[-75.696214,39.678733],[-75.698721,39.677399],[-75.703599,39.674849],[-75.706177,39.677375],[-75.709677,39.677762],[-75.711576,39.67696],[-75.712578,39.678259],[-75.712344,39.679153]]]}},{"id":"296","type":"Feature","properties":{"GEOID":"100050504073","eb":2.44,"sv":3.27,"county":"Sussex","pop":2558.0,"pm25_pct":45.0,"diesel_pct":23.0,"cancer_pct":0.0,"traffic_pct":15.0,"superfund_pct":57.0,"lowinc_pct":0.409304144,"unemp_pct":0.17080292,"lingiso_pct":0.012106538,"poc_pct":56.0,"sv_health":5.14,"efa":"Significant","name":"Sussex BG 504073","efa_hisp_pct":5.5,"efa_black_pct":14.4,"efa_lingiso_pct":1.0,"efa_lingiso_sp":100.0,"efa_poverty_pct":27.1,"efa_mhhi":102000.0,"efa_combined_minority":43.5,"efa_has_duplicate":1,"efa_mc1":1,"efa_sc1":1,"efa_mc2":0,"efa_sc2":0,"efa_mc3":1,"efa_sc3":0,"efa_mc4":0,"efa_sc4":0,"efa_mc5":0,"efa_sc5":0,"efa_has_split":1},"geometry":{"type":"Polygon","coordinates":[[[-75.594193,38.648173],[-75.59279,38.649054],[-75.57248,38.661002],[-75.571502,38.661716],[-75.567453,38.666672],[-75.565261,38.665572],[-75.56308,38.664635],[-75.561723,38.664736],[-75.554216,38.665558],[-75.546429,38.66531],[-75.537617,38.665776],[-75.543466,38.659779],[-75.545102,38.657513],[-75.552135,38.650651],[-75.553415,38.647682],[-75.553503,38.643812],[-75.554993,38.642054],[-75.556035,38.63954],[-75.560366,38.640557],[-75.562171,38.64094],[-75.563865,38.640984],[-75.573065,38.640769],[-75.58891,38.641832],[-75.590423,38.641714],[-75.593327,38.640541],[-75.593577,38.640376],[-75.593834,38.643689],[-75.594186,38.648083],[-75.594193,38.648173]]]}},{"id":"297","type":"Feature","properties":{"GEOID":"100030166092","eb":3.14,"sv":1.67,"county":"New Castle","pop":950.0,"pm25_pct":35.0,"diesel_pct":41.0,"cancer_pct":0.0,"traffic_pct":27.0,"superfund_pct":41.0,"lowinc_pct":0.073684211,"unemp_pct":0.0,"lingiso_pct":0.0,"poc_pct":44.0,"sv_health":3.29,"efa":"Not EFA","name":"New Castle BG 166092","efa_hisp_pct":12.8,"efa_black_pct":20.4,"efa_lingiso_pct":0,"efa_lingiso_sp":null,"efa_poverty_pct":0,"efa_mhhi":183294.0,"efa_combined_minority":34.1,"efa_has_duplicate":0,"efa_mc1":0,"efa_sc1":0,"efa_mc2":0,"efa_sc2":0,"efa_mc3":0,"efa_sc3":0,"efa_mc4":0,"efa_sc4":0,"efa_mc5":0,"efa_sc5":0,"efa_has_split":0},"geometry":{"type":"Polygon","coordinates":[[[-75.751847,39.510929],[-75.748867,39.51309],[-75.747545,39.515397],[-75.748083,39.52132],[-75.746577,39.524423],[-75.744055,39.526791],[-75.736633,39.529781],[-75.737448,39.531043],[-75.738241,39.541148],[-75.73813,39.541145],[-75.727298,39.541727],[-75.726615,39.541817],[-75.725228,39.542001],[-75.725323,39.541097],[-75.726219,39.534124],[-75.723245,39.52993],[-75.723498,39.529171],[-75.721913,39.528091],[-75.716515,39.521486],[-75.712516,39.515551],[-75.711848,39.513634],[-75.711659,39.51119],[-75.721692,39.510633],[-75.735837,39.506581],[-75.743129,39.506732],[-75.745277,39.506438],[-75.749577,39.503815],[-75.750661,39.504993],[-75.752341,39.510053],[-75.751847,39.510929]]]}},{"id":"298","type":"Feature","properties":{"GEOID":"100030013004","eb":6.85,"sv":1.57,"county":"New Castle","pop":963.0,"pm25_pct":89.0,"diesel_pct":79.0,"cancer_pct":51.0,"traffic_pct":80.0,"superfund_pct":46.0,"lowinc_pct":0.05192108,"unemp_pct":0.026785714,"lingiso_pct":0.0,"poc_pct":22.0,"sv_health":2.99,"efa":"Not EFA","name":"New Castle BG 13004","efa_hisp_pct":0,"efa_black_pct":4.3,"efa_lingiso_pct":0,"efa_lingiso_sp":null,"efa_poverty_pct":5.2,"efa_mhhi":91875.0,"efa_combined_minority":8.7,"efa_has_duplicate":0,"efa_mc1":0,"efa_sc1":0,"efa_mc2":0,"efa_sc2":0,"efa_mc3":0,"efa_sc3":0,"efa_mc4":0,"efa_sc4":0,"efa_mc5":0,"efa_sc5":0,"efa_has_split":0},"geometry":{"type":"Polygon","coordinates":[[[-75.579956,39.763371],[-75.577848,39.766438],[-75.568395,39.762624],[-75.571432,39.758177],[-75.574757,39.760068],[-75.575075,39.759614],[-75.578738,39.761696],[-75.580198,39.762839],[-75.579956,39.763371]]]}},{"id":"299","type":"Feature","properties":{"GEOID":"100030148142","eb":5.43,"sv":2.1,"county":"New Castle","pop":1352.0,"pm25_pct":50.0,"diesel_pct":74.0,"cancer_pct":51.0,"traffic_pct":30.0,"superfund_pct":63.0,"lowinc_pct":0.295857988,"unemp_pct":0.0,"lingiso_pct":0.032454361,"poc_pct":60.0,"sv_health":3.17,"efa":"Not EFA","name":"New Castle BG 148142","efa_hisp_pct":6.1,"efa_black_pct":34.3,"efa_lingiso_pct":0,"efa_lingiso_sp":null,"efa_poverty_pct":6.6,"efa_mhhi":92898.0,"efa_combined_minority":45.6,"efa_has_duplicate":0,"efa_mc1":0,"efa_sc1":0,"efa_mc2":0,"efa_sc2":0,"efa_mc3":0,"efa_sc3":0,"efa_mc4":0,"efa_sc4":0,"efa_mc5":0,"efa_sc5":0,"efa_has_split":0},"geometry":{"type":"Polygon","coordinates":[[[-75.772838,39.626044],[-75.763417,39.629097],[-75.761868,39.626757],[-75.752072,39.627042],[-75.748578,39.625955],[-75.744154,39.625474],[-75.744435,39.621444],[-75.745725,39.612621],[-75.74739,39.610037],[-75.750432,39.60955],[-75.750808,39.610506],[-75.753918,39.610452],[-75.757938,39.612712],[-75.758822,39.613333],[-75.758161,39.615041],[-75.762299,39.618113],[-75.768096,39.620027],[-75.770794,39.620208],[-75.771181,39.62319],[-75.772838,39.626044]]]}},{"id":"300","type":"Feature","properties":{"GEOID":"100030005004","eb":7.71,"sv":3.3,"county":"New Castle","pop":1050.0,"pm25_pct":88.0,"diesel_pct":91.0,"cancer_pct":51.0,"traffic_pct":89.0,"superfund_pct":63.0,"lowinc_pct":0.470476191,"unemp_pct":0.097116844,"lingiso_pct":0.0,"poc_pct":90.0,"sv_health":4.16,"efa":"Moderate","name":"New Castle BG 5004","efa_hisp_pct":23.2,"efa_black_pct":38.7,"efa_lingiso_pct":0,"efa_lingiso_sp":null,"efa_poverty_pct":19.6,"efa_mhhi":78984.0,"efa_combined_minority":81.5,"efa_has_duplicate":0,"efa_mc1":1,"efa_sc1":0,"efa_mc2":1,"efa_sc2":0,"efa_mc3":0,"efa_sc3":0,"efa_mc4":0,"efa_sc4":0,"efa_mc5":0,"efa_sc5":0,"efa_has_split":0},"geometry":{"type":"Polygon","coordinates":[[[-75.547845,39.752977],[-75.547704,39.753167],[-75.542912,39.755082],[-75.543317,39.753635],[-75.541905,39.751774],[-75.543597,39.751038],[-75.543855,39.750278],[-75.546071,39.750673],[-75.548336,39.75227],[-75.547845,39.752977]]]}},{"id":"301","type":"Feature","properties":{"GEOID":"100050508064","eb":2.47,"sv":2.52,"county":"Sussex","pop":1171.0,"pm25_pct":29.0,"diesel_pct":18.0,"cancer_pct":0.0,"traffic_pct":24.0,"superfund_pct":24.0,"lowinc_pct":0.444918873,"unemp_pct":0.0,"lingiso_pct":0.0,"poc_pct":13.0,"sv_health":4.24,"efa":"Moderate","name":"Sussex BG 508064","efa_hisp_pct":0,"efa_black_pct":2.0,"efa_lingiso_pct":0,"efa_lingiso_sp":null,"efa_poverty_pct":25.6,"efa_mhhi":42270.0,"efa_combined_minority":5.6,"efa_has_duplicate":1,"efa_mc1":0,"efa_sc1":0,"efa_mc2":0,"efa_sc2":0,"efa_mc3":1,"efa_sc3":0,"efa_mc4":1,"efa_sc4":0,"efa_mc5":0,"efa_sc5":0,"efa_has_split":1},"geometry":{"type":"Polygon","coordinates":[[[-75.269379,38.73894],[-75.258764,38.738392],[-75.258109,38.740053],[-75.255984,38.742571],[-75.251103,38.747255],[-75.248905,38.751787],[-75.245405,38.756633],[-75.24436,38.75678],[-75.227464,38.748744],[-75.226374,38.747725],[-75.223695,38.744964],[-75.223536,38.744657],[-75.222762,38.740616],[-75.222602,38.736622],[-75.238636,38.734185],[-75.248509,38.732241],[-75.263978,38.729155],[-75.266117,38.735312],[-75.269391,38.738924],[-75.269379,38.73894]]]}},{"id":"302","type":"Feature","properties":{"GEOID":"100030148112","eb":3.63,"sv":1.82,"county":"New Castle","pop":2397.0,"pm25_pct":47.0,"diesel_pct":54.0,"cancer_pct":0.0,"traffic_pct":28.0,"superfund_pct":72.0,"lowinc_pct":0.053586498,"unemp_pct":0.033037873,"lingiso_pct":0.0,"poc_pct":63.0,"sv_health":2.76,"efa":"Not EFA","name":"New Castle BG 148112","efa_hisp_pct":10.4,"efa_black_pct":6.4,"efa_lingiso_pct":0,"efa_lingiso_sp":null,"efa_poverty_pct":1.0,"efa_mhhi":134116.0,"efa_combined_minority":33.2,"efa_has_duplicate":0,"efa_mc1":0,"efa_sc1":0,"efa_mc2":0,"efa_sc2":0,"efa_mc3":0,"efa_sc3":0,"efa_mc4":0,"efa_sc4":0,"efa_mc5":0,"efa_sc5":0,"efa_has_split":0},"geometry":{"type":"Polygon","coordinates":[[[-75.761181,39.562605],[-75.757966,39.561131],[-75.752044,39.561181],[-75.7483,39.562568],[-75.746105,39.562388],[-75.740965,39.558949],[-75.738037,39.558136],[-75.739109,39.553692],[-75.738241,39.541148],[-75.753731,39.540343],[-75.757707,39.551944],[-75.762808,39.561189],[-75.761181,39.562605]]]}},{"id":"303","type":"Feature","properties":{"GEOID":"100030120001","eb":5.55,"sv":2.78,"county":"New Castle","pop":859.0,"pm25_pct":75.0,"diesel_pct":62.0,"cancer_pct":51.0,"traffic_pct":40.0,"superfund_pct":59.0,"lowinc_pct":0.116414435,"unemp_pct":0.023584906,"lingiso_pct":0.035343035,"poc_pct":15.0,"sv_health":3.99,"efa":"Not EFA","name":"New Castle BG 120001","efa_hisp_pct":7.0,"efa_black_pct":0,"efa_lingiso_pct":1.2,"efa_lingiso_sp":100.0,"efa_poverty_pct":1.3,"efa_mhhi":80147.0,"efa_combined_minority":7.0,"efa_has_duplicate":0,"efa_mc1":0,"efa_sc1":0,"efa_mc2":0,"efa_sc2":0,"efa_mc3":0,"efa_sc3":0,"efa_mc4":0,"efa_sc4":0,"efa_mc5":0,"efa_sc5":0,"efa_has_split":0},"geometry":{"type":"Polygon","coordinates":[[[-75.636566,39.747627],[-75.632501,39.75072],[-75.632769,39.752508],[-75.634666,39.754677],[-75.63257,39.758304],[-75.63619,39.762658],[-75.633665,39.762875],[-75.624248,39.761804],[-75.625524,39.758899],[-75.625458,39.756756],[-75.624534,39.753059],[-75.624011,39.746343],[-75.624662,39.7463],[-75.628972,39.746876],[-75.632558,39.748014],[-75.636566,39.747627]]]}},{"id":"304","type":"Feature","properties":{"GEOID":"100030112021","eb":5.52,"sv":1.68,"county":"New Castle","pop":2907.0,"pm25_pct":99.0,"diesel_pct":55.0,"cancer_pct":51.0,"traffic_pct":43.0,"superfund_pct":31.0,"lowinc_pct":0.056415549,"unemp_pct":0.011078287,"lingiso_pct":0.0,"poc_pct":27.0,"sv_health":3.46,"efa":"Not EFA","name":"New Castle BG 112021","efa_hisp_pct":1.0,"efa_black_pct":3.7,"efa_lingiso_pct":0,"efa_lingiso_sp":null,"efa_poverty_pct":2.8,"efa_mhhi":115000.0,"efa_combined_minority":15.2,"efa_has_duplicate":0,"efa_mc1":0,"efa_sc1":0,"efa_mc2":0,"efa_sc2":0,"efa_mc3":0,"efa_sc3":0,"efa_mc4":0,"efa_sc4":0,"efa_mc5":0,"efa_sc5":0,"efa_has_split":0},"geometry":{"type":"Polygon","coordinates":[[[-75.52441,39.828405],[-75.51986,39.833753],[-75.5188176150883,39.8363449617581],[-75.518444,39.836311],[-75.4989861331738,39.8333338997188],[-75.501038,39.824757],[-75.503471,39.82502],[-75.51132,39.826364],[-75.525084,39.82845],[-75.52441,39.828405]]]}},{"id":"305","type":"Feature","properties":{"GEOID":"100030136082","eb":5.22,"sv":2.49,"county":"New Castle","pop":1056.0,"pm25_pct":65.0,"diesel_pct":81.0,"cancer_pct":51.0,"traffic_pct":75.0,"superfund_pct":48.0,"lowinc_pct":0.40625,"unemp_pct":0.058823529,"lingiso_pct":0.094382022,"poc_pct":65.0,"sv_health":3.55,"efa":"Moderate","name":"New Castle BG 136082","efa_hisp_pct":17.6,"efa_black_pct":15.1,"efa_lingiso_pct":9.8,"efa_lingiso_sp":56.8,"efa_poverty_pct":25.2,"efa_mhhi":58304.0,"efa_combined_minority":48.2,"efa_has_duplicate":0,"efa_mc1":0,"efa_sc1":0,"efa_mc2":0,"efa_sc2":0,"efa_mc3":1,"efa_sc3":0,"efa_mc4":0,"efa_sc4":0,"efa_mc5":0,"efa_sc5":0,"efa_has_split":0},"geometry":{"type":"Polygon","coordinates":[[[-75.69056,39.710926],[-75.68804,39.713044],[-75.683901,39.712787],[-75.683726,39.712686],[-75.681588,39.709251],[-75.684399,39.707059],[-75.685911,39.708213],[-75.688153,39.706663],[-75.688676,39.70897],[-75.69056,39.710926]]]}},{"id":"306","type":"Feature","properties":{"GEOID":"100050512031","eb":1.84,"sv":2.14,"county":"Sussex","pop":495.0,"pm25_pct":2.0,"diesel_pct":27.0,"cancer_pct":0.0,"traffic_pct":49.0,"superfund_pct":11.0,"lowinc_pct":0.137373737,"unemp_pct":0.055045872,"lingiso_pct":0.0,"poc_pct":13.0,"sv_health":3.76,"efa":"Not EFA","name":"Sussex BG 512031","efa_hisp_pct":1.4,"efa_black_pct":0,"efa_lingiso_pct":0,"efa_lingiso_sp":null,"efa_poverty_pct":2.1,"efa_mhhi":108542.0,"efa_combined_minority":10.9,"efa_has_duplicate":0,"efa_mc1":0,"efa_sc1":0,"efa_mc2":0,"efa_sc2":0,"efa_mc3":0,"efa_sc3":0,"efa_mc4":0,"efa_sc4":0,"efa_mc5":0,"efa_sc5":0,"efa_has_split":0},"geometry":{"type":"Polygon","coordinates":[[[-75.080713,38.542599],[-75.06662,38.539375],[-75.061624,38.538463],[-75.062925,38.532871],[-75.063051,38.53211],[-75.068668,38.533171],[-75.068924,38.534122],[-75.075251,38.533121],[-75.080242,38.541761],[-75.080713,38.542599]]]}},{"id":"307","type":"Feature","properties":{"GEOID":"100030139031","eb":5.46,"sv":2.41,"county":"New Castle","pop":2382.0,"pm25_pct":54.0,"diesel_pct":66.0,"cancer_pct":51.0,"traffic_pct":66.0,"superfund_pct":69.0,"lowinc_pct":0.234676742,"unemp_pct":0.01754386,"lingiso_pct":0.077155825,"poc_pct":64.0,"sv_health":3.74,"efa":"Not EFA","name":"New Castle BG 139031","efa_hisp_pct":8.4,"efa_black_pct":27.7,"efa_lingiso_pct":10.4,"efa_lingiso_sp":100.0,"efa_poverty_pct":2.7,"efa_mhhi":124188.0,"efa_combined_minority":49.3,"efa_has_duplicate":0,"efa_mc1":0,"efa_sc1":0,"efa_mc2":0,"efa_sc2":0,"efa_mc3":0,"efa_sc3":0,"efa_mc4":0,"efa_sc4":0,"efa_mc5":0,"efa_sc5":0,"efa_has_split":0},"geometry":{"type":"Polygon","coordinates":[[[-75.70552,39.635542],[-75.702521,39.645248],[-75.702504,39.645789],[-75.702963,39.647868],[-75.697715,39.648453],[-75.697506,39.648446],[-75.693069,39.649585],[-75.690576,39.645725],[-75.691204,39.64309],[-75.695807,39.642572],[-75.698172,39.641663],[-75.701682,39.636473],[-75.704967,39.634591],[-75.70552,39.635542]]]}},{"id":"308","type":"Feature","properties":{"GEOID":"100050506031","eb":4.02,"sv":3.06,"county":"Sussex","pop":631.0,"pm25_pct":32.0,"diesel_pct":26.0,"cancer_pct":0.0,"traffic_pct":73.0,"superfund_pct":99.0,"lowinc_pct":0.497797357,"unemp_pct":0.076142132,"lingiso_pct":0.0,"poc_pct":70.0,"sv_health":3.68,"efa":"Moderate","name":"Sussex BG 506031","efa_hisp_pct":10.3,"efa_black_pct":35.2,"efa_lingiso_pct":0,"efa_lingiso_sp":null,"efa_poverty_pct":15.9,"efa_mhhi":36837.0,"efa_combined_minority":60.9,"efa_has_duplicate":0,"efa_mc1":1,"efa_sc1":0,"efa_mc2":0,"efa_sc2":0,"efa_mc3":0,"efa_sc3":0,"efa_mc4":1,"efa_sc4":0,"efa_mc5":0,"efa_sc5":0,"efa_has_split":0},"geometry":{"type":"Polygon","coordinates":[[[-75.31128,38.596461],[-75.30976,38.596744],[-75.304975,38.59564],[-75.304339,38.596135],[-75.304815,38.597931],[-75.303589,38.598533],[-75.302938,38.598531],[-75.299501,38.59918],[-75.296765,38.598777],[-75.295568,38.597953],[-75.29421,38.594933],[-75.292778,38.594164],[-75.290996,38.594461],[-75.290865,38.593838],[-75.293361,38.589027],[-75.295055,38.58562],[-75.295349,38.585392],[-75.296935,38.586569],[-75.305084,38.590949],[-75.305632,38.591611],[-75.31247,38.595278],[-75.31128,38.596461]]]}},{"id":"309","type":"Feature","properties":{"GEOID":"100010402043","eb":2.84,"sv":2.01,"county":"Kent","pop":1539.0,"pm25_pct":6.0,"diesel_pct":33.0,"cancer_pct":0.0,"traffic_pct":14.0,"superfund_pct":17.0,"lowinc_pct":0.0,"unemp_pct":0.05393053,"lingiso_pct":0.0,"poc_pct":82.0,"sv_health":3.74,"efa":"Not EFA","name":"Kent BG 402043","efa_hisp_pct":0,"efa_black_pct":23.3,"efa_lingiso_pct":0,"efa_lingiso_sp":null,"efa_poverty_pct":0,"efa_mhhi":117841.0,"efa_combined_minority":54.2,"efa_has_duplicate":0,"efa_mc1":0,"efa_sc1":0,"efa_mc2":0,"efa_sc2":0,"efa_mc3":0,"efa_sc3":0,"efa_mc4":0,"efa_sc4":0,"efa_mc5":0,"efa_sc5":0,"efa_has_split":0},"geometry":{"type":"Polygon","coordinates":[[[-75.629626,39.285251],[-75.625781,39.290034],[-75.625103,39.290851],[-75.624262,39.291851],[-75.623166,39.293101],[-75.622302,39.293759],[-75.619535,39.292123],[-75.618943,39.291767],[-75.616891,39.290534],[-75.616366,39.290233],[-75.611194,39.28707],[-75.610521,39.286636],[-75.604615,39.282838],[-75.607588,39.281317],[-75.607878,39.281119],[-75.609393,39.279287],[-75.612111,39.275877],[-75.613995,39.274233],[-75.614504,39.273793],[-75.617157,39.271546],[-75.618067,39.270774],[-75.619931,39.269195],[-75.624143,39.276172],[-75.628029,39.282607],[-75.629626,39.285251]]]}},{"id":"310","type":"Feature","properties":{"GEOID":"100010434003","eb":3.38,"sv":2.95,"county":"Kent","pop":1811.0,"pm25_pct":38.0,"diesel_pct":24.0,"cancer_pct":0.0,"traffic_pct":39.0,"superfund_pct":11.0,"lowinc_pct":0.337209302,"unemp_pct":0.177805801,"lingiso_pct":0.007662835,"poc_pct":33.0,"sv_health":4.32,"efa":"Moderate","name":"Kent BG 434003","efa_hisp_pct":8.7,"efa_black_pct":8.5,"efa_lingiso_pct":1.4,"efa_lingiso_sp":100.0,"efa_poverty_pct":10.7,"efa_mhhi":48276.0,"efa_combined_minority":19.0,"efa_has_duplicate":1,"efa_mc1":0,"efa_sc1":0,"efa_mc2":0,"efa_sc2":0,"efa_mc3":0,"efa_sc3":0,"efa_mc4":1,"efa_sc4":0,"efa_mc5":0,"efa_sc5":0,"efa_has_split":1},"geometry":{"type":"Polygon","coordinates":[[[-75.497144,38.940243],[-75.49369,38.942172],[-75.48788,38.946046],[-75.487888,38.965353],[-75.491489,38.966546],[-75.493039,38.967379],[-75.491922,38.967686],[-75.489243,38.97109],[-75.487415,38.971234],[-75.486924,38.972709],[-75.484959,38.973345],[-75.48525,38.974972],[-75.482607,38.975201],[-75.482651,38.976519],[-75.481344,38.977998],[-75.47839,38.977874],[-75.479845,38.979395],[-75.480554,38.98173],[-75.47795,38.982614],[-75.476896,38.981809],[-75.476112,38.983094],[-75.47393,38.983439],[-75.475172,38.984553],[-75.47427,38.985475],[-75.476114,38.986859],[-75.473678,38.989279],[-75.474731,38.992077],[-75.474083,38.993968],[-75.469076,38.994971],[-75.468854,38.993327],[-75.466476,38.992986],[-75.463647,38.994302],[-75.464022,38.995175],[-75.462985,38.99685],[-75.463447,38.998049],[-75.466047,38.998963],[-75.465145,39.002252],[-75.463387,39.002535],[-75.461017,39.000852],[-75.457717,39.003407],[-75.458344,39.00641],[-75.461049,39.006035],[-75.463168,39.008665],[-75.461006,39.011831],[-75.459099,39.011078],[-75.458113,39.008458],[-75.456209,39.003391],[-75.454284,38.998228],[-75.453399,38.995831],[-75.451875,38.993297],[-75.449477,38.991057],[-75.445643,38.988519],[-75.44249,38.985813],[-75.44135,38.984403],[-75.438316,38.978748],[-75.42766,38.956458],[-75.4267,38.954427],[-75.425896,38.951038],[-75.425864,38.948628],[-75.426747,38.944935],[-75.426491,38.944876],[-75.427251,38.942443],[-75.427578,38.94237],[-75.42792,38.940786],[-75.428058,38.93947],[-75.42852,38.937763],[-75.429235,38.936419],[-75.429632,38.935413],[-75.429921,38.934434],[-75.429994,38.934191],[-75.430219,38.933399],[-75.432182,38.929016],[-75.438018,38.921452],[-75.442736,38.915876],[-75.447926,38.918702],[-75.45241,38.922077],[-75.453742,38.92325],[-75.458664,38.927826],[-75.459821,38.928619],[-75.460646,38.929063],[-75.464399,38.930573],[-75.469209,38.932493],[-75.471003,38.933219],[-75.474597,38.934493],[-75.476415,38.934638],[-75.489403,38.932619],[-75.490528,38.934285],[-75.500618,38.937128],[-75.497144,38.940243]]]}},{"id":"311","type":"Feature","properties":{"GEOID":"100050501011","eb":2.42,"sv":2.62,"county":"Sussex","pop":1577.0,"pm25_pct":42.0,"diesel_pct":19.0,"cancer_pct":0.0,"traffic_pct":17.0,"superfund_pct":10.0,"lowinc_pct":0.255102041,"unemp_pct":0.0,"lingiso_pct":0.0,"poc_pct":22.0,"sv_health":4.05,"efa":"Not EFA","name":"Sussex BG 501011","efa_hisp_pct":6.1,"efa_black_pct":9.0,"efa_lingiso_pct":0,"efa_lingiso_sp":null,"efa_poverty_pct":2.6,"efa_mhhi":69327.0,"efa_combined_minority":23.1,"efa_has_duplicate":0,"efa_mc1":0,"efa_sc1":0,"efa_mc2":0,"efa_sc2":0,"efa_mc3":0,"efa_sc3":0,"efa_mc4":0,"efa_sc4":0,"efa_mc5":0,"efa_sc5":0,"efa_has_split":0},"geometry":{"type":"Polygon","coordinates":[[[-75.518107,38.848589],[-75.508402,38.851491],[-75.506821,38.85211],[-75.505265,38.853035],[-75.503293,38.855009],[-75.494905,38.868168],[-75.493902,38.869274],[-75.491305,38.87034],[-75.477437,38.872339],[-75.475047,38.873354],[-75.473834,38.87477],[-75.471591,38.878633],[-75.470206,38.879976],[-75.46275,38.885313],[-75.455772,38.890218],[-75.442672,38.898287],[-75.441506,38.899369],[-75.439542,38.901853],[-75.439374,38.886872],[-75.439352,38.884941],[-75.439308,38.880941],[-75.439282,38.877241],[-75.439209,38.869281],[-75.439064,38.856165],[-75.438787,38.826895],[-75.440802,38.825741],[-75.447252,38.823818],[-75.453025,38.82288],[-75.453322,38.822709],[-75.45544,38.82085],[-75.458078,38.81737],[-75.46443,38.816448],[-75.475529,38.827371],[-75.477967,38.825913],[-75.489627,38.832123],[-75.496539,38.835768],[-75.511282,38.839729],[-75.511786,38.839969],[-75.518107,38.848589]]]}},{"id":"312","type":"Feature","properties":{"GEOID":"100010422032","eb":2.44,"sv":2.46,"county":"Kent","pop":1620.0,"pm25_pct":26.0,"diesel_pct":29.0,"cancer_pct":0.0,"traffic_pct":25.0,"superfund_pct":58.0,"lowinc_pct":0.078395062,"unemp_pct":0.0,"lingiso_pct":0.0,"poc_pct":16.0,"sv_health":3.7,"efa":"Not EFA","name":"Kent BG 422032","efa_hisp_pct":0.7,"efa_black_pct":31.5,"efa_lingiso_pct":0,"efa_lingiso_sp":null,"efa_poverty_pct":4.4,"efa_mhhi":null,"efa_combined_minority":32.2,"efa_has_duplicate":0,"efa_mc1":0,"efa_sc1":0,"efa_mc2":0,"efa_sc2":0,"efa_mc3":0,"efa_sc3":0,"efa_mc4":0,"efa_sc4":0,"efa_mc5":0,"efa_sc5":0,"efa_has_split":0},"geometry":{"type":"Polygon","coordinates":[[[-75.506006,39.094404],[-75.504576,39.096654],[-75.500859,39.09902],[-75.499512,39.099143],[-75.497308,39.097575],[-75.497596,39.095982],[-75.496757,39.095719],[-75.495559,39.09606],[-75.494598,39.09523],[-75.492206,39.095187],[-75.48889,39.096839],[-75.487135,39.09635],[-75.479593,39.097781],[-75.478318,39.098638],[-75.473517,39.100283],[-75.470707,39.101278],[-75.468304,39.100119],[-75.467577,39.098546],[-75.464778,39.096485],[-75.461966,39.091005],[-75.464351,39.089496],[-75.465685,39.087467],[-75.466846,39.087006],[-75.473897,39.085315],[-75.48115,39.081616],[-75.483839,39.079015],[-75.490098,39.085128],[-75.497732,39.08978],[-75.505404,39.094081],[-75.506006,39.094404]]]}},{"id":"313","type":"Feature","properties":{"GEOID":"100050508011","eb":1.96,"sv":2.77,"county":"Sussex","pop":1597.0,"pm25_pct":33.0,"diesel_pct":19.0,"cancer_pct":0.0,"traffic_pct":24.0,"superfund_pct":21.0,"lowinc_pct":0.313404657,"unemp_pct":0.05398773,"lingiso_pct":0.025889968,"poc_pct":44.0,"sv_health":4.01,"efa":"Not EFA","name":"Sussex BG 508011","efa_hisp_pct":10.2,"efa_black_pct":7.5,"efa_lingiso_pct":2.9,"efa_lingiso_sp":100.0,"efa_poverty_pct":12.7,"efa_mhhi":60917.0,"efa_combined_minority":24.8,"efa_has_duplicate":0,"efa_mc1":0,"efa_sc1":0,"efa_mc2":0,"efa_sc2":0,"efa_mc3":0,"efa_sc3":0,"efa_mc4":0,"efa_sc4":0,"efa_mc5":0,"efa_sc5":0,"efa_has_split":0},"geometry":{"type":"Polygon","coordinates":[[[-75.345712,38.834144],[-75.339302,38.833104],[-75.326651,38.832304],[-75.325222,38.832067],[-75.312483,38.828737],[-75.308758,38.824066],[-75.306493,38.821375],[-75.304414,38.819658],[-75.302068,38.81831],[-75.279246,38.807634],[-75.277641,38.807115],[-75.272238,38.804583],[-75.276649,38.802014],[-75.283694,38.797907],[-75.288686,38.79402],[-75.296338,38.790253],[-75.298506,38.789739],[-75.304903,38.788854],[-75.307481,38.788835],[-75.309831,38.788425],[-75.318804,38.787814],[-75.319293,38.787778],[-75.319672,38.78775],[-75.319794,38.787742],[-75.324073,38.787487],[-75.340676,38.786696],[-75.340734,38.794685],[-75.341985,38.798332],[-75.342273,38.800454],[-75.341976,38.804234],[-75.342387,38.808497],[-75.342963,38.810292],[-75.345383,38.81567],[-75.343619,38.826552],[-75.345398,38.829586],[-75.345712,38.834144]]]}},{"id":"314","type":"Feature","properties":{"GEOID":"100030013003","eb":6.77,"sv":1.48,"county":"New Castle","pop":762.0,"pm25_pct":89.0,"diesel_pct":79.0,"cancer_pct":51.0,"traffic_pct":73.0,"superfund_pct":50.0,"lowinc_pct":0.05511811,"unemp_pct":0.045783133,"lingiso_pct":0.0,"poc_pct":20.0,"sv_health":2.99,"efa":"Not EFA","name":"New Castle BG 13003","efa_hisp_pct":10.2,"efa_black_pct":0,"efa_lingiso_pct":0,"efa_lingiso_sp":null,"efa_poverty_pct":1.0,"efa_mhhi":168036.0,"efa_combined_minority":13.9,"efa_has_duplicate":0,"efa_mc1":0,"efa_sc1":0,"efa_mc2":0,"efa_sc2":0,"efa_mc3":0,"efa_sc3":0,"efa_mc4":0,"efa_sc4":0,"efa_mc5":0,"efa_sc5":0,"efa_has_split":0},"geometry":{"type":"Polygon","coordinates":[[[-75.578566,39.754466],[-75.576994,39.756801],[-75.575075,39.759614],[-75.574757,39.760068],[-75.571432,39.758177],[-75.568161,39.756316],[-75.567772,39.756035],[-75.568855,39.755313],[-75.57013,39.753526],[-75.57181,39.754222],[-75.573635,39.754965],[-75.574977,39.752919],[-75.578608,39.754406],[-75.578566,39.754466]]]}},{"id":"315","type":"Feature","properties":{"GEOID":"100030163013","eb":5.52,"sv":2.46,"county":"New Castle","pop":1254.0,"pm25_pct":50.0,"diesel_pct":60.0,"cancer_pct":51.0,"traffic_pct":31.0,"superfund_pct":90.0,"lowinc_pct":0.116427432,"unemp_pct":0.068527919,"lingiso_pct":0.037769784,"poc_pct":79.0,"sv_health":3.66,"efa":"Not EFA","name":"New Castle BG 163013","efa_hisp_pct":12.8,"efa_black_pct":32.7,"efa_lingiso_pct":0,"efa_lingiso_sp":null,"efa_poverty_pct":4.8,"efa_mhhi":123289.0,"efa_combined_minority":50.5,"efa_has_duplicate":0,"efa_mc1":0,"efa_sc1":0,"efa_mc2":0,"efa_sc2":0,"efa_mc3":0,"efa_sc3":0,"efa_mc4":0,"efa_sc4":0,"efa_mc5":0,"efa_sc5":0,"efa_has_split":0},"geometry":{"type":"Polygon","coordinates":[[[-75.690581,39.600235],[-75.690346,39.600288],[-75.687841,39.611628],[-75.687131,39.613016],[-75.686427,39.61378],[-75.681646,39.616527],[-75.678831,39.618043],[-75.668909,39.608943],[-75.66857,39.608735],[-75.665625,39.607389],[-75.664926,39.605876],[-75.664855,39.605456],[-75.667513,39.604298],[-75.668043,39.604452],[-75.678523,39.592299],[-75.681318,39.5936],[-75.690575,39.599332],[-75.691216,39.599754],[-75.690581,39.600235]]]}},{"id":"316","type":"Feature","properties":{"GEOID":"100050507012","eb":2.42,"sv":3.28,"county":"Sussex","pop":1169.0,"pm25_pct":30.0,"diesel_pct":11.0,"cancer_pct":0.0,"traffic_pct":3.0,"superfund_pct":36.0,"lowinc_pct":0.360036004,"unemp_pct":0.113899614,"lingiso_pct":0.006012024,"poc_pct":47.0,"sv_health":4.62,"efa":"Moderate","name":"Sussex BG 507012","efa_hisp_pct":4.1,"efa_black_pct":18.9,"efa_lingiso_pct":0,"efa_lingiso_sp":null,"efa_poverty_pct":11.6,"efa_mhhi":57284.0,"efa_combined_minority":29.4,"efa_has_duplicate":1,"efa_mc1":1,"efa_sc1":0,"efa_mc2":0,"efa_sc2":0,"efa_mc3":0,"efa_sc3":0,"efa_mc4":0,"efa_sc4":0,"efa_mc5":0,"efa_sc5":0,"efa_has_split":1},"geometry":{"type":"Polygon","coordinates":[[[-75.297444,38.647058],[-75.295162,38.647187],[-75.287953,38.646883],[-75.286452,38.647007],[-75.265146,38.65099],[-75.26013,38.65369],[-75.253519,38.656463],[-75.248131,38.655706],[-75.245127,38.655041],[-75.239397,38.65483],[-75.232176,38.654873],[-75.228407,38.655634],[-75.22677,38.656429],[-75.220606,38.656819],[-75.219113,38.65674],[-75.216215,38.651381],[-75.214684,38.649808],[-75.208708,38.644309],[-75.207483,38.643378],[-75.196086,38.636427],[-75.194307,38.635805],[-75.194112,38.635761],[-75.1965,38.626839],[-75.198499,38.619377],[-75.19913,38.617923],[-75.200345,38.616346],[-75.202363,38.614492],[-75.208875,38.618925],[-75.213842,38.622075],[-75.219314,38.623051],[-75.222073,38.624676],[-75.237604,38.625978],[-75.242365,38.625466],[-75.247542,38.624604],[-75.254906,38.622837],[-75.256138,38.622972],[-75.257223,38.623279],[-75.264009,38.625376],[-75.276226,38.628183],[-75.280749,38.629221],[-75.286313,38.628983],[-75.292885,38.632056],[-75.295932,38.632165],[-75.297444,38.647058]]]}},{"id":"317","type":"Feature","properties":{"GEOID":"100050508042","eb":1.95,"sv":2.7,"county":"Sussex","pop":2369.0,"pm25_pct":34.0,"diesel_pct":8.0,"cancer_pct":0.0,"traffic_pct":16.0,"superfund_pct":22.0,"lowinc_pct":0.235817104,"unemp_pct":0.066336634,"lingiso_pct":0.0,"poc_pct":48.0,"sv_health":3.99,"efa":"Not EFA","name":"Sussex BG 508042","efa_hisp_pct":8.6,"efa_black_pct":5.1,"efa_lingiso_pct":0,"efa_lingiso_sp":null,"efa_poverty_pct":6.0,"efa_mhhi":119280.0,"efa_combined_minority":22.8,"efa_has_duplicate":0,"efa_mc1":0,"efa_sc1":0,"efa_mc2":0,"efa_sc2":0,"efa_mc3":0,"efa_sc3":0,"efa_mc4":0,"efa_sc4":0,"efa_mc5":0,"efa_sc5":0,"efa_has_split":0},"geometry":{"type":"Polygon","coordinates":[[[-75.258682,38.697587],[-75.254529,38.699717],[-75.245064,38.710574],[-75.245533,38.712046],[-75.248907,38.716805],[-75.247528,38.721932],[-75.247872,38.725474],[-75.247575,38.729914],[-75.248509,38.732241],[-75.238636,38.734185],[-75.222602,38.736622],[-75.205738,38.739186],[-75.19936,38.739812],[-75.195291,38.740416],[-75.173871,38.748401],[-75.174838,38.747687],[-75.175083,38.747566],[-75.197024,38.730807],[-75.201609,38.726538],[-75.20322,38.724018],[-75.205411,38.722681],[-75.206322,38.721484],[-75.206244,38.715352],[-75.206454,38.714437],[-75.212605,38.706465],[-75.214808,38.701795],[-75.215932,38.696822],[-75.215882,38.692842],[-75.216672,38.688631],[-75.217478,38.686045],[-75.221677,38.677934],[-75.221716,38.675408],[-75.221222,38.667735],[-75.22138,38.666455],[-75.222616,38.663349],[-75.227208,38.666597],[-75.235001,38.673636],[-75.236452,38.674536],[-75.244387,38.677946],[-75.246517,38.679319],[-75.248587,38.682008],[-75.253357,38.693003],[-75.254534,38.694752],[-75.256519,38.696412],[-75.258682,38.697587]]]}},{"id":"318","type":"Feature","properties":{"GEOID":"100030125003","eb":7.03,"sv":3.24,"county":"New Castle","pop":659.0,"pm25_pct":76.0,"diesel_pct":85.0,"cancer_pct":51.0,"traffic_pct":44.0,"superfund_pct":87.0,"lowinc_pct":0.300455235,"unemp_pct":0.0,"lingiso_pct":0.080729167,"poc_pct":67.0,"sv_health":3.85,"efa":"Not EFA","name":"New Castle BG 125003","efa_hisp_pct":30.0,"efa_black_pct":0,"efa_lingiso_pct":0,"efa_lingiso_sp":null,"efa_poverty_pct":2.5,"efa_mhhi":54783.0,"efa_combined_minority":51.8,"efa_has_duplicate":0,"efa_mc1":0,"efa_sc1":0,"efa_mc2":0,"efa_sc2":0,"efa_mc3":0,"efa_sc3":0,"efa_mc4":0,"efa_sc4":0,"efa_mc5":0,"efa_sc5":0,"efa_has_split":0},"geometry":{"type":"Polygon","coordinates":[[[-75.602494,39.730614],[-75.600771,39.730083],[-75.596958,39.730787],[-75.594312,39.732363],[-75.594068,39.732862],[-75.59437,39.733222],[-75.590435,39.73429],[-75.590302,39.733931],[-75.590792,39.733815],[-75.59057,39.733211],[-75.59119,39.732998],[-75.588914,39.733504],[-75.587877,39.73481],[-75.587762,39.734801],[-75.587063,39.734802],[-75.586428,39.733512],[-75.586871,39.729922],[-75.595066,39.730755],[-75.595309,39.729265],[-75.595328,39.728111],[-75.600716,39.728682],[-75.601673,39.728993],[-75.602494,39.730614]]]}},{"id":"319","type":"Feature","properties":{"GEOID":"100030129003","eb":7.28,"sv":3.34,"county":"New Castle","pop":1789.0,"pm25_pct":74.0,"diesel_pct":98.0,"cancer_pct":51.0,"traffic_pct":90.0,"superfund_pct":97.0,"lowinc_pct":0.357834758,"unemp_pct":0.092105263,"lingiso_pct":0.050458716,"poc_pct":50.0,"sv_health":4.21,"efa":"Not EFA","name":"New Castle BG 129003","efa_hisp_pct":3.3,"efa_black_pct":26.4,"efa_lingiso_pct":5.4,"efa_lingiso_sp":84.8,"efa_poverty_pct":10.6,"efa_mhhi":79936.0,"efa_combined_minority":34.3,"efa_has_duplicate":0,"efa_mc1":0,"efa_sc1":0,"efa_mc2":0,"efa_sc2":0,"efa_mc3":0,"efa_sc3":0,"efa_mc4":0,"efa_sc4":0,"efa_mc5":0,"efa_sc5":0,"efa_has_split":0},"geometry":{"type":"Polygon","coordinates":[[[-75.611624,39.718335],[-75.608508,39.719861],[-75.608031,39.718949],[-75.60508,39.715103],[-75.603027,39.716484],[-75.593933,39.722874],[-75.586519,39.722178],[-75.582655,39.721265],[-75.580158,39.720971],[-75.576436,39.723184],[-75.574578,39.722555],[-75.570473,39.722279],[-75.560091,39.723839],[-75.559936,39.721441],[-75.561515,39.719395],[-75.56375,39.718612],[-75.572214,39.717073],[-75.580165,39.718574],[-75.582464,39.718541],[-75.585947,39.716773],[-75.590226,39.715606],[-75.591563,39.712222],[-75.597244,39.70892],[-75.597992,39.708801],[-75.599586,39.708988],[-75.600195,39.709361],[-75.603379,39.711092],[-75.604639,39.711046],[-75.606219,39.711068],[-75.608048,39.710708],[-75.608241,39.710692],[-75.608786,39.710506],[-75.609158,39.711968],[-75.608311,39.712069],[-75.608259,39.712886],[-75.609068,39.716034],[-75.611624,39.718335]]]}},{"id":"320","type":"Feature","properties":{"GEOID":"100030151002","eb":6.86,"sv":3.04,"county":"New Castle","pop":1283.0,"pm25_pct":65.0,"diesel_pct":75.0,"cancer_pct":51.0,"traffic_pct":68.0,"superfund_pct":96.0,"lowinc_pct":0.434918161,"unemp_pct":0.010810811,"lingiso_pct":0.054726368,"poc_pct":43.0,"sv_health":4.04,"efa":"Moderate","name":"New Castle BG 151002","efa_hisp_pct":6.4,"efa_black_pct":8.2,"efa_lingiso_pct":5.8,"efa_lingiso_sp":0,"efa_poverty_pct":18.6,"efa_mhhi":50250.0,"efa_combined_minority":32.9,"efa_has_duplicate":0,"efa_mc1":1,"efa_sc1":0,"efa_mc2":0,"efa_sc2":0,"efa_mc3":0,"efa_sc3":0,"efa_mc4":1,"efa_sc4":0,"efa_mc5":0,"efa_sc5":0,"efa_has_split":0},"geometry":{"type":"Polygon","coordinates":[[[-75.585056,39.672894],[-75.579585,39.674982],[-75.575934,39.675364],[-75.575739,39.673486],[-75.579788,39.674061],[-75.57897,39.672515],[-75.574438,39.670212],[-75.57443,39.670157],[-75.57442,39.670063],[-75.573798,39.664329],[-75.573581,39.663896],[-75.578844,39.664175],[-75.579264,39.664754],[-75.579558,39.665133],[-75.580006,39.665755],[-75.581843,39.668349],[-75.585056,39.672894]]]}},{"id":"321","type":"Feature","properties":{"GEOID":"100050514002","eb":2.14,"sv":2.42,"county":"Sussex","pop":1408.0,"pm25_pct":16.0,"diesel_pct":5.0,"cancer_pct":0.0,"traffic_pct":16.0,"superfund_pct":20.0,"lowinc_pct":0.100852273,"unemp_pct":0.0752,"lingiso_pct":0.0,"poc_pct":8.0,"sv_health":4.02,"efa":"Not EFA","name":"Sussex BG 514002","efa_hisp_pct":2.5,"efa_black_pct":2.8,"efa_lingiso_pct":0,"efa_lingiso_sp":null,"efa_poverty_pct":4.9,"efa_mhhi":100192.0,"efa_combined_minority":6.8,"efa_has_duplicate":0,"efa_mc1":0,"efa_sc1":0,"efa_mc2":0,"efa_sc2":0,"efa_mc3":0,"efa_sc3":0,"efa_mc4":0,"efa_sc4":0,"efa_mc5":0,"efa_sc5":0,"efa_has_split":0},"geometry":{"type":"Polygon","coordinates":[[[-75.220049,38.458066],[-75.21529,38.460693],[-75.210915,38.462558],[-75.210568,38.462703],[-75.206109,38.464566],[-75.204783,38.46568],[-75.204421,38.466039],[-75.198768,38.471653],[-75.198167,38.472252],[-75.193357,38.476971],[-75.190813,38.480458],[-75.184497,38.486181],[-75.181561,38.489668],[-75.180095,38.49084],[-75.17718,38.490655],[-75.173971,38.491286],[-75.173613,38.487717],[-75.174506,38.478354],[-75.176193,38.474593],[-75.177307,38.473093],[-75.179363,38.471836],[-75.180546,38.469449],[-75.180406,38.468252],[-75.179777,38.466894],[-75.179156,38.465884],[-75.178398,38.463847],[-75.178204,38.463343],[-75.17796,38.462135],[-75.178126,38.460341],[-75.179182,38.458895],[-75.180829,38.456828],[-75.183701,38.455086],[-75.185554,38.451206],[-75.2051328644356,38.4512616739434],[-75.2051497026384,38.4512617218241],[-75.2185099036811,38.4512997125401],[-75.218298,38.451773],[-75.21897,38.453816],[-75.21944,38.455013],[-75.220049,38.458066]]]}},{"id":"322","type":"Feature","properties":{"GEOID":"100010432021","eb":2.44,"sv":3.58,"county":"Kent","pop":1411.0,"pm25_pct":22.0,"diesel_pct":15.0,"cancer_pct":0.0,"traffic_pct":5.0,"superfund_pct":45.0,"lowinc_pct":0.397719173,"unemp_pct":0.02901354,"lingiso_pct":0.004132231,"poc_pct":33.0,"sv_health":4.69,"efa":"Moderate","name":"Kent BG 432021","efa_hisp_pct":0.7,"efa_black_pct":11.0,"efa_lingiso_pct":0.4,"efa_lingiso_sp":100.0,"efa_poverty_pct":26.9,"efa_mhhi":55417.0,"efa_combined_minority":13.9,"efa_has_duplicate":1,"efa_mc1":0,"efa_sc1":0,"efa_mc2":0,"efa_sc2":0,"efa_mc3":1,"efa_sc3":0,"efa_mc4":0,"efa_sc4":0,"efa_mc5":0,"efa_sc5":0,"efa_has_split":1},"geometry":{"type":"Polygon","coordinates":[[[-75.549645,39.353855],[-75.548131,39.352921],[-75.54811,39.351713],[-75.545216,39.350763],[-75.544056,39.351363],[-75.543263,39.353236],[-75.541586,39.354366],[-75.539867,39.353887],[-75.53899,39.351954],[-75.535849,39.350617],[-75.534484,39.351389],[-75.534278,39.353332],[-75.531914,39.354595],[-75.528696,39.35343],[-75.527259,39.354675],[-75.528673,39.356782],[-75.528453,39.358305],[-75.525877,39.359642],[-75.523254,39.359712],[-75.52142,39.358607],[-75.519628,39.360066],[-75.516897,39.360988],[-75.515975,39.364363],[-75.5123720823948,39.3656561384634],[-75.511788,39.365191],[-75.505276,39.359169],[-75.494158,39.354613],[-75.491797,39.351845],[-75.494122,39.34658],[-75.493148,39.345527],[-75.491688,39.343963],[-75.490377,39.342818],[-75.479432,39.33902],[-75.479963,39.336577],[-75.469324,39.33082],[-75.460423,39.328236],[-75.45537,39.324729],[-75.452811,39.318429],[-75.448058,39.315487],[-75.439027,39.313384],[-75.436936,39.309379],[-75.437593,39.298388],[-75.435193,39.294632],[-75.434775,39.290593],[-75.417763,39.273224],[-75.416093,39.269507],[-75.413275,39.268456],[-75.408996,39.264133],[-75.406178,39.258113],[-75.409363,39.251103],[-75.408992545228,39.2462703036055],[-75.408745,39.243041],[-75.405037,39.240316],[-75.407026,39.225737],[-75.4063666964153,39.2235653544919],[-75.405937,39.22215],[-75.399264,39.21582],[-75.399264,39.208962],[-75.397085,39.20453],[-75.397766,39.193977],[-75.3994,39.191022],[-75.400144,39.186456],[-75.408266,39.174625],[-75.410267,39.169145],[-75.409563,39.164521],[-75.4102250368965,39.1593624733347],[-75.410625,39.156246],[-75.413357,39.153296],[-75.412406,39.147582],[-75.407528,39.134096],[-75.408128,39.12251],[-75.399809,39.099088],[-75.403136,39.078611],[-75.402035,39.066885],[-75.4009969889253,39.066145692859],[-75.404592,39.066558],[-75.404526,39.069356],[-75.406304,39.071191],[-75.408369,39.072466],[-75.409824,39.072371],[-75.411546,39.070583],[-75.412897,39.070098],[-75.416827,39.070348],[-75.418828,39.070021],[-75.426116,39.070013],[-75.428593,39.070994],[-75.439613,39.077469],[-75.441802,39.080403],[-75.444015,39.080835],[-75.449815,39.082895],[-75.452133,39.085172],[-75.455201,39.085973],[-75.457292,39.085619],[-75.454114,39.103742],[-75.455096,39.106048],[-75.454973,39.106307],[-75.455043,39.106369],[-75.452234,39.1084],[-75.450307,39.111841],[-75.444816,39.117579],[-75.444368,39.118218],[-75.444099,39.11901],[-75.448996,39.121854],[-75.446368,39.124229],[-75.445581,39.126643],[-75.446077,39.12838],[-75.446865,39.129291],[-75.445236,39.130797],[-75.44615,39.131949],[-75.44713,39.131461],[-75.449108,39.133034],[-75.450756,39.133132],[-75.449355,39.134821],[-75.448203,39.134876],[-75.448236,39.136302],[-75.444384,39.150693],[-75.443518,39.154358],[-75.443547,39.155166],[-75.443952,39.15703],[-75.445645,39.16048],[-75.450518,39.172244],[-75.452625,39.177361],[-75.454427,39.179904],[-75.466683,39.191523],[-75.468432,39.192699],[-75.473286,39.194804],[-75.476825,39.196326],[-75.47947,39.196828],[-75.484598,39.197306],[-75.485753,39.197792],[-75.497867,39.205461],[-75.500621,39.207217],[-75.504747,39.212489],[-75.507032,39.216443],[-75.51073,39.220116],[-75.511068,39.220608],[-75.511328,39.22152],[-75.513087,39.236093],[-75.513919,39.237588],[-75.514926,39.238185],[-75.516699,39.239043],[-75.517631,39.245626],[-75.5177,39.247207],[-75.517861,39.248173],[-75.521072,39.267572],[-75.521305,39.273519],[-75.520538,39.277254],[-75.516614,39.282552],[-75.516047,39.283968],[-75.515841,39.285397],[-75.515047,39.314826],[-75.513332,39.321549],[-75.512619,39.325739],[-75.513088,39.326355],[-75.519773,39.32991],[-75.526967,39.332413],[-75.541257,39.341387],[-75.548483,39.350965],[-75.549645,39.353855]]]}},{"id":"323","type":"Feature","properties":{"GEOID":"100010432024","eb":2.52,"sv":3.6,"county":"Kent","pop":589.0,"pm25_pct":22.0,"diesel_pct":15.0,"cancer_pct":0.0,"traffic_pct":38.0,"superfund_pct":12.0,"lowinc_pct":0.474782609,"unemp_pct":0.038348083,"lingiso_pct":0.0,"poc_pct":30.0,"sv_health":4.69,"efa":"Moderate","name":"Kent BG 432024","efa_hisp_pct":0,"efa_black_pct":9.9,"efa_lingiso_pct":0,"efa_lingiso_sp":null,"efa_poverty_pct":19.3,"efa_mhhi":43750.0,"efa_combined_minority":9.9,"efa_has_duplicate":0,"efa_mc1":0,"efa_sc1":0,"efa_mc2":0,"efa_sc2":0,"efa_mc3":0,"efa_sc3":0,"efa_mc4":1,"efa_sc4":0,"efa_mc5":0,"efa_sc5":0,"efa_has_split":0},"geometry":{"type":"Polygon","coordinates":[[[-75.426984,38.956896],[-75.418485,38.964319],[-75.416913,38.965903],[-75.403619,38.98191],[-75.400603,38.984167],[-75.394062,38.988538],[-75.392522,38.990014],[-75.389788,38.997339],[-75.389286,38.999376],[-75.386205,39.001404],[-75.385281,39.001695],[-75.381871,39.001095],[-75.379242,39.002468],[-75.374542,39.004356],[-75.370612,39.006674],[-75.365305,39.008526],[-75.363522,39.014162],[-75.362708,39.018438],[-75.362832,39.021062],[-75.361964,39.026207],[-75.3579802472378,39.0316504125413],[-75.345763,39.024857],[-75.34089,39.01996],[-75.318354,38.988191],[-75.314951,38.980775],[-75.311607,38.967637],[-75.312546,38.951065],[-75.312546,38.94928],[-75.3119225616126,38.9459168127958],[-75.314294,38.947283],[-75.313379,38.949417],[-75.313534,38.95043],[-75.316686,38.952913],[-75.319381,38.953685],[-75.321266,38.953455],[-75.322202,38.951826],[-75.324635,38.94971],[-75.326288,38.949007],[-75.328103,38.949007],[-75.33027,38.950487],[-75.332444,38.950707],[-75.33326,38.948897],[-75.334997,38.947315],[-75.338704,38.946264],[-75.343516,38.947439],[-75.342174,38.951435],[-75.343238,38.954694],[-75.344061,38.955269],[-75.345173,38.955234],[-75.345967,38.953443],[-75.349236,38.949711],[-75.349341,38.948098],[-75.350213,38.947438],[-75.352774,38.947925],[-75.354358,38.949966],[-75.356842,38.952342],[-75.356907,38.95418],[-75.358977,38.95581],[-75.360153,38.957559],[-75.361025,38.957533],[-75.364428,38.954486],[-75.366208,38.953935],[-75.368314,38.95756],[-75.367886,38.95958],[-75.372131,38.961436],[-75.376851,38.960552],[-75.380649,38.961873],[-75.381339,38.961285],[-75.381517,38.958761],[-75.382525,38.955906],[-75.389005,38.954672],[-75.390664,38.95678],[-75.393212,38.95574],[-75.393134,38.95414],[-75.393615,38.952846],[-75.395424,38.9511],[-75.398344,38.949906],[-75.400716,38.947717],[-75.4009,38.945819],[-75.399719,38.944471],[-75.398525,38.94074],[-75.399834,38.938929],[-75.402873,38.937472],[-75.403675,38.93713],[-75.406699,38.937184],[-75.412355,38.938339],[-75.413837,38.937766],[-75.41811,38.938384],[-75.420456,38.939834],[-75.421399,38.940038],[-75.423774,38.941988],[-75.426295,38.942521],[-75.427251,38.942443],[-75.426491,38.944876],[-75.426747,38.944935],[-75.425864,38.948628],[-75.425896,38.951038],[-75.4267,38.954427],[-75.42766,38.956458],[-75.426984,38.956896]]]}},{"id":"324","type":"Feature","properties":{"GEOID":"100030148082","eb":6.04,"sv":1.94,"county":"New Castle","pop":1025.0,"pm25_pct":51.0,"diesel_pct":65.0,"cancer_pct":51.0,"traffic_pct":88.0,"superfund_pct":74.0,"lowinc_pct":0.2,"unemp_pct":0.0,"lingiso_pct":0.054631829,"poc_pct":50.0,"sv_health":3.58,"efa":"Not EFA","name":"New Castle BG 148082","efa_hisp_pct":3.1,"efa_black_pct":5.4,"efa_lingiso_pct":0,"efa_lingiso_sp":null,"efa_poverty_pct":2.7,"efa_mhhi":110104.0,"efa_combined_minority":18.8,"efa_has_duplicate":0,"efa_mc1":0,"efa_sc1":0,"efa_mc2":0,"efa_sc2":0,"efa_mc3":0,"efa_sc3":0,"efa_mc4":0,"efa_sc4":0,"efa_mc5":0,"efa_sc5":0,"efa_has_split":0},"geometry":{"type":"Polygon","coordinates":[[[-75.746325,39.647025],[-75.742455,39.647068],[-75.742322,39.646663],[-75.742307,39.644636],[-75.740995,39.643343],[-75.738413,39.642807],[-75.735433,39.641257],[-75.733098,39.641372],[-75.731089,39.638522],[-75.729882,39.638205],[-75.728645,39.637627],[-75.728455,39.635387],[-75.728269,39.634197],[-75.725106,39.62726],[-75.724248,39.6261],[-75.720603,39.619738],[-75.719866,39.617142],[-75.717722,39.614041],[-75.715453,39.608444],[-75.715395,39.60807],[-75.723595,39.607384],[-75.74013,39.60585],[-75.744983,39.604885],[-75.74631,39.609085],[-75.745725,39.612621],[-75.744435,39.621444],[-75.744154,39.625474],[-75.74399,39.628871],[-75.743622,39.635969],[-75.743544,39.641109],[-75.743888,39.642632],[-75.745612,39.646011],[-75.746325,39.647025]]]}},{"id":"325","type":"Feature","properties":{"GEOID":"100050510093","eb":1.51,"sv":1.88,"county":"Sussex","pop":1560.0,"pm25_pct":10.0,"diesel_pct":32.0,"cancer_pct":0.0,"traffic_pct":29.0,"superfund_pct":3.0,"lowinc_pct":0.031168831,"unemp_pct":0.023703704,"lingiso_pct":0.0,"poc_pct":10.0,"sv_health":3.3,"efa":"Not EFA","name":"Sussex BG 510093","efa_hisp_pct":3.1,"efa_black_pct":0,"efa_lingiso_pct":0,"efa_lingiso_sp":null,"efa_poverty_pct":0,"efa_mhhi":164839.0,"efa_combined_minority":3.4,"efa_has_duplicate":0,"efa_mc1":0,"efa_sc1":0,"efa_mc2":0,"efa_sc2":0,"efa_mc3":0,"efa_sc3":0,"efa_mc4":0,"efa_sc4":0,"efa_mc5":0,"efa_sc5":0,"efa_has_split":0},"geometry":{"type":"Polygon","coordinates":[[[-75.11185,38.733873],[-75.109888,38.734654],[-75.1065,38.735289],[-75.104292,38.73671],[-75.102537,38.738569],[-75.099228,38.740234],[-75.099281,38.740902],[-75.095418,38.740425],[-75.093738,38.741644],[-75.091331,38.739996],[-75.090111,38.74098],[-75.089881,38.74105],[-75.089448,38.740588],[-75.087919,38.738112],[-75.085354,38.733748],[-75.084852,38.731945],[-75.084842,38.730719],[-75.08572,38.728879],[-75.085814,38.728366],[-75.086999,38.727409],[-75.088933,38.725425],[-75.089519,38.724456],[-75.092179,38.717391],[-75.092698,38.715704],[-75.092848,38.714392],[-75.093211,38.714301],[-75.096609,38.713522],[-75.095686,38.714462],[-75.098277,38.716663],[-75.103701,38.723613],[-75.105748,38.721613],[-75.107069,38.7235],[-75.108677,38.724495],[-75.108331,38.726692],[-75.111187,38.728776],[-75.110426,38.729963],[-75.111376,38.730829],[-75.111183,38.733065],[-75.11185,38.733873]]]}},{"id":"326","type":"Feature","properties":{"GEOID":"100050507071","eb":2.03,"sv":3.23,"county":"Sussex","pop":2045.0,"pm25_pct":21.0,"diesel_pct":9.0,"cancer_pct":0.0,"traffic_pct":0.0,"superfund_pct":30.0,"lowinc_pct":0.105134474,"unemp_pct":0.103281853,"lingiso_pct":0.0,"poc_pct":19.0,"sv_health":4.52,"efa":"Not EFA","name":"Sussex BG 507071","efa_hisp_pct":1.7,"efa_black_pct":3.8,"efa_lingiso_pct":0,"efa_lingiso_sp":null,"efa_poverty_pct":6.2,"efa_mhhi":75341.0,"efa_combined_minority":6.5,"efa_has_duplicate":0,"efa_mc1":0,"efa_sc1":0,"efa_mc2":0,"efa_sc2":0,"efa_mc3":0,"efa_sc3":0,"efa_mc4":0,"efa_sc4":0,"efa_mc5":0,"efa_sc5":0,"efa_has_split":0},"geometry":{"type":"Polygon","coordinates":[[[-75.194112,38.635761],[-75.181775,38.632428],[-75.179738,38.631885],[-75.172916,38.630037],[-75.177212,38.626013],[-75.174394,38.622602],[-75.172883,38.621952],[-75.172792,38.620729],[-75.176198,38.620007],[-75.17725,38.619745],[-75.177732,38.619369],[-75.178903,38.618631],[-75.183503,38.621528],[-75.18711,38.62422],[-75.189065,38.625689],[-75.1965,38.626839],[-75.194112,38.635761]]]}},{"id":"327","type":"Feature","properties":{"GEOID":"100030143023","eb":4.91,"sv":1.52,"county":"New Castle","pop":3513.0,"pm25_pct":59.0,"diesel_pct":38.0,"cancer_pct":0.0,"traffic_pct":83.0,"superfund_pct":58.0,"lowinc_pct":0.116591928,"unemp_pct":0.091366906,"lingiso_pct":0.0,"poc_pct":39.0,"sv_health":3.13,"efa":"Not EFA","name":"New Castle BG 143023","efa_hisp_pct":6.2,"efa_black_pct":11.4,"efa_lingiso_pct":0,"efa_lingiso_sp":null,"efa_poverty_pct":1.2,"efa_mhhi":109125.0,"efa_combined_minority":23.6,"efa_has_duplicate":0,"efa_mc1":0,"efa_sc1":0,"efa_mc2":0,"efa_sc2":0,"efa_mc3":0,"efa_sc3":0,"efa_mc4":0,"efa_sc4":0,"efa_mc5":0,"efa_sc5":0,"efa_has_split":0},"geometry":{"type":"Polygon","coordinates":[[[-75.766704,39.698397],[-75.759206,39.699153],[-75.75897,39.696286],[-75.754228,39.695313],[-75.755693,39.692769],[-75.753622,39.690526],[-75.753952,39.690219],[-75.754577,39.68682],[-75.754113,39.683002],[-75.755966,39.682964],[-75.756201,39.683002],[-75.759705,39.687612],[-75.761081,39.690684],[-75.763424,39.692993],[-75.76634,39.697858],[-75.766704,39.698397]]]}},{"id":"328","type":"Feature","properties":{"GEOID":"100050510121","eb":1.76,"sv":2.44,"county":"Sussex","pop":1412.0,"pm25_pct":25.0,"diesel_pct":7.0,"cancer_pct":0.0,"traffic_pct":9.0,"superfund_pct":21.0,"lowinc_pct":0.031161473,"unemp_pct":0.027093596,"lingiso_pct":0.0,"poc_pct":7.0,"sv_health":4.74,"efa":"Not EFA","name":"Sussex BG 510121","efa_hisp_pct":1.2,"efa_black_pct":1.5,"efa_lingiso_pct":0,"efa_lingiso_sp":null,"efa_poverty_pct":1.6,"efa_mhhi":105377.0,"efa_combined_minority":8.3,"efa_has_duplicate":0,"efa_mc1":0,"efa_sc1":0,"efa_mc2":0,"efa_sc2":0,"efa_mc3":0,"efa_sc3":0,"efa_mc4":0,"efa_sc4":0,"efa_mc5":0,"efa_sc5":0,"efa_has_split":0},"geometry":{"type":"Polygon","coordinates":[[[-75.184576,38.67424],[-75.182847,38.677536],[-75.185559,38.681029],[-75.185813,38.683287],[-75.185631,38.683798],[-75.182975,38.686851],[-75.177935,38.690979],[-75.17764,38.693618],[-75.178,38.695513],[-75.169937,38.69951],[-75.169095,38.699904],[-75.168288,38.698566],[-75.168121,38.695623],[-75.165195,38.689528],[-75.16364,38.684805],[-75.160099,38.684728],[-75.159372,38.681822],[-75.159574,38.680551],[-75.160303,38.675081],[-75.162895,38.675229],[-75.170277,38.675634],[-75.169996,38.674306],[-75.172113,38.663053],[-75.173202,38.662684],[-75.175454,38.664653],[-75.177763,38.664925],[-75.181418,38.666245],[-75.182297,38.667013],[-75.183955,38.67052],[-75.185959,38.671637],[-75.184576,38.67424]]]}},{"id":"329","type":"Feature","properties":{"GEOID":"100010419002","eb":0.89,"sv":3.74,"county":"Kent","pop":1916.0,"pm25_pct":1.0,"diesel_pct":10.0,"cancer_pct":0.0,"traffic_pct":1.0,"superfund_pct":22.0,"lowinc_pct":0.511015583,"unemp_pct":0.098017621,"lingiso_pct":0.001686341,"poc_pct":53.0,"sv_health":4.86,"efa":"Not EFA","name":"Kent BG 419002","efa_hisp_pct":6.7,"efa_black_pct":14.5,"efa_lingiso_pct":0.2,"efa_lingiso_sp":100.0,"efa_poverty_pct":13.1,"efa_mhhi":52667.0,"efa_combined_minority":29.6,"efa_has_duplicate":0,"efa_mc1":0,"efa_sc1":0,"efa_mc2":0,"efa_sc2":0,"efa_mc3":0,"efa_sc3":0,"efa_mc4":0,"efa_sc4":0,"efa_mc5":0,"efa_sc5":0,"efa_has_split":0},"geometry":{"type":"Polygon","coordinates":[[[-75.733159,39.18404],[-75.727818,39.185143],[-75.72673,39.185461],[-75.724995,39.186194],[-75.72447,39.186444],[-75.724017,39.186804],[-75.719134,39.190093],[-75.708598,39.191326],[-75.705335,39.19256],[-75.701798,39.193001],[-75.70042,39.192491],[-75.672147,39.179297],[-75.659251,39.174698],[-75.651041,39.173467],[-75.650716,39.166351],[-75.64732,39.154358],[-75.649492,39.153915],[-75.651971,39.154978],[-75.654833,39.158984],[-75.656169,39.159688],[-75.666216,39.162324],[-75.671992,39.164685],[-75.679298,39.164837],[-75.685879,39.165692],[-75.707791,39.166636],[-75.709862,39.166519],[-75.71039,39.166599],[-75.712604,39.16828],[-75.714057,39.168879],[-75.721766,39.173356],[-75.729134,39.180137],[-75.734144,39.18333],[-75.733159,39.18404]]]}},{"id":"330","type":"Feature","properties":{"GEOID":"100050508072","eb":2.2,"sv":2.34,"county":"Sussex","pop":457.0,"pm25_pct":29.0,"diesel_pct":18.0,"cancer_pct":0.0,"traffic_pct":46.0,"superfund_pct":16.0,"lowinc_pct":0.078774617,"unemp_pct":0.0,"lingiso_pct":0.0,"poc_pct":72.0,"sv_health":4.91,"efa":"Not EFA","name":"Sussex BG 508072","efa_hisp_pct":0.9,"efa_black_pct":52.1,"efa_lingiso_pct":0,"efa_lingiso_sp":null,"efa_poverty_pct":7.8,"efa_mhhi":74231.0,"efa_combined_minority":53.6,"efa_has_duplicate":0,"efa_mc1":0,"efa_sc1":0,"efa_mc2":0,"efa_sc2":0,"efa_mc3":0,"efa_sc3":0,"efa_mc4":0,"efa_sc4":0,"efa_mc5":0,"efa_sc5":0,"efa_has_split":0},"geometry":{"type":"Polygon","coordinates":[[[-75.222491,38.760821],[-75.214673,38.767649],[-75.20496,38.761238],[-75.203061,38.760209],[-75.20377,38.759704],[-75.214868,38.756453],[-75.220211,38.757455],[-75.224339,38.759607],[-75.222491,38.760821]]]}},{"id":"331","type":"Feature","properties":{"GEOID":"100010431002","eb":1.95,"sv":2.87,"county":"Kent","pop":1667.0,"pm25_pct":29.0,"diesel_pct":0.0,"cancer_pct":0.0,"traffic_pct":19.0,"superfund_pct":0.0,"lowinc_pct":0.272345531,"unemp_pct":0.076328502,"lingiso_pct":0.0,"poc_pct":19.0,"sv_health":4.43,"efa":"Not EFA","name":"Kent BG 431002","efa_hisp_pct":0.3,"efa_black_pct":5.5,"efa_lingiso_pct":0,"efa_lingiso_sp":null,"efa_poverty_pct":5.6,"efa_mhhi":78714.0,"efa_combined_minority":6.7,"efa_has_duplicate":0,"efa_mc1":0,"efa_sc1":0,"efa_mc2":0,"efa_sc2":0,"efa_mc3":0,"efa_sc3":0,"efa_mc4":0,"efa_sc4":0,"efa_mc5":0,"efa_sc5":0,"efa_has_split":0},"geometry":{"type":"Polygon","coordinates":[[[-75.7279177693366,38.8954756605248],[-75.72296,38.895263],[-75.717542,38.896039],[-75.709581,38.894794],[-75.702581,38.894295],[-75.691155,38.892563],[-75.680113,38.889481],[-75.674143,38.889042],[-75.671662,38.889314],[-75.637306,38.894349],[-75.62489,38.90028],[-75.627284,38.895667],[-75.626785,38.895394],[-75.605104,38.886727],[-75.604442,38.886138],[-75.601857,38.88171],[-75.597162,38.88533],[-75.578542,38.886255],[-75.572669,38.888096],[-75.572406,38.888114],[-75.576212,38.864235],[-75.578078,38.856535],[-75.581125,38.838504],[-75.582418,38.834638],[-75.615422,38.833616],[-75.7225990918529,38.8298593718107],[-75.72261,38.830008],[-75.722882,38.833156],[-75.724002,38.846682],[-75.7240040703519,38.8467205646906],[-75.724061,38.847781],[-75.7246423465391,38.8556550760299],[-75.725565,38.868152],[-75.725829,38.869296],[-75.7279177693366,38.8954756605248]]]}},{"id":"332","type":"Feature","properties":{"GEOID":"100050504032","eb":3.18,"sv":2.86,"county":"Sussex","pop":1675.0,"pm25_pct":42.0,"diesel_pct":23.0,"cancer_pct":0.0,"traffic_pct":17.0,"superfund_pct":99.0,"lowinc_pct":0.176119403,"unemp_pct":0.023702032,"lingiso_pct":0.099099099,"poc_pct":40.0,"sv_health":4.3,"efa":"Not EFA","name":"Sussex BG 504032","efa_hisp_pct":5.3,"efa_black_pct":12.9,"efa_lingiso_pct":6.2,"efa_lingiso_sp":40.5,"efa_poverty_pct":7.4,"efa_mhhi":77778.0,"efa_combined_minority":22.9,"efa_has_duplicate":0,"efa_mc1":0,"efa_sc1":0,"efa_mc2":0,"efa_sc2":0,"efa_mc3":0,"efa_sc3":0,"efa_mc4":0,"efa_sc4":0,"efa_mc5":0,"efa_sc5":0,"efa_has_split":0},"geometry":{"type":"Polygon","coordinates":[[[-75.651837,38.605333],[-75.647289,38.606795],[-75.644874,38.608134],[-75.644222,38.609018],[-75.643346,38.612542],[-75.641264,38.614198],[-75.634941,38.616672],[-75.630013,38.618813],[-75.627198,38.621642],[-75.625003,38.622626],[-75.623094,38.624623],[-75.623436,38.626704],[-75.622385,38.628913],[-75.62015,38.629849],[-75.620424,38.630358],[-75.619627,38.630563],[-75.618067,38.633431],[-75.614148,38.63794],[-75.611418,38.640032],[-75.609034,38.640593],[-75.605717,38.641166],[-75.602291,38.638975],[-75.599077,38.638507],[-75.597598,38.638735],[-75.596899,38.642674],[-75.594294,38.644274],[-75.593834,38.643689],[-75.593577,38.640376],[-75.59281,38.631424],[-75.589771,38.620937],[-75.594118,38.618292],[-75.599053,38.619422],[-75.604933,38.615859],[-75.61639,38.604675],[-75.619885,38.606568],[-75.621128,38.605346],[-75.624752,38.598947],[-75.626423,38.597431],[-75.629919,38.597965],[-75.632905,38.599213],[-75.633877,38.600454],[-75.637622,38.601115],[-75.640114,38.600397],[-75.644698,38.600973],[-75.646882,38.601866],[-75.648826,38.601843],[-75.650097,38.602507],[-75.651574,38.602095],[-75.651672,38.604028],[-75.65288,38.60438],[-75.651837,38.605333]]]}},{"id":"333","type":"Feature","properties":{"GEOID":"100050507092","eb":1.73,"sv":2.9,"county":"Sussex","pop":798.0,"pm25_pct":18.0,"diesel_pct":6.0,"cancer_pct":0.0,"traffic_pct":3.0,"superfund_pct":25.0,"lowinc_pct":0.091478697,"unemp_pct":0.061124694,"lingiso_pct":0.0,"poc_pct":14.0,"sv_health":4.27,"efa":"Not EFA","name":"Sussex BG 507092","efa_hisp_pct":0,"efa_black_pct":0,"efa_lingiso_pct":0,"efa_lingiso_sp":null,"efa_poverty_pct":1.2,"efa_mhhi":83854.0,"efa_combined_minority":1.2,"efa_has_duplicate":0,"efa_mc1":0,"efa_sc1":0,"efa_mc2":0,"efa_sc2":0,"efa_mc3":0,"efa_sc3":0,"efa_mc4":0,"efa_sc4":0,"efa_mc5":0,"efa_sc5":0,"efa_has_split":0},"geometry":{"type":"Polygon","coordinates":[[[-75.189438,38.66576],[-75.189142,38.66703],[-75.18829,38.668695],[-75.185959,38.671637],[-75.183955,38.67052],[-75.182297,38.667013],[-75.181999,38.665557],[-75.177976,38.663669],[-75.176279,38.663651],[-75.173311,38.661578],[-75.173131,38.660436],[-75.166798,38.657136],[-75.164882,38.657078],[-75.156605,38.655693],[-75.154965,38.654562],[-75.149955,38.652977],[-75.148875,38.651064],[-75.147073,38.650237],[-75.14572,38.647386],[-75.144067,38.645649],[-75.147023,38.643722],[-75.151041,38.643489],[-75.153387,38.642065],[-75.157047,38.64103],[-75.16335,38.637721],[-75.166464,38.636587],[-75.167291,38.636722],[-75.169744,38.638427],[-75.174083,38.640293],[-75.173341,38.641462],[-75.17495,38.645496],[-75.178559,38.648567],[-75.188637,38.654592],[-75.189197,38.654636],[-75.189343,38.659033],[-75.189438,38.66576]]]}},{"id":"334","type":"Feature","properties":{"GEOID":"100010401003","eb":1.41,"sv":2.67,"county":"Kent","pop":1895.0,"pm25_pct":0.0,"diesel_pct":15.0,"cancer_pct":0.0,"traffic_pct":2.0,"superfund_pct":6.0,"lowinc_pct":0.276742948,"unemp_pct":0.057585825,"lingiso_pct":0.092987805,"poc_pct":38.0,"sv_health":4.56,"efa":"Not EFA","name":"Kent BG 401003","efa_hisp_pct":0,"efa_black_pct":2.5,"efa_lingiso_pct":0,"efa_lingiso_sp":null,"efa_poverty_pct":14.6,"efa_mhhi":89167.0,"efa_combined_minority":14.3,"efa_has_duplicate":0,"efa_mc1":0,"efa_sc1":0,"efa_mc2":0,"efa_sc2":0,"efa_mc3":0,"efa_sc3":0,"efa_mc4":0,"efa_sc4":0,"efa_mc5":0,"efa_sc5":0,"efa_has_split":0},"geometry":{"type":"Polygon","coordinates":[[[-75.7601043523729,39.2968165224723],[-75.75,39.297474],[-75.746048,39.297531],[-75.714901,39.299366],[-75.685188,39.297089],[-75.683117,39.294578],[-75.681385,39.293205],[-75.680261,39.292496],[-75.678042,39.292477],[-75.6752,39.290498],[-75.673327,39.291027],[-75.670302,39.290891],[-75.669276,39.291397],[-75.667269,39.290417],[-75.665811,39.290567],[-75.66553,39.290173],[-75.664893,39.28495],[-75.667981,39.284654],[-75.670379,39.283923],[-75.676702,39.281483],[-75.684025,39.279948],[-75.688788,39.278505],[-75.690062,39.277938],[-75.698869,39.272926],[-75.700954,39.270591],[-75.70665,39.268143],[-75.708235,39.26787],[-75.715498,39.267927],[-75.71766,39.267673],[-75.730299,39.264246],[-75.73554,39.263247],[-75.738041,39.262439],[-75.742561,39.261121],[-75.749172,39.260259],[-75.7569417784571,39.2580715974161],[-75.7601043523729,39.2968165224723]]]}},{"id":"335","type":"Feature","properties":{"GEOID":"100030148133","eb":6.11,"sv":1.83,"county":"New Castle","pop":487.0,"pm25_pct":50.0,"diesel_pct":74.0,"cancer_pct":51.0,"traffic_pct":83.0,"superfund_pct":73.0,"lowinc_pct":0.055441478,"unemp_pct":0.0,"lingiso_pct":0.0,"poc_pct":73.0,"sv_health":3.18,"efa":"Moderate","name":"New Castle BG 148133","efa_hisp_pct":57.1,"efa_black_pct":0,"efa_lingiso_pct":0,"efa_lingiso_sp":null,"efa_poverty_pct":12.7,"efa_mhhi":59955.0,"efa_combined_minority":57.1,"efa_has_duplicate":0,"efa_mc1":1,"efa_sc1":0,"efa_mc2":0,"efa_sc2":0,"efa_mc3":0,"efa_sc3":0,"efa_mc4":0,"efa_sc4":0,"efa_mc5":0,"efa_sc5":0,"efa_has_split":0},"geometry":{"type":"Polygon","coordinates":[[[-75.751916,39.632573],[-75.748111,39.63367],[-75.743622,39.635969],[-75.74399,39.628871],[-75.747604,39.629231],[-75.747706,39.630519],[-75.751573,39.63044],[-75.751916,39.632573]]]}},{"id":"336","type":"Feature","properties":{"GEOID":"100030135011","eb":4.79,"sv":2.17,"county":"New Castle","pop":1392.0,"pm25_pct":87.0,"diesel_pct":47.0,"cancer_pct":51.0,"traffic_pct":20.0,"superfund_pct":87.0,"lowinc_pct":0.031609195,"unemp_pct":0.11589896,"lingiso_pct":0.0,"poc_pct":12.0,"sv_health":3.28,"efa":"Not EFA","name":"New Castle BG 135011","efa_hisp_pct":1.5,"efa_black_pct":1.6,"efa_lingiso_pct":0,"efa_lingiso_sp":null,"efa_poverty_pct":0,"efa_mhhi":166204.0,"efa_combined_minority":7.5,"efa_has_duplicate":0,"efa_mc1":0,"efa_sc1":0,"efa_mc2":0,"efa_sc2":0,"efa_mc3":0,"efa_sc3":0,"efa_mc4":0,"efa_sc4":0,"efa_mc5":0,"efa_sc5":0,"efa_has_split":0},"geometry":{"type":"Polygon","coordinates":[[[-75.705787295543,39.7995238880071],[-75.701208,39.802606],[-75.6945623184092,39.8062954734888],[-75.685991,39.811054],[-75.6815568950873,39.8129861819327],[-75.680827,39.809216],[-75.681632,39.806363],[-75.67968,39.806272],[-75.678701,39.808732],[-75.675966,39.807973],[-75.675509,39.805544],[-75.677454,39.801834],[-75.677741,39.800611],[-75.681805,39.796385],[-75.686944,39.792188],[-75.688174,39.792919],[-75.690491,39.79264],[-75.694269,39.793076],[-75.695338,39.793136],[-75.69864,39.795555],[-75.704532,39.798498],[-75.705787295543,39.7995238880071]]]}},{"id":"337","type":"Feature","properties":{"GEOID":"100050518013","eb":1.16,"sv":3.53,"county":"Sussex","pop":825.0,"pm25_pct":33.0,"diesel_pct":2.0,"cancer_pct":0.0,"traffic_pct":5.0,"superfund_pct":27.0,"lowinc_pct":0.357575758,"unemp_pct":0.037878788,"lingiso_pct":0.0,"poc_pct":6.0,"sv_health":5.11,"efa":"Moderate","name":"Sussex BG 518013","efa_hisp_pct":2.4,"efa_black_pct":2.2,"efa_lingiso_pct":0,"efa_lingiso_sp":null,"efa_poverty_pct":23.0,"efa_mhhi":33901.0,"efa_combined_minority":4.6,"efa_has_duplicate":1,"efa_mc1":0,"efa_sc1":0,"efa_mc2":0,"efa_sc2":0,"efa_mc3":0,"efa_sc3":0,"efa_mc4":1,"efa_sc4":0,"efa_mc5":0,"efa_sc5":0,"efa_has_split":1},"geometry":{"type":"Polygon","coordinates":[[[-75.7003946351682,38.5455204127675],[-75.697908,38.545647],[-75.694253,38.546397],[-75.69014,38.54779],[-75.686294,38.547582],[-75.683812,38.546843],[-75.679943,38.548512],[-75.672382,38.550987],[-75.666652,38.549305],[-75.657324,38.547079],[-75.653279,38.545283],[-75.64082,38.541422],[-75.63955,38.541139],[-75.63801,38.541354],[-75.635077,38.543056],[-75.634127,38.544145],[-75.621855,38.540816],[-75.618056,38.541445],[-75.596575,38.538796],[-75.591822,38.538],[-75.592685,38.537538],[-75.640152,38.517477],[-75.641332,38.517197],[-75.642705,38.517161],[-75.660342,38.518586],[-75.694538,38.521362],[-75.6987790001605,38.5220305544398],[-75.7001723474568,38.5426187017946],[-75.700179,38.542717],[-75.7003946351682,38.5455204127675]]]}},{"id":"338","type":"Feature","properties":{"GEOID":"100030150001","eb":6.47,"sv":2.62,"county":"New Castle","pop":362.0,"pm25_pct":63.0,"diesel_pct":97.0,"cancer_pct":51.0,"traffic_pct":45.0,"superfund_pct":97.0,"lowinc_pct":0.046961326,"unemp_pct":0.0,"lingiso_pct":0.0,"poc_pct":21.0,"sv_health":4.22,"efa":"Not EFA","name":"New Castle BG 150001","efa_hisp_pct":1.9,"efa_black_pct":0,"efa_lingiso_pct":0,"efa_lingiso_sp":null,"efa_poverty_pct":2.1,"efa_mhhi":88250.0,"efa_combined_minority":12.9,"efa_has_duplicate":0,"efa_mc1":0,"efa_sc1":0,"efa_mc2":0,"efa_sc2":0,"efa_mc3":0,"efa_sc3":0,"efa_mc4":0,"efa_sc4":0,"efa_mc5":0,"efa_sc5":0,"efa_has_split":0},"geometry":{"type":"Polygon","coordinates":[[[-75.632762,39.68487],[-75.629879,39.684908],[-75.628299,39.688206],[-75.625927,39.687702],[-75.621468,39.690501],[-75.62137,39.693043],[-75.622742,39.694855],[-75.622581,39.696884],[-75.621231,39.69738],[-75.620448,39.697565],[-75.615585,39.704865],[-75.612471,39.708401],[-75.611,39.709572],[-75.608786,39.710506],[-75.608241,39.710692],[-75.607564,39.707658],[-75.603855,39.699783],[-75.60305,39.698234],[-75.598114,39.691755],[-75.594641,39.686319],[-75.590505,39.680486],[-75.603229,39.666771],[-75.603601,39.666369],[-75.604509,39.665377],[-75.605645,39.665412],[-75.608853,39.665502],[-75.61097,39.665329],[-75.611719,39.667592],[-75.612783,39.6688],[-75.626083,39.676855],[-75.629065,39.679817],[-75.630537,39.683447],[-75.632762,39.68487]]]}},{"id":"339","type":"Feature","properties":{"GEOID":"100030147052","eb":6.13,"sv":2.75,"county":"New Castle","pop":1297.0,"pm25_pct":56.0,"diesel_pct":81.0,"cancer_pct":51.0,"traffic_pct":60.0,"superfund_pct":86.0,"lowinc_pct":0.198149576,"unemp_pct":0.044025157,"lingiso_pct":0.0,"poc_pct":34.0,"sv_health":3.99,"efa":"Not EFA","name":"New Castle BG 147052","efa_hisp_pct":9.4,"efa_black_pct":3.6,"efa_lingiso_pct":0,"efa_lingiso_sp":null,"efa_poverty_pct":11.8,"efa_mhhi":83958.0,"efa_combined_minority":16.7,"efa_has_duplicate":0,"efa_mc1":0,"efa_sc1":0,"efa_mc2":0,"efa_sc2":0,"efa_mc3":0,"efa_sc3":0,"efa_mc4":0,"efa_sc4":0,"efa_mc5":0,"efa_sc5":0,"efa_has_split":0},"geometry":{"type":"Polygon","coordinates":[[[-75.733646,39.65395],[-75.728857,39.655651],[-75.728861,39.657072],[-75.727728,39.658975],[-75.725366,39.660328],[-75.726276,39.661915],[-75.726499,39.662551],[-75.726564,39.662704],[-75.719979,39.665272],[-75.719885,39.6651],[-75.716458,39.661787],[-75.714642,39.663036],[-75.712941,39.663009],[-75.710781,39.661252],[-75.707344,39.659869],[-75.707564,39.658806],[-75.696645,39.660257],[-75.696808,39.65901],[-75.696917,39.658182],[-75.701117,39.655684],[-75.703752,39.654615],[-75.706728,39.653787],[-75.732038,39.648676],[-75.732125,39.648924],[-75.733646,39.65395]]]}},{"id":"340","type":"Feature","properties":{"GEOID":"100050507112","eb":1.54,"sv":4.14,"county":"Sussex","pop":509.0,"pm25_pct":18.0,"diesel_pct":6.0,"cancer_pct":0.0,"traffic_pct":3.0,"superfund_pct":21.0,"lowinc_pct":0.675834971,"unemp_pct":0.095,"lingiso_pct":0.039634146,"poc_pct":26.0,"sv_health":5.33,"efa":"Moderate","name":"Sussex BG 507112","efa_hisp_pct":13.6,"efa_black_pct":0,"efa_lingiso_pct":4.6,"efa_lingiso_sp":31.2,"efa_poverty_pct":9.0,"efa_mhhi":40202.0,"efa_combined_minority":16.0,"efa_has_duplicate":1,"efa_mc1":0,"efa_sc1":0,"efa_mc2":0,"efa_sc2":0,"efa_mc3":0,"efa_sc3":0,"efa_mc4":1,"efa_sc4":0,"efa_mc5":0,"efa_sc5":0,"efa_has_split":1},"geometry":{"type":"Polygon","coordinates":[[[-75.139099,38.623518],[-75.135734,38.628743],[-75.131949,38.627386],[-75.130167,38.627548],[-75.129529,38.628574],[-75.126553,38.629064],[-75.122454,38.628755],[-75.120494,38.6313],[-75.121256,38.632431],[-75.123081,38.633053],[-75.126119,38.636216],[-75.129392,38.640972],[-75.125506,38.640406],[-75.110027,38.644082],[-75.102708,38.644499],[-75.095294,38.644753],[-75.09351,38.644281],[-75.090541,38.641539],[-75.088535,38.637516],[-75.085208,38.628429],[-75.085294,38.625112],[-75.090865,38.625058],[-75.093306,38.622257],[-75.095248,38.623847],[-75.098117,38.625166],[-75.102891,38.625394],[-75.118886,38.624354],[-75.120659,38.624583],[-75.122489,38.624841],[-75.126828,38.624205],[-75.133391,38.622471],[-75.137028,38.622402],[-75.139099,38.623518]]]}},{"id":"341","type":"Feature","properties":{"GEOID":"100030006023","eb":7.63,"sv":3.62,"county":"New Castle","pop":655.0,"pm25_pct":84.0,"diesel_pct":87.0,"cancer_pct":51.0,"traffic_pct":86.0,"superfund_pct":65.0,"lowinc_pct":0.410687023,"unemp_pct":0.0,"lingiso_pct":0.101485149,"poc_pct":80.0,"sv_health":4.62,"efa":"Not EFA","name":"New Castle BG 6023","efa_hisp_pct":0,"efa_black_pct":46.1,"efa_lingiso_pct":0,"efa_lingiso_sp":null,"efa_poverty_pct":2.4,"efa_mhhi":107639.0,"efa_combined_minority":66.7,"efa_has_duplicate":0,"efa_mc1":0,"efa_sc1":0,"efa_mc2":0,"efa_sc2":0,"efa_mc3":0,"efa_sc3":0,"efa_mc4":0,"efa_sc4":0,"efa_mc5":0,"efa_sc5":0,"efa_has_split":0},"geometry":{"type":"Polygon","coordinates":[[[-75.543597,39.751038],[-75.541905,39.751774],[-75.541203,39.752087],[-75.540885,39.752231],[-75.538692,39.753214],[-75.537759,39.753629],[-75.535992,39.752486],[-75.535461,39.752151],[-75.539179,39.74832],[-75.539978,39.748346],[-75.540808,39.749634],[-75.543855,39.750278],[-75.543597,39.751038]]]}},{"id":"342","type":"Feature","properties":{"GEOID":"100030148122","eb":4.1,"sv":1.92,"county":"New Castle","pop":768.0,"pm25_pct":47.0,"diesel_pct":54.0,"cancer_pct":0.0,"traffic_pct":32.0,"superfund_pct":84.0,"lowinc_pct":0.0234375,"unemp_pct":0.0,"lingiso_pct":0.070484582,"poc_pct":68.0,"sv_health":3.19,"efa":"Not EFA","name":"New Castle BG 148122","efa_hisp_pct":2.4,"efa_black_pct":18.1,"efa_lingiso_pct":4.2,"efa_lingiso_sp":0,"efa_poverty_pct":0,"efa_mhhi":159107.0,"efa_combined_minority":26.5,"efa_has_duplicate":0,"efa_mc1":0,"efa_sc1":0,"efa_mc2":0,"efa_sc2":0,"efa_mc3":0,"efa_sc3":0,"efa_mc4":0,"efa_sc4":0,"efa_mc5":0,"efa_sc5":0,"efa_has_split":0},"geometry":{"type":"Polygon","coordinates":[[[-75.770174,39.585867],[-75.757822,39.589643],[-75.758031,39.592143],[-75.741593,39.593164],[-75.741282,39.590448],[-75.741531,39.589821],[-75.741872,39.589863],[-75.753804,39.587767],[-75.757579,39.585706],[-75.761198,39.58255],[-75.764195,39.580938],[-75.766258,39.58006],[-75.770023,39.584309],[-75.770174,39.585867]]]}},{"id":"343","type":"Feature","properties":{"GEOID":"100030149061","eb":4.73,"sv":2.84,"county":"New Castle","pop":1759.0,"pm25_pct":54.0,"diesel_pct":81.0,"cancer_pct":51.0,"traffic_pct":23.0,"superfund_pct":61.0,"lowinc_pct":0.346997691,"unemp_pct":0.0,"lingiso_pct":0.04517134,"poc_pct":89.0,"sv_health":4.01,"efa":"Moderate","name":"New Castle BG 149061","efa_hisp_pct":16.0,"efa_black_pct":56.3,"efa_lingiso_pct":5.0,"efa_lingiso_sp":43.3,"efa_poverty_pct":5.0,"efa_mhhi":59583.0,"efa_combined_minority":79.8,"efa_has_duplicate":0,"efa_mc1":0,"efa_sc1":0,"efa_mc2":1,"efa_sc2":0,"efa_mc3":0,"efa_sc3":0,"efa_mc4":0,"efa_sc4":0,"efa_mc5":0,"efa_sc5":0,"efa_has_split":0},"geometry":{"type":"Polygon","coordinates":[[[-75.676667,39.648684],[-75.672821,39.652615],[-75.668222,39.653377],[-75.669197,39.650556],[-75.668353,39.649187],[-75.664186,39.643441],[-75.665233,39.642967],[-75.665755,39.643299],[-75.669339,39.64286],[-75.670386,39.64253],[-75.672593,39.641495],[-75.672994,39.641795],[-75.674021,39.644313],[-75.674072,39.646464],[-75.676315,39.646832],[-75.676667,39.648684]]]}},{"id":"344","type":"Feature","properties":{"GEOID":"100030113001","eb":5.7,"sv":2.08,"county":"New Castle","pop":1442.0,"pm25_pct":96.0,"diesel_pct":69.0,"cancer_pct":51.0,"traffic_pct":38.0,"superfund_pct":33.0,"lowinc_pct":0.075458392,"unemp_pct":0.011764706,"lingiso_pct":0.014454665,"poc_pct":12.0,"sv_health":3.36,"efa":"Not EFA","name":"New Castle BG 113001","efa_hisp_pct":4.7,"efa_black_pct":6.2,"efa_lingiso_pct":0,"efa_lingiso_sp":null,"efa_poverty_pct":2.1,"efa_mhhi":119375.0,"efa_combined_minority":13.9,"efa_has_duplicate":0,"efa_mc1":0,"efa_sc1":0,"efa_mc2":0,"efa_sc2":0,"efa_mc3":0,"efa_sc3":0,"efa_mc4":0,"efa_sc4":0,"efa_mc5":0,"efa_sc5":0,"efa_has_split":0},"geometry":{"type":"Polygon","coordinates":[[[-75.511869,39.811969],[-75.507416,39.816962],[-75.493489,39.812601],[-75.495534,39.811358],[-75.497941,39.809877],[-75.505088,39.802164],[-75.509272,39.804688],[-75.507808,39.805191],[-75.503852,39.808965],[-75.509,39.812128],[-75.510143,39.811032],[-75.511869,39.811969]]]}},{"id":"345","type":"Feature","properties":{"GEOID":"100030139061","eb":5.11,"sv":2.28,"county":"New Castle","pop":1796.0,"pm25_pct":58.0,"diesel_pct":87.0,"cancer_pct":51.0,"traffic_pct":72.0,"superfund_pct":48.0,"lowinc_pct":0.362294151,"unemp_pct":0.076262084,"lingiso_pct":0.0,"poc_pct":66.0,"sv_health":2.98,"efa":"Not EFA","name":"New Castle BG 139061","efa_hisp_pct":5.5,"efa_black_pct":12.2,"efa_lingiso_pct":0,"efa_lingiso_sp":null,"efa_poverty_pct":0,"efa_mhhi":101447.0,"efa_combined_minority":43.7,"efa_has_duplicate":0,"efa_mc1":0,"efa_sc1":0,"efa_mc2":0,"efa_sc2":0,"efa_mc3":0,"efa_sc3":0,"efa_mc4":0,"efa_sc4":0,"efa_mc5":0,"efa_sc5":0,"efa_has_split":0},"geometry":{"type":"Polygon","coordinates":[[[-75.676858,39.661147],[-75.676399,39.662548],[-75.676762,39.667392],[-75.669938,39.668705],[-75.668349,39.668168],[-75.667362,39.667504],[-75.665952,39.667467],[-75.659979,39.665324],[-75.664435,39.662443],[-75.669462,39.659402],[-75.674802,39.656955],[-75.676414,39.659242],[-75.680041,39.661028],[-75.676858,39.661147]]]}},{"id":"346","type":"Feature","properties":{"GEOID":"100050505013","eb":3.56,"sv":3.26,"county":"Sussex","pop":1736.0,"pm25_pct":43.0,"diesel_pct":13.0,"cancer_pct":0.0,"traffic_pct":37.0,"superfund_pct":67.0,"lowinc_pct":0.323803967,"unemp_pct":0.046750285,"lingiso_pct":0.082111437,"poc_pct":54.0,"sv_health":4.27,"efa":"Not EFA","name":"Sussex BG 505013","efa_hisp_pct":14.0,"efa_black_pct":11.9,"efa_lingiso_pct":4.1,"efa_lingiso_sp":65.4,"efa_poverty_pct":8.7,"efa_mhhi":76367.0,"efa_combined_minority":38.5,"efa_has_duplicate":0,"efa_mc1":0,"efa_sc1":0,"efa_mc2":0,"efa_sc2":0,"efa_mc3":0,"efa_sc3":0,"efa_mc4":0,"efa_sc4":0,"efa_mc5":0,"efa_sc5":0,"efa_has_split":0},"geometry":{"type":"Polygon","coordinates":[[[-75.519877,38.667504],[-75.517558,38.669198],[-75.512064,38.67346],[-75.504902,38.675886],[-75.504316,38.676218],[-75.500895,38.681173],[-75.494974,38.680812],[-75.49363,38.681147],[-75.487763,38.684978],[-75.484249,38.687861],[-75.4806,38.69239],[-75.48155,38.692598],[-75.484187,38.693636],[-75.483018,38.695749],[-75.482472,38.699578],[-75.47674,38.708802],[-75.475354,38.713549],[-75.470655,38.721241],[-75.465966,38.725785],[-75.463573,38.732838],[-75.456028,38.742074],[-75.453854,38.746071],[-75.444194,38.744532],[-75.426965,38.742679],[-75.424224,38.739276],[-75.413246,38.725623],[-75.407553,38.71621],[-75.404671,38.709594],[-75.403459,38.70682],[-75.403183,38.706095],[-75.396356,38.682439],[-75.396067,38.681838],[-75.39956,38.679031],[-75.399633,38.678972],[-75.401153,38.677742],[-75.408746,38.679529],[-75.412267,38.67968],[-75.421287,38.680999],[-75.422074,38.680991],[-75.429497,38.677753],[-75.430001,38.676981],[-75.42989,38.672147],[-75.43107,38.669459],[-75.435302,38.662929],[-75.43598,38.66238],[-75.45149,38.654343],[-75.452276,38.653719],[-75.461521,38.653457],[-75.472877,38.654141],[-75.474561,38.654644],[-75.488429,38.662864],[-75.489841,38.663274],[-75.498106,38.66452],[-75.511643,38.66509],[-75.514568,38.665908],[-75.517966,38.667353],[-75.519877,38.667504]]]}},{"id":"347","type":"Feature","properties":{"GEOID":"100019800001","eb":4.25,"sv":1.0,"county":"Kent","pop":239.0,"pm25_pct":22.0,"diesel_pct":48.0,"cancer_pct":0.0,"traffic_pct":78.0,"superfund_pct":88.0,"lowinc_pct":0.0,"unemp_pct":0.0,"lingiso_pct":0.0,"poc_pct":51.0,"sv_health":2.49,"efa":"Not EFA","name":"Kent BG 9800001","efa_hisp_pct":6.2,"efa_black_pct":18.8,"efa_lingiso_pct":null,"efa_lingiso_sp":null,"efa_poverty_pct":null,"efa_mhhi":null,"efa_combined_minority":31.2,"efa_has_duplicate":0,"efa_mc1":0,"efa_sc1":0,"efa_mc2":0,"efa_sc2":0,"efa_mc3":0,"efa_sc3":0,"efa_mc4":0,"efa_sc4":0,"efa_mc5":0,"efa_sc5":0,"efa_has_split":0},"geometry":{"type":"Polygon","coordinates":[[[-75.494606,39.136084],[-75.487282,39.143838],[-75.478802,39.139176],[-75.473385,39.135971],[-75.470085,39.135749],[-75.469425,39.139337],[-75.466853,39.138775],[-75.466469,39.143659],[-75.465997,39.147718],[-75.465926,39.148814],[-75.462475,39.148677],[-75.462231,39.152432],[-75.461839,39.15243],[-75.46211,39.148664],[-75.459004,39.148543],[-75.459839,39.146123],[-75.458885,39.144197],[-75.459099,39.138351],[-75.457771,39.136024],[-75.454437,39.134615],[-75.449355,39.134821],[-75.450756,39.133132],[-75.449108,39.133034],[-75.44713,39.131461],[-75.44615,39.131949],[-75.445236,39.130797],[-75.446865,39.129291],[-75.446077,39.12838],[-75.445581,39.126643],[-75.446368,39.124229],[-75.448996,39.121854],[-75.444099,39.11901],[-75.444368,39.118218],[-75.444816,39.117579],[-75.450307,39.111841],[-75.452234,39.1084],[-75.455043,39.106369],[-75.454973,39.106307],[-75.455096,39.106048],[-75.454114,39.103742],[-75.457292,39.085619],[-75.461894,39.084982],[-75.465346,39.086187],[-75.465594,39.086553],[-75.465685,39.087467],[-75.464351,39.089496],[-75.461966,39.091005],[-75.464778,39.096485],[-75.467577,39.098546],[-75.468304,39.100119],[-75.470707,39.101278],[-75.475371,39.105945],[-75.477999,39.106564],[-75.480645,39.108094],[-75.482833,39.108508],[-75.483269,39.108503],[-75.483269,39.108795],[-75.481405,39.108712],[-75.480417,39.108388],[-75.477976,39.11227],[-75.474878,39.112912],[-75.471421,39.116585],[-75.479757,39.121398],[-75.487761,39.125932],[-75.489215,39.127295],[-75.491856,39.13122],[-75.494606,39.136084]]]}},{"id":"348","type":"Feature","properties":{"GEOID":"100050515022","eb":2.95,"sv":2.77,"county":"Sussex","pop":1363.0,"pm25_pct":24.0,"diesel_pct":9.0,"cancer_pct":0.0,"traffic_pct":55.0,"superfund_pct":59.0,"lowinc_pct":0.140221402,"unemp_pct":0.025265957,"lingiso_pct":0.015981735,"poc_pct":30.0,"sv_health":4.37,"efa":"Not EFA","name":"Sussex BG 515022","efa_hisp_pct":5.3,"efa_black_pct":11.4,"efa_lingiso_pct":1.1,"efa_lingiso_sp":66.7,"efa_poverty_pct":7.1,"efa_mhhi":71319.0,"efa_combined_minority":26.9,"efa_has_duplicate":0,"efa_mc1":0,"efa_sc1":0,"efa_mc2":0,"efa_sc2":0,"efa_mc3":0,"efa_sc3":0,"efa_mc4":0,"efa_sc4":0,"efa_mc5":0,"efa_sc5":0,"efa_has_split":0},"geometry":{"type":"Polygon","coordinates":[[[-75.27476,38.564531],[-75.273862,38.564143],[-75.260985,38.558553],[-75.256018,38.556079],[-75.252536,38.554953],[-75.251049,38.554562],[-75.249887,38.55416],[-75.249264,38.553751],[-75.249038,38.553988],[-75.248415,38.554292],[-75.246774,38.554891],[-75.237846,38.556451],[-75.241887,38.552588],[-75.240328,38.553204],[-75.238053,38.55248],[-75.237535,38.551354],[-75.240618,38.548886],[-75.243978,38.547173],[-75.243301,38.546655],[-75.237802,38.548097],[-75.229663,38.544821],[-75.227455,38.544247],[-75.221582,38.540954],[-75.222817,38.540086],[-75.223997,38.536575],[-75.225101,38.534625],[-75.227954,38.532542],[-75.227827,38.531564],[-75.233484,38.529029],[-75.233783,38.528467],[-75.235559,38.529802],[-75.238171,38.525806],[-75.237033,38.521662],[-75.240159,38.521328],[-75.242447,38.521091],[-75.242668,38.521093],[-75.249406,38.530544],[-75.256479,38.540386],[-75.258074,38.542313],[-75.259327,38.543778],[-75.26046,38.545189],[-75.260892,38.545842],[-75.261943,38.547099],[-75.261803,38.547213],[-75.275907,38.563528],[-75.27476,38.564531]]]}},{"id":"349","type":"Feature","properties":{"GEOID":"100050503022","eb":2.18,"sv":3.02,"county":"Sussex","pop":1408.0,"pm25_pct":43.0,"diesel_pct":19.0,"cancer_pct":0.0,"traffic_pct":16.0,"superfund_pct":11.0,"lowinc_pct":0.153846154,"unemp_pct":0.018137848,"lingiso_pct":0.01459854,"poc_pct":24.0,"sv_health":4.77,"efa":"Not EFA","name":"Sussex BG 503022","efa_hisp_pct":8.2,"efa_black_pct":5.5,"efa_lingiso_pct":2.6,"efa_lingiso_sp":100.0,"efa_poverty_pct":5.0,"efa_mhhi":102857.0,"efa_combined_minority":15.9,"efa_has_duplicate":0,"efa_mc1":0,"efa_sc1":0,"efa_mc2":0,"efa_sc2":0,"efa_mc3":0,"efa_sc3":0,"efa_mc4":0,"efa_sc4":0,"efa_mc5":0,"efa_sc5":0,"efa_has_split":0},"geometry":{"type":"Polygon","coordinates":[[[-75.585737,38.819241],[-75.585069,38.826607],[-75.582418,38.834638],[-75.555013,38.835649],[-75.553173,38.837402],[-75.551016,38.838719],[-75.548726,38.841077],[-75.544026,38.84337],[-75.541336,38.842864],[-75.53958,38.843634],[-75.535968,38.847616],[-75.536234,38.84989],[-75.53518,38.850368],[-75.520439,38.855742],[-75.517764,38.861012],[-75.516306,38.864002],[-75.516118,38.863459],[-75.516312,38.861116],[-75.516648,38.859194],[-75.517882,38.85571],[-75.518868,38.849679],[-75.518107,38.848589],[-75.511786,38.839969],[-75.511282,38.839729],[-75.496539,38.835768],[-75.489627,38.832123],[-75.477967,38.825913],[-75.475529,38.827371],[-75.46443,38.816448],[-75.458078,38.81737],[-75.457381,38.813642],[-75.457679,38.813207],[-75.462573,38.809831],[-75.465494,38.806871],[-75.471772,38.807657],[-75.483289,38.806794],[-75.493062,38.806464],[-75.523714,38.805836],[-75.525115,38.805767],[-75.5355,38.804513],[-75.545156,38.801579],[-75.547379,38.801154],[-75.556569,38.801065],[-75.565368,38.801851],[-75.567598,38.80236],[-75.574518,38.804783],[-75.580978,38.805706],[-75.583389,38.805975],[-75.583915,38.806039],[-75.583876,38.808256],[-75.585031,38.812737],[-75.585116,38.813302],[-75.585737,38.819241]]]}},{"id":"350","type":"Feature","properties":{"GEOID":"100030152001","eb":7.52,"sv":3.0,"county":"New Castle","pop":1218.0,"pm25_pct":70.0,"diesel_pct":99.0,"cancer_pct":51.0,"traffic_pct":98.0,"superfund_pct":94.0,"lowinc_pct":0.338259442,"unemp_pct":0.050490884,"lingiso_pct":0.025083612,"poc_pct":85.0,"sv_health":3.89,"efa":"Moderate","name":"New Castle BG 152001","efa_hisp_pct":17.6,"efa_black_pct":37.4,"efa_lingiso_pct":0,"efa_lingiso_sp":null,"efa_poverty_pct":22.5,"efa_mhhi":53988.0,"efa_combined_minority":71.7,"efa_has_duplicate":0,"efa_mc1":1,"efa_sc1":0,"efa_mc2":0,"efa_sc2":0,"efa_mc3":0,"efa_sc3":0,"efa_mc4":0,"efa_sc4":0,"efa_mc5":0,"efa_sc5":0,"efa_has_split":0},"geometry":{"type":"Polygon","coordinates":[[[-75.58989,39.696642],[-75.587448,39.698587],[-75.583924,39.698609],[-75.583397,39.698721],[-75.580292,39.696696],[-75.576713,39.695869],[-75.578317,39.694057],[-75.578932,39.693376],[-75.581741,39.690194],[-75.583676,39.691501],[-75.584339,39.692864],[-75.584558,39.693555],[-75.587054,39.69509],[-75.589041,39.695345],[-75.589733,39.696099],[-75.58989,39.696642]]]}},{"id":"351","type":"Feature","properties":{"GEOID":"100050518023","eb":1.93,"sv":3.26,"county":"Sussex","pop":2239.0,"pm25_pct":36.0,"diesel_pct":29.0,"cancer_pct":0.0,"traffic_pct":12.0,"superfund_pct":33.0,"lowinc_pct":0.628893905,"unemp_pct":0.017038008,"lingiso_pct":0.124767225,"poc_pct":94.0,"sv_health":4.73,"efa":"Significant","name":"Sussex BG 518023","efa_hisp_pct":25.4,"efa_black_pct":63.2,"efa_lingiso_pct":12.2,"efa_lingiso_sp":70.0,"efa_poverty_pct":32.7,"efa_mhhi":48906.0,"efa_combined_minority":88.9,"efa_has_duplicate":0,"efa_mc1":1,"efa_sc1":1,"efa_mc2":1,"efa_sc2":0,"efa_mc3":1,"efa_sc3":0,"efa_mc4":1,"efa_sc4":0,"efa_mc5":0,"efa_sc5":0,"efa_has_split":0},"geometry":{"type":"Polygon","coordinates":[[[-75.591746,38.538044],[-75.580824,38.546546],[-75.582101,38.546952],[-75.582618,38.547194],[-75.582744,38.548761],[-75.582788,38.552533],[-75.584664,38.554934],[-75.587609,38.556021],[-75.589891,38.557806],[-75.588452,38.560722],[-75.587904,38.560892],[-75.583913,38.559573],[-75.582769,38.558696],[-75.579498,38.557037],[-75.578138,38.557127],[-75.576171,38.557578],[-75.574649,38.558137],[-75.572904,38.558976],[-75.57183,38.558821],[-75.571289,38.556772],[-75.574377,38.556772],[-75.575108,38.556281],[-75.577696,38.549379],[-75.579053,38.545531],[-75.578901,38.544926],[-75.575946,38.541322],[-75.57436,38.53648],[-75.575069,38.534952],[-75.574997,38.530951],[-75.57618,38.528414],[-75.576379,38.526502],[-75.577419,38.524864],[-75.576343,38.523974],[-75.578374,38.522156],[-75.583645,38.522446],[-75.588217,38.523014],[-75.588595,38.524243],[-75.586775,38.533521],[-75.591746,38.538044]]]}},{"id":"352","type":"Feature","properties":{"GEOID":"100030136142","eb":6.37,"sv":3.24,"county":"New Castle","pop":2430.0,"pm25_pct":68.0,"diesel_pct":84.0,"cancer_pct":51.0,"traffic_pct":94.0,"superfund_pct":84.0,"lowinc_pct":0.429806505,"unemp_pct":0.051712089,"lingiso_pct":0.031284916,"poc_pct":77.0,"sv_health":3.88,"efa":"Not EFA","name":"New Castle BG 136142","efa_hisp_pct":33.5,"efa_black_pct":13.1,"efa_lingiso_pct":7.1,"efa_lingiso_sp":79.0,"efa_poverty_pct":11.3,"efa_mhhi":67339.0,"efa_combined_minority":57.7,"efa_has_duplicate":0,"efa_mc1":0,"efa_sc1":0,"efa_mc2":0,"efa_sc2":0,"efa_mc3":0,"efa_sc3":0,"efa_mc4":0,"efa_sc4":0,"efa_mc5":0,"efa_sc5":0,"efa_has_split":0},"geometry":{"type":"Polygon","coordinates":[[[-75.663017,39.72121],[-75.660067,39.722745],[-75.658218,39.723717],[-75.655356,39.720944],[-75.653022,39.718194],[-75.648458,39.712622],[-75.64836,39.712574],[-75.644387,39.714161],[-75.640267,39.715734],[-75.640956,39.713609],[-75.644215,39.711053],[-75.644025,39.707892],[-75.646186,39.707704],[-75.648256,39.707042],[-75.653266,39.707567],[-75.651647,39.709995],[-75.650998,39.710664],[-75.658646,39.715169],[-75.659449,39.715669],[-75.661962,39.719931],[-75.663017,39.72121]]]}},{"id":"353","type":"Feature","properties":{"GEOID":"100050505051","eb":4.13,"sv":2.46,"county":"Sussex","pop":2871.0,"pm25_pct":36.0,"diesel_pct":16.0,"cancer_pct":0.0,"traffic_pct":59.0,"superfund_pct":81.0,"lowinc_pct":0.238294899,"unemp_pct":0.041450777,"lingiso_pct":0.02617801,"poc_pct":65.0,"sv_health":3.95,"efa":"Not EFA","name":"Sussex BG 505051","efa_hisp_pct":17.0,"efa_black_pct":22.1,"efa_lingiso_pct":1.9,"efa_lingiso_sp":0,"efa_poverty_pct":0,"efa_mhhi":76905.0,"efa_combined_minority":44.2,"efa_has_duplicate":0,"efa_mc1":0,"efa_sc1":0,"efa_mc2":0,"efa_sc2":0,"efa_mc3":0,"efa_sc3":0,"efa_mc4":0,"efa_sc4":0,"efa_mc5":0,"efa_sc5":0,"efa_has_split":0},"geometry":{"type":"Polygon","coordinates":[[[-75.396067,38.681838],[-75.385855,38.69006],[-75.382062,38.686945],[-75.381964,38.685613],[-75.37962,38.680252],[-75.37251,38.680642],[-75.371917,38.680642],[-75.358688,38.682205],[-75.356093,38.682199],[-75.354253,38.680713],[-75.356739,38.676249],[-75.360578,38.673093],[-75.361449,38.671393],[-75.360834,38.669161],[-75.361113,38.666596],[-75.364832,38.657609],[-75.361442,38.6539],[-75.36636,38.652738],[-75.368094,38.652959],[-75.385792,38.671263],[-75.395507,38.681051],[-75.396067,38.681838]]]}},{"id":"354","type":"Feature","properties":{"GEOID":"100010411011","eb":4.12,"sv":1.7,"county":"Kent","pop":1930.0,"pm25_pct":22.0,"diesel_pct":48.0,"cancer_pct":0.0,"traffic_pct":75.0,"superfund_pct":86.0,"lowinc_pct":0.234715026,"unemp_pct":0.038961039,"lingiso_pct":0.0,"poc_pct":75.0,"sv_health":3.11,"efa":"Not EFA","name":"Kent BG 411011","efa_hisp_pct":38.1,"efa_black_pct":13.2,"efa_lingiso_pct":0,"efa_lingiso_sp":null,"efa_poverty_pct":0.6,"efa_mhhi":76067.0,"efa_combined_minority":53.5,"efa_has_duplicate":0,"efa_mc1":0,"efa_sc1":0,"efa_mc2":0,"efa_sc2":0,"efa_mc3":0,"efa_sc3":0,"efa_mc4":0,"efa_sc4":0,"efa_mc5":0,"efa_sc5":0,"efa_has_split":0},"geometry":{"type":"Polygon","coordinates":[[[-75.493325,39.124048],[-75.493443,39.12472],[-75.489541,39.127119],[-75.489215,39.127295],[-75.487761,39.125932],[-75.479757,39.121398],[-75.479985,39.121154],[-75.483127,39.118489],[-75.487649,39.12142],[-75.491761,39.118353],[-75.492206,39.118194],[-75.493522,39.11844],[-75.493325,39.124048]]]}},{"id":"355","type":"Feature","properties":{"GEOID":"100010415002","eb":3.62,"sv":2.67,"county":"Kent","pop":1123.0,"pm25_pct":17.0,"diesel_pct":49.0,"cancer_pct":0.0,"traffic_pct":84.0,"superfund_pct":69.0,"lowinc_pct":0.218165628,"unemp_pct":0.06043956,"lingiso_pct":0.012658228,"poc_pct":78.0,"sv_health":4.64,"efa":"Not EFA","name":"Kent BG 415002","efa_hisp_pct":4.2,"efa_black_pct":41.7,"efa_lingiso_pct":7.7,"efa_lingiso_sp":85.2,"efa_poverty_pct":1.8,"efa_mhhi":51953.0,"efa_combined_minority":53.7,"efa_has_duplicate":0,"efa_mc1":0,"efa_sc1":0,"efa_mc2":0,"efa_sc2":0,"efa_mc3":0,"efa_sc3":0,"efa_mc4":0,"efa_sc4":0,"efa_mc5":0,"efa_sc5":0,"efa_has_split":0},"geometry":{"type":"Polygon","coordinates":[[[-75.554439,39.123305],[-75.550515,39.127548],[-75.546022,39.132273],[-75.539981,39.132484],[-75.538352,39.132546],[-75.537477,39.13261],[-75.533025,39.133001],[-75.53005,39.133216],[-75.528368,39.132753],[-75.53252,39.123896],[-75.535087,39.125186],[-75.539023,39.124346],[-75.542335,39.122474],[-75.54467,39.124163],[-75.548275,39.12311],[-75.549222,39.121619],[-75.550455,39.121507],[-75.552628,39.121507],[-75.554824,39.122733],[-75.554439,39.123305]]]}},{"id":"356","type":"Feature","properties":{"GEOID":"100050503041","eb":2.26,"sv":2.97,"county":"Sussex","pop":1595.0,"pm25_pct":37.0,"diesel_pct":13.0,"cancer_pct":0.0,"traffic_pct":11.0,"superfund_pct":24.0,"lowinc_pct":0.301567398,"unemp_pct":0.011378003,"lingiso_pct":0.066298343,"poc_pct":49.0,"sv_health":4.88,"efa":"Not EFA","name":"Sussex BG 503041","efa_hisp_pct":22.8,"efa_black_pct":12.0,"efa_lingiso_pct":6.8,"efa_lingiso_sp":100.0,"efa_poverty_pct":20.3,"efa_mhhi":54300.0,"efa_combined_minority":44.4,"efa_has_duplicate":0,"efa_mc1":0,"efa_sc1":0,"efa_mc2":0,"efa_sc2":0,"efa_mc3":0,"efa_sc3":0,"efa_mc4":0,"efa_sc4":0,"efa_mc5":0,"efa_sc5":0,"efa_has_split":0},"geometry":{"type":"Polygon","coordinates":[[[-75.7204375941124,38.8018433835316],[-75.716153,38.801134],[-75.710098,38.799114],[-75.699063,38.796544],[-75.697101,38.795942],[-75.693973,38.794524],[-75.687147,38.789523],[-75.677953,38.784921],[-75.669142,38.781619],[-75.667725,38.780801],[-75.635122,38.758299],[-75.627881,38.753697],[-75.625497,38.752288],[-75.61169,38.745933],[-75.611361,38.74567],[-75.606897,38.741859],[-75.605996,38.740897],[-75.607283,38.735903],[-75.609555,38.725158],[-75.613999,38.704099],[-75.614526,38.701589],[-75.614983,38.699688],[-75.615134,38.699765],[-75.620311,38.701939],[-75.623859,38.705352],[-75.627416,38.707671],[-75.629927,38.709302],[-75.646265,38.718195],[-75.648976,38.716291],[-75.660922,38.710385],[-75.664107,38.709936],[-75.668622,38.71037],[-75.67323,38.709992],[-75.681419,38.707795],[-75.690563,38.7046],[-75.693149,38.703903],[-75.701585,38.703207],[-75.704283,38.703449],[-75.709012,38.705277],[-75.7128761553959,38.7056397580475],[-75.7175894770882,38.7656070013029],[-75.7204375941124,38.8018433835316]]]}},{"id":"357","type":"Feature","properties":{"GEOID":"100030118002","eb":6.0,"sv":1.65,"county":"New Castle","pop":1412.0,"pm25_pct":94.0,"diesel_pct":43.0,"cancer_pct":51.0,"traffic_pct":88.0,"superfund_pct":38.0,"lowinc_pct":0.115439094,"unemp_pct":0.018259936,"lingiso_pct":0.0,"poc_pct":48.0,"sv_health":3.16,"efa":"Not EFA","name":"New Castle BG 118002","efa_hisp_pct":1.7,"efa_black_pct":3.8,"efa_lingiso_pct":4.0,"efa_lingiso_sp":0,"efa_poverty_pct":2.9,"efa_mhhi":116595.0,"efa_combined_minority":33.8,"efa_has_duplicate":0,"efa_mc1":0,"efa_sc1":0,"efa_mc2":0,"efa_sc2":0,"efa_mc3":0,"efa_sc3":0,"efa_mc4":0,"efa_sc4":0,"efa_mc5":0,"efa_sc5":0,"efa_has_split":0},"geometry":{"type":"Polygon","coordinates":[[[-75.598939,39.772602],[-75.597351,39.776338],[-75.597732,39.778112],[-75.595606,39.775879],[-75.594339,39.77669],[-75.587987,39.780187],[-75.582526,39.782839],[-75.578882,39.781026],[-75.575312,39.782576],[-75.575659,39.783998],[-75.570671,39.78245],[-75.570559,39.780941],[-75.573665,39.77739],[-75.577436,39.774398],[-75.578195,39.773231],[-75.579041,39.770921],[-75.578862,39.770426],[-75.584734,39.769319],[-75.586189,39.768185],[-75.586283,39.768096],[-75.587179,39.768753],[-75.59139,39.772037],[-75.596895,39.768858],[-75.597484,39.768308],[-75.597544,39.768488],[-75.598939,39.772602]]]}},{"id":"358","type":"Feature","properties":{"GEOID":"100030162003","eb":6.67,"sv":2.29,"county":"New Castle","pop":865.0,"pm25_pct":61.0,"diesel_pct":59.0,"cancer_pct":51.0,"traffic_pct":74.0,"superfund_pct":95.0,"lowinc_pct":0.193063584,"unemp_pct":0.089449541,"lingiso_pct":0.0,"poc_pct":45.0,"sv_health":3.57,"efa":"Not EFA","name":"New Castle BG 162003","efa_hisp_pct":0,"efa_black_pct":23.1,"efa_lingiso_pct":0,"efa_lingiso_sp":null,"efa_poverty_pct":2.4,"efa_mhhi":74438.0,"efa_combined_minority":23.1,"efa_has_duplicate":0,"efa_mc1":0,"efa_sc1":0,"efa_mc2":0,"efa_sc2":0,"efa_mc3":0,"efa_sc3":0,"efa_mc4":0,"efa_sc4":0,"efa_mc5":0,"efa_sc5":0,"efa_has_split":0},"geometry":{"type":"Polygon","coordinates":[[[-75.607514,39.655122],[-75.602142,39.656697],[-75.597192,39.657607],[-75.596007,39.661419],[-75.596782,39.664279],[-75.598173,39.665108],[-75.587656,39.664616],[-75.58328,39.664406],[-75.578844,39.664175],[-75.575388,39.659258],[-75.574857,39.658497],[-75.581587,39.655622],[-75.583475,39.653229],[-75.58833,39.651823],[-75.592393,39.650704],[-75.595419,39.648186],[-75.596814,39.64881],[-75.598213,39.651535],[-75.601472,39.654033],[-75.605862,39.655267],[-75.607514,39.655122]]]}},{"id":"359","type":"Feature","properties":{"GEOID":"100050503042","eb":2.53,"sv":2.86,"county":"Sussex","pop":1248.0,"pm25_pct":37.0,"diesel_pct":13.0,"cancer_pct":0.0,"traffic_pct":16.0,"superfund_pct":31.0,"lowinc_pct":0.056891026,"unemp_pct":0.017699115,"lingiso_pct":0.004622496,"poc_pct":8.0,"sv_health":4.88,"efa":"Not EFA","name":"Sussex BG 503042","efa_hisp_pct":3.0,"efa_black_pct":1.5,"efa_lingiso_pct":0.4,"efa_lingiso_sp":0,"efa_poverty_pct":1.9,"efa_mhhi":72813.0,"efa_combined_minority":6.7,"efa_has_duplicate":0,"efa_mc1":0,"efa_sc1":0,"efa_mc2":0,"efa_sc2":0,"efa_mc3":0,"efa_sc3":0,"efa_mc4":0,"efa_sc4":0,"efa_mc5":0,"efa_sc5":0,"efa_has_split":0},"geometry":{"type":"Polygon","coordinates":[[[-75.614526,38.701589],[-75.613999,38.704099],[-75.609555,38.725158],[-75.609462,38.725007],[-75.608458,38.729769],[-75.602706,38.727986],[-75.601581,38.728207],[-75.600798,38.728338],[-75.59988,38.728349],[-75.598975,38.728283],[-75.597691,38.72808],[-75.596878,38.728257],[-75.596597,38.728438],[-75.596214,38.728474],[-75.595653,38.728515],[-75.590978,38.727267],[-75.590735,38.725119],[-75.590618,38.724041],[-75.590485,38.722989],[-75.589452,38.717035],[-75.58851,38.709706],[-75.588436,38.709069],[-75.58827,38.706611],[-75.589076,38.699672],[-75.590503,38.698988],[-75.600023,38.695524],[-75.602033,38.695115],[-75.603076,38.695164],[-75.60451,38.695499],[-75.608743,38.696779],[-75.610152,38.697369],[-75.61051,38.697527],[-75.614983,38.699688],[-75.614526,38.701589]]]}},{"id":"360","type":"Feature","properties":{"GEOID":"100010428022","eb":1.87,"sv":2.96,"county":"Kent","pop":3101.0,"pm25_pct":27.0,"diesel_pct":5.0,"cancer_pct":0.0,"traffic_pct":26.0,"superfund_pct":19.0,"lowinc_pct":0.131247985,"unemp_pct":0.006836544,"lingiso_pct":0.0,"poc_pct":38.0,"sv_health":4.33,"efa":"Not EFA","name":"Kent BG 428022","efa_hisp_pct":5.6,"efa_black_pct":9.0,"efa_lingiso_pct":0,"efa_lingiso_sp":null,"efa_poverty_pct":7.2,"efa_mhhi":82250.0,"efa_combined_minority":17.7,"efa_has_duplicate":0,"efa_mc1":0,"efa_sc1":0,"efa_mc2":0,"efa_sc2":0,"efa_mc3":0,"efa_sc3":0,"efa_mc4":0,"efa_sc4":0,"efa_mc5":0,"efa_sc5":0,"efa_has_split":0},"geometry":{"type":"Polygon","coordinates":[[[-75.579118,38.985946],[-75.577395,38.999826],[-75.576867,39.004851],[-75.576407,39.008523],[-75.571876,39.007448],[-75.569272,39.006815],[-75.566546,39.015933],[-75.560746,39.035182],[-75.560477,39.03524],[-75.55195,39.037523],[-75.545898,39.031215],[-75.53389,39.014576],[-75.52892,39.010188],[-75.525191,39.006952],[-75.522476,39.004426],[-75.520528,39.001956],[-75.515933,38.994232],[-75.514262,38.991781],[-75.511501,38.99008],[-75.510387,38.988555],[-75.509347,38.984783],[-75.502314,38.980037],[-75.500489,38.978444],[-75.504097,38.976769],[-75.51759,38.968246],[-75.525837,38.964496],[-75.535886,38.959937],[-75.536185,38.959676],[-75.538352,38.956225],[-75.539381,38.955215],[-75.544906,38.951769],[-75.546404,38.953204],[-75.548316,38.954023],[-75.564566,38.953253],[-75.565403,38.962312],[-75.567305,38.974334],[-75.567321,38.98284],[-75.567511,38.984679],[-75.575564,38.982957],[-75.578272,38.983432],[-75.57931,38.983102],[-75.579118,38.985946]]]}},{"id":"361","type":"Feature","properties":{"GEOID":"100050517021","eb":0.96,"sv":3.82,"county":"Sussex","pop":1620.0,"pm25_pct":34.0,"diesel_pct":3.0,"cancer_pct":0.0,"traffic_pct":5.0,"superfund_pct":24.0,"lowinc_pct":0.562345679,"unemp_pct":0.046153846,"lingiso_pct":0.116190476,"poc_pct":35.0,"sv_health":4.62,"efa":"Not EFA","name":"Sussex BG 517021","efa_hisp_pct":17.6,"efa_black_pct":0,"efa_lingiso_pct":6.3,"efa_lingiso_sp":100.0,"efa_poverty_pct":23.1,"efa_mhhi":81250.0,"efa_combined_minority":21.6,"efa_has_duplicate":0,"efa_mc1":0,"efa_sc1":0,"efa_mc2":0,"efa_sc2":0,"efa_mc3":0,"efa_sc3":0,"efa_mc4":0,"efa_sc4":0,"efa_mc5":0,"efa_sc5":0,"efa_has_split":0},"geometry":{"type":"Polygon","coordinates":[[[-75.46457,38.537986],[-75.455234,38.533588],[-75.452891,38.532796],[-75.429014,38.526605],[-75.408779,38.524509],[-75.400283,38.526694],[-75.371973,38.53435],[-75.358176,38.538099],[-75.35867,38.536695],[-75.356966,38.524818],[-75.35625,38.520106],[-75.353274,38.519211],[-75.351078,38.510403],[-75.349085,38.507646],[-75.347129,38.506047],[-75.341997,38.487935],[-75.341214,38.485859],[-75.339675,38.484249],[-75.338543,38.480915],[-75.330143,38.48029],[-75.327284,38.480877],[-75.318423,38.480253],[-75.31924,38.479818],[-75.32143,38.476448],[-75.325647,38.472286],[-75.323257,38.470855],[-75.322057,38.467621],[-75.31977,38.466394],[-75.319938,38.464756],[-75.320852,38.46308],[-75.321251,38.460878],[-75.32292,38.459299],[-75.327064,38.46012],[-75.327818,38.457754],[-75.331475317607,38.4519122460051],[-75.34125,38.45197],[-75.355433,38.452131],[-75.370891,38.452238],[-75.38421,38.452123],[-75.40199,38.452261],[-75.410884,38.4524],[-75.424831,38.45261],[-75.4286445231477,38.4526696933313],[-75.427373,38.459897],[-75.428785,38.466034],[-75.428958,38.469031],[-75.428466,38.471156],[-75.428256,38.474708],[-75.431298,38.476638],[-75.432666,38.478981],[-75.431563,38.48255],[-75.434154,38.485612],[-75.435714,38.488653],[-75.440867,38.498771],[-75.443321,38.503492],[-75.447283,38.508959],[-75.452967,38.519913],[-75.45941,38.527552],[-75.46457,38.537986]]]}},{"id":"362","type":"Feature","properties":{"GEOID":"100010402051","eb":2.92,"sv":2.72,"county":"Kent","pop":1107.0,"pm25_pct":6.0,"diesel_pct":33.0,"cancer_pct":0.0,"traffic_pct":32.0,"superfund_pct":21.0,"lowinc_pct":0.089430894,"unemp_pct":0.0,"lingiso_pct":0.200426439,"poc_pct":56.0,"sv_health":4.17,"efa":"Not EFA","name":"Kent BG 402051","efa_hisp_pct":0,"efa_black_pct":51.1,"efa_lingiso_pct":0,"efa_lingiso_sp":null,"efa_poverty_pct":0,"efa_mhhi":94271.0,"efa_combined_minority":51.1,"efa_has_duplicate":0,"efa_mc1":0,"efa_sc1":0,"efa_mc2":0,"efa_sc2":0,"efa_mc3":0,"efa_sc3":0,"efa_mc4":0,"efa_sc4":0,"efa_mc5":0,"efa_sc5":0,"efa_has_split":0},"geometry":{"type":"Polygon","coordinates":[[[-75.60773,39.274414],[-75.607071,39.273929],[-75.605274,39.275013],[-75.606404,39.275353],[-75.60456,39.277497],[-75.602676,39.276498],[-75.601853,39.277541],[-75.600066,39.277057],[-75.599256,39.27814],[-75.597299,39.277568],[-75.597798,39.276957],[-75.598308,39.276311],[-75.594323,39.270312],[-75.590946,39.270767],[-75.589528,39.271141],[-75.58895,39.269684],[-75.590913,39.269024],[-75.593038,39.268379],[-75.597525,39.267158],[-75.601396,39.264409],[-75.601975,39.264835],[-75.605082,39.267108],[-75.602943,39.269306],[-75.605595,39.271295],[-75.60929,39.273223],[-75.60773,39.274414]]]}},{"id":"363","type":"Feature","properties":{"GEOID":"100010405021","eb":3.45,"sv":2.61,"county":"Kent","pop":1212.0,"pm25_pct":13.0,"diesel_pct":40.0,"cancer_pct":0.0,"traffic_pct":51.0,"superfund_pct":36.0,"lowinc_pct":0.129537954,"unemp_pct":0.025862069,"lingiso_pct":0.02739726,"poc_pct":71.0,"sv_health":4.36,"efa":"Not EFA","name":"Kent BG 405021","efa_hisp_pct":20.0,"efa_black_pct":25.7,"efa_lingiso_pct":4.2,"efa_lingiso_sp":0,"efa_poverty_pct":3.7,"efa_mhhi":97045.0,"efa_combined_minority":47.5,"efa_has_duplicate":0,"efa_mc1":0,"efa_sc1":0,"efa_mc2":0,"efa_sc2":0,"efa_mc3":0,"efa_sc3":0,"efa_mc4":0,"efa_sc4":0,"efa_mc5":0,"efa_sc5":0,"efa_has_split":0},"geometry":{"type":"Polygon","coordinates":[[[-75.581599,39.242084],[-75.577049,39.242685],[-75.575818,39.243657],[-75.57008,39.243735],[-75.568811,39.245169],[-75.567196,39.244251],[-75.562778,39.243972],[-75.559762,39.244678],[-75.555191,39.244294],[-75.553556,39.247014],[-75.551144,39.247685],[-75.550618,39.250258],[-75.549851,39.251047],[-75.545805,39.251436],[-75.543949,39.250919],[-75.542081,39.251609],[-75.539508,39.251494],[-75.538739,39.249172],[-75.535752,39.248892],[-75.533638,39.251228],[-75.531834,39.252014],[-75.530119,39.251819],[-75.527975,39.250474],[-75.524584,39.249632],[-75.524961,39.247389],[-75.523729,39.245886],[-75.518882,39.245997],[-75.517631,39.245626],[-75.516699,39.239043],[-75.514926,39.238185],[-75.513919,39.237588],[-75.513087,39.236093],[-75.511328,39.22152],[-75.511068,39.220608],[-75.51073,39.220116],[-75.507032,39.216443],[-75.504747,39.212489],[-75.500621,39.207217],[-75.497867,39.205461],[-75.505456,39.200045],[-75.5056,39.199954],[-75.51422,39.194514],[-75.514969,39.194049],[-75.516761,39.192944],[-75.517748,39.192529],[-75.518226,39.192399],[-75.519894,39.191986],[-75.520073,39.192173],[-75.524255,39.193963],[-75.525306,39.192252],[-75.527559,39.193761],[-75.528738,39.19455],[-75.535829,39.199321],[-75.539864,39.202407],[-75.542924,39.205473],[-75.546836,39.209993],[-75.55067,39.212922],[-75.564862,39.221541],[-75.568086,39.2237],[-75.57244,39.22727],[-75.577771,39.233135],[-75.580088,39.236676],[-75.581599,39.242084]]]}},{"id":"364","type":"Feature","properties":{"GEOID":"100050518014","eb":1.35,"sv":3.42,"county":"Sussex","pop":1487.0,"pm25_pct":33.0,"diesel_pct":2.0,"cancer_pct":0.0,"traffic_pct":5.0,"superfund_pct":35.0,"lowinc_pct":0.280430397,"unemp_pct":0.019830028,"lingiso_pct":0.0,"poc_pct":29.0,"sv_health":5.11,"efa":"Not EFA","name":"Sussex BG 518014","efa_hisp_pct":3.3,"efa_black_pct":10.4,"efa_lingiso_pct":0,"efa_lingiso_sp":null,"efa_poverty_pct":17.4,"efa_mhhi":85179.0,"efa_combined_minority":17.4,"efa_has_duplicate":0,"efa_mc1":0,"efa_sc1":0,"efa_mc2":0,"efa_sc2":0,"efa_mc3":0,"efa_sc3":0,"efa_mc4":0,"efa_sc4":0,"efa_mc5":0,"efa_sc5":0,"efa_has_split":0},"geometry":{"type":"Polygon","coordinates":[[[-75.701565,38.560736],[-75.695581,38.557387],[-75.691682,38.557597],[-75.685405,38.563507],[-75.679428,38.566485],[-75.672343,38.573453],[-75.670328,38.575884],[-75.669386,38.577719],[-75.669365,38.579912],[-75.669877,38.58441],[-75.669537,38.587437],[-75.667622,38.588858],[-75.662177,38.589668],[-75.660951,38.59033],[-75.65655,38.599654],[-75.65489,38.598005],[-75.633037,38.58818],[-75.634554,38.585326],[-75.633873,38.581069],[-75.635927,38.576658],[-75.632656,38.574108],[-75.626282,38.571564],[-75.625682,38.57139],[-75.620277,38.569716],[-75.619231,38.570807],[-75.619124,38.568848],[-75.617922,38.568564],[-75.613733,38.56575],[-75.613104,38.565295],[-75.608582,38.564345],[-75.606048,38.565283],[-75.603378,38.565447],[-75.60124,38.563666],[-75.597274,38.561483],[-75.594606,38.561526],[-75.593023,38.562563],[-75.591277,38.562672],[-75.588452,38.560722],[-75.589891,38.557806],[-75.587609,38.556021],[-75.584664,38.554934],[-75.582788,38.552533],[-75.582744,38.548761],[-75.582618,38.547194],[-75.582101,38.546952],[-75.580824,38.546546],[-75.591746,38.538044],[-75.591822,38.538],[-75.596575,38.538796],[-75.618056,38.541445],[-75.621855,38.540816],[-75.634127,38.544145],[-75.635077,38.543056],[-75.63801,38.541354],[-75.63955,38.541139],[-75.64082,38.541422],[-75.653279,38.545283],[-75.657324,38.547079],[-75.666652,38.549305],[-75.672382,38.550987],[-75.679943,38.548512],[-75.683812,38.546843],[-75.686294,38.547582],[-75.69014,38.54779],[-75.694253,38.546397],[-75.697908,38.545647],[-75.7003946351682,38.5455204127675],[-75.701565,38.560736]]]}},{"id":"365","type":"Feature","properties":{"GEOID":"100030011001","eb":7.35,"sv":2.19,"county":"New Castle","pop":1427.0,"pm25_pct":87.0,"diesel_pct":90.0,"cancer_pct":51.0,"traffic_pct":88.0,"superfund_pct":56.0,"lowinc_pct":0.164681149,"unemp_pct":0.0,"lingiso_pct":0.0,"poc_pct":53.0,"sv_health":3.46,"efa":"Not EFA","name":"New Castle BG 11001","efa_hisp_pct":3.0,"efa_black_pct":20.2,"efa_lingiso_pct":0,"efa_lingiso_sp":null,"efa_poverty_pct":11.8,"efa_mhhi":75950.0,"efa_combined_minority":30.1,"efa_has_duplicate":0,"efa_mc1":0,"efa_sc1":0,"efa_mc2":0,"efa_sc2":0,"efa_mc3":0,"efa_sc3":0,"efa_mc4":0,"efa_sc4":0,"efa_mc5":0,"efa_sc5":0,"efa_has_split":0},"geometry":{"type":"Polygon","coordinates":[[[-75.560967,39.759025],[-75.558894,39.759449],[-75.559349,39.759895],[-75.558971,39.760029],[-75.557669,39.760395],[-75.556869,39.760601],[-75.555006,39.758559],[-75.552629,39.756632],[-75.553029,39.754906],[-75.55354,39.754561],[-75.555259,39.756121],[-75.558312,39.754151],[-75.561474,39.757088],[-75.560488,39.757717],[-75.561512,39.75865],[-75.560967,39.759025]]]}},{"id":"366","type":"Feature","properties":{"GEOID":"100050507101","eb":1.68,"sv":3.82,"county":"Sussex","pop":1295.0,"pm25_pct":18.0,"diesel_pct":6.0,"cancer_pct":0.0,"traffic_pct":2.0,"superfund_pct":24.0,"lowinc_pct":0.425482626,"unemp_pct":0.303597122,"lingiso_pct":0.0,"poc_pct":58.0,"sv_health":5.09,"efa":"Not EFA","name":"Sussex BG 507101","efa_hisp_pct":17.5,"efa_black_pct":8.2,"efa_lingiso_pct":0,"efa_lingiso_sp":null,"efa_poverty_pct":11.4,"efa_mhhi":59044.0,"efa_combined_minority":36.4,"efa_has_duplicate":0,"efa_mc1":0,"efa_sc1":0,"efa_mc2":0,"efa_sc2":0,"efa_mc3":0,"efa_sc3":0,"efa_mc4":0,"efa_sc4":0,"efa_mc5":0,"efa_sc5":0,"efa_has_split":0},"geometry":{"type":"Polygon","coordinates":[[[-75.163201,38.628367],[-75.156998,38.636936],[-75.157367,38.637593],[-75.153387,38.642065],[-75.151041,38.643489],[-75.147023,38.643722],[-75.144067,38.645649],[-75.141067,38.643644],[-75.133268,38.642425],[-75.129392,38.640972],[-75.126119,38.636216],[-75.126069,38.635556],[-75.129171,38.634826],[-75.134289,38.631615],[-75.139077,38.631328],[-75.13912,38.629993],[-75.14217,38.625281],[-75.14805,38.629417],[-75.152166,38.631008],[-75.156841,38.631798],[-75.157616,38.631497],[-75.160557,38.628614],[-75.163201,38.628367]]]}},{"id":"367","type":"Feature","properties":{"GEOID":"100030169011","eb":2.1,"sv":3.12,"county":"New Castle","pop":778.0,"pm25_pct":0.0,"diesel_pct":30.0,"cancer_pct":0.0,"traffic_pct":42.0,"superfund_pct":3.0,"lowinc_pct":0.194300518,"unemp_pct":0.066666667,"lingiso_pct":0.0,"poc_pct":8.0,"sv_health":4.52,"efa":"Not EFA","name":"New Castle BG 169011","efa_hisp_pct":0,"efa_black_pct":2.4,"efa_lingiso_pct":0,"efa_lingiso_sp":null,"efa_poverty_pct":12.9,"efa_mhhi":64615.0,"efa_combined_minority":3.2,"efa_has_duplicate":0,"efa_mc1":0,"efa_sc1":0,"efa_mc2":0,"efa_sc2":0,"efa_mc3":0,"efa_sc3":0,"efa_mc4":0,"efa_sc4":0,"efa_mc5":0,"efa_sc5":0,"efa_has_split":0},"geometry":{"type":"Polygon","coordinates":[[[-75.691765,39.333769],[-75.690478,39.335466],[-75.686885,39.338059],[-75.685506,39.340926],[-75.683129,39.343782],[-75.683461,39.344727],[-75.681601,39.346627],[-75.681657,39.347704],[-75.679046,39.350071],[-75.67756,39.35223],[-75.676718,39.356025],[-75.675713,39.357299],[-75.675069,39.359403],[-75.671658,39.362044],[-75.669272,39.363094],[-75.669824,39.365659],[-75.667368,39.368542],[-75.666427,39.368959],[-75.665818,39.371063],[-75.664848,39.371826],[-75.661674,39.372649],[-75.658632,39.369937],[-75.650471,39.364148],[-75.648691,39.362527],[-75.646536,39.359698],[-75.641809,39.35069],[-75.640404,39.348107],[-75.637344,39.344334],[-75.62747,39.333236],[-75.625937,39.331473],[-75.62467,39.329492],[-75.623982,39.328333],[-75.623731,39.328411],[-75.623109,39.327354],[-75.623341,39.327271],[-75.620284,39.322139],[-75.617983,39.318662],[-75.615223,39.315552],[-75.617465,39.314145],[-75.618803,39.313344],[-75.622571,39.311535],[-75.62342,39.314701],[-75.630588,39.315446],[-75.636597,39.315391],[-75.64519,39.317419],[-75.649194,39.317536],[-75.661015,39.319936],[-75.66203,39.320284],[-75.684967,39.330767],[-75.690448,39.332311],[-75.69185,39.33256],[-75.691765,39.333769]]]}},{"id":"368","type":"Feature","properties":{"GEOID":"100050515012","eb":1.86,"sv":2.6,"county":"Sussex","pop":602.0,"pm25_pct":24.0,"diesel_pct":9.0,"cancer_pct":0.0,"traffic_pct":9.0,"superfund_pct":41.0,"lowinc_pct":0.132890365,"unemp_pct":0.0,"lingiso_pct":0.0,"poc_pct":0.0,"sv_health":4.15,"efa":"Not EFA","name":"Sussex BG 515012","efa_hisp_pct":0.2,"efa_black_pct":0,"efa_lingiso_pct":0,"efa_lingiso_sp":null,"efa_poverty_pct":9.0,"efa_mhhi":175909.0,"efa_combined_minority":0.2,"efa_has_duplicate":0,"efa_mc1":0,"efa_sc1":0,"efa_mc2":0,"efa_sc2":0,"efa_mc3":0,"efa_sc3":0,"efa_mc4":0,"efa_sc4":0,"efa_mc5":0,"efa_sc5":0,"efa_has_split":0},"geometry":{"type":"Polygon","coordinates":[[[-75.230659,38.553208],[-75.228468,38.557913],[-75.227294,38.558389],[-75.224898,38.558134],[-75.22139,38.558328],[-75.218833,38.561115],[-75.216819,38.561117],[-75.210572,38.561971],[-75.208406,38.562069],[-75.203566,38.564446],[-75.201136,38.566625],[-75.197977,38.568941],[-75.192975,38.570599],[-75.192845,38.568441],[-75.193866,38.564975],[-75.197863,38.562049],[-75.197362,38.560063],[-75.199419,38.558707],[-75.201894,38.558557],[-75.203443,38.556442],[-75.20011,38.553869],[-75.200344,38.552877],[-75.198933,38.550496],[-75.199539,38.548302],[-75.197468,38.547976],[-75.198219,38.545411],[-75.196621,38.54309],[-75.196804,38.541477],[-75.229277,38.549363],[-75.231837,38.552592],[-75.230659,38.553208]]]}},{"id":"369","type":"Feature","properties":{"GEOID":"100050513111","eb":1.12,"sv":2.45,"county":"Sussex","pop":1271.0,"pm25_pct":6.0,"diesel_pct":4.0,"cancer_pct":0.0,"traffic_pct":9.0,"superfund_pct":9.0,"lowinc_pct":0.143194335,"unemp_pct":0.085413929,"lingiso_pct":0.006711409,"poc_pct":4.0,"sv_health":4.12,"efa":"Not EFA","name":"Sussex BG 513111","efa_hisp_pct":0,"efa_black_pct":1.2,"efa_lingiso_pct":0.9,"efa_lingiso_sp":0,"efa_poverty_pct":8.6,"efa_mhhi":111944.0,"efa_combined_minority":2.0,"efa_has_duplicate":0,"efa_mc1":0,"efa_sc1":0,"efa_mc2":0,"efa_sc2":0,"efa_mc3":0,"efa_sc3":0,"efa_mc4":0,"efa_sc4":0,"efa_mc5":0,"efa_sc5":0,"efa_has_split":0},"geometry":{"type":"Polygon","coordinates":[[[-75.1419646890339,38.4511960161908],[-75.139749,38.452247],[-75.137196,38.45477],[-75.135883,38.457529],[-75.134745,38.459003],[-75.128498,38.462779],[-75.12583,38.461674],[-75.121018,38.461016],[-75.116973,38.46182],[-75.115289,38.461057],[-75.10937,38.460126],[-75.105346,38.460995],[-75.102697,38.459172],[-75.100105,38.459508],[-75.099504,38.460096],[-75.097931,38.459179],[-75.096862,38.459421],[-75.096007,38.459912],[-75.091035,38.455575],[-75.090249,38.456171],[-75.089323,38.454272],[-75.086534,38.452958],[-75.089088,38.453262],[-75.087784,38.452093],[-75.0858645759882,38.4513149405417],[-75.141894,38.451196],[-75.1419646890339,38.4511960161908]]]}},{"id":"370","type":"Feature","properties":{"GEOID":"100050513021","eb":1.66,"sv":2.36,"county":"Sussex","pop":1183.0,"pm25_pct":9.0,"diesel_pct":3.0,"cancer_pct":0.0,"traffic_pct":12.0,"superfund_pct":26.0,"lowinc_pct":0.193493151,"unemp_pct":0.163591636,"lingiso_pct":0.0,"poc_pct":35.0,"sv_health":4.1,"efa":"Not EFA","name":"Sussex BG 513021","efa_hisp_pct":0,"efa_black_pct":19.3,"efa_lingiso_pct":0,"efa_lingiso_sp":null,"efa_poverty_pct":8.1,"efa_mhhi":89392.0,"efa_combined_minority":23.3,"efa_has_duplicate":0,"efa_mc1":0,"efa_sc1":0,"efa_mc2":0,"efa_sc2":0,"efa_mc3":0,"efa_sc3":0,"efa_mc4":0,"efa_sc4":0,"efa_mc5":0,"efa_sc5":0,"efa_has_split":0},"geometry":{"type":"Polygon","coordinates":[[[-75.209662,38.508983],[-75.207701,38.512813],[-75.206012,38.515302],[-75.203246,38.516057],[-75.201927,38.517897],[-75.200323,38.524014],[-75.198447,38.526109],[-75.200388,38.527541],[-75.198669,38.527778],[-75.193064,38.530373],[-75.19046,38.532882],[-75.181063,38.540749],[-75.176357,38.5435],[-75.17121,38.544598],[-75.167816,38.544743],[-75.164113,38.545328],[-75.157966,38.547387],[-75.15546,38.547876],[-75.149888,38.548029],[-75.147815,38.54923],[-75.147148,38.549554],[-75.140085,38.552439],[-75.134418,38.551867],[-75.131771,38.550776],[-75.131335,38.547848],[-75.131351,38.542426],[-75.131469,38.540042],[-75.131632,38.539412],[-75.13218,38.538193],[-75.138651,38.531558],[-75.142607,38.527557],[-75.148513,38.521516],[-75.153173,38.513817],[-75.157374,38.509615],[-75.170754,38.496575],[-75.175698,38.494226],[-75.180095,38.49084],[-75.184555,38.490912],[-75.195532,38.492178],[-75.197672,38.495211],[-75.212668,38.505438],[-75.209662,38.508983]]]}},{"id":"371","type":"Feature","properties":{"GEOID":"100030136104","eb":4.55,"sv":1.54,"county":"New Castle","pop":390.0,"pm25_pct":62.0,"diesel_pct":46.0,"cancer_pct":51.0,"traffic_pct":22.0,"superfund_pct":48.0,"lowinc_pct":0.158974359,"unemp_pct":0.0,"lingiso_pct":0.0,"poc_pct":0.0,"sv_health":3.09,"efa":"Not EFA","name":"New Castle BG 136104","efa_hisp_pct":0,"efa_black_pct":0,"efa_lingiso_pct":0,"efa_lingiso_sp":null,"efa_poverty_pct":12.4,"efa_mhhi":105370.0,"efa_combined_minority":0,"efa_has_duplicate":0,"efa_mc1":0,"efa_sc1":0,"efa_mc2":0,"efa_sc2":0,"efa_mc3":0,"efa_sc3":0,"efa_mc4":0,"efa_sc4":0,"efa_mc5":0,"efa_sc5":0,"efa_has_split":0},"geometry":{"type":"Polygon","coordinates":[[[-75.73307,39.707955],[-75.727152,39.701558],[-75.720226,39.695429],[-75.720381,39.694309],[-75.722205,39.69354],[-75.724163,39.692463],[-75.726858,39.692871],[-75.734009,39.692412],[-75.733022,39.692668],[-75.734028,39.694428],[-75.732602,39.696828],[-75.730782,39.698074],[-75.73427,39.700135],[-75.732385,39.704368],[-75.734532,39.707299],[-75.73307,39.707955]]]}},{"id":"372","type":"Feature","properties":{"GEOID":"100050510172","eb":1.55,"sv":2.06,"county":"Sussex","pop":2148.0,"pm25_pct":12.0,"diesel_pct":28.0,"cancer_pct":0.0,"traffic_pct":29.0,"superfund_pct":9.0,"lowinc_pct":0.12849162,"unemp_pct":0.035445757,"lingiso_pct":0.0,"poc_pct":15.0,"sv_health":3.7,"efa":"Not EFA","name":"Sussex BG 510172","efa_hisp_pct":3.0,"efa_black_pct":0.8,"efa_lingiso_pct":1.6,"efa_lingiso_sp":100.0,"efa_poverty_pct":3.1,"efa_mhhi":120143.0,"efa_combined_minority":9.8,"efa_has_duplicate":0,"efa_mc1":0,"efa_sc1":0,"efa_mc2":0,"efa_sc2":0,"efa_mc3":0,"efa_sc3":0,"efa_mc4":0,"efa_sc4":0,"efa_mc5":0,"efa_sc5":0,"efa_has_split":0},"geometry":{"type":"Polygon","coordinates":[[[-75.133284,38.713215],[-75.13243,38.718722],[-75.131632,38.721485],[-75.129421,38.720782],[-75.126725,38.71836],[-75.12382,38.717894],[-75.124742,38.716741],[-75.129228,38.717012],[-75.129886,38.715762],[-75.126487,38.714706],[-75.124998,38.713359],[-75.123801,38.710294],[-75.124675,38.7077],[-75.126384,38.706877],[-75.127571,38.705103],[-75.129205,38.704296],[-75.129206,38.702736],[-75.125414,38.70174],[-75.124563,38.700286],[-75.121084,38.697534],[-75.11978,38.699942],[-75.119372,38.703583],[-75.117437,38.704551],[-75.114584,38.708225],[-75.113838,38.710255],[-75.109556,38.713753],[-75.107888,38.713588],[-75.106947,38.71466],[-75.103344,38.712966],[-75.10764,38.710515],[-75.107548,38.709752],[-75.108425,38.707864],[-75.113305,38.702819],[-75.113956,38.700878],[-75.113761,38.699222],[-75.116679,38.699433],[-75.119015,38.698757],[-75.119263,38.695892],[-75.116502,38.693353],[-75.116927,38.692557],[-75.113112,38.69023],[-75.101533,38.678124],[-75.101867,38.675253],[-75.102385,38.663159],[-75.109951,38.66749],[-75.113988,38.670433],[-75.116886,38.672162],[-75.12124,38.675842],[-75.124778,38.680439],[-75.126748,38.683133],[-75.128512,38.688333],[-75.131371,38.694444],[-75.130854,38.697013],[-75.133372,38.7018],[-75.13317,38.705242],[-75.134201,38.709687],[-75.133284,38.713215]]]}},{"id":"373","type":"Feature","properties":{"GEOID":"100050508041","eb":2.64,"sv":2.59,"county":"Sussex","pop":2001.0,"pm25_pct":34.0,"diesel_pct":8.0,"cancer_pct":0.0,"traffic_pct":17.0,"superfund_pct":32.0,"lowinc_pct":0.329152032,"unemp_pct":0.008350731,"lingiso_pct":0.0,"poc_pct":31.0,"sv_health":3.99,"efa":"Not EFA","name":"Sussex BG 508041","efa_hisp_pct":17.8,"efa_black_pct":4.6,"efa_lingiso_pct":0,"efa_lingiso_sp":null,"efa_poverty_pct":14.3,"efa_mhhi":81313.0,"efa_combined_minority":24.3,"efa_has_duplicate":0,"efa_mc1":0,"efa_sc1":0,"efa_mc2":0,"efa_sc2":0,"efa_mc3":0,"efa_sc3":0,"efa_mc4":0,"efa_sc4":0,"efa_mc5":0,"efa_sc5":0,"efa_has_split":0},"geometry":{"type":"Polygon","coordinates":[[[-75.316695,38.714186],[-75.301123,38.72053],[-75.290136,38.723771],[-75.285646,38.724854],[-75.270775,38.727803],[-75.263978,38.729155],[-75.248509,38.732241],[-75.247575,38.729914],[-75.247872,38.725474],[-75.247528,38.721932],[-75.248907,38.716805],[-75.245533,38.712046],[-75.245064,38.710574],[-75.254529,38.699717],[-75.258682,38.697587],[-75.256519,38.696412],[-75.254534,38.694752],[-75.253357,38.693003],[-75.248587,38.682008],[-75.246517,38.679319],[-75.244387,38.677946],[-75.251319,38.677761],[-75.256359,38.676548],[-75.258324,38.6772],[-75.269144,38.680973],[-75.270812,38.68121],[-75.27628,38.681167],[-75.277975,38.680796],[-75.289924,38.676836],[-75.292184,38.676788],[-75.293407,38.677409],[-75.295673,38.679878],[-75.297159,38.680739],[-75.30203,38.681629],[-75.306373,38.68207],[-75.307898,38.682527],[-75.309537,38.686381],[-75.309613,38.690162],[-75.310457,38.699439],[-75.310775,38.701078],[-75.315185,38.711386],[-75.316695,38.714186]]]}},{"id":"374","type":"Feature","properties":{"GEOID":"100050507063","eb":1.66,"sv":2.28,"county":"Sussex","pop":502.0,"pm25_pct":14.0,"diesel_pct":1.0,"cancer_pct":0.0,"traffic_pct":2.0,"superfund_pct":25.0,"lowinc_pct":0.101593626,"unemp_pct":0.0,"lingiso_pct":0.0,"poc_pct":0.0,"sv_health":4.31,"efa":"Not EFA","name":"Sussex BG 507063","efa_hisp_pct":0,"efa_black_pct":0,"efa_lingiso_pct":0,"efa_lingiso_sp":null,"efa_poverty_pct":4.0,"efa_mhhi":53750.0,"efa_combined_minority":2.5,"efa_has_duplicate":0,"efa_mc1":0,"efa_sc1":0,"efa_mc2":0,"efa_sc2":0,"efa_mc3":0,"efa_sc3":0,"efa_mc4":0,"efa_sc4":0,"efa_mc5":0,"efa_sc5":0,"efa_has_split":0},"geometry":{"type":"Polygon","coordinates":[[[-75.157616,38.631497],[-75.156841,38.631798],[-75.152166,38.631008],[-75.14805,38.629417],[-75.14217,38.625281],[-75.139769,38.623896],[-75.144272,38.618389],[-75.14818,38.620377],[-75.151845,38.620888],[-75.160557,38.628614],[-75.157616,38.631497]]]}},{"id":"375","type":"Feature","properties":{"GEOID":"100050510111","eb":1.93,"sv":2.02,"county":"Sussex","pop":1997.0,"pm25_pct":21.0,"diesel_pct":31.0,"cancer_pct":0.0,"traffic_pct":20.0,"superfund_pct":14.0,"lowinc_pct":0.077115674,"unemp_pct":0.034700315,"lingiso_pct":0.0,"poc_pct":45.0,"sv_health":3.85,"efa":"Not EFA","name":"Sussex BG 510111","efa_hisp_pct":4.6,"efa_black_pct":7.2,"efa_lingiso_pct":0.1,"efa_lingiso_sp":0,"efa_poverty_pct":4.9,"efa_mhhi":129886.0,"efa_combined_minority":29.2,"efa_has_duplicate":0,"efa_mc1":0,"efa_sc1":0,"efa_mc2":0,"efa_sc2":0,"efa_mc3":0,"efa_sc3":0,"efa_mc4":0,"efa_sc4":0,"efa_mc5":0,"efa_sc5":0,"efa_has_split":0},"geometry":{"type":"Polygon","coordinates":[[[-75.206322,38.721484],[-75.205411,38.722681],[-75.20322,38.724018],[-75.201609,38.726538],[-75.197024,38.730807],[-75.175083,38.747566],[-75.174838,38.747687],[-75.173793,38.747475],[-75.170043,38.743582],[-75.169408,38.742925],[-75.168142,38.741625],[-75.179939,38.726706],[-75.183958,38.720862],[-75.186145,38.717822],[-75.186908,38.71767],[-75.189503,38.717249],[-75.1921,38.713797],[-75.203615,38.715051],[-75.206244,38.715352],[-75.206322,38.721484]]]}},{"id":"376","type":"Feature","properties":{"GEOID":"100050519003","eb":1.16,"sv":3.02,"county":"Sussex","pop":1455.0,"pm25_pct":27.0,"diesel_pct":1.0,"cancer_pct":0.0,"traffic_pct":25.0,"superfund_pct":16.0,"lowinc_pct":0.325530358,"unemp_pct":0.024232633,"lingiso_pct":0.036446469,"poc_pct":30.0,"sv_health":4.24,"efa":"Not EFA","name":"Sussex BG 519003","efa_hisp_pct":0,"efa_black_pct":13.4,"efa_lingiso_pct":2.8,"efa_lingiso_sp":38.5,"efa_poverty_pct":5.9,"efa_mhhi":74500.0,"efa_combined_minority":21.3,"efa_has_duplicate":0,"efa_mc1":0,"efa_sc1":0,"efa_mc2":0,"efa_sc2":0,"efa_mc3":0,"efa_sc3":0,"efa_mc4":0,"efa_sc4":0,"efa_mc5":0,"efa_sc5":0,"efa_has_split":0},"geometry":{"type":"Polygon","coordinates":[[[-75.589414,38.476314],[-75.588429,38.48178],[-75.588899,38.483702],[-75.588706,38.488498],[-75.589477,38.494067],[-75.585963,38.496984],[-75.585785,38.498726],[-75.586029,38.504043],[-75.586471,38.507984],[-75.585248,38.514137],[-75.584964,38.514616],[-75.583645,38.522446],[-75.578374,38.522156],[-75.576343,38.523974],[-75.569793,38.523773],[-75.569898,38.514589],[-75.569701,38.512835],[-75.569233,38.50908],[-75.568133,38.505796],[-75.566235,38.49875],[-75.567645,38.492568],[-75.57024,38.484707],[-75.573343,38.471325],[-75.573658,38.469626],[-75.573832,38.468633],[-75.573948,38.467928],[-75.574131,38.462733],[-75.5742232244022,38.4559961655427],[-75.5818921967528,38.4563460406906],[-75.5829404033183,38.456393862147],[-75.5830567276075,38.4563991691133],[-75.593917,38.462124],[-75.589414,38.476314]]]}},{"id":"377","type":"Feature","properties":{"GEOID":"100050501031","eb":1.69,"sv":2.55,"county":"Sussex","pop":760.0,"pm25_pct":31.0,"diesel_pct":16.0,"cancer_pct":0.0,"traffic_pct":25.0,"superfund_pct":9.0,"lowinc_pct":0.444736842,"unemp_pct":0.010582011,"lingiso_pct":0.0,"poc_pct":32.0,"sv_health":4.06,"efa":"Significant","name":"Sussex BG 501031","efa_hisp_pct":1.3,"efa_black_pct":14.9,"efa_lingiso_pct":0,"efa_lingiso_sp":null,"efa_poverty_pct":41.7,"efa_mhhi":113996.0,"efa_combined_minority":16.6,"efa_has_duplicate":0,"efa_mc1":0,"efa_sc1":0,"efa_mc2":0,"efa_sc2":0,"efa_mc3":1,"efa_sc3":1,"efa_mc4":0,"efa_sc4":0,"efa_mc5":0,"efa_sc5":0,"efa_has_split":0},"geometry":{"type":"Polygon","coordinates":[[[-75.364642,38.848529],[-75.360069,38.849028],[-75.352614,38.854463],[-75.349767,38.855748],[-75.347775,38.855762],[-75.340004,38.856631],[-75.334388,38.857691],[-75.333355,38.858304],[-75.329114,38.858709],[-75.335635,38.86553],[-75.337294,38.8668],[-75.338697,38.867319],[-75.345288,38.867975],[-75.350045,38.870209],[-75.342671,38.872702],[-75.337638,38.877079],[-75.335124,38.880584],[-75.334083,38.881463],[-75.324965,38.887755],[-75.324281,38.888451],[-75.308508,38.907379],[-75.304581,38.912627],[-75.3040085043226,38.9130992562356],[-75.2927502274287,38.9032587863705],[-75.280272,38.892352],[-75.273363,38.883873],[-75.2686113536277,38.8808489721272],[-75.263115,38.877351],[-75.232029,38.844254],[-75.2272424630767,38.8405129718159],[-75.236595,38.840061],[-75.240615,38.838898],[-75.246396,38.838155],[-75.248238,38.839588],[-75.247964,38.841278],[-75.250148,38.842548],[-75.25053,38.843507],[-75.253086,38.844099],[-75.254295,38.842513],[-75.252253,38.840066],[-75.253351,38.839433],[-75.255689,38.840972],[-75.258795,38.840367],[-75.260492,38.838871],[-75.259574,38.837783],[-75.257404,38.837589],[-75.256803,38.836447],[-75.257861,38.835568],[-75.25946,38.836049],[-75.260819,38.834865],[-75.259788,38.833208],[-75.261139,38.832297],[-75.262764,38.833406],[-75.264643,38.831985],[-75.266529,38.83172],[-75.26579,38.829658],[-75.266709,38.82881],[-75.269572,38.829425],[-75.271565,38.82864],[-75.276593,38.829754],[-75.279857,38.828058],[-75.280743,38.826395],[-75.285165,38.82759],[-75.286956,38.827484],[-75.287378,38.829209],[-75.289972,38.82902],[-75.290741,38.826582],[-75.292761,38.826056],[-75.297156,38.825809],[-75.299706,38.824907],[-75.301254,38.825288],[-75.30486,38.824141],[-75.30684,38.825602],[-75.308758,38.824066],[-75.312483,38.828737],[-75.325222,38.832067],[-75.326651,38.832304],[-75.339302,38.833104],[-75.345712,38.834144],[-75.34599,38.834642],[-75.350987,38.838665],[-75.361508,38.844625],[-75.364642,38.848529]]]}},{"id":"378","type":"Feature","properties":{"GEOID":"100050515023","eb":2.45,"sv":2.8,"county":"Sussex","pop":271.0,"pm25_pct":24.0,"diesel_pct":9.0,"cancer_pct":0.0,"traffic_pct":27.0,"superfund_pct":53.0,"lowinc_pct":0.062730627,"unemp_pct":0.0,"lingiso_pct":0.053435115,"poc_pct":10.0,"sv_health":4.37,"efa":"Moderate","name":"Sussex BG 515023","efa_hisp_pct":3.0,"efa_black_pct":0,"efa_lingiso_pct":6.0,"efa_lingiso_sp":0,"efa_poverty_pct":23.4,"efa_mhhi":106500.0,"efa_combined_minority":5.3,"efa_has_duplicate":0,"efa_mc1":0,"efa_sc1":0,"efa_mc2":0,"efa_sc2":0,"efa_mc3":1,"efa_sc3":0,"efa_mc4":0,"efa_sc4":0,"efa_mc5":0,"efa_sc5":0,"efa_has_split":0},"geometry":{"type":"Polygon","coordinates":[[[-75.356966,38.524818],[-75.334393,38.527027],[-75.326743,38.52905],[-75.323907,38.529485],[-75.305634,38.53148],[-75.306382,38.535403],[-75.306705,38.538853],[-75.301463,38.545455],[-75.30067,38.546176],[-75.292197,38.550263],[-75.288994,38.55225],[-75.286254,38.55154],[-75.282819,38.553642],[-75.280891,38.556054],[-75.277995,38.557339],[-75.277877,38.560724],[-75.275989,38.56335],[-75.275907,38.563528],[-75.261803,38.547213],[-75.261943,38.547099],[-75.260892,38.545842],[-75.26046,38.545189],[-75.259327,38.543778],[-75.258074,38.542313],[-75.256479,38.540386],[-75.249406,38.530544],[-75.242668,38.521093],[-75.239612,38.516432],[-75.238952,38.514955],[-75.238895,38.51476],[-75.23813,38.509402],[-75.237385,38.501098],[-75.243379,38.496131],[-75.245159,38.493849],[-75.248836,38.491916],[-75.249527,38.491129],[-75.249979,38.488239],[-75.254263,38.484126],[-75.255429,38.482364],[-75.255764,38.480723],[-75.255267,38.477818],[-75.267255,38.475483],[-75.274981,38.471804],[-75.276524,38.471496],[-75.284847,38.472543],[-75.289821,38.472478],[-75.293452,38.472727],[-75.297376,38.474341],[-75.299648,38.475959],[-75.301216,38.478678],[-75.303038,38.47913],[-75.318423,38.480253],[-75.327284,38.480877],[-75.330143,38.48029],[-75.338543,38.480915],[-75.339675,38.484249],[-75.341214,38.485859],[-75.341997,38.487935],[-75.347129,38.506047],[-75.349085,38.507646],[-75.351078,38.510403],[-75.353274,38.519211],[-75.35625,38.520106],[-75.356966,38.524818]]]}},{"id":"379","type":"Feature","properties":{"GEOID":"100030168071","eb":2.45,"sv":1.61,"county":"New Castle","pop":1686.0,"pm25_pct":23.0,"diesel_pct":41.0,"cancer_pct":0.0,"traffic_pct":13.0,"superfund_pct":17.0,"lowinc_pct":0.017793594,"unemp_pct":0.051515152,"lingiso_pct":0.0,"poc_pct":28.0,"sv_health":3.14,"efa":"Not EFA","name":"New Castle BG 168071","efa_hisp_pct":10.1,"efa_black_pct":0.6,"efa_lingiso_pct":0,"efa_lingiso_sp":null,"efa_poverty_pct":0,"efa_mhhi":171250.0,"efa_combined_minority":15.1,"efa_has_duplicate":0,"efa_mc1":0,"efa_sc1":0,"efa_mc2":0,"efa_sc2":0,"efa_mc3":0,"efa_sc3":0,"efa_mc4":0,"efa_sc4":0,"efa_mc5":0,"efa_sc5":0,"efa_has_split":0},"geometry":{"type":"Polygon","coordinates":[[[-75.652332,39.45308],[-75.648875,39.454968],[-75.647466,39.456903],[-75.647054,39.45919],[-75.644362,39.459779],[-75.640676,39.461532],[-75.635936,39.46045],[-75.635114,39.461914],[-75.63421,39.463241],[-75.630216,39.463279],[-75.626451,39.462273],[-75.624523,39.462925],[-75.625642,39.464606],[-75.625741,39.466276],[-75.623504,39.467397],[-75.620861,39.466332],[-75.618654,39.467491],[-75.616573,39.467228],[-75.612091,39.465225],[-75.608849,39.462357],[-75.609955,39.458263],[-75.611664,39.456135],[-75.61158,39.453197],[-75.609123,39.452709],[-75.607567,39.451775],[-75.606155,39.449825],[-75.600937,39.44698],[-75.599754,39.446678],[-75.597321,39.448029],[-75.596024,39.447941],[-75.595901,39.446194],[-75.59465,39.445377],[-75.592216,39.445595],[-75.590973,39.446472],[-75.590889,39.447968],[-75.585037,39.448456],[-75.582558,39.44672],[-75.580843,39.448998],[-75.5795930686755,39.4494326149262],[-75.578914,39.44788],[-75.573077,39.445373],[-75.570985,39.442486],[-75.5714550448173,39.4404895611251],[-75.5746,39.437855],[-75.575928,39.437836],[-75.577904,39.439781],[-75.580719,39.439224],[-75.579895,39.436207],[-75.582359,39.434849],[-75.580643,39.433186],[-75.580681,39.431526],[-75.582672,39.431831],[-75.583794,39.431229],[-75.586647,39.431847],[-75.588959,39.430748],[-75.592354,39.430336],[-75.593468,39.432297],[-75.595848,39.432381],[-75.595726,39.429413],[-75.597603,39.43029],[-75.599091,39.429573],[-75.600647,39.430815],[-75.598953,39.427334],[-75.600792,39.426907],[-75.599091,39.424816],[-75.601677,39.422203],[-75.601707,39.420609],[-75.603554,39.419147],[-75.607491,39.418484],[-75.6082,39.416828],[-75.610249,39.415511],[-75.610008,39.414356],[-75.605461,39.415146],[-75.60482,39.41275],[-75.603722,39.413212],[-75.602707,39.415291],[-75.602242,39.411312],[-75.599701,39.408798],[-75.600449,39.407249],[-75.599115,39.406726],[-75.599291,39.404973],[-75.601264,39.403805],[-75.602926,39.40092],[-75.607891,39.400674],[-75.614918,39.40212],[-75.617246,39.401013],[-75.618488,39.400984],[-75.62104,39.402734],[-75.622431,39.405002],[-75.628259,39.414603],[-75.629504,39.417331],[-75.629672,39.420312],[-75.631218,39.424267],[-75.632099,39.428089],[-75.634311,39.432022],[-75.638229,39.436207],[-75.639985,39.437539],[-75.643971,39.439841],[-75.647999,39.448335],[-75.6506,39.450367],[-75.653584,39.451932],[-75.652332,39.45308]]]}},{"id":"380","type":"Feature","properties":{"GEOID":"100030168083","eb":2.52,"sv":1.6,"county":"New Castle","pop":1561.0,"pm25_pct":23.0,"diesel_pct":41.0,"cancer_pct":0.0,"traffic_pct":30.0,"superfund_pct":7.0,"lowinc_pct":0.0,"unemp_pct":0.0,"lingiso_pct":0.0,"poc_pct":41.0,"sv_health":3.15,"efa":"Not EFA","name":"New Castle BG 168083","efa_hisp_pct":20.4,"efa_black_pct":1.2,"efa_lingiso_pct":0,"efa_lingiso_sp":null,"efa_poverty_pct":0,"efa_mhhi":136458.0,"efa_combined_minority":26.0,"efa_has_duplicate":0,"efa_mc1":0,"efa_sc1":0,"efa_mc2":0,"efa_sc2":0,"efa_mc3":0,"efa_sc3":0,"efa_mc4":0,"efa_sc4":0,"efa_mc5":0,"efa_sc5":0,"efa_has_split":0},"geometry":{"type":"Polygon","coordinates":[[[-75.665208,39.38058],[-75.662195,39.399402],[-75.661782,39.406605],[-75.659256,39.415359],[-75.658907,39.417609],[-75.649063,39.414395],[-75.647647,39.406962],[-75.645835,39.407663],[-75.645198,39.406193],[-75.643802,39.406594],[-75.642385,39.408595],[-75.638794,39.408922],[-75.639551,39.407095],[-75.638946,39.403123],[-75.633755,39.402808],[-75.628679,39.402975],[-75.628051,39.40247],[-75.622431,39.405002],[-75.62104,39.402734],[-75.618488,39.400984],[-75.617246,39.401013],[-75.614918,39.40212],[-75.607891,39.400674],[-75.602926,39.40092],[-75.601264,39.403805],[-75.599291,39.404973],[-75.597977,39.402397],[-75.595993,39.401909],[-75.596779,39.400341],[-75.59687,39.39735],[-75.595634,39.396969],[-75.597534,39.393909],[-75.600624,39.393753],[-75.601753,39.392605],[-75.602692,39.39444],[-75.60537,39.395229],[-75.606895,39.393539],[-75.608238,39.394211],[-75.610769,39.393304],[-75.615168,39.393446],[-75.61647,39.394901],[-75.619324,39.395065],[-75.622818,39.391937],[-75.622475,39.390274],[-75.623528,39.388603],[-75.626396,39.387466],[-75.62841,39.387119],[-75.631012,39.384892],[-75.632988,39.387924],[-75.635941,39.388731],[-75.637154,39.387817],[-75.637848,39.384426],[-75.639915,39.385876],[-75.642136,39.382183],[-75.645424,39.382133],[-75.646286,39.379295],[-75.643578,39.378113],[-75.644089,39.377014],[-75.646194,39.376431],[-75.648437,39.376617],[-75.650351,39.375691],[-75.657982,39.374818],[-75.661674,39.372649],[-75.664647,39.376761],[-75.665208,39.38058]]]}},{"id":"381","type":"Feature","properties":{"GEOID":"100030163082","eb":6.21,"sv":2.3,"county":"New Castle","pop":1710.0,"pm25_pct":55.0,"diesel_pct":63.0,"cancer_pct":51.0,"traffic_pct":59.0,"superfund_pct":94.0,"lowinc_pct":0.285964912,"unemp_pct":0.062376238,"lingiso_pct":0.002020202,"poc_pct":93.0,"sv_health":3.75,"efa":"Significant","name":"New Castle BG 163082","efa_hisp_pct":2.3,"efa_black_pct":68.6,"efa_lingiso_pct":0.8,"efa_lingiso_sp":0,"efa_poverty_pct":24.2,"efa_mhhi":82258.0,"efa_combined_minority":84.2,"efa_has_duplicate":0,"efa_mc1":1,"efa_sc1":1,"efa_mc2":1,"efa_sc2":0,"efa_mc3":1,"efa_sc3":0,"efa_mc4":0,"efa_sc4":0,"efa_mc5":0,"efa_sc5":0,"efa_has_split":0},"geometry":{"type":"MultiPolygon","coordinates":[[[[-75.570798,39.626768],[-75.5652785846933,39.6289804085537],[-75.563682293867,39.6296202675392],[-75.563189,39.629818],[-75.559446,39.629812],[-75.558895,39.628767],[-75.559537,39.624934],[-75.558705,39.617933],[-75.557184,39.613149],[-75.556889,39.610442],[-75.55617,39.606386],[-75.558454,39.605576],[-75.562005,39.605745],[-75.567641,39.613802],[-75.571054,39.621318],[-75.570798,39.626768]]],[[[-75.65306,39.605893],[-75.644404,39.61741],[-75.643978,39.618053],[-75.643772,39.618321],[-75.642069,39.620635],[-75.631679,39.634623],[-75.628638,39.638932],[-75.625932,39.636472],[-75.62139,39.634492],[-75.619081,39.634966],[-75.615116,39.63369],[-75.614286,39.632481],[-75.606035,39.639348],[-75.605273,39.638433],[-75.600874,39.63644],[-75.6004949488643,39.6353936845212],[-75.611969,39.621968],[-75.613153,39.62096],[-75.613377,39.620288],[-75.614065,39.61832],[-75.614929,39.615952],[-75.614273,39.61464],[-75.613345,39.613056],[-75.613665,39.61256],[-75.611344,39.610183],[-75.613233,39.607408],[-75.613477,39.606861],[-75.617337,39.6075],[-75.621582,39.607536],[-75.624212,39.605727],[-75.627069,39.604722],[-75.630318,39.605293],[-75.635086,39.605324],[-75.637695,39.606358],[-75.641243,39.60709],[-75.644463,39.604942],[-75.646309,39.605785],[-75.648959,39.605611],[-75.652802,39.605867],[-75.65306,39.605893]]]]}},{"id":"382","type":"Feature","properties":{"GEOID":"100030164014","eb":4.03,"sv":2.17,"county":"New Castle","pop":1319.0,"pm25_pct":47.0,"diesel_pct":66.0,"cancer_pct":0.0,"traffic_pct":34.0,"superfund_pct":56.0,"lowinc_pct":0.072419106,"unemp_pct":0.0,"lingiso_pct":0.0,"poc_pct":88.0,"sv_health":3.43,"efa":"Not EFA","name":"New Castle BG 164014","efa_hisp_pct":4.0,"efa_black_pct":73.3,"efa_lingiso_pct":0,"efa_lingiso_sp":null,"efa_poverty_pct":3.9,"efa_mhhi":203209.0,"efa_combined_minority":77.3,"efa_has_duplicate":0,"efa_mc1":0,"efa_sc1":0,"efa_mc2":1,"efa_sc2":0,"efa_mc3":0,"efa_sc3":0,"efa_mc4":0,"efa_sc4":0,"efa_mc5":0,"efa_sc5":0,"efa_has_split":0},"geometry":{"type":"Polygon","coordinates":[[[-75.725958,39.543963],[-75.724936,39.545218],[-75.720766,39.547499],[-75.719115,39.547897],[-75.707201,39.553045],[-75.705695,39.553714],[-75.703997,39.555012],[-75.703046,39.556557],[-75.697593,39.570543],[-75.696739,39.571671],[-75.69657,39.571833],[-75.696911,39.5702],[-75.695457,39.569141],[-75.687123,39.564408],[-75.679912,39.562461],[-75.674266,39.560337],[-75.663655,39.559831],[-75.663022,39.557725],[-75.662139,39.55639],[-75.656238,39.549936],[-75.664432,39.545544],[-75.672204,39.544159],[-75.682741,39.54212],[-75.686307,39.541973],[-75.692673,39.542418],[-75.69487,39.542496],[-75.7031,39.543333],[-75.711691,39.543884],[-75.717163,39.543347],[-75.725228,39.542001],[-75.726615,39.541817],[-75.725958,39.543963]]]}},{"id":"383","type":"Feature","properties":{"GEOID":"100030168084","eb":2.47,"sv":1.82,"county":"New Castle","pop":2381.0,"pm25_pct":23.0,"diesel_pct":41.0,"cancer_pct":0.0,"traffic_pct":18.0,"superfund_pct":14.0,"lowinc_pct":0.136917262,"unemp_pct":0.081839439,"lingiso_pct":0.0,"poc_pct":70.0,"sv_health":3.15,"efa":"Not EFA","name":"New Castle BG 168084","efa_hisp_pct":15.9,"efa_black_pct":30.9,"efa_lingiso_pct":0,"efa_lingiso_sp":null,"efa_poverty_pct":10.8,"efa_mhhi":156667.0,"efa_combined_minority":48.5,"efa_has_duplicate":0,"efa_mc1":0,"efa_sc1":0,"efa_mc2":0,"efa_sc2":0,"efa_mc3":0,"efa_sc3":0,"efa_mc4":0,"efa_sc4":0,"efa_mc5":0,"efa_sc5":0,"efa_has_split":0},"geometry":{"type":"Polygon","coordinates":[[[-75.657725,39.422263],[-75.655766,39.423607],[-75.651531,39.427291],[-75.643971,39.439841],[-75.639985,39.437539],[-75.638229,39.436207],[-75.634311,39.432022],[-75.632099,39.428089],[-75.631218,39.424267],[-75.629672,39.420312],[-75.629504,39.417331],[-75.628259,39.414603],[-75.63427,39.415852],[-75.64591,39.413798],[-75.649063,39.414395],[-75.658907,39.417609],[-75.657725,39.422263]]]}},{"id":"384","type":"Feature","properties":{"GEOID":"100030107042","eb":6.86,"sv":2.45,"county":"New Castle","pop":1019.0,"pm25_pct":86.0,"diesel_pct":73.0,"cancer_pct":51.0,"traffic_pct":91.0,"superfund_pct":51.0,"lowinc_pct":0.483807655,"unemp_pct":0.04595186,"lingiso_pct":0.0,"poc_pct":86.0,"sv_health":3.6,"efa":"Significant","name":"New Castle BG 107042","efa_hisp_pct":13.7,"efa_black_pct":32.5,"efa_lingiso_pct":0,"efa_lingiso_sp":null,"efa_poverty_pct":40.8,"efa_mhhi":82129.0,"efa_combined_minority":85.1,"efa_has_duplicate":0,"efa_mc1":1,"efa_sc1":1,"efa_mc2":1,"efa_sc2":0,"efa_mc3":1,"efa_sc3":1,"efa_mc4":0,"efa_sc4":0,"efa_mc5":0,"efa_sc5":0,"efa_has_split":0},"geometry":{"type":"Polygon","coordinates":[[[-75.511272,39.747275],[-75.510074,39.748219],[-75.503364,39.751283],[-75.504822,39.75325],[-75.508731,39.756706],[-75.509964,39.758369],[-75.507443,39.759441],[-75.505541,39.759037],[-75.504145,39.759112],[-75.499656,39.75669],[-75.498677,39.755096],[-75.498206,39.755246],[-75.495513,39.755569],[-75.497634,39.75381],[-75.493658,39.752587],[-75.491556,39.755167],[-75.489888,39.755585],[-75.4897514259047,39.7555034577691],[-75.490243,39.754787],[-75.496490535766,39.7432990828824],[-75.505975,39.742059],[-75.513287,39.745078],[-75.511272,39.747275]]]}},{"id":"385","type":"Feature","properties":{"GEOID":"100030139053","eb":5.27,"sv":1.7,"county":"New Castle","pop":871.0,"pm25_pct":58.0,"diesel_pct":87.0,"cancer_pct":51.0,"traffic_pct":47.0,"superfund_pct":70.0,"lowinc_pct":0.034443169,"unemp_pct":0.001976285,"lingiso_pct":0.103448276,"poc_pct":86.0,"sv_health":2.86,"efa":"Not EFA","name":"New Castle BG 139053","efa_hisp_pct":3.0,"efa_black_pct":54.3,"efa_lingiso_pct":1.7,"efa_lingiso_sp":0,"efa_poverty_pct":3.0,"efa_mhhi":102563.0,"efa_combined_minority":70.9,"efa_has_duplicate":0,"efa_mc1":0,"efa_sc1":0,"efa_mc2":0,"efa_sc2":0,"efa_mc3":0,"efa_sc3":0,"efa_mc4":0,"efa_sc4":0,"efa_mc5":0,"efa_sc5":0,"efa_has_split":0},"geometry":{"type":"Polygon","coordinates":[[[-75.681771,39.653922],[-75.674802,39.656955],[-75.669462,39.659402],[-75.664435,39.662443],[-75.659979,39.665324],[-75.658338,39.664859],[-75.656672,39.663983],[-75.657843,39.664205],[-75.661576,39.661837],[-75.661109,39.660077],[-75.662061,39.659268],[-75.663645,39.658353],[-75.666964,39.657964],[-75.668883,39.655698],[-75.669151,39.65394],[-75.668222,39.653377],[-75.672821,39.652615],[-75.676667,39.648684],[-75.676315,39.646832],[-75.674072,39.646464],[-75.674021,39.644313],[-75.675098,39.643602],[-75.67631,39.642238],[-75.679032,39.642558],[-75.676518,39.643409],[-75.676838,39.645244],[-75.680069,39.647178],[-75.680413,39.652249],[-75.681771,39.653922]]]}},{"id":"386","type":"Feature","properties":{"GEOID":"100030107032","eb":6.39,"sv":2.28,"county":"New Castle","pop":838.0,"pm25_pct":86.0,"diesel_pct":73.0,"cancer_pct":51.0,"traffic_pct":55.0,"superfund_pct":47.0,"lowinc_pct":0.163484487,"unemp_pct":0.096363636,"lingiso_pct":0.103857567,"poc_pct":48.0,"sv_health":4.17,"efa":"Not EFA","name":"New Castle BG 107032","efa_hisp_pct":1.4,"efa_black_pct":9.8,"efa_lingiso_pct":13.0,"efa_lingiso_sp":0,"efa_poverty_pct":0,"efa_mhhi":119094.0,"efa_combined_minority":17.3,"efa_has_duplicate":0,"efa_mc1":0,"efa_sc1":0,"efa_mc2":0,"efa_sc2":0,"efa_mc3":0,"efa_sc3":0,"efa_mc4":0,"efa_sc4":0,"efa_mc5":0,"efa_sc5":0,"efa_has_split":0},"geometry":{"type":"Polygon","coordinates":[[[-75.512079,39.761363],[-75.511009,39.764912],[-75.511472,39.76561],[-75.509347,39.76658],[-75.503363,39.763051],[-75.505117,39.761241],[-75.507443,39.759441],[-75.509964,39.758369],[-75.511115,39.760114],[-75.512079,39.761363]]]}},{"id":"387","type":"Feature","properties":{"GEOID":"100030166122","eb":3.29,"sv":1.96,"county":"New Castle","pop":1614.0,"pm25_pct":46.0,"diesel_pct":44.0,"cancer_pct":0.0,"traffic_pct":16.0,"superfund_pct":24.0,"lowinc_pct":0.143122677,"unemp_pct":0.0,"lingiso_pct":0.0,"poc_pct":42.0,"sv_health":3.3,"efa":"Not EFA","name":"New Castle BG 166122","efa_hisp_pct":0,"efa_black_pct":14.3,"efa_lingiso_pct":0,"efa_lingiso_sp":null,"efa_poverty_pct":12.2,"efa_mhhi":206458.0,"efa_combined_minority":20.6,"efa_has_duplicate":0,"efa_mc1":0,"efa_sc1":0,"efa_mc2":0,"efa_sc2":0,"efa_mc3":0,"efa_sc3":0,"efa_mc4":0,"efa_sc4":0,"efa_mc5":0,"efa_sc5":0,"efa_has_split":0},"geometry":{"type":"Polygon","coordinates":[[[-75.708396,39.47216],[-75.703102,39.477606],[-75.692768,39.471678],[-75.686941,39.468333],[-75.671408,39.463346],[-75.670036,39.463445],[-75.673671,39.460195],[-75.676428,39.460323],[-75.677177,39.460353],[-75.681807,39.459253],[-75.683,39.460706],[-75.687711,39.462449],[-75.690271,39.462948],[-75.693828,39.462124],[-75.697223,39.464442],[-75.697431,39.464654],[-75.702367,39.465056],[-75.704295,39.467297],[-75.707386,39.469246],[-75.708396,39.47216]]]}},{"id":"388","type":"Feature","properties":{"GEOID":"100030107041","eb":6.7,"sv":2.06,"county":"New Castle","pop":1789.0,"pm25_pct":86.0,"diesel_pct":73.0,"cancer_pct":51.0,"traffic_pct":65.0,"superfund_pct":52.0,"lowinc_pct":0.152599217,"unemp_pct":0.089858793,"lingiso_pct":0.0,"poc_pct":92.0,"sv_health":3.6,"efa":"Moderate","name":"New Castle BG 107041","efa_hisp_pct":0,"efa_black_pct":79.7,"efa_lingiso_pct":0,"efa_lingiso_sp":null,"efa_poverty_pct":14.5,"efa_mhhi":70229.0,"efa_combined_minority":79.7,"efa_has_duplicate":0,"efa_mc1":1,"efa_sc1":0,"efa_mc2":1,"efa_sc2":0,"efa_mc3":0,"efa_sc3":0,"efa_mc4":0,"efa_sc4":0,"efa_mc5":0,"efa_sc5":0,"efa_has_split":0},"geometry":{"type":"Polygon","coordinates":[[[-75.525487,39.759194],[-75.519764,39.761804],[-75.518431,39.762412],[-75.517044,39.763049],[-75.515953,39.763553],[-75.511472,39.76561],[-75.511009,39.764912],[-75.512079,39.761363],[-75.511115,39.760114],[-75.513364,39.758515],[-75.516885,39.757095],[-75.515867,39.75373],[-75.516057,39.753384],[-75.515969,39.7531],[-75.514772,39.752905],[-75.511978,39.752636],[-75.504822,39.75325],[-75.503364,39.751283],[-75.510074,39.748219],[-75.511272,39.747275],[-75.513287,39.745078],[-75.515828,39.746128],[-75.518477,39.749537],[-75.519394,39.750723],[-75.518454,39.751781],[-75.517361,39.753257],[-75.520499,39.752119],[-75.521537,39.753472],[-75.521575,39.75352],[-75.525816,39.759044],[-75.525487,39.759194]]]}},{"id":"389","type":"Feature","properties":{"GEOID":"100030166121","eb":3.54,"sv":2.33,"county":"New Castle","pop":1723.0,"pm25_pct":46.0,"diesel_pct":44.0,"cancer_pct":0.0,"traffic_pct":33.0,"superfund_pct":26.0,"lowinc_pct":0.235055136,"unemp_pct":0.037878788,"lingiso_pct":0.0,"poc_pct":58.0,"sv_health":3.3,"efa":"Not EFA","name":"New Castle BG 166121","efa_hisp_pct":18.0,"efa_black_pct":20.5,"efa_lingiso_pct":0,"efa_lingiso_sp":null,"efa_poverty_pct":0,"efa_mhhi":131060.0,"efa_combined_minority":40.4,"efa_has_duplicate":0,"efa_mc1":0,"efa_sc1":0,"efa_mc2":0,"efa_sc2":0,"efa_mc3":0,"efa_sc3":0,"efa_mc4":0,"efa_sc4":0,"efa_mc5":0,"efa_sc5":0,"efa_has_split":0},"geometry":{"type":"Polygon","coordinates":[[[-75.721381,39.463859],[-75.721089,39.467659],[-75.720622,39.474429],[-75.720441,39.476956],[-75.720227,39.48027],[-75.720205,39.480481],[-75.719988,39.481791],[-75.713308,39.498762],[-75.711555,39.511186],[-75.710266,39.511179],[-75.700604,39.511317],[-75.698234,39.510854],[-75.695528,39.50939],[-75.692826,39.506934],[-75.691399,39.50608],[-75.6845,39.503814],[-75.689344,39.49321],[-75.68981,39.492564],[-75.693257,39.489859],[-75.697052,39.483961],[-75.703102,39.477606],[-75.708396,39.47216],[-75.708862,39.471626],[-75.712686,39.464496],[-75.71673,39.462999],[-75.720643,39.4616],[-75.721089,39.462951],[-75.721381,39.463859]]]}},{"id":"390","type":"Feature","properties":{"GEOID":"100030166134","eb":3.22,"sv":2.34,"county":"New Castle","pop":1138.0,"pm25_pct":30.0,"diesel_pct":39.0,"cancer_pct":0.0,"traffic_pct":33.0,"superfund_pct":21.0,"lowinc_pct":0.117750439,"unemp_pct":0.0,"lingiso_pct":0.0,"poc_pct":92.0,"sv_health":3.51,"efa":"Not EFA","name":"New Castle BG 166134","efa_hisp_pct":40.0,"efa_black_pct":20.3,"efa_lingiso_pct":0,"efa_lingiso_sp":null,"efa_poverty_pct":0,"efa_mhhi":148565.0,"efa_combined_minority":60.3,"efa_has_duplicate":0,"efa_mc1":0,"efa_sc1":0,"efa_mc2":0,"efa_sc2":0,"efa_mc3":0,"efa_sc3":0,"efa_mc4":0,"efa_sc4":0,"efa_mc5":0,"efa_sc5":0,"efa_has_split":0},"geometry":{"type":"Polygon","coordinates":[[[-75.703974,39.456793],[-75.703417,39.460407],[-75.700672,39.459284],[-75.695602,39.460087],[-75.693828,39.462124],[-75.690271,39.462948],[-75.687711,39.462449],[-75.688188,39.460953],[-75.688191,39.460841],[-75.686418,39.452649],[-75.696881,39.450751],[-75.701655,39.450469],[-75.703595,39.454467],[-75.70391,39.4555],[-75.703974,39.456793]]]}},{"id":"391","type":"Feature","properties":{"GEOID":"100030135083","eb":4.99,"sv":1.7,"county":"New Castle","pop":1097.0,"pm25_pct":81.0,"diesel_pct":46.0,"cancer_pct":51.0,"traffic_pct":51.0,"superfund_pct":85.0,"lowinc_pct":0.134001823,"unemp_pct":0.025793651,"lingiso_pct":0.0,"poc_pct":20.0,"sv_health":2.88,"efa":"Not EFA","name":"New Castle BG 135083","efa_hisp_pct":4.7,"efa_black_pct":0,"efa_lingiso_pct":0,"efa_lingiso_sp":null,"efa_poverty_pct":2.2,"efa_mhhi":193292.0,"efa_combined_minority":17.1,"efa_has_duplicate":0,"efa_mc1":0,"efa_sc1":0,"efa_mc2":0,"efa_sc2":0,"efa_mc3":0,"efa_sc3":0,"efa_mc4":0,"efa_sc4":0,"efa_mc5":0,"efa_sc5":0,"efa_has_split":0},"geometry":{"type":"Polygon","coordinates":[[[-75.70901,39.780499],[-75.70517,39.785012],[-75.699698,39.78199],[-75.697703,39.782252],[-75.697446,39.780989],[-75.694541,39.777467],[-75.690677,39.775025],[-75.703937,39.768182],[-75.706664,39.766482],[-75.70889,39.769203],[-75.715345,39.774625],[-75.70901,39.780499]]]}},{"id":"392","type":"Feature","properties":{"GEOID":"100030135081","eb":4.87,"sv":1.55,"county":"New Castle","pop":2346.0,"pm25_pct":81.0,"diesel_pct":46.0,"cancer_pct":51.0,"traffic_pct":41.0,"superfund_pct":88.0,"lowinc_pct":0.052429668,"unemp_pct":0.003252033,"lingiso_pct":0.0407911,"poc_pct":56.0,"sv_health":2.88,"efa":"Not EFA","name":"New Castle BG 135081","efa_hisp_pct":9.3,"efa_black_pct":3.3,"efa_lingiso_pct":4.5,"efa_lingiso_sp":0,"efa_poverty_pct":0,"efa_mhhi":250001.0,"efa_combined_minority":36.7,"efa_has_duplicate":0,"efa_mc1":0,"efa_sc1":0,"efa_mc2":0,"efa_sc2":0,"efa_mc3":0,"efa_sc3":0,"efa_mc4":0,"efa_sc4":0,"efa_mc5":0,"efa_sc5":0,"efa_has_split":0},"geometry":{"type":"Polygon","coordinates":[[[-75.7193345673559,39.7901506045411],[-75.716969,39.791998],[-75.705787295543,39.7995238880071],[-75.704532,39.798498],[-75.69864,39.795555],[-75.695338,39.793136],[-75.703437,39.787048],[-75.70517,39.785012],[-75.70901,39.780499],[-75.715345,39.774625],[-75.718136,39.776789],[-75.7248662643848,39.7858306125756],[-75.7193345673559,39.7901506045411]]]}},{"id":"393","type":"Feature","properties":{"GEOID":"100030149063","eb":5.28,"sv":3.11,"county":"New Castle","pop":2595.0,"pm25_pct":54.0,"diesel_pct":81.0,"cancer_pct":51.0,"traffic_pct":37.0,"superfund_pct":79.0,"lowinc_pct":0.474373796,"unemp_pct":0.013182674,"lingiso_pct":0.069078947,"poc_pct":90.0,"sv_health":4.01,"efa":"Moderate","name":"New Castle BG 149063","efa_hisp_pct":14.3,"efa_black_pct":61.6,"efa_lingiso_pct":3.4,"efa_lingiso_sp":85.7,"efa_poverty_pct":28.3,"efa_mhhi":49669.0,"efa_combined_minority":84.8,"efa_has_duplicate":0,"efa_mc1":0,"efa_sc1":0,"efa_mc2":1,"efa_sc2":0,"efa_mc3":1,"efa_sc3":0,"efa_mc4":1,"efa_sc4":0,"efa_mc5":0,"efa_sc5":0,"efa_has_split":0},"geometry":{"type":"Polygon","coordinates":[[[-75.674021,39.644313],[-75.672994,39.641795],[-75.672593,39.641495],[-75.670386,39.64253],[-75.669339,39.64286],[-75.665755,39.643299],[-75.665233,39.642967],[-75.664186,39.643441],[-75.660499,39.638379],[-75.658947,39.636882],[-75.659174,39.635874],[-75.663631,39.636357],[-75.664234,39.635969],[-75.672085,39.639699],[-75.675098,39.643602],[-75.674021,39.644313]]]}},{"id":"394","type":"Feature","properties":{"GEOID":"100030148033","eb":6.14,"sv":2.15,"county":"New Castle","pop":693.0,"pm25_pct":51.0,"diesel_pct":68.0,"cancer_pct":51.0,"traffic_pct":63.0,"superfund_pct":73.0,"lowinc_pct":0.236652237,"unemp_pct":0.0,"lingiso_pct":0.028455285,"poc_pct":57.0,"sv_health":3.6,"efa":"Not EFA","name":"New Castle BG 148033","efa_hisp_pct":7.0,"efa_black_pct":24.5,"efa_lingiso_pct":4.8,"efa_lingiso_sp":0,"efa_poverty_pct":26.9,"efa_mhhi":130972.0,"efa_combined_minority":54.8,"efa_has_duplicate":0,"efa_mc1":1,"efa_sc1":1,"efa_mc2":0,"efa_sc2":0,"efa_mc3":1,"efa_sc3":0,"efa_mc4":0,"efa_sc4":0,"efa_mc5":0,"efa_sc5":0,"efa_has_split":0},"geometry":{"type":"Polygon","coordinates":[[[-75.7884314346714,39.6543181275155],[-75.772651,39.668429],[-75.771723,39.669314],[-75.774245,39.66424],[-75.774097,39.662405],[-75.771831,39.660911],[-75.770702,39.659367],[-75.765344,39.659376],[-75.764336,39.657689],[-75.761949,39.656782],[-75.75853,39.656919],[-75.75727,39.657661],[-75.757491,39.655646],[-75.756605,39.654107],[-75.754478,39.653557],[-75.759251,39.65183],[-75.760552,39.651702],[-75.761273,39.651648],[-75.764672,39.651344],[-75.769976,39.649314],[-75.769463,39.653182],[-75.768528,39.652959],[-75.768776,39.655217],[-75.770847,39.658237],[-75.774188,39.657072],[-75.780333,39.651847],[-75.780457,39.652542],[-75.780645,39.653079],[-75.780935,39.653657],[-75.78136,39.654267],[-75.781757,39.654733],[-75.782203,39.654297],[-75.7880955854846,39.6485475267544],[-75.7881146121039,39.6488744443938],[-75.7884309006792,39.6543089523983],[-75.7884314346714,39.6543181275155]]]}},{"id":"395","type":"Feature","properties":{"GEOID":"100030149036","eb":5.08,"sv":2.36,"county":"New Castle","pop":1459.0,"pm25_pct":52.0,"diesel_pct":58.0,"cancer_pct":51.0,"traffic_pct":39.0,"superfund_pct":75.0,"lowinc_pct":0.243317341,"unemp_pct":0.060191518,"lingiso_pct":0.05204461,"poc_pct":73.0,"sv_health":4.23,"efa":"Not EFA","name":"New Castle BG 149036","efa_hisp_pct":14.1,"efa_black_pct":30.3,"efa_lingiso_pct":0,"efa_lingiso_sp":null,"efa_poverty_pct":4.9,"efa_mhhi":75734.0,"efa_combined_minority":49.1,"efa_has_duplicate":0,"efa_mc1":0,"efa_sc1":0,"efa_mc2":0,"efa_sc2":0,"efa_mc3":0,"efa_sc3":0,"efa_mc4":0,"efa_sc4":0,"efa_mc5":0,"efa_sc5":0,"efa_has_split":0},"geometry":{"type":"Polygon","coordinates":[[[-75.69408,39.632468],[-75.688579,39.635857],[-75.686096,39.635013],[-75.684736,39.633604],[-75.683976,39.633343],[-75.682433,39.633858],[-75.680701,39.637585],[-75.677853,39.633758],[-75.670646,39.627833],[-75.678088,39.624844],[-75.680995,39.627293],[-75.68211,39.626462],[-75.685154,39.628829],[-75.686695,39.62726],[-75.687007,39.628511],[-75.688756,39.629274],[-75.690593,39.628804],[-75.69306,39.631303],[-75.69408,39.632468]]]}},{"id":"396","type":"Feature","properties":{"GEOID":"100050504011","eb":2.16,"sv":3.49,"county":"Sussex","pop":1836.0,"pm25_pct":38.0,"diesel_pct":0.0,"cancer_pct":0.0,"traffic_pct":14.0,"superfund_pct":47.0,"lowinc_pct":0.336056645,"unemp_pct":0.103589744,"lingiso_pct":0.0,"poc_pct":25.0,"sv_health":4.62,"efa":"Not EFA","name":"Sussex BG 504011","efa_hisp_pct":1.3,"efa_black_pct":9.4,"efa_lingiso_pct":0,"efa_lingiso_sp":null,"efa_poverty_pct":12.4,"efa_mhhi":63164.0,"efa_combined_minority":19.2,"efa_has_duplicate":0,"efa_mc1":0,"efa_sc1":0,"efa_mc2":0,"efa_sc2":0,"efa_mc3":0,"efa_sc3":0,"efa_mc4":0,"efa_sc4":0,"efa_mc5":0,"efa_sc5":0,"efa_has_split":0},"geometry":{"type":"Polygon","coordinates":[[[-75.7128761553959,38.7056397580475],[-75.709012,38.705277],[-75.704283,38.703449],[-75.701585,38.703207],[-75.693149,38.703903],[-75.690563,38.7046],[-75.681419,38.707795],[-75.67323,38.709992],[-75.668622,38.71037],[-75.664107,38.709936],[-75.660922,38.710385],[-75.648976,38.716291],[-75.646265,38.718195],[-75.629927,38.709302],[-75.627416,38.707671],[-75.629453,38.702393],[-75.633513,38.693468],[-75.634841,38.691557],[-75.636977,38.686917],[-75.639884,38.684056],[-75.639602,38.680432],[-75.638377,38.67788],[-75.637533,38.672668],[-75.637893,38.667629],[-75.636772,38.662716],[-75.635702,38.659764],[-75.635599,38.659489],[-75.633727,38.655031],[-75.633315,38.654089],[-75.63272,38.652706],[-75.632157,38.651419],[-75.629569,38.645449],[-75.63757,38.643975],[-75.639265,38.643474],[-75.642538,38.642184],[-75.643449,38.641856],[-75.644113,38.641707],[-75.644429,38.641662],[-75.648631,38.641655],[-75.661762,38.641829],[-75.664853,38.641776],[-75.678857,38.639571],[-75.685389,38.639421],[-75.688873,38.639128],[-75.702327,38.635892],[-75.7073556815366,38.6354031774734],[-75.7095268008649,38.6630261680944],[-75.7122765948478,38.6980115935414],[-75.7128761553959,38.7056397580475]]]}},{"id":"397","type":"Feature","properties":{"GEOID":"100030149042","eb":6.46,"sv":2.36,"county":"New Castle","pop":2734.0,"pm25_pct":56.0,"diesel_pct":93.0,"cancer_pct":51.0,"traffic_pct":87.0,"superfund_pct":91.0,"lowinc_pct":0.100585223,"unemp_pct":0.057901907,"lingiso_pct":0.0,"poc_pct":82.0,"sv_health":3.63,"efa":"Not EFA","name":"New Castle BG 149042","efa_hisp_pct":18.6,"efa_black_pct":38.7,"efa_lingiso_pct":0,"efa_lingiso_sp":null,"efa_poverty_pct":9.2,"efa_mhhi":92000.0,"efa_combined_minority":66.2,"efa_has_duplicate":0,"efa_mc1":0,"efa_sc1":0,"efa_mc2":0,"efa_sc2":0,"efa_mc3":0,"efa_sc3":0,"efa_mc4":0,"efa_sc4":0,"efa_mc5":0,"efa_sc5":0,"efa_has_split":0},"geometry":{"type":"Polygon","coordinates":[[[-75.655039,39.659989],[-75.652706,39.661096],[-75.649462,39.662044],[-75.643409,39.662562],[-75.642095,39.662636],[-75.637455,39.658573],[-75.634933,39.655133],[-75.633592,39.653244],[-75.63109,39.648317],[-75.634043,39.647594],[-75.641607,39.6487],[-75.644606,39.649963],[-75.646899,39.653411],[-75.649364,39.654946],[-75.649948,39.655142],[-75.651869,39.655606],[-75.654619,39.656661],[-75.654639,39.658222],[-75.655039,39.659989]]]}},{"id":"399","type":"Feature","properties":{"GEOID":"100030154001","eb":8.1,"sv":3.39,"county":"New Castle","pop":1150.0,"pm25_pct":72.0,"diesel_pct":100.0,"cancer_pct":99.0,"traffic_pct":80.0,"superfund_pct":89.0,"lowinc_pct":0.494782609,"unemp_pct":0.069724771,"lingiso_pct":0.0,"poc_pct":96.0,"sv_health":4.25,"efa":"Significant","name":"New Castle BG 154001","efa_hisp_pct":8.1,"efa_black_pct":82.6,"efa_lingiso_pct":0,"efa_lingiso_sp":null,"efa_poverty_pct":6.0,"efa_mhhi":59006.0,"efa_combined_minority":92.0,"efa_has_duplicate":1,"efa_mc1":0,"efa_sc1":0,"efa_mc2":1,"efa_sc2":1,"efa_mc3":0,"efa_sc3":0,"efa_mc4":0,"efa_sc4":0,"efa_mc5":0,"efa_sc5":0,"efa_has_split":1},"geometry":{"type":"Polygon","coordinates":[[[-75.564216,39.709794],[-75.55658,39.718314],[-75.556036,39.719274],[-75.555679,39.720516],[-75.555684,39.721576],[-75.555791,39.726286],[-75.555118,39.725381],[-75.553291,39.725734],[-75.547709,39.723558],[-75.544844,39.722411],[-75.548342,39.711393],[-75.551193,39.714664],[-75.551429,39.713604],[-75.556597,39.710908],[-75.558308,39.708996],[-75.557729,39.707676],[-75.554627,39.704001],[-75.551223,39.702866],[-75.552426,39.699508],[-75.555765,39.701302],[-75.561969,39.708553],[-75.564216,39.709794]]]}},{"id":"400","type":"Feature","properties":{"GEOID":"100030159001","eb":7.93,"sv":3.02,"county":"New Castle","pop":1138.0,"pm25_pct":66.0,"diesel_pct":90.0,"cancer_pct":99.0,"traffic_pct":97.0,"superfund_pct":89.0,"lowinc_pct":0.259226714,"unemp_pct":0.029745042,"lingiso_pct":0.0,"poc_pct":70.0,"sv_health":3.94,"efa":"Not EFA","name":"New Castle BG 159001","efa_hisp_pct":15.7,"efa_black_pct":20.1,"efa_lingiso_pct":0,"efa_lingiso_sp":null,"efa_poverty_pct":19.1,"efa_mhhi":56827.0,"efa_combined_minority":35.8,"efa_has_duplicate":0,"efa_mc1":0,"efa_sc1":0,"efa_mc2":0,"efa_sc2":0,"efa_mc3":0,"efa_sc3":0,"efa_mc4":0,"efa_sc4":0,"efa_mc5":0,"efa_sc5":0,"efa_has_split":0},"geometry":{"type":"Polygon","coordinates":[[[-75.572111,39.69666],[-75.562835,39.696342],[-75.55368,39.695751],[-75.556495,39.687807],[-75.557146,39.687846],[-75.565457,39.69199],[-75.565056,39.69244],[-75.574011,39.696299],[-75.572111,39.69666]]]}},{"id":"401","type":"Feature","properties":{"GEOID":"100030166081","eb":3.43,"sv":2.03,"county":"New Castle","pop":1241.0,"pm25_pct":46.0,"diesel_pct":45.0,"cancer_pct":0.0,"traffic_pct":27.0,"superfund_pct":38.0,"lowinc_pct":0.042707494,"unemp_pct":0.022020725,"lingiso_pct":0.0,"poc_pct":16.0,"sv_health":3.44,"efa":"Not EFA","name":"New Castle BG 166081","efa_hisp_pct":0,"efa_black_pct":6.3,"efa_lingiso_pct":0,"efa_lingiso_sp":null,"efa_poverty_pct":0,"efa_mhhi":137647.0,"efa_combined_minority":14.1,"efa_has_duplicate":0,"efa_mc1":0,"efa_sc1":0,"efa_mc2":0,"efa_sc2":0,"efa_mc3":0,"efa_sc3":0,"efa_mc4":0,"efa_sc4":0,"efa_mc5":0,"efa_sc5":0,"efa_has_split":0},"geometry":{"type":"MultiPolygon","coordinates":[[[[-75.567522,39.510205],[-75.564766,39.515949],[-75.562578,39.519112],[-75.561325,39.519471],[-75.560378,39.518553],[-75.561438,39.515523],[-75.565454,39.509407],[-75.566813,39.509189],[-75.567522,39.510205]]],[[[-75.65104,39.552644],[-75.647125,39.554004],[-75.642411,39.55497],[-75.637719,39.555254],[-75.633716,39.555058],[-75.620568,39.552827],[-75.618807,39.552808],[-75.61113,39.5537],[-75.59547,39.556366],[-75.582273,39.558248],[-75.568868,39.560248],[-75.5641182880885,39.5606837276848],[-75.564649,39.559922],[-75.565636,39.558509],[-75.569359,39.540589],[-75.569418,39.539124],[-75.570362,39.527223],[-75.572364,39.517101],[-75.5726162362816,39.516560443144],[-75.5728617838116,39.5160342206675],[-75.584494,39.518245],[-75.590856,39.519452],[-75.592988,39.519736],[-75.59803,39.51916],[-75.615329,39.515039],[-75.621927,39.511956],[-75.630487,39.506962],[-75.632236,39.504536],[-75.637279,39.501828],[-75.649514,39.499955],[-75.6494,39.504888],[-75.648967,39.535731],[-75.648739,39.546578],[-75.64898,39.548977],[-75.65104,39.552644]]]]}},{"id":"402","type":"Feature","properties":{"GEOID":"100030161001","eb":6.74,"sv":2.41,"county":"New Castle","pop":1064.0,"pm25_pct":63.0,"diesel_pct":61.0,"cancer_pct":51.0,"traffic_pct":61.0,"superfund_pct":88.0,"lowinc_pct":0.15131579,"unemp_pct":0.016491754,"lingiso_pct":0.0,"poc_pct":64.0,"sv_health":3.95,"efa":"Not EFA","name":"New Castle BG 161001","efa_hisp_pct":5.5,"efa_black_pct":39.7,"efa_lingiso_pct":0,"efa_lingiso_sp":null,"efa_poverty_pct":4.6,"efa_mhhi":92000.0,"efa_combined_minority":46.5,"efa_has_duplicate":0,"efa_mc1":0,"efa_sc1":0,"efa_mc2":0,"efa_sc2":0,"efa_mc3":0,"efa_sc3":0,"efa_mc4":0,"efa_sc4":0,"efa_mc5":0,"efa_sc5":0,"efa_has_split":0},"geometry":{"type":"Polygon","coordinates":[[[-75.574705,39.672145],[-75.57123,39.671123],[-75.570292,39.671809],[-75.570399,39.674655],[-75.568932,39.676476],[-75.568813,39.675487],[-75.565661,39.677578],[-75.563727,39.675799],[-75.561073,39.676174],[-75.559261,39.680016],[-75.55809,39.683338],[-75.55793,39.683735],[-75.555496,39.682255],[-75.555922,39.67782],[-75.554027,39.67723],[-75.5508077933438,39.6703554837718],[-75.5537715895688,39.6668202699997],[-75.5565726400012,39.6634791792793],[-75.5568448905546,39.6631544390364],[-75.557911,39.66405],[-75.558008,39.66413],[-75.560637,39.665022],[-75.561871,39.665358],[-75.562411,39.665611],[-75.562925,39.665852],[-75.565764,39.666882],[-75.568318,39.667501],[-75.574438,39.670212],[-75.574705,39.672145]]]}},{"id":"403","type":"Feature","properties":{"GEOID":"100030152002","eb":7.37,"sv":3.15,"county":"New Castle","pop":949.0,"pm25_pct":70.0,"diesel_pct":99.0,"cancer_pct":51.0,"traffic_pct":81.0,"superfund_pct":96.0,"lowinc_pct":0.145416228,"unemp_pct":0.028340081,"lingiso_pct":0.0,"poc_pct":81.0,"sv_health":3.89,"efa":"Not EFA","name":"New Castle BG 152002","efa_hisp_pct":33.7,"efa_black_pct":7.6,"efa_lingiso_pct":3.1,"efa_lingiso_sp":100.0,"efa_poverty_pct":0,"efa_mhhi":155042.0,"efa_combined_minority":69.8,"efa_has_duplicate":0,"efa_mc1":0,"efa_sc1":0,"efa_mc2":0,"efa_sc2":0,"efa_mc3":0,"efa_sc3":0,"efa_mc4":0,"efa_sc4":0,"efa_mc5":0,"efa_sc5":0,"efa_has_split":0},"geometry":{"type":"Polygon","coordinates":[[[-75.588588,39.692816],[-75.5892,39.693232],[-75.590569,39.694915],[-75.589733,39.696099],[-75.589041,39.695345],[-75.587054,39.69509],[-75.584558,39.693555],[-75.584339,39.692864],[-75.583676,39.691501],[-75.581741,39.690194],[-75.584259,39.687404],[-75.587483,39.689139],[-75.591731,39.689279],[-75.588588,39.692816]]]}},{"id":"404","type":"Feature","properties":{"GEOID":"100030135014","eb":5.1,"sv":2.45,"county":"New Castle","pop":1214.0,"pm25_pct":87.0,"diesel_pct":47.0,"cancer_pct":51.0,"traffic_pct":36.0,"superfund_pct":63.0,"lowinc_pct":0.144985104,"unemp_pct":0.041284404,"lingiso_pct":0.0,"poc_pct":12.0,"sv_health":3.28,"efa":"Not EFA","name":"New Castle BG 135014","efa_hisp_pct":0.5,"efa_black_pct":4.0,"efa_lingiso_pct":0,"efa_lingiso_sp":null,"efa_poverty_pct":1.0,"efa_mhhi":114444.0,"efa_combined_minority":8.3,"efa_has_duplicate":0,"efa_mc1":0,"efa_sc1":0,"efa_mc2":0,"efa_sc2":0,"efa_mc3":0,"efa_sc3":0,"efa_mc4":0,"efa_sc4":0,"efa_mc5":0,"efa_sc5":0,"efa_has_split":0},"geometry":{"type":"Polygon","coordinates":[[[-75.664784,39.778456],[-75.661543,39.775259],[-75.649921,39.782179],[-75.646882,39.783606],[-75.644205,39.783168],[-75.642792,39.780961],[-75.640079,39.783344],[-75.64027,39.785986],[-75.639779,39.786227],[-75.639751,39.78505],[-75.637488,39.781566],[-75.636781,39.778421],[-75.640419,39.775482],[-75.641249,39.774119],[-75.640473,39.772998],[-75.637356,39.771373],[-75.635381,39.769765],[-75.634941,39.767032],[-75.636385,39.765727],[-75.638221,39.765627],[-75.641658,39.766864],[-75.642587,39.76672],[-75.64266,39.764411],[-75.641789,39.762793],[-75.640472,39.762694],[-75.640276,39.764367],[-75.639202,39.76474],[-75.63619,39.762658],[-75.639898,39.76219],[-75.642456,39.762559],[-75.646406,39.764006],[-75.652312,39.765234],[-75.655698,39.767035],[-75.657566,39.768045],[-75.660472,39.769549],[-75.664236,39.771053],[-75.664784,39.778456]]]}},{"id":"405","type":"Feature","properties":{"GEOID":"100030131002","eb":6.09,"sv":3.03,"county":"New Castle","pop":843.0,"pm25_pct":71.0,"diesel_pct":82.0,"cancer_pct":51.0,"traffic_pct":62.0,"superfund_pct":84.0,"lowinc_pct":0.145907473,"unemp_pct":0.05942623,"lingiso_pct":0.0,"poc_pct":54.0,"sv_health":3.98,"efa":"Not EFA","name":"New Castle BG 131002","efa_hisp_pct":26.5,"efa_black_pct":0,"efa_lingiso_pct":0,"efa_lingiso_sp":null,"efa_poverty_pct":1.1,"efa_mhhi":104107.0,"efa_combined_minority":34.7,"efa_has_duplicate":0,"efa_mc1":0,"efa_sc1":0,"efa_mc2":0,"efa_sc2":0,"efa_mc3":0,"efa_sc3":0,"efa_mc4":0,"efa_sc4":0,"efa_mc5":0,"efa_sc5":0,"efa_has_split":0},"geometry":{"type":"Polygon","coordinates":[[[-75.651835,39.726132],[-75.645743,39.727544],[-75.645246,39.72752],[-75.638646,39.725919],[-75.638962,39.724056],[-75.645444,39.721865],[-75.645174,39.722283],[-75.647421,39.723739],[-75.648986,39.72308],[-75.651835,39.726132]]]}},{"id":"406","type":"Feature","properties":{"GEOID":"100030133002","eb":5.85,"sv":2.1,"county":"New Castle","pop":693.0,"pm25_pct":71.0,"diesel_pct":75.0,"cancer_pct":51.0,"traffic_pct":90.0,"superfund_pct":64.0,"lowinc_pct":0.049062049,"unemp_pct":0.055679287,"lingiso_pct":0.0,"poc_pct":17.0,"sv_health":3.8,"efa":"Not EFA","name":"New Castle BG 133002","efa_hisp_pct":8.2,"efa_black_pct":3.3,"efa_lingiso_pct":2.2,"efa_lingiso_sp":0,"efa_poverty_pct":0.1,"efa_mhhi":75357.0,"efa_combined_minority":15.6,"efa_has_duplicate":0,"efa_mc1":0,"efa_sc1":0,"efa_mc2":0,"efa_sc2":0,"efa_mc3":0,"efa_sc3":0,"efa_mc4":0,"efa_sc4":0,"efa_mc5":0,"efa_sc5":0,"efa_has_split":0},"geometry":{"type":"Polygon","coordinates":[[[-75.669654,39.727397],[-75.667093,39.728984],[-75.667653,39.730377],[-75.666786,39.730783],[-75.66597,39.731127],[-75.66356,39.731911],[-75.661327,39.732392],[-75.659883,39.729917],[-75.663045,39.727022],[-75.659164,39.724483],[-75.658218,39.723717],[-75.660067,39.722745],[-75.663017,39.72121],[-75.665832,39.71978],[-75.66649,39.722881],[-75.667108,39.723535],[-75.668993,39.724848],[-75.669654,39.727397]]]}},{"id":"407","type":"Feature","properties":{"GEOID":"100030133001","eb":6.07,"sv":2.37,"county":"New Castle","pop":1231.0,"pm25_pct":71.0,"diesel_pct":75.0,"cancer_pct":51.0,"traffic_pct":81.0,"superfund_pct":79.0,"lowinc_pct":0.212022746,"unemp_pct":0.043478261,"lingiso_pct":0.034632035,"poc_pct":46.0,"sv_health":3.8,"efa":"Not EFA","name":"New Castle BG 133001","efa_hisp_pct":23.9,"efa_black_pct":0.3,"efa_lingiso_pct":6.2,"efa_lingiso_sp":100.0,"efa_poverty_pct":4.6,"efa_mhhi":79904.0,"efa_combined_minority":26.4,"efa_has_duplicate":0,"efa_mc1":0,"efa_sc1":0,"efa_mc2":0,"efa_sc2":0,"efa_mc3":0,"efa_sc3":0,"efa_mc4":0,"efa_sc4":0,"efa_mc5":0,"efa_sc5":0,"efa_has_split":0},"geometry":{"type":"Polygon","coordinates":[[[-75.659883,39.729917],[-75.661327,39.732392],[-75.660113,39.732692],[-75.655851,39.734909],[-75.653277,39.729859],[-75.649285,39.728305],[-75.653418,39.726167],[-75.658218,39.723717],[-75.659164,39.724483],[-75.663045,39.727022],[-75.659883,39.729917]]]}},{"id":"408","type":"Feature","properties":{"GEOID":"100030136041","eb":4.54,"sv":1.9,"county":"New Castle","pop":986.0,"pm25_pct":67.0,"diesel_pct":67.0,"cancer_pct":51.0,"traffic_pct":32.0,"superfund_pct":45.0,"lowinc_pct":0.10040568,"unemp_pct":0.043659044,"lingiso_pct":0.013262599,"poc_pct":12.0,"sv_health":3.36,"efa":"Not EFA","name":"New Castle BG 136041","efa_hisp_pct":1.2,"efa_black_pct":4.5,"efa_lingiso_pct":2.2,"efa_lingiso_sp":0,"efa_poverty_pct":0,"efa_mhhi":149405.0,"efa_combined_minority":11.6,"efa_has_duplicate":0,"efa_mc1":0,"efa_sc1":0,"efa_mc2":0,"efa_sc2":0,"efa_mc3":0,"efa_sc3":0,"efa_mc4":0,"efa_sc4":0,"efa_mc5":0,"efa_sc5":0,"efa_has_split":0},"geometry":{"type":"Polygon","coordinates":[[[-75.699127,39.721848],[-75.696869,39.72274],[-75.69296,39.726364],[-75.692782,39.726562],[-75.69172,39.728139],[-75.687611,39.725329],[-75.681204,39.725091],[-75.680473,39.72257],[-75.679551,39.722145],[-75.680139,39.720142],[-75.678238,39.711796],[-75.681471,39.709326],[-75.681588,39.709251],[-75.683726,39.712686],[-75.683901,39.712787],[-75.68804,39.713044],[-75.694784,39.713462],[-75.695021,39.713488],[-75.695615,39.713547],[-75.696266,39.714947],[-75.696784,39.715685],[-75.699127,39.719746],[-75.699127,39.721848]]]}},{"id":"409","type":"Feature","properties":{"GEOID":"100030136081","eb":5.1,"sv":2.09,"county":"New Castle","pop":1151.0,"pm25_pct":65.0,"diesel_pct":81.0,"cancer_pct":51.0,"traffic_pct":64.0,"superfund_pct":45.0,"lowinc_pct":0.090909091,"unemp_pct":0.055467512,"lingiso_pct":0.016666667,"poc_pct":15.0,"sv_health":3.55,"efa":"Not EFA","name":"New Castle BG 136081","efa_hisp_pct":2.5,"efa_black_pct":0.1,"efa_lingiso_pct":1.6,"efa_lingiso_sp":100.0,"efa_poverty_pct":2.3,"efa_mhhi":89375.0,"efa_combined_minority":6.5,"efa_has_duplicate":0,"efa_mc1":0,"efa_sc1":0,"efa_mc2":0,"efa_sc2":0,"efa_mc3":0,"efa_sc3":0,"efa_mc4":0,"efa_sc4":0,"efa_mc5":0,"efa_sc5":0,"efa_has_split":0},"geometry":{"type":"Polygon","coordinates":[[[-75.695651,39.703218],[-75.694877,39.708846],[-75.69393,39.710803],[-75.695021,39.713488],[-75.694784,39.713462],[-75.68804,39.713044],[-75.69056,39.710926],[-75.688676,39.70897],[-75.688153,39.706663],[-75.685911,39.708213],[-75.684399,39.707059],[-75.686833,39.705309],[-75.688207,39.70464],[-75.696235,39.70203],[-75.695651,39.703218]]]}},{"id":"410","type":"Feature","properties":{"GEOID":"100030164012","eb":4.99,"sv":2.6,"county":"New Castle","pop":2709.0,"pm25_pct":47.0,"diesel_pct":66.0,"cancer_pct":0.0,"traffic_pct":60.0,"superfund_pct":81.0,"lowinc_pct":0.345198369,"unemp_pct":0.102857143,"lingiso_pct":0.0,"poc_pct":61.0,"sv_health":3.43,"efa":"Moderate","name":"New Castle BG 164012","efa_hisp_pct":11.6,"efa_black_pct":17.2,"efa_lingiso_pct":0,"efa_lingiso_sp":null,"efa_poverty_pct":16.1,"efa_mhhi":148636.0,"efa_combined_minority":48.5,"efa_has_duplicate":1,"efa_mc1":1,"efa_sc1":0,"efa_mc2":0,"efa_sc2":0,"efa_mc3":0,"efa_sc3":0,"efa_mc4":0,"efa_sc4":0,"efa_mc5":0,"efa_sc5":0,"efa_has_split":1},"geometry":{"type":"Polygon","coordinates":[[[-75.69657,39.571833],[-75.692324,39.575863],[-75.687537,39.572556],[-75.682837,39.570245],[-75.681908,39.5684],[-75.680581,39.567367],[-75.67528,39.567092],[-75.673754,39.565071],[-75.672413,39.56585],[-75.670796,39.565378],[-75.668722,39.568155],[-75.666592,39.571947],[-75.666278,39.574869],[-75.665097,39.580804],[-75.658635,39.579485],[-75.657712,39.579394],[-75.655098,39.569348],[-75.652278,39.554762],[-75.65104,39.552644],[-75.656077,39.550028],[-75.656238,39.549936],[-75.662139,39.55639],[-75.663022,39.557725],[-75.663655,39.559831],[-75.674266,39.560337],[-75.679912,39.562461],[-75.687123,39.564408],[-75.695457,39.569141],[-75.696911,39.5702],[-75.69657,39.571833]]]}},{"id":"411","type":"Feature","properties":{"GEOID":"100030164011","eb":5.09,"sv":2.34,"county":"New Castle","pop":1514.0,"pm25_pct":47.0,"diesel_pct":66.0,"cancer_pct":0.0,"traffic_pct":54.0,"superfund_pct":89.0,"lowinc_pct":0.175693527,"unemp_pct":0.006060606,"lingiso_pct":0.0,"poc_pct":39.0,"sv_health":3.43,"efa":"Not EFA","name":"New Castle BG 164011","efa_hisp_pct":0,"efa_black_pct":22.1,"efa_lingiso_pct":0,"efa_lingiso_sp":null,"efa_poverty_pct":3.5,"efa_mhhi":114750.0,"efa_combined_minority":30.2,"efa_has_duplicate":0,"efa_mc1":0,"efa_sc1":0,"efa_mc2":0,"efa_sc2":0,"efa_mc3":0,"efa_sc3":0,"efa_mc4":0,"efa_sc4":0,"efa_mc5":0,"efa_sc5":0,"efa_has_split":0},"geometry":{"type":"Polygon","coordinates":[[[-75.69193,39.57625],[-75.68455,39.585381],[-75.681703,39.584555],[-75.665097,39.580804],[-75.666278,39.574869],[-75.666592,39.571947],[-75.668722,39.568155],[-75.670796,39.565378],[-75.672413,39.56585],[-75.673754,39.565071],[-75.67528,39.567092],[-75.680581,39.567367],[-75.681908,39.5684],[-75.682837,39.570245],[-75.687537,39.572556],[-75.692324,39.575863],[-75.69193,39.57625]]]}},{"id":"412","type":"Feature","properties":{"GEOID":"100030139011","eb":5.78,"sv":2.77,"county":"New Castle","pop":984.0,"pm25_pct":60.0,"diesel_pct":88.0,"cancer_pct":51.0,"traffic_pct":82.0,"superfund_pct":61.0,"lowinc_pct":0.267276423,"unemp_pct":0.0,"lingiso_pct":0.059701493,"poc_pct":81.0,"sv_health":3.76,"efa":"Not EFA","name":"New Castle BG 139011","efa_hisp_pct":21.7,"efa_black_pct":24.9,"efa_lingiso_pct":2.3,"efa_lingiso_sp":100.0,"efa_poverty_pct":6.6,"efa_mhhi":63571.0,"efa_combined_minority":51.4,"efa_has_duplicate":0,"efa_mc1":0,"efa_sc1":0,"efa_mc2":0,"efa_sc2":0,"efa_mc3":0,"efa_sc3":0,"efa_mc4":0,"efa_sc4":0,"efa_mc5":0,"efa_sc5":0,"efa_has_split":0},"geometry":{"type":"Polygon","coordinates":[[[-75.698721,39.677399],[-75.696214,39.678733],[-75.695988,39.678859],[-75.695691,39.6788],[-75.689523,39.67816],[-75.686398,39.677246],[-75.686662,39.676714],[-75.688686,39.677309],[-75.692871,39.676961],[-75.692605,39.676107],[-75.688072,39.673822],[-75.691869,39.670729],[-75.690506,39.669489],[-75.68928,39.666353],[-75.68672,39.666312],[-75.692612,39.662327],[-75.696808,39.65901],[-75.696645,39.660257],[-75.696053,39.66966],[-75.696918,39.671735],[-75.698614,39.677276],[-75.698721,39.677399]]]}},{"id":"413","type":"Feature","properties":{"GEOID":"100030002006","eb":6.69,"sv":2.8,"county":"New Castle","pop":1810.0,"pm25_pct":91.0,"diesel_pct":76.0,"cancer_pct":51.0,"traffic_pct":57.0,"superfund_pct":53.0,"lowinc_pct":0.268508287,"unemp_pct":0.0,"lingiso_pct":0.0,"poc_pct":91.0,"sv_health":4.42,"efa":"Moderate","name":"New Castle BG 2006","efa_hisp_pct":7.3,"efa_black_pct":70.7,"efa_lingiso_pct":0,"efa_lingiso_sp":null,"efa_poverty_pct":2.7,"efa_mhhi":54922.0,"efa_combined_minority":79.0,"efa_has_duplicate":0,"efa_mc1":0,"efa_sc1":0,"efa_mc2":1,"efa_sc2":0,"efa_mc3":0,"efa_sc3":0,"efa_mc4":0,"efa_sc4":0,"efa_mc5":0,"efa_sc5":0,"efa_has_split":0},"geometry":{"type":"Polygon","coordinates":[[[-75.537409,39.766887],[-75.535302,39.767388],[-75.533998,39.765659],[-75.535182,39.765114],[-75.533211,39.762922],[-75.531498,39.761467],[-75.531134,39.760384],[-75.534023,39.759078],[-75.535894,39.761579],[-75.539276,39.766037],[-75.537409,39.766887]]]}},{"id":"414","type":"Feature","properties":{"GEOID":"100030004001","eb":7.42,"sv":3.22,"county":"New Castle","pop":1139.0,"pm25_pct":89.0,"diesel_pct":86.0,"cancer_pct":51.0,"traffic_pct":98.0,"superfund_pct":55.0,"lowinc_pct":0.397717296,"unemp_pct":0.054249548,"lingiso_pct":0.177814029,"poc_pct":75.0,"sv_health":4.14,"efa":"Significant","name":"New Castle BG 4001","efa_hisp_pct":22.9,"efa_black_pct":32.6,"efa_lingiso_pct":20.1,"efa_lingiso_sp":100.0,"efa_poverty_pct":32.4,"efa_mhhi":28491.0,"efa_combined_minority":55.5,"efa_has_duplicate":0,"efa_mc1":0,"efa_sc1":0,"efa_mc2":0,"efa_sc2":0,"efa_mc3":1,"efa_sc3":0,"efa_mc4":1,"efa_sc4":1,"efa_mc5":1,"efa_sc5":0,"efa_has_split":0},"geometry":{"type":"Polygon","coordinates":[[[-75.551116,39.760907],[-75.549115,39.76277],[-75.542753,39.764613],[-75.542236,39.761202],[-75.544572,39.757819],[-75.54746,39.761145],[-75.550278,39.759888],[-75.551116,39.760907]]]}},{"id":"415","type":"Feature","properties":{"GEOID":"100030005003","eb":7.67,"sv":2.92,"county":"New Castle","pop":980.0,"pm25_pct":88.0,"diesel_pct":91.0,"cancer_pct":51.0,"traffic_pct":92.0,"superfund_pct":62.0,"lowinc_pct":0.147959184,"unemp_pct":0.059972106,"lingiso_pct":0.0,"poc_pct":98.0,"sv_health":4.16,"efa":"Significant","name":"New Castle BG 5003","efa_hisp_pct":0,"efa_black_pct":92.0,"efa_lingiso_pct":0,"efa_lingiso_sp":null,"efa_poverty_pct":25.9,"efa_mhhi":74886.0,"efa_combined_minority":96.4,"efa_has_duplicate":0,"efa_mc1":1,"efa_sc1":1,"efa_mc2":1,"efa_sc2":1,"efa_mc3":1,"efa_sc3":0,"efa_mc4":0,"efa_sc4":0,"efa_mc5":0,"efa_sc5":0,"efa_has_split":0},"geometry":{"type":"Polygon","coordinates":[[[-75.542912,39.755082],[-75.54142,39.755766],[-75.540813,39.756037],[-75.538692,39.753214],[-75.540885,39.752231],[-75.541203,39.752087],[-75.541905,39.751774],[-75.543317,39.753635],[-75.542912,39.755082]]]}},{"id":"416","type":"Feature","properties":{"GEOID":"100030030022","eb":7.14,"sv":4.46,"county":"New Castle","pop":1309.0,"pm25_pct":81.0,"diesel_pct":77.0,"cancer_pct":51.0,"traffic_pct":68.0,"superfund_pct":67.0,"lowinc_pct":0.743315508,"unemp_pct":0.096707819,"lingiso_pct":0.059241706,"poc_pct":93.0,"sv_health":5.61,"efa":"Significant","name":"New Castle BG 30022","efa_hisp_pct":6.9,"efa_black_pct":69.1,"efa_lingiso_pct":7.2,"efa_lingiso_sp":100.0,"efa_poverty_pct":51.0,"efa_mhhi":31638.0,"efa_combined_minority":86.7,"efa_has_duplicate":0,"efa_mc1":1,"efa_sc1":1,"efa_mc2":1,"efa_sc2":0,"efa_mc3":1,"efa_sc3":1,"efa_mc4":1,"efa_sc4":1,"efa_mc5":0,"efa_sc5":0,"efa_has_split":0},"geometry":{"type":"Polygon","coordinates":[[[-75.531615,39.746054],[-75.527966,39.749461],[-75.525216,39.752018],[-75.522049,39.753341],[-75.521537,39.753472],[-75.520499,39.752119],[-75.517361,39.753257],[-75.518454,39.751781],[-75.519394,39.750723],[-75.518477,39.749537],[-75.52625,39.745657],[-75.528202,39.744475],[-75.528739,39.744187],[-75.531615,39.746054]]]}},{"id":"417","type":"Feature","properties":{"GEOID":"100030012002","eb":7.08,"sv":1.55,"county":"New Castle","pop":812.0,"pm25_pct":87.0,"diesel_pct":85.0,"cancer_pct":51.0,"traffic_pct":82.0,"superfund_pct":53.0,"lowinc_pct":0.163793103,"unemp_pct":0.0,"lingiso_pct":0.0,"poc_pct":7.0,"sv_health":2.73,"efa":"Not EFA","name":"New Castle BG 12002","efa_hisp_pct":2.9,"efa_black_pct":7.7,"efa_lingiso_pct":0,"efa_lingiso_sp":null,"efa_poverty_pct":2.5,"efa_mhhi":81878.0,"efa_combined_minority":12.4,"efa_has_duplicate":0,"efa_mc1":0,"efa_sc1":0,"efa_mc2":0,"efa_sc2":0,"efa_mc3":0,"efa_sc3":0,"efa_mc4":0,"efa_sc4":0,"efa_mc5":0,"efa_sc5":0,"efa_has_split":0},"geometry":{"type":"Polygon","coordinates":[[[-75.568161,39.756316],[-75.565315,39.760563],[-75.562783,39.758259],[-75.561512,39.75865],[-75.560488,39.757717],[-75.561474,39.757088],[-75.563366,39.75431],[-75.567144,39.755667],[-75.567772,39.756035],[-75.568161,39.756316]]]}},{"id":"418","type":"Feature","properties":{"GEOID":"100030012001","eb":7.07,"sv":1.64,"county":"New Castle","pop":1035.0,"pm25_pct":87.0,"diesel_pct":85.0,"cancer_pct":51.0,"traffic_pct":79.0,"superfund_pct":50.0,"lowinc_pct":0.081256771,"unemp_pct":0.004518072,"lingiso_pct":0.0,"poc_pct":18.0,"sv_health":2.73,"efa":"Not EFA","name":"New Castle BG 12001","efa_hisp_pct":0.9,"efa_black_pct":6.9,"efa_lingiso_pct":6.9,"efa_lingiso_sp":0,"efa_poverty_pct":0.6,"efa_mhhi":110650.0,"efa_combined_minority":10.4,"efa_has_duplicate":0,"efa_mc1":0,"efa_sc1":0,"efa_mc2":0,"efa_sc2":0,"efa_mc3":0,"efa_sc3":0,"efa_mc4":0,"efa_sc4":0,"efa_mc5":0,"efa_sc5":0,"efa_has_split":0},"geometry":{"type":"Polygon","coordinates":[[[-75.565315,39.760563],[-75.562439,39.762448],[-75.560961,39.762648],[-75.557832,39.760728],[-75.557669,39.760395],[-75.558971,39.760029],[-75.559349,39.759895],[-75.558894,39.759449],[-75.560967,39.759025],[-75.561512,39.75865],[-75.562783,39.758259],[-75.565315,39.760563]]]}},{"id":"419","type":"Feature","properties":{"GEOID":"100030014001","eb":7.15,"sv":2.57,"county":"New Castle","pop":725.0,"pm25_pct":85.0,"diesel_pct":88.0,"cancer_pct":51.0,"traffic_pct":84.0,"superfund_pct":57.0,"lowinc_pct":0.324137931,"unemp_pct":0.018691589,"lingiso_pct":0.0,"poc_pct":44.0,"sv_health":4.65,"efa":"Not EFA","name":"New Castle BG 14001","efa_hisp_pct":1.0,"efa_black_pct":22.5,"efa_lingiso_pct":0,"efa_lingiso_sp":null,"efa_poverty_pct":22.5,"efa_mhhi":67500.0,"efa_combined_minority":29.3,"efa_has_duplicate":0,"efa_mc1":0,"efa_sc1":0,"efa_mc2":0,"efa_sc2":0,"efa_mc3":0,"efa_sc3":0,"efa_mc4":0,"efa_sc4":0,"efa_mc5":0,"efa_sc5":0,"efa_has_split":0},"geometry":{"type":"Polygon","coordinates":[[[-75.568855,39.755313],[-75.567772,39.756035],[-75.567144,39.755667],[-75.563366,39.75431],[-75.560813,39.753629],[-75.562292,39.75144],[-75.562887,39.750573],[-75.565244,39.751533],[-75.57013,39.753526],[-75.568855,39.755313]]]}},{"id":"420","type":"Feature","properties":{"GEOID":"100030029001","eb":7.96,"sv":3.96,"county":"New Castle","pop":975.0,"pm25_pct":79.0,"diesel_pct":96.0,"cancer_pct":51.0,"traffic_pct":91.0,"superfund_pct":77.0,"lowinc_pct":0.141538462,"unemp_pct":0.0,"lingiso_pct":0.0,"poc_pct":100.0,"sv_health":6.16,"efa":"Significant","name":"New Castle BG 29001","efa_hisp_pct":0,"efa_black_pct":98.4,"efa_lingiso_pct":0,"efa_lingiso_sp":null,"efa_poverty_pct":13.8,"efa_mhhi":43544.0,"efa_combined_minority":100.0,"efa_has_duplicate":1,"efa_mc1":1,"efa_sc1":0,"efa_mc2":1,"efa_sc2":1,"efa_mc3":0,"efa_sc3":0,"efa_mc4":1,"efa_sc4":0,"efa_mc5":0,"efa_sc5":0,"efa_has_split":1},"geometry":{"type":"Polygon","coordinates":[[[-75.543915,39.737413],[-75.542415,39.739621],[-75.541042,39.74164],[-75.539804,39.741141],[-75.537743,39.740325],[-75.537276,39.739567],[-75.537034,39.739702],[-75.534957,39.738797],[-75.531978,39.73988],[-75.526481,39.738032],[-75.526554,39.73405],[-75.529764,39.731832],[-75.532076,39.731283],[-75.53359,39.728605],[-75.533125,39.735169],[-75.535882,39.736191],[-75.537788,39.736254],[-75.540966,39.735414],[-75.541677,39.736424],[-75.542603,39.736886],[-75.542651,39.736905],[-75.543915,39.737413]]]}},{"id":"421","type":"Feature","properties":{"GEOID":"100030022002","eb":7.33,"sv":4.44,"county":"New Castle","pop":570.0,"pm25_pct":82.0,"diesel_pct":92.0,"cancer_pct":51.0,"traffic_pct":99.0,"superfund_pct":66.0,"lowinc_pct":0.638596491,"unemp_pct":0.128919861,"lingiso_pct":0.211055276,"poc_pct":97.0,"sv_health":5.43,"efa":"Significant","name":"New Castle BG 22002","efa_hisp_pct":50.1,"efa_black_pct":29.3,"efa_lingiso_pct":23.1,"efa_lingiso_sp":100.0,"efa_poverty_pct":71.6,"efa_mhhi":37174.0,"efa_combined_minority":96.3,"efa_has_duplicate":0,"efa_mc1":1,"efa_sc1":1,"efa_mc2":1,"efa_sc2":1,"efa_mc3":1,"efa_sc3":1,"efa_mc4":1,"efa_sc4":0,"efa_mc5":1,"efa_sc5":0,"efa_has_split":0},"geometry":{"type":"Polygon","coordinates":[[[-75.563426,39.744579],[-75.560724,39.743477],[-75.561973,39.741688],[-75.564626,39.742779],[-75.563426,39.744579]]]}},{"id":"422","type":"Feature","properties":{"GEOID":"100030024002","eb":6.55,"sv":3.66,"county":"New Castle","pop":1433.0,"pm25_pct":83.0,"diesel_pct":78.0,"cancer_pct":51.0,"traffic_pct":72.0,"superfund_pct":47.0,"lowinc_pct":0.452214452,"unemp_pct":0.156160459,"lingiso_pct":0.0,"poc_pct":61.0,"sv_health":4.57,"efa":"Significant","name":"New Castle BG 24002","efa_hisp_pct":4.6,"efa_black_pct":34.2,"efa_lingiso_pct":0,"efa_lingiso_sp":null,"efa_poverty_pct":29.2,"efa_mhhi":29066.0,"efa_combined_minority":50.7,"efa_has_duplicate":0,"efa_mc1":1,"efa_sc1":1,"efa_mc2":0,"efa_sc2":0,"efa_mc3":1,"efa_sc3":0,"efa_mc4":1,"efa_sc4":1,"efa_mc5":0,"efa_sc5":0,"efa_has_split":0},"geometry":{"type":"Polygon","coordinates":[[[-75.587482,39.758109],[-75.578566,39.754466],[-75.578608,39.754406],[-75.579104,39.753658],[-75.581755,39.749759],[-75.587136,39.751921],[-75.588502,39.752482],[-75.587482,39.758109]]]}},{"id":"423","type":"Feature","properties":{"GEOID":"100030025001","eb":7.2,"sv":3.25,"county":"New Castle","pop":957.0,"pm25_pct":80.0,"diesel_pct":88.0,"cancer_pct":51.0,"traffic_pct":75.0,"superfund_pct":74.0,"lowinc_pct":0.326018809,"unemp_pct":0.09009009,"lingiso_pct":0.033444816,"poc_pct":60.0,"sv_health":3.92,"efa":"Not EFA","name":"New Castle BG 25001","efa_hisp_pct":7.8,"efa_black_pct":39.3,"efa_lingiso_pct":5.8,"efa_lingiso_sp":100.0,"efa_poverty_pct":10.3,"efa_mhhi":null,"efa_combined_minority":48.0,"efa_has_duplicate":0,"efa_mc1":0,"efa_sc1":0,"efa_mc2":0,"efa_sc2":0,"efa_mc3":0,"efa_sc3":0,"efa_mc4":0,"efa_sc4":0,"efa_mc5":0,"efa_sc5":0,"efa_has_split":0},"geometry":{"type":"Polygon","coordinates":[[[-75.57447,39.737984],[-75.572603,39.740742],[-75.573529,39.741827],[-75.571097,39.74541],[-75.569136,39.744616],[-75.567433,39.743922],[-75.570989,39.738677],[-75.572006,39.737149],[-75.572106,39.737029],[-75.573257,39.735317],[-75.574668,39.737686],[-75.57447,39.737984]]]}},{"id":"424","type":"Feature","properties":{"GEOID":"100050505011","eb":3.03,"sv":3.18,"county":"Sussex","pop":1350.0,"pm25_pct":43.0,"diesel_pct":13.0,"cancer_pct":0.0,"traffic_pct":24.0,"superfund_pct":54.0,"lowinc_pct":0.307407407,"unemp_pct":0.017391304,"lingiso_pct":0.026431718,"poc_pct":46.0,"sv_health":4.27,"efa":"Moderate","name":"Sussex BG 505011","efa_hisp_pct":14.7,"efa_black_pct":5.5,"efa_lingiso_pct":2.2,"efa_lingiso_sp":100.0,"efa_poverty_pct":21.5,"efa_mhhi":66705.0,"efa_combined_minority":27.8,"efa_has_duplicate":0,"efa_mc1":1,"efa_sc1":0,"efa_mc2":0,"efa_sc2":0,"efa_mc3":0,"efa_sc3":0,"efa_mc4":0,"efa_sc4":0,"efa_mc5":0,"efa_sc5":0,"efa_has_split":0},"geometry":{"type":"Polygon","coordinates":[[[-75.45149,38.654343],[-75.43598,38.66238],[-75.435302,38.662929],[-75.43107,38.669459],[-75.42989,38.672147],[-75.430001,38.676981],[-75.429497,38.677753],[-75.422074,38.680991],[-75.421287,38.680999],[-75.412267,38.67968],[-75.408746,38.679529],[-75.401153,38.677742],[-75.399633,38.678972],[-75.39956,38.679031],[-75.396067,38.681838],[-75.395507,38.681051],[-75.385792,38.671263],[-75.368094,38.652959],[-75.337632,38.620575],[-75.346875,38.620031],[-75.351844,38.616704],[-75.356114,38.61884],[-75.357394,38.619053],[-75.366016,38.625507],[-75.372905,38.62881],[-75.374388,38.629319],[-75.382351,38.631059],[-75.39058,38.631574],[-75.392393,38.631908],[-75.395966,38.634089],[-75.401613,38.639709],[-75.409134,38.64036],[-75.416955,38.642893],[-75.423563,38.647705],[-75.425558,38.648754],[-75.430384,38.652066],[-75.452276,38.653719],[-75.45149,38.654343]]]}},{"id":"425","type":"Feature","properties":{"GEOID":"100050517023","eb":1.12,"sv":3.29,"county":"Sussex","pop":2057.0,"pm25_pct":34.0,"diesel_pct":3.0,"cancer_pct":0.0,"traffic_pct":14.0,"superfund_pct":22.0,"lowinc_pct":0.224817518,"unemp_pct":0.011730205,"lingiso_pct":0.0,"poc_pct":35.0,"sv_health":4.62,"efa":"Moderate","name":"Sussex BG 517023","efa_hisp_pct":1.9,"efa_black_pct":12.1,"efa_lingiso_pct":0,"efa_lingiso_sp":null,"efa_poverty_pct":15.1,"efa_mhhi":61458.0,"efa_combined_minority":22.3,"efa_has_duplicate":1,"efa_mc1":1,"efa_sc1":0,"efa_mc2":0,"efa_sc2":0,"efa_mc3":0,"efa_sc3":0,"efa_mc4":0,"efa_sc4":0,"efa_mc5":0,"efa_sc5":0,"efa_has_split":1},"geometry":{"type":"Polygon","coordinates":[[[-75.557089,38.507534],[-75.55698,38.513458],[-75.556262,38.549321],[-75.55641,38.555072],[-75.546064,38.55357],[-75.542962,38.553692],[-75.538669,38.554776],[-75.535296,38.554904],[-75.532315,38.554041],[-75.52479,38.551509],[-75.518012,38.548276],[-75.509492,38.545657],[-75.500166,38.543656],[-75.496893,38.543293],[-75.486299,38.542611],[-75.482018,38.542504],[-75.471629,38.541176],[-75.46457,38.537986],[-75.45941,38.527552],[-75.452967,38.519913],[-75.447283,38.508959],[-75.443321,38.503492],[-75.440867,38.498771],[-75.435714,38.488653],[-75.434154,38.485612],[-75.431563,38.48255],[-75.432666,38.478981],[-75.431298,38.476638],[-75.428256,38.474708],[-75.428466,38.471156],[-75.428958,38.469031],[-75.434133,38.468833],[-75.457008,38.472639],[-75.458434,38.473002],[-75.460033,38.473798],[-75.482885,38.488579],[-75.484779,38.489338],[-75.509654,38.494812],[-75.52185,38.496539],[-75.525645,38.497469],[-75.533505,38.499816],[-75.536486,38.500438],[-75.538199,38.500638],[-75.557204,38.501881],[-75.557089,38.507534]]]}},{"id":"426","type":"Feature","properties":{"GEOID":"100030101042","eb":7.31,"sv":2.68,"county":"New Castle","pop":1729.0,"pm25_pct":97.0,"diesel_pct":82.0,"cancer_pct":51.0,"traffic_pct":91.0,"superfund_pct":50.0,"lowinc_pct":0.187969925,"unemp_pct":0.035560345,"lingiso_pct":0.059097978,"poc_pct":66.0,"sv_health":3.75,"efa":"Not EFA","name":"New Castle BG 101042","efa_hisp_pct":19.6,"efa_black_pct":25.0,"efa_lingiso_pct":11.0,"efa_lingiso_sp":100.0,"efa_poverty_pct":3.6,"efa_mhhi":68750.0,"efa_combined_minority":48.6,"efa_has_duplicate":0,"efa_mc1":0,"efa_sc1":0,"efa_mc2":0,"efa_sc2":0,"efa_mc3":0,"efa_sc3":0,"efa_mc4":0,"efa_sc4":0,"efa_mc5":0,"efa_sc5":0,"efa_has_split":0},"geometry":{"type":"Polygon","coordinates":[[[-75.472654,39.789843],[-75.470197,39.792084],[-75.469786,39.792442],[-75.467931,39.794084],[-75.465884,39.795912],[-75.465771,39.796006],[-75.461488,39.793435],[-75.462802,39.792575],[-75.466129,39.790219],[-75.468536,39.788471],[-75.469388,39.787728],[-75.471477,39.785722],[-75.471665,39.787109],[-75.474206,39.788406],[-75.472654,39.789843]]]}},{"id":"427","type":"Feature","properties":{"GEOID":"100030102001","eb":7.13,"sv":2.35,"county":"New Castle","pop":1174.0,"pm25_pct":98.0,"diesel_pct":82.0,"cancer_pct":51.0,"traffic_pct":76.0,"superfund_pct":43.0,"lowinc_pct":0.091993186,"unemp_pct":0.011583012,"lingiso_pct":0.032786885,"poc_pct":67.0,"sv_health":3.45,"efa":"Not EFA","name":"New Castle BG 102001","efa_hisp_pct":26.1,"efa_black_pct":13.3,"efa_lingiso_pct":2.7,"efa_lingiso_sp":58.3,"efa_poverty_pct":0.9,"efa_mhhi":112618.0,"efa_combined_minority":43.1,"efa_has_duplicate":0,"efa_mc1":0,"efa_sc1":0,"efa_mc2":0,"efa_sc2":0,"efa_mc3":0,"efa_sc3":0,"efa_mc4":0,"efa_sc4":0,"efa_mc5":0,"efa_sc5":0,"efa_has_split":0},"geometry":{"type":"Polygon","coordinates":[[[-75.470596,39.804061],[-75.466889,39.806964],[-75.470231,39.808761],[-75.470426,39.809655],[-75.466421,39.812987],[-75.460363,39.81084],[-75.459446,39.810368],[-75.462557,39.80796],[-75.465683,39.804684],[-75.467491,39.803829],[-75.469589,39.803516],[-75.470661,39.803535],[-75.470596,39.804061]]]}},{"id":"428","type":"Feature","properties":{"GEOID":"100030104003","eb":6.73,"sv":2.12,"county":"New Castle","pop":2037.0,"pm25_pct":95.0,"diesel_pct":83.0,"cancer_pct":51.0,"traffic_pct":86.0,"superfund_pct":40.0,"lowinc_pct":0.115365734,"unemp_pct":0.010141988,"lingiso_pct":0.069273743,"poc_pct":42.0,"sv_health":3.6,"efa":"Not EFA","name":"New Castle BG 104003","efa_hisp_pct":1.8,"efa_black_pct":20.0,"efa_lingiso_pct":7.2,"efa_lingiso_sp":43.3,"efa_poverty_pct":4.7,"efa_mhhi":85455.0,"efa_combined_minority":36.5,"efa_has_duplicate":0,"efa_mc1":0,"efa_sc1":0,"efa_mc2":0,"efa_sc2":0,"efa_mc3":0,"efa_sc3":0,"efa_mc4":0,"efa_sc4":0,"efa_mc5":0,"efa_sc5":0,"efa_has_split":0},"geometry":{"type":"Polygon","coordinates":[[[-75.490472,39.793225],[-75.486161,39.799472],[-75.484595,39.80107],[-75.481099,39.804137],[-75.481025,39.804226],[-75.479859,39.803218],[-75.479596,39.803017],[-75.47628,39.799485],[-75.478357,39.798431],[-75.47894,39.798551],[-75.480891,39.799123],[-75.483672,39.796507],[-75.47881,39.794106],[-75.47914,39.793611],[-75.479235,39.793532],[-75.484091,39.788543],[-75.477917,39.785029],[-75.481301,39.782741],[-75.485479,39.785282],[-75.487204,39.788949],[-75.490472,39.793225]]]}},{"id":"429","type":"Feature","properties":{"GEOID":"100030108002","eb":6.22,"sv":2.12,"county":"New Castle","pop":2370.0,"pm25_pct":92.0,"diesel_pct":68.0,"cancer_pct":51.0,"traffic_pct":65.0,"superfund_pct":38.0,"lowinc_pct":0.186184812,"unemp_pct":0.031222897,"lingiso_pct":0.008324662,"poc_pct":33.0,"sv_health":3.4,"efa":"Not EFA","name":"New Castle BG 108002","efa_hisp_pct":5.7,"efa_black_pct":8.1,"efa_lingiso_pct":0.6,"efa_lingiso_sp":0,"efa_poverty_pct":9.2,"efa_mhhi":100673.0,"efa_combined_minority":21.8,"efa_has_duplicate":0,"efa_mc1":0,"efa_sc1":0,"efa_mc2":0,"efa_sc2":0,"efa_mc3":0,"efa_sc3":0,"efa_mc4":0,"efa_sc4":0,"efa_mc5":0,"efa_sc5":0,"efa_has_split":0},"geometry":{"type":"Polygon","coordinates":[[[-75.542022,39.780147],[-75.533583,39.788919],[-75.523908,39.791562],[-75.518934,39.783816],[-75.516964,39.778303],[-75.516934,39.777214],[-75.52148,39.775396],[-75.526683,39.774254],[-75.52932,39.778471],[-75.534962,39.777177],[-75.535419,39.778998],[-75.542022,39.780147]]]}},{"id":"430","type":"Feature","properties":{"GEOID":"100030109002","eb":5.46,"sv":2.02,"county":"New Castle","pop":1111.0,"pm25_pct":93.0,"diesel_pct":68.0,"cancer_pct":51.0,"traffic_pct":24.0,"superfund_pct":36.0,"lowinc_pct":0.120612061,"unemp_pct":0.011173184,"lingiso_pct":0.0,"poc_pct":10.0,"sv_health":4.01,"efa":"Not EFA","name":"New Castle BG 109002","efa_hisp_pct":0.8,"efa_black_pct":1.8,"efa_lingiso_pct":0,"efa_lingiso_sp":null,"efa_poverty_pct":4.4,"efa_mhhi":118654.0,"efa_combined_minority":3.8,"efa_has_duplicate":0,"efa_mc1":0,"efa_sc1":0,"efa_mc2":0,"efa_sc2":0,"efa_mc3":0,"efa_sc3":0,"efa_mc4":0,"efa_sc4":0,"efa_mc5":0,"efa_sc5":0,"efa_has_split":0},"geometry":{"type":"Polygon","coordinates":[[[-75.523908,39.791562],[-75.514395,39.793542],[-75.513869,39.793962],[-75.511155,39.789824],[-75.505665,39.791602],[-75.505945,39.785205],[-75.507713,39.785135],[-75.518934,39.783816],[-75.523908,39.791562]]]}},{"id":"431","type":"Feature","properties":{"GEOID":"100030110003","eb":5.85,"sv":1.97,"county":"New Castle","pop":979.0,"pm25_pct":92.0,"diesel_pct":70.0,"cancer_pct":51.0,"traffic_pct":71.0,"superfund_pct":37.0,"lowinc_pct":0.15526047,"unemp_pct":0.0,"lingiso_pct":0.0,"poc_pct":31.0,"sv_health":3.21,"efa":"Not EFA","name":"New Castle BG 110003","efa_hisp_pct":0,"efa_black_pct":7.1,"efa_lingiso_pct":0,"efa_lingiso_sp":null,"efa_poverty_pct":2.9,"efa_mhhi":112434.0,"efa_combined_minority":18.6,"efa_has_duplicate":0,"efa_mc1":0,"efa_sc1":0,"efa_mc2":0,"efa_sc2":0,"efa_mc3":0,"efa_sc3":0,"efa_mc4":0,"efa_sc4":0,"efa_mc5":0,"efa_sc5":0,"efa_has_split":0},"geometry":{"type":"Polygon","coordinates":[[[-75.506074,39.782889],[-75.505945,39.785205],[-75.505665,39.791602],[-75.505244,39.80003],[-75.505088,39.802164],[-75.502848,39.800886],[-75.500849,39.799812],[-75.502041,39.797161],[-75.501475,39.793157],[-75.498957,39.790405],[-75.496059,39.788151],[-75.501848,39.783506],[-75.506377,39.780922],[-75.506074,39.782889]]]}},{"id":"432","type":"Feature","properties":{"GEOID":"100030112042","eb":6.33,"sv":2.0,"county":"New Castle","pop":2224.0,"pm25_pct":98.0,"diesel_pct":71.0,"cancer_pct":51.0,"traffic_pct":63.0,"superfund_pct":34.0,"lowinc_pct":0.151978417,"unemp_pct":0.083820663,"lingiso_pct":0.0,"poc_pct":24.0,"sv_health":3.54,"efa":"Not EFA","name":"New Castle BG 112042","efa_hisp_pct":3.3,"efa_black_pct":4.1,"efa_lingiso_pct":0,"efa_lingiso_sp":null,"efa_poverty_pct":5.6,"efa_mhhi":97597.0,"efa_combined_minority":24.4,"efa_has_duplicate":0,"efa_mc1":0,"efa_sc1":0,"efa_mc2":0,"efa_sc2":0,"efa_mc3":0,"efa_sc3":0,"efa_mc4":0,"efa_sc4":0,"efa_mc5":0,"efa_sc5":0,"efa_has_split":0},"geometry":{"type":"Polygon","coordinates":[[[-75.501838,39.82319],[-75.501038,39.824757],[-75.487117,39.822614],[-75.489418,39.815596],[-75.489726,39.815114],[-75.490392,39.814521],[-75.493489,39.812601],[-75.507416,39.816962],[-75.501838,39.82319]]]}},{"id":"433","type":"Feature","properties":{"GEOID":"100030112051","eb":5.63,"sv":1.93,"county":"New Castle","pop":1245.0,"pm25_pct":98.0,"diesel_pct":60.0,"cancer_pct":51.0,"traffic_pct":58.0,"superfund_pct":31.0,"lowinc_pct":0.260240964,"unemp_pct":0.047377327,"lingiso_pct":0.0,"poc_pct":45.0,"sv_health":3.4,"efa":"Not EFA","name":"New Castle BG 112051","efa_hisp_pct":4.1,"efa_black_pct":13.0,"efa_lingiso_pct":0,"efa_lingiso_sp":null,"efa_poverty_pct":10.5,"efa_mhhi":145637.0,"efa_combined_minority":17.9,"efa_has_duplicate":0,"efa_mc1":0,"efa_sc1":0,"efa_mc2":0,"efa_sc2":0,"efa_mc3":0,"efa_sc3":0,"efa_mc4":0,"efa_sc4":0,"efa_mc5":0,"efa_sc5":0,"efa_has_split":0},"geometry":{"type":"Polygon","coordinates":[[[-75.515751,39.82279],[-75.513325,39.825521],[-75.51132,39.826364],[-75.503471,39.82502],[-75.501038,39.824757],[-75.501838,39.82319],[-75.507416,39.816962],[-75.516476,39.819761],[-75.515751,39.82279]]]}},{"id":"434","type":"Feature","properties":{"GEOID":"100030112062","eb":5.72,"sv":1.55,"county":"New Castle","pop":2733.0,"pm25_pct":97.0,"diesel_pct":59.0,"cancer_pct":51.0,"traffic_pct":60.0,"superfund_pct":28.0,"lowinc_pct":0.047460141,"unemp_pct":0.024124514,"lingiso_pct":0.007897335,"poc_pct":6.0,"sv_health":3.09,"efa":"Not EFA","name":"New Castle BG 112062","efa_hisp_pct":1.7,"efa_black_pct":0.2,"efa_lingiso_pct":0,"efa_lingiso_sp":null,"efa_poverty_pct":3.7,"efa_mhhi":125469.0,"efa_combined_minority":2.6,"efa_has_duplicate":0,"efa_mc1":0,"efa_sc1":0,"efa_mc2":0,"efa_sc2":0,"efa_mc3":0,"efa_sc3":0,"efa_mc4":0,"efa_sc4":0,"efa_mc5":0,"efa_sc5":0,"efa_has_split":0},"geometry":{"type":"Polygon","coordinates":[[[-75.535822,39.812551],[-75.534485,39.821409],[-75.534524,39.824275],[-75.534574,39.829682],[-75.534285,39.829653],[-75.527871,39.828835],[-75.523734,39.823064],[-75.523384,39.822718],[-75.519812,39.821047],[-75.521722,39.819188],[-75.524304,39.819368],[-75.528477,39.817354],[-75.524426,39.811882],[-75.531861,39.80888],[-75.535727,39.808402],[-75.535822,39.812551]]]}},{"id":"435","type":"Feature","properties":{"GEOID":"100030112012","eb":5.86,"sv":1.86,"county":"New Castle","pop":1285.0,"pm25_pct":97.0,"diesel_pct":57.0,"cancer_pct":51.0,"traffic_pct":84.0,"superfund_pct":27.0,"lowinc_pct":0.125,"unemp_pct":0.003944773,"lingiso_pct":0.026315789,"poc_pct":47.0,"sv_health":2.95,"efa":"Not EFA","name":"New Castle BG 112012","efa_hisp_pct":3.7,"efa_black_pct":2.2,"efa_lingiso_pct":0.9,"efa_lingiso_sp":0,"efa_poverty_pct":7.5,"efa_mhhi":125500.0,"efa_combined_minority":36.3,"efa_has_duplicate":0,"efa_mc1":0,"efa_sc1":0,"efa_mc2":0,"efa_sc2":0,"efa_mc3":0,"efa_sc3":0,"efa_mc4":0,"efa_sc4":0,"efa_mc5":0,"efa_sc5":0,"efa_has_split":0},"geometry":{"type":"Polygon","coordinates":[[[-75.54908,39.816186],[-75.544968,39.825752],[-75.544178,39.828729],[-75.536173,39.829839],[-75.534574,39.829682],[-75.534524,39.824275],[-75.536378,39.824715],[-75.542038,39.822494],[-75.542976,39.82192],[-75.544101,39.819368],[-75.54471,39.817002],[-75.545424,39.81662],[-75.546449,39.815253],[-75.54908,39.816186]]]}},{"id":"436","type":"Feature","properties":{"GEOID":"100030115002","eb":6.12,"sv":2.27,"county":"New Castle","pop":792.0,"pm25_pct":95.0,"diesel_pct":63.0,"cancer_pct":51.0,"traffic_pct":79.0,"superfund_pct":31.0,"lowinc_pct":0.26010101,"unemp_pct":0.070780399,"lingiso_pct":0.079365079,"poc_pct":37.0,"sv_health":3.52,"efa":"Not EFA","name":"New Castle BG 115002","efa_hisp_pct":0,"efa_black_pct":12.9,"efa_lingiso_pct":11.0,"efa_lingiso_sp":0,"efa_poverty_pct":7.2,"efa_mhhi":91364.0,"efa_combined_minority":27.5,"efa_has_duplicate":0,"efa_mc1":0,"efa_sc1":0,"efa_mc2":0,"efa_sc2":0,"efa_mc3":0,"efa_sc3":0,"efa_mc4":0,"efa_sc4":0,"efa_mc5":0,"efa_sc5":0,"efa_has_split":0},"geometry":{"type":"Polygon","coordinates":[[[-75.549211,39.809206],[-75.548493,39.809161],[-75.543326,39.808821],[-75.543598,39.806598],[-75.540917,39.806501],[-75.539357,39.803156],[-75.547967,39.801167],[-75.548868,39.806815],[-75.549211,39.809206]]]}},{"id":"437","type":"Feature","properties":{"GEOID":"100030115001","eb":5.77,"sv":1.95,"county":"New Castle","pop":1336.0,"pm25_pct":95.0,"diesel_pct":63.0,"cancer_pct":51.0,"traffic_pct":43.0,"superfund_pct":33.0,"lowinc_pct":0.108895706,"unemp_pct":0.017628205,"lingiso_pct":0.0,"poc_pct":19.0,"sv_health":3.52,"efa":"Not EFA","name":"New Castle BG 115001","efa_hisp_pct":0,"efa_black_pct":4.7,"efa_lingiso_pct":0,"efa_lingiso_sp":null,"efa_poverty_pct":0.6,"efa_mhhi":132835.0,"efa_combined_minority":12.6,"efa_has_duplicate":0,"efa_mc1":0,"efa_sc1":0,"efa_mc2":0,"efa_sc2":0,"efa_mc3":0,"efa_sc3":0,"efa_mc4":0,"efa_sc4":0,"efa_mc5":0,"efa_sc5":0,"efa_has_split":0},"geometry":{"type":"Polygon","coordinates":[[[-75.543735,39.798561],[-75.536892,39.799423],[-75.539357,39.803156],[-75.540917,39.806501],[-75.543598,39.806598],[-75.543326,39.808821],[-75.535727,39.808402],[-75.533617,39.79847],[-75.532152,39.796744],[-75.535167,39.795647],[-75.535497,39.795273],[-75.536597,39.796283],[-75.541687,39.795033],[-75.543464,39.796444],[-75.543735,39.798561]]]}},{"id":"438","type":"Feature","properties":{"GEOID":"100030117004","eb":5.78,"sv":1.44,"county":"New Castle","pop":1237.0,"pm25_pct":94.0,"diesel_pct":55.0,"cancer_pct":51.0,"traffic_pct":52.0,"superfund_pct":29.0,"lowinc_pct":0.047696039,"unemp_pct":0.035234899,"lingiso_pct":0.010729614,"poc_pct":6.0,"sv_health":2.95,"efa":"Not EFA","name":"New Castle BG 117004","efa_hisp_pct":0,"efa_black_pct":0,"efa_lingiso_pct":1.4,"efa_lingiso_sp":0,"efa_poverty_pct":1.2,"efa_mhhi":177011.0,"efa_combined_minority":4.9,"efa_has_duplicate":0,"efa_mc1":0,"efa_sc1":0,"efa_mc2":0,"efa_sc2":0,"efa_mc3":0,"efa_sc3":0,"efa_mc4":0,"efa_sc4":0,"efa_mc5":0,"efa_sc5":0,"efa_has_split":0},"geometry":{"type":"Polygon","coordinates":[[[-75.5793939947411,39.8385493199286],[-75.5771683364547,39.8386633893623],[-75.570464,39.839007],[-75.5513215785919,39.8385173359007],[-75.5408864120625,39.8382504038178],[-75.5400582754622,39.838229220042],[-75.54242,39.834887],[-75.544178,39.828729],[-75.544968,39.825752],[-75.54908,39.816186],[-75.549637,39.814194],[-75.549734,39.813331],[-75.549763,39.813076],[-75.549211,39.809206],[-75.548868,39.806815],[-75.554205,39.805448],[-75.56836,39.798733],[-75.5721,39.796489],[-75.572641,39.796293],[-75.573116,39.796731],[-75.575071,39.796962],[-75.574283,39.799125],[-75.571167,39.803535],[-75.566801,39.807417],[-75.566311,39.808294],[-75.566294,39.809681],[-75.569937,39.817337],[-75.571739,39.819431],[-75.575027,39.821621],[-75.575676,39.822563],[-75.57518,39.825993],[-75.573044,39.82911],[-75.573646,39.831225],[-75.577237,39.834496],[-75.579254,39.838116],[-75.5793939947411,39.8385493199286]]]}},{"id":"439","type":"Feature","properties":{"GEOID":"100030142001","eb":5.65,"sv":1.93,"county":"New Castle","pop":1735.0,"pm25_pct":61.0,"diesel_pct":59.0,"cancer_pct":51.0,"traffic_pct":70.0,"superfund_pct":60.0,"lowinc_pct":0.145244957,"unemp_pct":0.027921406,"lingiso_pct":0.021037868,"poc_pct":44.0,"sv_health":3.44,"efa":"Not EFA","name":"New Castle BG 142001","efa_hisp_pct":5.4,"efa_black_pct":7.3,"efa_lingiso_pct":2.5,"efa_lingiso_sp":0,"efa_poverty_pct":4.0,"efa_mhhi":75577.0,"efa_combined_minority":30.7,"efa_has_duplicate":0,"efa_mc1":0,"efa_sc1":0,"efa_mc2":0,"efa_sc2":0,"efa_mc3":0,"efa_sc3":0,"efa_mc4":0,"efa_sc4":0,"efa_mc5":0,"efa_sc5":0,"efa_has_split":0},"geometry":{"type":"Polygon","coordinates":[[[-75.7375,39.689852],[-75.735237,39.689363],[-75.734009,39.692412],[-75.726858,39.692871],[-75.724163,39.692463],[-75.723668,39.692523],[-75.718678,39.69348],[-75.715904,39.690686],[-75.709927,39.68989],[-75.708075,39.688748],[-75.706721,39.690898],[-75.706268,39.690604],[-75.702125,39.685814],[-75.70315,39.6855],[-75.710142,39.683335],[-75.729153,39.677472],[-75.730773,39.680899],[-75.732959,39.685373],[-75.735383,39.684739],[-75.73662,39.684483],[-75.736706,39.685618],[-75.736009,39.6866],[-75.737922,39.686724],[-75.7375,39.689852]]]}},{"id":"440","type":"Feature","properties":{"GEOID":"100030147062","eb":5.82,"sv":2.67,"county":"New Castle","pop":2031.0,"pm25_pct":54.0,"diesel_pct":75.0,"cancer_pct":51.0,"traffic_pct":41.0,"superfund_pct":82.0,"lowinc_pct":0.269404106,"unemp_pct":0.109589041,"lingiso_pct":0.10102489,"poc_pct":87.0,"sv_health":3.44,"efa":"Moderate","name":"New Castle BG 147062","efa_hisp_pct":11.9,"efa_black_pct":49.7,"efa_lingiso_pct":19.8,"efa_lingiso_sp":21.6,"efa_poverty_pct":15.0,"efa_mhhi":59107.0,"efa_combined_minority":73.9,"efa_has_duplicate":1,"efa_mc1":0,"efa_sc1":0,"efa_mc2":0,"efa_sc2":0,"efa_mc3":0,"efa_sc3":0,"efa_mc4":0,"efa_sc4":0,"efa_mc5":1,"efa_sc5":0,"efa_has_split":1},"geometry":{"type":"Polygon","coordinates":[[[-75.742322,39.646663],[-75.741452,39.646737],[-75.73492,39.6481],[-75.732038,39.648676],[-75.729972,39.642085],[-75.714367,39.646482],[-75.710228,39.647211],[-75.710575,39.645838],[-75.709049,39.643024],[-75.71157,39.642773],[-75.710886,39.640165],[-75.712856,39.639079],[-75.715386,39.639788],[-75.717007,39.638948],[-75.719315,39.636169],[-75.720055,39.636051],[-75.720662,39.637886],[-75.722771,39.639099],[-75.72522,39.636032],[-75.727737,39.636345],[-75.728645,39.637627],[-75.729882,39.638205],[-75.731089,39.638522],[-75.733098,39.641372],[-75.735433,39.641257],[-75.738413,39.642807],[-75.740995,39.643343],[-75.742307,39.644636],[-75.742322,39.646663]]]}},{"id":"441","type":"Feature","properties":{"GEOID":"100030141002","eb":5.66,"sv":3.18,"county":"New Castle","pop":1477.0,"pm25_pct":60.0,"diesel_pct":73.0,"cancer_pct":51.0,"traffic_pct":51.0,"superfund_pct":70.0,"lowinc_pct":0.275051831,"unemp_pct":0.018427518,"lingiso_pct":0.0,"poc_pct":27.0,"sv_health":4.3,"efa":"Not EFA","name":"New Castle BG 141002","efa_hisp_pct":2.9,"efa_black_pct":11.5,"efa_lingiso_pct":0,"efa_lingiso_sp":null,"efa_poverty_pct":3.4,"efa_mhhi":93790.0,"efa_combined_minority":16.8,"efa_has_duplicate":0,"efa_mc1":0,"efa_sc1":0,"efa_mc2":0,"efa_sc2":0,"efa_mc3":0,"efa_sc3":0,"efa_mc4":0,"efa_sc4":0,"efa_mc5":0,"efa_sc5":0,"efa_has_split":0},"geometry":{"type":"Polygon","coordinates":[[[-75.719265,39.678489],[-75.713608,39.678913],[-75.711491,39.682094],[-75.709815,39.682857],[-75.707424,39.681774],[-75.712344,39.679153],[-75.712578,39.678259],[-75.711576,39.67696],[-75.709677,39.677762],[-75.706177,39.677375],[-75.703599,39.674849],[-75.705887,39.673729],[-75.712168,39.669463],[-75.718403,39.675364],[-75.718993,39.67517],[-75.720788,39.677172],[-75.719265,39.678489]]]}},{"id":"442","type":"Feature","properties":{"GEOID":"100030144032","eb":5.78,"sv":2.27,"county":"New Castle","pop":909.0,"pm25_pct":55.0,"diesel_pct":48.0,"cancer_pct":51.0,"traffic_pct":72.0,"superfund_pct":61.0,"lowinc_pct":0.449375867,"unemp_pct":0.159509203,"lingiso_pct":0.0,"poc_pct":32.0,"sv_health":3.62,"efa":"Not EFA","name":"New Castle BG 144032","efa_hisp_pct":1.8,"efa_black_pct":2.1,"efa_lingiso_pct":0,"efa_lingiso_sp":null,"efa_poverty_pct":34.1,"efa_mhhi":125234.0,"efa_combined_minority":9.0,"efa_has_duplicate":0,"efa_mc1":0,"efa_sc1":0,"efa_mc2":0,"efa_sc2":0,"efa_mc3":1,"efa_sc3":0,"efa_mc4":0,"efa_sc4":0,"efa_mc5":0,"efa_sc5":0,"efa_has_split":0},"geometry":{"type":"Polygon","coordinates":[[[-75.769541,39.685346],[-75.767913,39.687372],[-75.756201,39.683002],[-75.755966,39.682964],[-75.756493,39.682751],[-75.762233,39.677734],[-75.764014,39.678924],[-75.760959,39.680877],[-75.763709,39.681882],[-75.76475,39.680089],[-75.769809,39.680906],[-75.769541,39.685346]]]}},{"id":"443","type":"Feature","properties":{"GEOID":"100030144042","eb":4.67,"sv":2.15,"county":"New Castle","pop":1412.0,"pm25_pct":52.0,"diesel_pct":48.0,"cancer_pct":0.0,"traffic_pct":31.0,"superfund_pct":56.0,"lowinc_pct":0.317280453,"unemp_pct":0.128590971,"lingiso_pct":0.0,"poc_pct":56.0,"sv_health":3.32,"efa":"Not EFA","name":"New Castle BG 144042","efa_hisp_pct":8.9,"efa_black_pct":4.4,"efa_lingiso_pct":0,"efa_lingiso_sp":null,"efa_poverty_pct":30.6,"efa_mhhi":112600.0,"efa_combined_minority":42.7,"efa_has_duplicate":0,"efa_mc1":1,"efa_sc1":1,"efa_mc2":0,"efa_sc2":0,"efa_mc3":1,"efa_sc3":0,"efa_mc4":0,"efa_sc4":0,"efa_mc5":0,"efa_sc5":0,"efa_has_split":0},"geometry":{"type":"Polygon","coordinates":[[[-75.780906,39.675243],[-75.780997,39.680164],[-75.779261,39.683328],[-75.779218,39.684311],[-75.777198,39.686562],[-75.776769,39.690681],[-75.776119,39.690427],[-75.775269,39.690112],[-75.776323,39.688076],[-75.775618,39.686181],[-75.775196,39.678457],[-75.773981,39.675869],[-75.773026,39.673959],[-75.771908,39.671651],[-75.770612,39.670437],[-75.771723,39.669314],[-75.771842,39.669405],[-75.772899,39.670677],[-75.774796,39.671194],[-75.775819,39.672172],[-75.777454,39.6717],[-75.778313,39.673309],[-75.781227,39.674452],[-75.780906,39.675243]]]}},{"id":"444","type":"Feature","properties":{"GEOID":"100030121002","eb":6.4,"sv":2.29,"county":"New Castle","pop":1622.0,"pm25_pct":79.0,"diesel_pct":56.0,"cancer_pct":51.0,"traffic_pct":78.0,"superfund_pct":78.0,"lowinc_pct":0.234895191,"unemp_pct":0.079844206,"lingiso_pct":0.010989011,"poc_pct":23.0,"sv_health":3.5,"efa":"Not EFA","name":"New Castle BG 121002","efa_hisp_pct":4.7,"efa_black_pct":8.1,"efa_lingiso_pct":0,"efa_lingiso_sp":null,"efa_poverty_pct":10.0,"efa_mhhi":59442.0,"efa_combined_minority":15.3,"efa_has_duplicate":0,"efa_mc1":0,"efa_sc1":0,"efa_mc2":0,"efa_sc2":0,"efa_mc3":0,"efa_sc3":0,"efa_mc4":0,"efa_sc4":0,"efa_mc5":0,"efa_sc5":0,"efa_has_split":0},"geometry":{"type":"Polygon","coordinates":[[[-75.624011,39.746343],[-75.623518,39.74642],[-75.615039,39.748708],[-75.610183,39.747785],[-75.610445,39.746011],[-75.61467,39.742737],[-75.616755,39.743796],[-75.61924,39.742329],[-75.620314,39.743812],[-75.623709,39.743551],[-75.623981,39.746229],[-75.624011,39.746343]]]}},{"id":"445","type":"Feature","properties":{"GEOID":"100030121003","eb":6.58,"sv":2.14,"county":"New Castle","pop":514.0,"pm25_pct":79.0,"diesel_pct":56.0,"cancer_pct":51.0,"traffic_pct":97.0,"superfund_pct":82.0,"lowinc_pct":0.124513619,"unemp_pct":0.095709571,"lingiso_pct":0.0,"poc_pct":9.0,"sv_health":3.5,"efa":"Not EFA","name":"New Castle BG 121003","efa_hisp_pct":0,"efa_black_pct":7.5,"efa_lingiso_pct":0,"efa_lingiso_sp":null,"efa_poverty_pct":2.1,"efa_mhhi":90682.0,"efa_combined_minority":7.5,"efa_has_duplicate":0,"efa_mc1":0,"efa_sc1":0,"efa_mc2":0,"efa_sc2":0,"efa_mc3":0,"efa_sc3":0,"efa_mc4":0,"efa_sc4":0,"efa_mc5":0,"efa_sc5":0,"efa_has_split":0},"geometry":{"type":"Polygon","coordinates":[[[-75.623709,39.743551],[-75.620314,39.743812],[-75.61924,39.742329],[-75.616755,39.743796],[-75.61467,39.742737],[-75.617586,39.740956],[-75.619978,39.737529],[-75.621707,39.737427],[-75.622708,39.73742],[-75.623709,39.743551]]]}},{"id":"446","type":"Feature","properties":{"GEOID":"100030125002","eb":7.52,"sv":3.45,"county":"New Castle","pop":1415.0,"pm25_pct":76.0,"diesel_pct":85.0,"cancer_pct":51.0,"traffic_pct":85.0,"superfund_pct":87.0,"lowinc_pct":0.586572438,"unemp_pct":0.00192864,"lingiso_pct":0.033333333,"poc_pct":94.0,"sv_health":3.85,"efa":"Significant","name":"New Castle BG 125002","efa_hisp_pct":67.7,"efa_black_pct":31.1,"efa_lingiso_pct":2.7,"efa_lingiso_sp":100.0,"efa_poverty_pct":27.3,"efa_mhhi":48521.0,"efa_combined_minority":98.8,"efa_has_duplicate":0,"efa_mc1":1,"efa_sc1":1,"efa_mc2":1,"efa_sc2":1,"efa_mc3":1,"efa_sc3":0,"efa_mc4":1,"efa_sc4":0,"efa_mc5":0,"efa_sc5":0,"efa_has_split":0},"geometry":{"type":"Polygon","coordinates":[[[-75.587063,39.734802],[-75.584775,39.736213],[-75.5799,39.737066],[-75.578972,39.735757],[-75.578217,39.732929],[-75.579407,39.73246],[-75.580872,39.731742],[-75.584457,39.729511],[-75.586006,39.728424],[-75.586871,39.729922],[-75.586428,39.733512],[-75.587063,39.734802]]]}},{"id":"447","type":"Feature","properties":{"GEOID":"100030139032","eb":5.1,"sv":2.07,"county":"New Castle","pop":854.0,"pm25_pct":54.0,"diesel_pct":66.0,"cancer_pct":51.0,"traffic_pct":32.0,"superfund_pct":77.0,"lowinc_pct":0.051522248,"unemp_pct":0.0,"lingiso_pct":0.0,"poc_pct":68.0,"sv_health":3.74,"efa":"Not EFA","name":"New Castle BG 139032","efa_hisp_pct":5.9,"efa_black_pct":22.2,"efa_lingiso_pct":0,"efa_lingiso_sp":null,"efa_poverty_pct":6.6,"efa_mhhi":null,"efa_combined_minority":29.9,"efa_has_duplicate":0,"efa_mc1":0,"efa_sc1":0,"efa_mc2":0,"efa_sc2":0,"efa_mc3":0,"efa_sc3":0,"efa_mc4":0,"efa_sc4":0,"efa_mc5":0,"efa_sc5":0,"efa_has_split":0},"geometry":{"type":"Polygon","coordinates":[[[-75.691098,39.650361],[-75.688815,39.64683],[-75.685771,39.642809],[-75.683715,39.640518],[-75.685654,39.640807],[-75.688541,39.639328],[-75.690403,39.639601],[-75.691841,39.641049],[-75.691204,39.64309],[-75.690576,39.645725],[-75.693069,39.649585],[-75.691098,39.650361]]]}},{"id":"448","type":"Feature","properties":{"GEOID":"100030159002","eb":7.33,"sv":3.18,"county":"New Castle","pop":650.0,"pm25_pct":66.0,"diesel_pct":90.0,"cancer_pct":99.0,"traffic_pct":40.0,"superfund_pct":88.0,"lowinc_pct":0.364615385,"unemp_pct":0.0,"lingiso_pct":0.0,"poc_pct":58.0,"sv_health":3.94,"efa":"Moderate","name":"New Castle BG 159002","efa_hisp_pct":16.6,"efa_black_pct":34.1,"efa_lingiso_pct":0,"efa_lingiso_sp":null,"efa_poverty_pct":8.0,"efa_mhhi":50668.0,"efa_combined_minority":54.4,"efa_has_duplicate":0,"efa_mc1":0,"efa_sc1":0,"efa_mc2":0,"efa_sc2":0,"efa_mc3":0,"efa_sc3":0,"efa_mc4":1,"efa_sc4":0,"efa_mc5":0,"efa_sc5":0,"efa_has_split":0},"geometry":{"type":"Polygon","coordinates":[[[-75.567993,39.688923],[-75.565457,39.69199],[-75.557146,39.687846],[-75.556495,39.687807],[-75.557067,39.686143],[-75.557369,39.685337],[-75.55793,39.683735],[-75.562861,39.686845],[-75.563347,39.6865],[-75.565218,39.686504],[-75.567742,39.685571],[-75.567993,39.688923]]]}},{"id":"449","type":"Feature","properties":{"GEOID":"100030149041","eb":6.42,"sv":2.55,"county":"New Castle","pop":2898.0,"pm25_pct":56.0,"diesel_pct":93.0,"cancer_pct":51.0,"traffic_pct":87.0,"superfund_pct":90.0,"lowinc_pct":0.304347826,"unemp_pct":0.003213368,"lingiso_pct":0.0,"poc_pct":61.0,"sv_health":3.63,"efa":"Not EFA","name":"New Castle BG 149041","efa_hisp_pct":12.7,"efa_black_pct":8.3,"efa_lingiso_pct":0,"efa_lingiso_sp":null,"efa_poverty_pct":4.3,"efa_mhhi":69410.0,"efa_combined_minority":35.5,"efa_has_duplicate":0,"efa_mc1":0,"efa_sc1":0,"efa_mc2":0,"efa_sc2":0,"efa_mc3":0,"efa_sc3":0,"efa_mc4":0,"efa_sc4":0,"efa_mc5":0,"efa_sc5":0,"efa_has_split":0},"geometry":{"type":"Polygon","coordinates":[[[-75.659174,39.635874],[-75.658947,39.636882],[-75.657063,39.64577],[-75.656156,39.649816],[-75.654671,39.655893],[-75.654619,39.656661],[-75.651869,39.655606],[-75.649948,39.655142],[-75.649364,39.654946],[-75.646899,39.653411],[-75.644606,39.649963],[-75.641607,39.6487],[-75.634043,39.647594],[-75.633819,39.647449],[-75.634875,39.647026],[-75.653433,39.636612],[-75.65981,39.632864],[-75.659174,39.635874]]]}},{"id":"450","type":"Feature","properties":{"GEOID":"100050501041","eb":3.71,"sv":2.93,"county":"Sussex","pop":1280.0,"pm25_pct":40.0,"diesel_pct":31.0,"cancer_pct":0.0,"traffic_pct":54.0,"superfund_pct":2.0,"lowinc_pct":0.117801047,"unemp_pct":0.034749035,"lingiso_pct":0.0,"poc_pct":59.0,"sv_health":4.73,"efa":"Not EFA","name":"Sussex BG 501041","efa_hisp_pct":27.1,"efa_black_pct":26.5,"efa_lingiso_pct":0,"efa_lingiso_sp":null,"efa_poverty_pct":7.5,"efa_mhhi":54814.0,"efa_combined_minority":53.6,"efa_has_duplicate":0,"efa_mc1":0,"efa_sc1":0,"efa_mc2":0,"efa_sc2":0,"efa_mc3":0,"efa_sc3":0,"efa_mc4":0,"efa_sc4":0,"efa_mc5":0,"efa_sc5":0,"efa_has_split":0},"geometry":{"type":"Polygon","coordinates":[[[-75.443717,38.913077],[-75.44039,38.913128],[-75.434048,38.910817],[-75.431697,38.912117],[-75.430096,38.913351],[-75.428404,38.913206],[-75.428441,38.911533],[-75.430859,38.896994],[-75.427043,38.888504],[-75.4264,38.887038],[-75.425996,38.885386],[-75.42693,38.880866],[-75.429136,38.871021],[-75.439209,38.869281],[-75.439282,38.877241],[-75.439308,38.880941],[-75.439352,38.884941],[-75.439374,38.886872],[-75.439542,38.901853],[-75.440068,38.903726],[-75.443632,38.911897],[-75.443717,38.913077]]]}},{"id":"451","type":"Feature","properties":{"GEOID":"100050502001","eb":2.07,"sv":3.2,"county":"Sussex","pop":1325.0,"pm25_pct":42.0,"diesel_pct":10.0,"cancer_pct":0.0,"traffic_pct":25.0,"superfund_pct":27.0,"lowinc_pct":0.269031142,"unemp_pct":0.054012346,"lingiso_pct":0.0,"poc_pct":66.0,"sv_health":4.57,"efa":"Moderate","name":"Sussex BG 502001","efa_hisp_pct":19.6,"efa_black_pct":8.4,"efa_lingiso_pct":0,"efa_lingiso_sp":null,"efa_poverty_pct":15.6,"efa_mhhi":93357.0,"efa_combined_minority":38.1,"efa_has_duplicate":0,"efa_mc1":1,"efa_sc1":0,"efa_mc2":0,"efa_sc2":0,"efa_mc3":0,"efa_sc3":0,"efa_mc4":0,"efa_sc4":0,"efa_mc5":0,"efa_sc5":0,"efa_has_split":0},"geometry":{"type":"Polygon","coordinates":[[[-75.496751,38.760556],[-75.494986,38.764322],[-75.494637,38.764744],[-75.488338,38.769536],[-75.487302,38.770701],[-75.483117,38.779053],[-75.481525,38.781009],[-75.476536,38.785474],[-75.475079,38.787295],[-75.474882,38.787999],[-75.476696,38.792387],[-75.475881,38.795233],[-75.474127,38.796201],[-75.465494,38.806871],[-75.462573,38.809831],[-75.457679,38.813207],[-75.457381,38.813642],[-75.458078,38.81737],[-75.45544,38.82085],[-75.453322,38.822709],[-75.453025,38.82288],[-75.447252,38.823818],[-75.440802,38.825741],[-75.438787,38.826895],[-75.435022,38.828142],[-75.429204,38.82819],[-75.429123,38.818474],[-75.429131,38.816051],[-75.429135,38.813154],[-75.429107,38.806946],[-75.429103,38.806116],[-75.429117,38.803742],[-75.429151,38.800435],[-75.429693,38.798136],[-75.429738,38.792484],[-75.431538,38.785092],[-75.432605,38.779123],[-75.433732,38.762593],[-75.434839,38.752911],[-75.434039,38.751461],[-75.426965,38.742679],[-75.444194,38.744532],[-75.453854,38.746071],[-75.456839,38.746468],[-75.464215,38.746629],[-75.466229,38.747343],[-75.475198,38.751308],[-75.4843,38.755635],[-75.48547,38.755966],[-75.494144,38.757279],[-75.500351,38.755637],[-75.496751,38.760556]]]}},{"id":"452","type":"Feature","properties":{"GEOID":"100050507011","eb":3.35,"sv":3.14,"county":"Sussex","pop":1393.0,"pm25_pct":30.0,"diesel_pct":11.0,"cancer_pct":0.0,"traffic_pct":7.0,"superfund_pct":69.0,"lowinc_pct":0.233115468,"unemp_pct":0.071815718,"lingiso_pct":0.04989605,"poc_pct":67.0,"sv_health":4.62,"efa":"Not EFA","name":"Sussex BG 507011","efa_hisp_pct":18.4,"efa_black_pct":10.8,"efa_lingiso_pct":5.2,"efa_lingiso_sp":96.2,"efa_poverty_pct":9.9,"efa_mhhi":76250.0,"efa_combined_minority":43.6,"efa_has_duplicate":0,"efa_mc1":0,"efa_sc1":0,"efa_mc2":0,"efa_sc2":0,"efa_mc3":0,"efa_sc3":0,"efa_mc4":0,"efa_sc4":0,"efa_mc5":0,"efa_sc5":0,"efa_has_split":0},"geometry":{"type":"Polygon","coordinates":[[[-75.295932,38.632165],[-75.292885,38.632056],[-75.286313,38.628983],[-75.280749,38.629221],[-75.276226,38.628183],[-75.264009,38.625376],[-75.257223,38.623279],[-75.256138,38.622972],[-75.254906,38.622837],[-75.247542,38.624604],[-75.242365,38.625466],[-75.237604,38.625978],[-75.222073,38.624676],[-75.219314,38.623051],[-75.213842,38.622075],[-75.208875,38.618925],[-75.202363,38.614492],[-75.210195,38.607319],[-75.211134,38.606694],[-75.213695,38.605964],[-75.221331,38.605735],[-75.222785,38.605412],[-75.226624,38.603596],[-75.240409,38.603089],[-75.2582,38.601313],[-75.262254,38.60109],[-75.280182,38.601555],[-75.281903,38.601297],[-75.2859,38.600348],[-75.290998,38.597096],[-75.291254,38.595667],[-75.292794,38.597794],[-75.294046,38.600877],[-75.295558,38.60954],[-75.295238,38.610964],[-75.293819,38.61321],[-75.293662,38.614548],[-75.294844,38.621428],[-75.295932,38.632165]]]}},{"id":"453","type":"Feature","properties":{"GEOID":"100050504012","eb":2.09,"sv":3.35,"county":"Sussex","pop":1588.0,"pm25_pct":38.0,"diesel_pct":0.0,"cancer_pct":0.0,"traffic_pct":6.0,"superfund_pct":56.0,"lowinc_pct":0.226700252,"unemp_pct":0.019721578,"lingiso_pct":0.0,"poc_pct":28.0,"sv_health":4.62,"efa":"Not EFA","name":"Sussex BG 504012","efa_hisp_pct":0.4,"efa_black_pct":12.6,"efa_lingiso_pct":0,"efa_lingiso_sp":null,"efa_poverty_pct":14.3,"efa_mhhi":76447.0,"efa_combined_minority":19.1,"efa_has_duplicate":0,"efa_mc1":0,"efa_sc1":0,"efa_mc2":0,"efa_sc2":0,"efa_mc3":0,"efa_sc3":0,"efa_mc4":0,"efa_sc4":0,"efa_mc5":0,"efa_sc5":0,"efa_has_split":0},"geometry":{"type":"Polygon","coordinates":[[[-75.7073556815366,38.6354031774734],[-75.702327,38.635892],[-75.688873,38.639128],[-75.685389,38.639421],[-75.678857,38.639571],[-75.664853,38.641776],[-75.661762,38.641829],[-75.648631,38.641655],[-75.647111,38.641007],[-75.643605,38.639814],[-75.632303,38.636137],[-75.629788,38.635037],[-75.62655,38.633926],[-75.624755,38.63373],[-75.623576,38.633858],[-75.621842,38.634428],[-75.614974,38.637302],[-75.61425,38.638208],[-75.614148,38.63794],[-75.618067,38.633431],[-75.619627,38.630563],[-75.620424,38.630358],[-75.62015,38.629849],[-75.622385,38.628913],[-75.623436,38.626704],[-75.623094,38.624623],[-75.625003,38.622626],[-75.627198,38.621642],[-75.630013,38.618813],[-75.634941,38.616672],[-75.641264,38.614198],[-75.643346,38.612542],[-75.644222,38.609018],[-75.644874,38.608134],[-75.647289,38.606795],[-75.651837,38.605333],[-75.65288,38.60438],[-75.65501,38.601947],[-75.65655,38.599654],[-75.660951,38.59033],[-75.662177,38.589668],[-75.667622,38.588858],[-75.669537,38.587437],[-75.669877,38.58441],[-75.669365,38.579912],[-75.669386,38.577719],[-75.670328,38.575884],[-75.672343,38.573453],[-75.679428,38.566485],[-75.685405,38.563507],[-75.691682,38.557597],[-75.695581,38.557387],[-75.701565,38.560736],[-75.703445,38.58512],[-75.703981,38.592066],[-75.705774,38.61474],[-75.70586,38.616268],[-75.706235,38.621296],[-75.706585,38.626125],[-75.707346,38.63528],[-75.7073556815366,38.6354031774734]]]}},{"id":"454","type":"Feature","properties":{"GEOID":"100030126001","eb":7.15,"sv":3.2,"county":"New Castle","pop":955.0,"pm25_pct":72.0,"diesel_pct":72.0,"cancer_pct":51.0,"traffic_pct":94.0,"superfund_pct":92.0,"lowinc_pct":0.516230367,"unemp_pct":0.051652893,"lingiso_pct":0.0,"poc_pct":71.0,"sv_health":3.58,"efa":"Not EFA","name":"New Castle BG 126001","efa_hisp_pct":10.9,"efa_black_pct":7.7,"efa_lingiso_pct":0,"efa_lingiso_sp":null,"efa_poverty_pct":0,"efa_mhhi":81250.0,"efa_combined_minority":20.6,"efa_has_duplicate":0,"efa_mc1":0,"efa_sc1":0,"efa_mc2":0,"efa_sc2":0,"efa_mc3":0,"efa_sc3":0,"efa_mc4":0,"efa_sc4":0,"efa_mc5":0,"efa_sc5":0,"efa_has_split":0},"geometry":{"type":"Polygon","coordinates":[[[-75.618538,39.730482],[-75.604032,39.732208],[-75.603175,39.730796],[-75.602494,39.730614],[-75.601673,39.728993],[-75.600716,39.728682],[-75.600959,39.727259],[-75.606382,39.727914],[-75.607185,39.724724],[-75.610295,39.725115],[-75.608317,39.722606],[-75.608179,39.720282],[-75.61204,39.718752],[-75.61454,39.7214],[-75.615319,39.722801],[-75.6174,39.72906],[-75.618538,39.730482]]]}},{"id":"455","type":"Feature","properties":{"GEOID":"100030127003","eb":6.52,"sv":3.23,"county":"New Castle","pop":923.0,"pm25_pct":68.0,"diesel_pct":70.0,"cancer_pct":51.0,"traffic_pct":74.0,"superfund_pct":98.0,"lowinc_pct":0.409534128,"unemp_pct":0.342622951,"lingiso_pct":0.0,"poc_pct":31.0,"sv_health":4.39,"efa":"Moderate","name":"New Castle BG 127003","efa_hisp_pct":16.6,"efa_black_pct":0,"efa_lingiso_pct":0,"efa_lingiso_sp":null,"efa_poverty_pct":17.8,"efa_mhhi":43655.0,"efa_combined_minority":16.6,"efa_has_duplicate":1,"efa_mc1":0,"efa_sc1":0,"efa_mc2":0,"efa_sc2":0,"efa_mc3":0,"efa_sc3":0,"efa_mc4":1,"efa_sc4":0,"efa_mc5":0,"efa_sc5":0,"efa_has_split":1},"geometry":{"type":"Polygon","coordinates":[[[-75.650074,39.701001],[-75.648931,39.70294],[-75.64713,39.70404],[-75.646893,39.705275],[-75.645461,39.707359],[-75.646186,39.707704],[-75.644025,39.707892],[-75.644215,39.711053],[-75.640956,39.713609],[-75.640267,39.715734],[-75.634377,39.716024],[-75.633234,39.716067],[-75.632275,39.716088],[-75.626225,39.715294],[-75.621597,39.714642],[-75.621928,39.711472],[-75.620138,39.710247],[-75.614812,39.711247],[-75.615383,39.708952],[-75.612471,39.708401],[-75.615585,39.704865],[-75.620448,39.697565],[-75.621231,39.69738],[-75.622765,39.700031],[-75.62928,39.701511],[-75.635512,39.699704],[-75.638868,39.699344],[-75.641282,39.700324],[-75.642108,39.699881],[-75.64227,39.698012],[-75.645446,39.696905],[-75.649284,39.699297],[-75.650074,39.701001]]]}},{"id":"456","type":"Feature","properties":{"GEOID":"100030136123","eb":4.85,"sv":1.51,"county":"New Castle","pop":2344.0,"pm25_pct":76.0,"diesel_pct":49.0,"cancer_pct":51.0,"traffic_pct":48.0,"superfund_pct":62.0,"lowinc_pct":0.042372881,"unemp_pct":0.009548611,"lingiso_pct":0.040718563,"poc_pct":74.0,"sv_health":3.03,"efa":"Not EFA","name":"New Castle BG 136123","efa_hisp_pct":0.1,"efa_black_pct":10.8,"efa_lingiso_pct":5.5,"efa_lingiso_sp":0,"efa_poverty_pct":2.1,"efa_mhhi":130909.0,"efa_combined_minority":51.9,"efa_has_duplicate":0,"efa_mc1":0,"efa_sc1":0,"efa_mc2":0,"efa_sc2":0,"efa_mc3":0,"efa_sc3":0,"efa_mc4":0,"efa_sc4":0,"efa_mc5":0,"efa_sc5":0,"efa_has_split":0},"geometry":{"type":"Polygon","coordinates":[[[-75.703004,39.759775],[-75.701329,39.758318],[-75.695998,39.75688],[-75.693277,39.757017],[-75.692119,39.75752],[-75.692376,39.755476],[-75.690552,39.753978],[-75.691299,39.751821],[-75.687766,39.750751],[-75.685997,39.748916],[-75.688457,39.746543],[-75.690551,39.74479],[-75.691002,39.74382],[-75.691253,39.74298],[-75.692337,39.741837],[-75.696126,39.743843],[-75.699548,39.745898],[-75.702694,39.750902],[-75.702863,39.751338],[-75.703908,39.75971],[-75.703004,39.759775]]]}},{"id":"457","type":"Feature","properties":{"GEOID":"100030119002","eb":5.31,"sv":1.59,"county":"New Castle","pop":1120.0,"pm25_pct":89.0,"diesel_pct":51.0,"cancer_pct":51.0,"traffic_pct":28.0,"superfund_pct":38.0,"lowinc_pct":0.0,"unemp_pct":0.033613445,"lingiso_pct":0.0,"poc_pct":24.0,"sv_health":3.41,"efa":"Not EFA","name":"New Castle BG 119002","efa_hisp_pct":0,"efa_black_pct":5.9,"efa_lingiso_pct":0,"efa_lingiso_sp":null,"efa_poverty_pct":0,"efa_mhhi":250001.0,"efa_combined_minority":14.6,"efa_has_duplicate":0,"efa_mc1":0,"efa_sc1":0,"efa_mc2":0,"efa_sc2":0,"efa_mc3":0,"efa_sc3":0,"efa_mc4":0,"efa_sc4":0,"efa_mc5":0,"efa_sc5":0,"efa_has_split":0},"geometry":{"type":"Polygon","coordinates":[[[-75.624515,39.779843],[-75.622012,39.782291],[-75.622668,39.78536],[-75.619465,39.788157],[-75.618019,39.791187],[-75.614865,39.789889],[-75.609146,39.788643],[-75.603904,39.788938],[-75.601201,39.782778],[-75.597732,39.778112],[-75.597351,39.776338],[-75.598939,39.772602],[-75.597544,39.768488],[-75.598288,39.767443],[-75.598827,39.765264],[-75.604048,39.764781],[-75.60484,39.76645],[-75.604435,39.767746],[-75.608725,39.765923],[-75.608854,39.766672],[-75.61146,39.769133],[-75.611995,39.770665],[-75.613507,39.771182],[-75.62334,39.769007],[-75.623056,39.772042],[-75.624261,39.77573],[-75.624515,39.779843]]]}},{"id":"458","type":"Feature","properties":{"GEOID":"100030147053","eb":5.75,"sv":2.95,"county":"New Castle","pop":2305.0,"pm25_pct":56.0,"diesel_pct":81.0,"cancer_pct":51.0,"traffic_pct":61.0,"superfund_pct":71.0,"lowinc_pct":0.312888889,"unemp_pct":0.016587678,"lingiso_pct":0.080896686,"poc_pct":63.0,"sv_health":3.99,"efa":"Moderate","name":"New Castle BG 147053","efa_hisp_pct":6.6,"efa_black_pct":4.1,"efa_lingiso_pct":7.9,"efa_lingiso_sp":9.9,"efa_poverty_pct":13.9,"efa_mhhi":87875.0,"efa_combined_minority":52.2,"efa_has_duplicate":1,"efa_mc1":1,"efa_sc1":0,"efa_mc2":0,"efa_sc2":0,"efa_mc3":0,"efa_sc3":0,"efa_mc4":0,"efa_sc4":0,"efa_mc5":0,"efa_sc5":0,"efa_has_split":1},"geometry":{"type":"Polygon","coordinates":[[[-75.719979,39.665272],[-75.716918,39.666542],[-75.716729,39.666645],[-75.71435,39.66796],[-75.712168,39.669463],[-75.705887,39.673729],[-75.703599,39.674849],[-75.698721,39.677399],[-75.698614,39.677276],[-75.696918,39.671735],[-75.696053,39.66966],[-75.696645,39.660257],[-75.707564,39.658806],[-75.707344,39.659869],[-75.710781,39.661252],[-75.712941,39.663009],[-75.714642,39.663036],[-75.716458,39.661787],[-75.719885,39.6651],[-75.719979,39.665272]]]}},{"id":"459","type":"Feature","properties":{"GEOID":"100030136112","eb":4.21,"sv":2.34,"county":"New Castle","pop":1259.0,"pm25_pct":67.0,"diesel_pct":52.0,"cancer_pct":51.0,"traffic_pct":37.0,"superfund_pct":44.0,"lowinc_pct":0.076250993,"unemp_pct":0.057065217,"lingiso_pct":0.0,"poc_pct":36.0,"sv_health":3.4,"efa":"Not EFA","name":"New Castle BG 136112","efa_hisp_pct":5.5,"efa_black_pct":9.7,"efa_lingiso_pct":0,"efa_lingiso_sp":null,"efa_poverty_pct":8.5,"efa_mhhi":160870.0,"efa_combined_minority":20.0,"efa_has_duplicate":0,"efa_mc1":0,"efa_sc1":0,"efa_mc2":0,"efa_sc2":0,"efa_mc3":0,"efa_sc3":0,"efa_mc4":0,"efa_sc4":0,"efa_mc5":0,"efa_sc5":0,"efa_has_split":0},"geometry":{"type":"Polygon","coordinates":[[[-75.723462,39.742534],[-75.722708,39.743308],[-75.71821,39.745398],[-75.716185,39.742123],[-75.715893,39.741427],[-75.711625,39.740319],[-75.709307,39.736932],[-75.708913,39.735458],[-75.708536,39.734645],[-75.70653,39.732691],[-75.709889,39.731483],[-75.713105,39.729288],[-75.713305,39.729372],[-75.715428,39.732937],[-75.718836,39.735823],[-75.720404,39.73728],[-75.72475,39.739365],[-75.723462,39.742534]]]}},{"id":"460","type":"Feature","properties":{"GEOID":"100050517012","eb":1.72,"sv":3.02,"county":"Sussex","pop":1876.0,"pm25_pct":40.0,"diesel_pct":1.0,"cancer_pct":0.0,"traffic_pct":34.0,"superfund_pct":36.0,"lowinc_pct":0.28358209,"unemp_pct":0.036307054,"lingiso_pct":0.0,"poc_pct":36.0,"sv_health":4.48,"efa":"Not EFA","name":"Sussex BG 517012","efa_hisp_pct":4.8,"efa_black_pct":9.1,"efa_lingiso_pct":0,"efa_lingiso_sp":null,"efa_poverty_pct":7.5,"efa_mhhi":59194.0,"efa_combined_minority":21.7,"efa_has_duplicate":0,"efa_mc1":0,"efa_sc1":0,"efa_mc2":0,"efa_sc2":0,"efa_mc3":0,"efa_sc3":0,"efa_mc4":0,"efa_sc4":0,"efa_mc5":0,"efa_sc5":0,"efa_has_split":0},"geometry":{"type":"Polygon","coordinates":[[[-75.580857,38.599415],[-75.570402,38.601885],[-75.558962,38.601976],[-75.558233,38.602107],[-75.557778,38.602533],[-75.554688,38.603088],[-75.548762,38.60364],[-75.54883,38.601801],[-75.529008,38.602896],[-75.527154,38.603251],[-75.519297,38.606599],[-75.517512,38.605379],[-75.515291,38.603541],[-75.542799,38.588442],[-75.543666,38.587882],[-75.541718,38.562659],[-75.537287,38.560925],[-75.52499,38.558222],[-75.532315,38.554041],[-75.535296,38.554904],[-75.538669,38.554776],[-75.542962,38.553692],[-75.546064,38.55357],[-75.55641,38.555072],[-75.556763,38.560032],[-75.559654,38.565157],[-75.561817,38.568652],[-75.562739,38.570154],[-75.564681,38.573285],[-75.566594,38.576363],[-75.567533,38.577886],[-75.56876,38.579859],[-75.571989,38.585075],[-75.580857,38.599415]]]}},{"id":"461","type":"Feature","properties":{"GEOID":"100050505012","eb":2.07,"sv":2.91,"county":"Sussex","pop":1454.0,"pm25_pct":43.0,"diesel_pct":13.0,"cancer_pct":0.0,"traffic_pct":7.0,"superfund_pct":30.0,"lowinc_pct":0.151994498,"unemp_pct":0.018421053,"lingiso_pct":0.0,"poc_pct":34.0,"sv_health":4.27,"efa":"Not EFA","name":"Sussex BG 505012","efa_hisp_pct":14.3,"efa_black_pct":1.3,"efa_lingiso_pct":0,"efa_lingiso_sp":null,"efa_poverty_pct":7.9,"efa_mhhi":84412.0,"efa_combined_minority":22.5,"efa_has_duplicate":0,"efa_mc1":0,"efa_sc1":0,"efa_mc2":0,"efa_sc2":0,"efa_mc3":0,"efa_sc3":0,"efa_mc4":0,"efa_sc4":0,"efa_mc5":0,"efa_sc5":0,"efa_has_split":0},"geometry":{"type":"Polygon","coordinates":[[[-75.531357,38.710272],[-75.530084,38.713794],[-75.530518,38.718005],[-75.528029,38.720085],[-75.524921,38.724565],[-75.522488,38.726328],[-75.518122,38.728556],[-75.51464,38.730806],[-75.51199,38.733289],[-75.509827,38.741761],[-75.509411,38.742697],[-75.503954,38.751956],[-75.500351,38.755637],[-75.494144,38.757279],[-75.48547,38.755966],[-75.4843,38.755635],[-75.475198,38.751308],[-75.466229,38.747343],[-75.464215,38.746629],[-75.456839,38.746468],[-75.453854,38.746071],[-75.456028,38.742074],[-75.463573,38.732838],[-75.465966,38.725785],[-75.470655,38.721241],[-75.475354,38.713549],[-75.47674,38.708802],[-75.482472,38.699578],[-75.483018,38.695749],[-75.484187,38.693636],[-75.5211,38.708381],[-75.530284,38.71031],[-75.531357,38.710272]]]}},{"id":"462","type":"Feature","properties":{"GEOID":"100050517011","eb":1.11,"sv":3.11,"county":"Sussex","pop":1169.0,"pm25_pct":40.0,"diesel_pct":1.0,"cancer_pct":0.0,"traffic_pct":4.0,"superfund_pct":26.0,"lowinc_pct":0.327630453,"unemp_pct":0.0,"lingiso_pct":0.0,"poc_pct":22.0,"sv_health":4.48,"efa":"Not EFA","name":"Sussex BG 517011","efa_hisp_pct":1.1,"efa_black_pct":1.7,"efa_lingiso_pct":0,"efa_lingiso_sp":null,"efa_poverty_pct":8.5,"efa_mhhi":73125.0,"efa_combined_minority":8.3,"efa_has_duplicate":0,"efa_mc1":0,"efa_sc1":0,"efa_mc2":0,"efa_sc2":0,"efa_mc3":0,"efa_sc3":0,"efa_mc4":0,"efa_sc4":0,"efa_mc5":0,"efa_sc5":0,"efa_has_split":0},"geometry":{"type":"Polygon","coordinates":[[[-75.52499,38.558222],[-75.523395,38.55867],[-75.494501,38.564062],[-75.49318,38.564556],[-75.485125,38.569711],[-75.483138,38.570673],[-75.468697,38.57592],[-75.467769,38.576146],[-75.457783,38.578244],[-75.43891,38.580782],[-75.437089,38.581263],[-75.425429,38.587199],[-75.418669,38.590553],[-75.409075,38.592995],[-75.406387,38.593689],[-75.393426,38.598147],[-75.390728,38.593965],[-75.390652,38.590523],[-75.388765,38.583185],[-75.384069,38.580776],[-75.380756,38.576215],[-75.377105,38.564457],[-75.376237,38.561758],[-75.372102,38.557292],[-75.370682,38.554587],[-75.365452,38.552278],[-75.354643,38.546216],[-75.354767,38.545996],[-75.358176,38.538099],[-75.371973,38.53435],[-75.400283,38.526694],[-75.408779,38.524509],[-75.429014,38.526605],[-75.452891,38.532796],[-75.455234,38.533588],[-75.46457,38.537986],[-75.471629,38.541176],[-75.482018,38.542504],[-75.486299,38.542611],[-75.496893,38.543293],[-75.500166,38.543656],[-75.509492,38.545657],[-75.518012,38.548276],[-75.52479,38.551509],[-75.532315,38.554041],[-75.52499,38.558222]]]}},{"id":"463","type":"Feature","properties":{"GEOID":"100050507062","eb":1.68,"sv":2.47,"county":"Sussex","pop":336.0,"pm25_pct":14.0,"diesel_pct":1.0,"cancer_pct":0.0,"traffic_pct":3.0,"superfund_pct":25.0,"lowinc_pct":0.133928571,"unemp_pct":0.02970297,"lingiso_pct":0.028846154,"poc_pct":8.0,"sv_health":4.31,"efa":"Not EFA","name":"Sussex BG 507062","efa_hisp_pct":0,"efa_black_pct":0,"efa_lingiso_pct":2.6,"efa_lingiso_sp":0,"efa_poverty_pct":5.5,"efa_mhhi":88542.0,"efa_combined_minority":3.8,"efa_has_duplicate":0,"efa_mc1":0,"efa_sc1":0,"efa_mc2":0,"efa_sc2":0,"efa_mc3":0,"efa_sc3":0,"efa_mc4":0,"efa_sc4":0,"efa_mc5":0,"efa_sc5":0,"efa_has_split":0},"geometry":{"type":"Polygon","coordinates":[[[-75.155163,38.611349],[-75.152953,38.611371],[-75.150861,38.617722],[-75.151845,38.620888],[-75.14818,38.620377],[-75.144272,38.618389],[-75.139769,38.623896],[-75.139099,38.623518],[-75.137028,38.622402],[-75.133159,38.618696],[-75.132643,38.616219],[-75.134462,38.612247],[-75.132964,38.61217],[-75.128499,38.614857],[-75.124669,38.61562],[-75.124625,38.614698],[-75.124627,38.612482],[-75.124627,38.600797],[-75.141318,38.597135],[-75.145356,38.602934],[-75.14792,38.604911],[-75.153837,38.609122],[-75.154974,38.609487],[-75.155163,38.611349]]]}},{"id":"464","type":"Feature","properties":{"GEOID":"100050505032","eb":4.14,"sv":4.53,"county":"Sussex","pop":2713.0,"pm25_pct":41.0,"diesel_pct":25.0,"cancer_pct":0.0,"traffic_pct":34.0,"superfund_pct":80.0,"lowinc_pct":0.617509728,"unemp_pct":0.0,"lingiso_pct":0.296,"poc_pct":94.0,"sv_health":5.29,"efa":"Significant","name":"Sussex BG 505032","efa_hisp_pct":79.5,"efa_black_pct":10.1,"efa_lingiso_pct":25.0,"efa_lingiso_sp":100.0,"efa_poverty_pct":13.0,"efa_mhhi":65380.0,"efa_combined_minority":89.6,"efa_has_duplicate":1,"efa_mc1":1,"efa_sc1":0,"efa_mc2":1,"efa_sc2":0,"efa_mc3":0,"efa_sc3":0,"efa_mc4":0,"efa_sc4":0,"efa_mc5":0,"efa_sc5":1,"efa_has_split":1},"geometry":{"type":"Polygon","coordinates":[[[-75.415454,38.742661],[-75.412279,38.748577],[-75.406547,38.750839],[-75.405202,38.751289],[-75.395682,38.750203],[-75.391277,38.748996],[-75.381938,38.749366],[-75.379694,38.749991],[-75.372866,38.753546],[-75.370807,38.75395],[-75.355172,38.750362],[-75.355329,38.750148],[-75.358099,38.744954],[-75.360388,38.740482],[-75.360189,38.732145],[-75.362046,38.72609],[-75.362341,38.722613],[-75.362781,38.716724],[-75.362996,38.716406],[-75.36519,38.714426],[-75.365268,38.714731],[-75.373246,38.71628],[-75.376978,38.716666],[-75.377193,38.713206],[-75.380396,38.710198],[-75.381626,38.707607],[-75.381293,38.70301],[-75.382939,38.695485],[-75.384523,38.696485],[-75.386525,38.695362],[-75.388702,38.696721],[-75.391342,38.694911],[-75.401917,38.705171],[-75.403183,38.706095],[-75.403459,38.70682],[-75.404671,38.709594],[-75.407553,38.71621],[-75.413246,38.725623],[-75.424224,38.739276],[-75.415454,38.742661]]]}},{"id":"465","type":"Feature","properties":{"GEOID":"100050512051","eb":2.23,"sv":2.1,"county":"Sussex","pop":281.0,"pm25_pct":0.0,"diesel_pct":2.0,"cancer_pct":0.0,"traffic_pct":71.0,"superfund_pct":3.0,"lowinc_pct":0.053380783,"unemp_pct":0.01754386,"lingiso_pct":0.0,"poc_pct":11.0,"sv_health":3.94,"efa":"Not EFA","name":"Sussex BG 512051","efa_hisp_pct":1.2,"efa_black_pct":0,"efa_lingiso_pct":0,"efa_lingiso_sp":null,"efa_poverty_pct":3.4,"efa_mhhi":89427.0,"efa_combined_minority":12.8,"efa_has_duplicate":0,"efa_mc1":0,"efa_sc1":0,"efa_mc2":0,"efa_sc2":0,"efa_mc3":0,"efa_sc3":0,"efa_mc4":0,"efa_sc4":0,"efa_mc5":0,"efa_sc5":0,"efa_has_split":0},"geometry":{"type":"Polygon","coordinates":[[[-75.064516,38.507974],[-75.063653,38.512858],[-75.061751,38.511195],[-75.060513,38.511175],[-75.0516234760595,38.5085122923477],[-75.049748,38.486387],[-75.049551114169,38.477838893785],[-75.0493123881751,38.4674742314738],[-75.0490569660409,38.4563846801248],[-75.048939,38.451263],[-75.052404222416,38.4512572698339],[-75.052293,38.452821],[-75.051856,38.467386],[-75.055934,38.467354],[-75.056125,38.465205],[-75.057911,38.464399],[-75.058108,38.466532],[-75.061904,38.467439],[-75.062223,38.474919],[-75.062096,38.479908],[-75.060935,38.492552],[-75.060969,38.49522],[-75.059138,38.49483],[-75.058683,38.495965],[-75.061173,38.495757],[-75.062429,38.502089],[-75.063678,38.50362],[-75.063235,38.504937],[-75.064356,38.506358],[-75.064516,38.507974]]]}},{"id":"466","type":"Feature","properties":{"GEOID":"100050512043","eb":1.97,"sv":2.04,"county":"Sussex","pop":28.0,"pm25_pct":1.0,"diesel_pct":12.0,"cancer_pct":0.0,"traffic_pct":82.0,"superfund_pct":8.0,"lowinc_pct":0.0,"unemp_pct":0.0,"lingiso_pct":0.0,"poc_pct":0.0,"sv_health":3.43,"efa":"Not EFA","name":"Sussex BG 512043","efa_hisp_pct":0,"efa_black_pct":0,"efa_lingiso_pct":0,"efa_lingiso_sp":null,"efa_poverty_pct":0,"efa_mhhi":123500.0,"efa_combined_minority":0,"efa_has_duplicate":0,"efa_mc1":0,"efa_sc1":0,"efa_mc2":0,"efa_sc2":0,"efa_mc3":0,"efa_sc3":0,"efa_mc4":0,"efa_sc4":0,"efa_mc5":0,"efa_sc5":0,"efa_has_split":0},"geometry":{"type":"Polygon","coordinates":[[[-75.063259,38.527376],[-75.057383,38.526502],[-75.056314,38.526897],[-75.058642,38.529092],[-75.059169,38.53195],[-75.056905,38.532173],[-75.054613,38.532228],[-75.0536281853726,38.5321621701452],[-75.053586558094,38.5316710864526],[-75.0530517411971,38.5253617656086],[-75.054279,38.524282],[-75.056617,38.525094],[-75.063214,38.526214],[-75.063259,38.527376]]]}},{"id":"467","type":"Feature","properties":{"GEOID":"100050512033","eb":2.2,"sv":1.88,"county":"Sussex","pop":18.0,"pm25_pct":2.0,"diesel_pct":27.0,"cancer_pct":0.0,"traffic_pct":86.0,"superfund_pct":9.0,"lowinc_pct":0.277777778,"unemp_pct":0.0,"lingiso_pct":0.0,"poc_pct":0.0,"sv_health":3.76,"efa":"Not EFA","name":"Sussex BG 512033","efa_hisp_pct":0,"efa_black_pct":0,"efa_lingiso_pct":0,"efa_lingiso_sp":null,"efa_poverty_pct":27.3,"efa_mhhi":null,"efa_combined_minority":0,"efa_has_duplicate":0,"efa_mc1":0,"efa_sc1":0,"efa_mc2":0,"efa_sc2":0,"efa_mc3":1,"efa_sc3":0,"efa_mc4":0,"efa_sc4":0,"efa_mc5":0,"efa_sc5":0,"efa_has_split":0},"geometry":{"type":"Polygon","coordinates":[[[-75.063051,38.53211],[-75.061449,38.532086],[-75.059169,38.53195],[-75.058642,38.529092],[-75.056314,38.526897],[-75.057383,38.526502],[-75.063259,38.527376],[-75.063051,38.53211]]]}},{"id":"468","type":"Feature","properties":{"GEOID":"100050512011","eb":1.33,"sv":2.3,"county":"Sussex","pop":796.0,"pm25_pct":4.0,"diesel_pct":24.0,"cancer_pct":0.0,"traffic_pct":18.0,"superfund_pct":12.0,"lowinc_pct":0.067839196,"unemp_pct":0.165384615,"lingiso_pct":0.021634615,"poc_pct":15.0,"sv_health":3.85,"efa":"Not EFA","name":"Sussex BG 512011","efa_hisp_pct":0,"efa_black_pct":2.4,"efa_lingiso_pct":1.8,"efa_lingiso_sp":0,"efa_poverty_pct":4.6,"efa_mhhi":94432.0,"efa_combined_minority":8.6,"efa_has_duplicate":0,"efa_mc1":0,"efa_sc1":0,"efa_mc2":0,"efa_sc2":0,"efa_mc3":0,"efa_sc3":0,"efa_mc4":0,"efa_sc4":0,"efa_mc5":0,"efa_sc5":0,"efa_has_split":0},"geometry":{"type":"Polygon","coordinates":[[[-75.103195,38.606862],[-75.0610007060148,38.608406873942],[-75.060478,38.608012],[-75.060032,38.607709],[-75.0555780751535,38.5551653331172],[-75.05986,38.555649],[-75.060118,38.555734],[-75.068562,38.555459],[-75.072525,38.555876],[-75.084086,38.55585],[-75.081306,38.564125],[-75.08147,38.568129],[-75.077755,38.579235],[-75.075318,38.584937],[-75.077476,38.585262],[-75.078512,38.583055],[-75.083396,38.583452],[-75.089665,38.582139],[-75.094878,38.580425],[-75.09428,38.582435],[-75.094906,38.586814],[-75.097019,38.590695],[-75.098194,38.592205],[-75.101143,38.597668],[-75.102693,38.601637],[-75.103195,38.606862]]]}},{"id":"469","type":"Feature","properties":{"GEOID":"100030123001","eb":6.89,"sv":2.83,"county":"New Castle","pop":1720.0,"pm25_pct":78.0,"diesel_pct":64.0,"cancer_pct":51.0,"traffic_pct":85.0,"superfund_pct":80.0,"lowinc_pct":0.256875366,"unemp_pct":0.02946593,"lingiso_pct":0.013986014,"poc_pct":38.0,"sv_health":4.33,"efa":"Not EFA","name":"New Castle BG 123001","efa_hisp_pct":16.3,"efa_black_pct":17.4,"efa_lingiso_pct":0,"efa_lingiso_sp":null,"efa_poverty_pct":6.8,"efa_mhhi":82292.0,"efa_combined_minority":37.4,"efa_has_duplicate":0,"efa_mc1":0,"efa_sc1":0,"efa_mc2":0,"efa_sc2":0,"efa_mc3":0,"efa_sc3":0,"efa_mc4":0,"efa_sc4":0,"efa_mc5":0,"efa_sc5":0,"efa_has_split":0},"geometry":{"type":"Polygon","coordinates":[[[-75.604509,39.741584],[-75.602632,39.744944],[-75.601183,39.744152],[-75.599298,39.742887],[-75.599174,39.742527],[-75.596764,39.743857],[-75.58993,39.742287],[-75.589439,39.740131],[-75.589388,39.740067],[-75.589447,39.739566],[-75.589496,39.739291],[-75.589648,39.739254],[-75.595061,39.738748],[-75.597107,39.739223],[-75.598953,39.73959],[-75.600884,39.739349],[-75.604699,39.738862],[-75.604509,39.741584]]]}},{"id":"470","type":"Feature","properties":{"GEOID":"100030112033","eb":6.85,"sv":2.72,"county":"New Castle","pop":2180.0,"pm25_pct":100.0,"diesel_pct":62.0,"cancer_pct":51.0,"traffic_pct":64.0,"superfund_pct":43.0,"lowinc_pct":0.542660551,"unemp_pct":0.024883359,"lingiso_pct":0.0,"poc_pct":91.0,"sv_health":3.87,"efa":"Moderate","name":"New Castle BG 112033","efa_hisp_pct":1.6,"efa_black_pct":59.7,"efa_lingiso_pct":0,"efa_lingiso_sp":null,"efa_poverty_pct":17.2,"efa_mhhi":43026.0,"efa_combined_minority":81.5,"efa_has_duplicate":0,"efa_mc1":1,"efa_sc1":0,"efa_mc2":1,"efa_sc2":0,"efa_mc3":0,"efa_sc3":0,"efa_mc4":1,"efa_sc4":0,"efa_mc5":0,"efa_sc5":0,"efa_has_split":0},"geometry":{"type":"Polygon","coordinates":[[[-75.479665,39.824707],[-75.4754870028189,39.8274081016111],[-75.4726776290824,39.826576322336],[-75.472547501842,39.8265377951937],[-75.463341,39.823812],[-75.4599264483802,39.822567241051],[-75.464124,39.81893],[-75.479862,39.821285],[-75.479665,39.824707]]]}},{"id":"472","type":"Feature","properties":{"GEOID":"100030137003","eb":4.95,"sv":2.36,"county":"New Castle","pop":644.0,"pm25_pct":64.0,"diesel_pct":57.0,"cancer_pct":51.0,"traffic_pct":69.0,"superfund_pct":44.0,"lowinc_pct":0.200310559,"unemp_pct":0.0,"lingiso_pct":0.0,"poc_pct":34.0,"sv_health":3.6,"efa":"Not EFA","name":"New Castle BG 137003","efa_hisp_pct":18.0,"efa_black_pct":7.6,"efa_lingiso_pct":0,"efa_lingiso_sp":null,"efa_poverty_pct":4.8,"efa_mhhi":111250.0,"efa_combined_minority":25.7,"efa_has_duplicate":0,"efa_mc1":0,"efa_sc1":0,"efa_mc2":0,"efa_sc2":0,"efa_mc3":0,"efa_sc3":0,"efa_mc4":0,"efa_sc4":0,"efa_mc5":0,"efa_sc5":0,"efa_has_split":0},"geometry":{"type":"Polygon","coordinates":[[[-75.722381,39.709718],[-75.720071,39.712091],[-75.718087,39.7128],[-75.718271,39.71379],[-75.718885,39.715194],[-75.716988,39.719347],[-75.717626,39.720095],[-75.711552,39.719464],[-75.711293,39.717335],[-75.710831,39.714458],[-75.711298,39.711712],[-75.711069,39.711265],[-75.710313,39.709296],[-75.709428,39.697796],[-75.714728,39.695872],[-75.719565,39.694606],[-75.720381,39.694309],[-75.720226,39.695429],[-75.719318,39.698673],[-75.719946,39.703968],[-75.720501,39.7045],[-75.720531,39.708202],[-75.722366,39.708833],[-75.722381,39.709718]]]}},{"id":"473","type":"Feature","properties":{"GEOID":"100030136042","eb":4.96,"sv":1.73,"county":"New Castle","pop":1827.0,"pm25_pct":67.0,"diesel_pct":67.0,"cancer_pct":51.0,"traffic_pct":56.0,"superfund_pct":52.0,"lowinc_pct":0.062917595,"unemp_pct":0.0,"lingiso_pct":0.0,"poc_pct":19.0,"sv_health":3.36,"efa":"Not EFA","name":"New Castle BG 136042","efa_hisp_pct":8.1,"efa_black_pct":4.3,"efa_lingiso_pct":0,"efa_lingiso_sp":null,"efa_poverty_pct":2.1,"efa_mhhi":129625.0,"efa_combined_minority":14.3,"efa_has_duplicate":0,"efa_mc1":0,"efa_sc1":0,"efa_mc2":0,"efa_sc2":0,"efa_mc3":0,"efa_sc3":0,"efa_mc4":0,"efa_sc4":0,"efa_mc5":0,"efa_sc5":0,"efa_has_split":0},"geometry":{"type":"Polygon","coordinates":[[[-75.689127,39.732135],[-75.68836,39.732972],[-75.685917,39.734893],[-75.683758,39.735956],[-75.681495,39.733901],[-75.680589,39.733509],[-75.678798,39.733165],[-75.673609,39.73359],[-75.668323,39.732036],[-75.666786,39.730783],[-75.667653,39.730377],[-75.673116,39.723563],[-75.674755,39.718085],[-75.674648,39.717078],[-75.673164,39.71562],[-75.675452,39.713892],[-75.678238,39.711796],[-75.680139,39.720142],[-75.679551,39.722145],[-75.680473,39.72257],[-75.681204,39.725091],[-75.687611,39.725329],[-75.69172,39.728139],[-75.689127,39.732135]]]}},{"id":"474","type":"Feature","properties":{"GEOID":"100030148101","eb":3.92,"sv":2.08,"county":"New Castle","pop":2783.0,"pm25_pct":48.0,"diesel_pct":54.0,"cancer_pct":0.0,"traffic_pct":30.0,"superfund_pct":63.0,"lowinc_pct":0.081943437,"unemp_pct":0.145666872,"lingiso_pct":0.0,"poc_pct":38.0,"sv_health":3.51,"efa":"Not EFA","name":"New Castle BG 148101","efa_hisp_pct":0,"efa_black_pct":6.7,"efa_lingiso_pct":0,"efa_lingiso_sp":null,"efa_poverty_pct":7.1,"efa_mhhi":132973.0,"efa_combined_minority":17.2,"efa_has_duplicate":0,"efa_mc1":0,"efa_sc1":0,"efa_mc2":0,"efa_sc2":0,"efa_mc3":0,"efa_sc3":0,"efa_mc4":0,"efa_sc4":0,"efa_mc5":0,"efa_sc5":0,"efa_has_split":0},"geometry":{"type":"Polygon","coordinates":[[[-75.740734,39.587496],[-75.7336,39.588246],[-75.726933,39.58891],[-75.716848,39.589905],[-75.71415,39.590128],[-75.713583,39.583859],[-75.713179,39.579061],[-75.710383,39.576162],[-75.709916,39.572898],[-75.706281,39.573246],[-75.705981,39.573236],[-75.697593,39.570543],[-75.703046,39.556557],[-75.703997,39.555012],[-75.705695,39.553714],[-75.707201,39.553045],[-75.719115,39.547897],[-75.720766,39.547499],[-75.724936,39.545218],[-75.725958,39.543963],[-75.726615,39.541817],[-75.727298,39.541727],[-75.73813,39.541145],[-75.738241,39.541148],[-75.739109,39.553692],[-75.738037,39.558136],[-75.737578,39.560513],[-75.738056,39.566537],[-75.738891,39.571642],[-75.740314,39.581323],[-75.740734,39.587496]]]}},{"id":"475","type":"Feature","properties":{"GEOID":"100030148103","eb":4.64,"sv":2.16,"county":"New Castle","pop":2253.0,"pm25_pct":48.0,"diesel_pct":54.0,"cancer_pct":0.0,"traffic_pct":86.0,"superfund_pct":48.0,"lowinc_pct":0.235453315,"unemp_pct":0.095765472,"lingiso_pct":0.048578199,"poc_pct":77.0,"sv_health":3.51,"efa":"Not EFA","name":"New Castle BG 148103","efa_hisp_pct":10.5,"efa_black_pct":50.9,"efa_lingiso_pct":6.6,"efa_lingiso_sp":100.0,"efa_poverty_pct":7.3,"efa_mhhi":73039.0,"efa_combined_minority":65.6,"efa_has_duplicate":0,"efa_mc1":0,"efa_sc1":0,"efa_mc2":0,"efa_sc2":0,"efa_mc3":0,"efa_sc3":0,"efa_mc4":0,"efa_sc4":0,"efa_mc5":0,"efa_sc5":0,"efa_has_split":0},"geometry":{"type":"Polygon","coordinates":[[[-75.726176,39.590495],[-75.72382,39.592929],[-75.724496,39.595021],[-75.723021,39.59812],[-75.721544,39.598675],[-75.721417,39.599806],[-75.724373,39.60326],[-75.726184,39.604083],[-75.725761,39.605625],[-75.723595,39.607384],[-75.715395,39.60807],[-75.714998,39.603092],[-75.713669,39.601367],[-75.717481,39.601016],[-75.718104,39.60037],[-75.716848,39.589905],[-75.726933,39.58891],[-75.726176,39.590495]]]}},{"id":"476","type":"Feature","properties":{"GEOID":"100030149094","eb":6.78,"sv":2.93,"county":"New Castle","pop":1057.0,"pm25_pct":61.0,"diesel_pct":93.0,"cancer_pct":51.0,"traffic_pct":73.0,"superfund_pct":96.0,"lowinc_pct":0.080416272,"unemp_pct":0.0,"lingiso_pct":0.0,"poc_pct":100.0,"sv_health":3.85,"efa":"Significant","name":"New Castle BG 149094","efa_hisp_pct":18.0,"efa_black_pct":78.2,"efa_lingiso_pct":0,"efa_lingiso_sp":null,"efa_poverty_pct":3.9,"efa_mhhi":65869.0,"efa_combined_minority":96.2,"efa_has_duplicate":0,"efa_mc1":0,"efa_sc1":0,"efa_mc2":1,"efa_sc2":1,"efa_mc3":0,"efa_sc3":0,"efa_mc4":0,"efa_sc4":0,"efa_mc5":0,"efa_sc5":0,"efa_has_split":0},"geometry":{"type":"Polygon","coordinates":[[[-75.629957,39.657532],[-75.629182,39.659349],[-75.626199,39.658726],[-75.626581,39.65763],[-75.624231,39.656215],[-75.623071,39.658428],[-75.621324,39.657293],[-75.62229,39.656116],[-75.619974,39.655255],[-75.618846,39.656086],[-75.618104,39.656644],[-75.616091,39.655069],[-75.616906,39.654458],[-75.619824,39.6521],[-75.622663,39.650791],[-75.623725,39.653532],[-75.624622,39.654796],[-75.627303,39.656474],[-75.629904,39.656763],[-75.629957,39.657532]]]}},{"id":"477","type":"Feature","properties":{"GEOID":"100030161002","eb":6.67,"sv":2.53,"county":"New Castle","pop":950.0,"pm25_pct":63.0,"diesel_pct":61.0,"cancer_pct":51.0,"traffic_pct":50.0,"superfund_pct":90.0,"lowinc_pct":0.141052632,"unemp_pct":0.033932136,"lingiso_pct":0.0,"poc_pct":15.0,"sv_health":3.95,"efa":"Not EFA","name":"New Castle BG 161002","efa_hisp_pct":1.9,"efa_black_pct":6.3,"efa_lingiso_pct":0,"efa_lingiso_sp":null,"efa_poverty_pct":4.6,"efa_mhhi":57250.0,"efa_combined_minority":9.9,"efa_has_duplicate":0,"efa_mc1":0,"efa_sc1":0,"efa_mc2":0,"efa_sc2":0,"efa_mc3":0,"efa_sc3":0,"efa_mc4":0,"efa_sc4":0,"efa_mc5":0,"efa_sc5":0,"efa_has_split":0},"geometry":{"type":"Polygon","coordinates":[[[-75.574438,39.670212],[-75.568318,39.667501],[-75.565764,39.666882],[-75.562925,39.665852],[-75.562411,39.665611],[-75.561871,39.665358],[-75.560637,39.665022],[-75.558008,39.66413],[-75.557911,39.66405],[-75.5568448905546,39.6631544390364],[-75.5582831376135,39.6614388990923],[-75.5613567608041,39.6577726838033],[-75.561941,39.657854],[-75.566815,39.662053],[-75.567915,39.662776],[-75.569108,39.66316],[-75.570538,39.663605],[-75.573581,39.663896],[-75.573798,39.664329],[-75.57442,39.670063],[-75.57443,39.670157],[-75.574438,39.670212]]]}},{"id":"478","type":"Feature","properties":{"GEOID":"100030138001","eb":5.15,"sv":2.61,"county":"New Castle","pop":2278.0,"pm25_pct":64.0,"diesel_pct":98.0,"cancer_pct":51.0,"traffic_pct":42.0,"superfund_pct":49.0,"lowinc_pct":0.17120281,"unemp_pct":0.056307912,"lingiso_pct":0.0,"poc_pct":30.0,"sv_health":3.29,"efa":"Not EFA","name":"New Castle BG 138001","efa_hisp_pct":7.4,"efa_black_pct":4.1,"efa_lingiso_pct":0,"efa_lingiso_sp":null,"efa_poverty_pct":4.0,"efa_mhhi":69580.0,"efa_combined_minority":29.1,"efa_has_duplicate":0,"efa_mc1":0,"efa_sc1":0,"efa_mc2":0,"efa_sc2":0,"efa_mc3":0,"efa_sc3":0,"efa_mc4":0,"efa_sc4":0,"efa_mc5":0,"efa_sc5":0,"efa_has_split":0},"geometry":{"type":"Polygon","coordinates":[[[-75.696261,39.697689],[-75.692943,39.699075],[-75.690557,39.699116],[-75.688969,39.700197],[-75.685474,39.701135],[-75.684851,39.701148],[-75.683377,39.700309],[-75.682692,39.699438],[-75.681138,39.698972],[-75.679186,39.697694],[-75.678608,39.697515],[-75.675585,39.699082],[-75.675312,39.698302],[-75.672043,39.694843],[-75.671302,39.693952],[-75.668934,39.693242],[-75.671783,39.691035],[-75.674583,39.689381],[-75.681923,39.685677],[-75.682639,39.686505],[-75.684718,39.688249],[-75.687062,39.690219],[-75.690107,39.692596],[-75.694066,39.69512],[-75.694852,39.695809],[-75.696261,39.697689]]]}},{"id":"479","type":"Feature","properties":{"GEOID":"100030124001","eb":7.06,"sv":2.83,"county":"New Castle","pop":1453.0,"pm25_pct":77.0,"diesel_pct":67.0,"cancer_pct":51.0,"traffic_pct":82.0,"superfund_pct":83.0,"lowinc_pct":0.144528562,"unemp_pct":0.019631902,"lingiso_pct":0.001757469,"poc_pct":75.0,"sv_health":4.12,"efa":"Moderate","name":"New Castle BG 124001","efa_hisp_pct":35.2,"efa_black_pct":25.6,"efa_lingiso_pct":2.0,"efa_lingiso_sp":100.0,"efa_poverty_pct":12.2,"efa_mhhi":83350.0,"efa_combined_minority":61.4,"efa_has_duplicate":0,"efa_mc1":1,"efa_sc1":0,"efa_mc2":0,"efa_sc2":0,"efa_mc3":0,"efa_sc3":0,"efa_mc4":0,"efa_sc4":0,"efa_mc5":0,"efa_sc5":0,"efa_has_split":0},"geometry":{"type":"Polygon","coordinates":[[[-75.607178,39.73655],[-75.604661,39.733903],[-75.601508,39.734025],[-75.598589,39.734485],[-75.598516,39.734475],[-75.596148,39.734804],[-75.597107,39.739223],[-75.595061,39.738748],[-75.589648,39.739254],[-75.589496,39.739291],[-75.589447,39.739566],[-75.589388,39.740067],[-75.589439,39.740131],[-75.586154,39.740712],[-75.582907,39.741296],[-75.584312,39.739214],[-75.58024,39.737363],[-75.5799,39.737066],[-75.584775,39.736213],[-75.587063,39.734802],[-75.587762,39.734801],[-75.587877,39.73481],[-75.588914,39.733504],[-75.59119,39.732998],[-75.59057,39.733211],[-75.590792,39.733815],[-75.590302,39.733931],[-75.590435,39.73429],[-75.59437,39.733222],[-75.594068,39.732862],[-75.594312,39.732363],[-75.596958,39.730787],[-75.600771,39.730083],[-75.602494,39.730614],[-75.603175,39.730796],[-75.604032,39.732208],[-75.607101,39.735015],[-75.607178,39.73655]]]}},{"id":"480","type":"Feature","properties":{"GEOID":"100030158022","eb":7.56,"sv":3.41,"county":"New Castle","pop":1784.0,"pm25_pct":66.0,"diesel_pct":65.0,"cancer_pct":99.0,"traffic_pct":73.0,"superfund_pct":83.0,"lowinc_pct":0.507286996,"unemp_pct":0.062426384,"lingiso_pct":0.044921875,"poc_pct":80.0,"sv_health":3.75,"efa":"Not EFA","name":"New Castle BG 158022","efa_hisp_pct":43.7,"efa_black_pct":17.9,"efa_lingiso_pct":0,"efa_lingiso_sp":null,"efa_poverty_pct":4.8,"efa_mhhi":57375.0,"efa_combined_minority":63.8,"efa_has_duplicate":0,"efa_mc1":0,"efa_sc1":0,"efa_mc2":0,"efa_sc2":0,"efa_mc3":0,"efa_sc3":0,"efa_mc4":0,"efa_sc4":0,"efa_mc5":0,"efa_sc5":0,"efa_has_split":0},"geometry":{"type":"Polygon","coordinates":[[[-75.556495,39.687807],[-75.55368,39.695751],[-75.540617,39.695014],[-75.551167,39.683207],[-75.551217,39.684019],[-75.557067,39.686143],[-75.556495,39.687807]]]}},{"id":"481","type":"Feature","properties":{"GEOID":"100010412002","eb":3.88,"sv":2.6,"county":"Kent","pop":925.0,"pm25_pct":18.0,"diesel_pct":59.0,"cancer_pct":0.0,"traffic_pct":35.0,"superfund_pct":85.0,"lowinc_pct":0.305103149,"unemp_pct":0.032171582,"lingiso_pct":0.033994334,"poc_pct":55.0,"sv_health":4.1,"efa":"Not EFA","name":"Kent BG 412002","efa_hisp_pct":5.3,"efa_black_pct":15.1,"efa_lingiso_pct":0.3,"efa_lingiso_sp":100.0,"efa_poverty_pct":6.2,"efa_mhhi":110446.0,"efa_combined_minority":57.0,"efa_has_duplicate":0,"efa_mc1":0,"efa_sc1":0,"efa_mc2":0,"efa_sc2":0,"efa_mc3":0,"efa_sc3":0,"efa_mc4":0,"efa_sc4":0,"efa_mc5":0,"efa_sc5":0,"efa_has_split":0},"geometry":{"type":"Polygon","coordinates":[[[-75.522393,39.13918],[-75.519739,39.140235],[-75.51311,39.14126],[-75.509774,39.142352],[-75.508763,39.140825],[-75.505211,39.138177],[-75.50492,39.136782],[-75.506365,39.135687],[-75.506653,39.133533],[-75.505644,39.132124],[-75.501647,39.129326],[-75.507101,39.127941],[-75.509064,39.125589],[-75.511739,39.128487],[-75.514694,39.12871],[-75.51785,39.126968],[-75.52082,39.13424],[-75.522374,39.138032],[-75.522734,39.139173],[-75.522393,39.13918]]]}},{"id":"482","type":"Feature","properties":{"GEOID":"100010407002","eb":3.22,"sv":3.42,"county":"Kent","pop":1117.0,"pm25_pct":11.0,"diesel_pct":36.0,"cancer_pct":0.0,"traffic_pct":40.0,"superfund_pct":72.0,"lowinc_pct":0.888669951,"unemp_pct":0.230452675,"lingiso_pct":0.0,"poc_pct":93.0,"sv_health":4.15,"efa":"Significant","name":"Kent BG 407002","efa_hisp_pct":5.1,"efa_black_pct":65.3,"efa_lingiso_pct":0,"efa_lingiso_sp":null,"efa_poverty_pct":87.6,"efa_mhhi":21447.0,"efa_combined_minority":92.4,"efa_has_duplicate":0,"efa_mc1":1,"efa_sc1":1,"efa_mc2":1,"efa_sc2":1,"efa_mc3":1,"efa_sc3":1,"efa_mc4":1,"efa_sc4":1,"efa_mc5":0,"efa_sc5":0,"efa_has_split":0},"geometry":{"type":"Polygon","coordinates":[[[-75.562269,39.166666],[-75.556732,39.173754],[-75.553581,39.176229],[-75.5477,39.172224],[-75.546488,39.16938],[-75.560117,39.1663],[-75.560559,39.165887],[-75.560867,39.166039],[-75.562269,39.166666]]]}},{"id":"483","type":"Feature","properties":{"GEOID":"100010412001","eb":4.16,"sv":2.63,"county":"Kent","pop":1854.0,"pm25_pct":18.0,"diesel_pct":59.0,"cancer_pct":0.0,"traffic_pct":74.0,"superfund_pct":85.0,"lowinc_pct":0.282293987,"unemp_pct":0.120603015,"lingiso_pct":0.0,"poc_pct":79.0,"sv_health":4.1,"efa":"Moderate","name":"Kent BG 412001","efa_hisp_pct":7.0,"efa_black_pct":38.9,"efa_lingiso_pct":0,"efa_lingiso_sp":null,"efa_poverty_pct":17.4,"efa_mhhi":71821.0,"efa_combined_minority":65.5,"efa_has_duplicate":1,"efa_mc1":1,"efa_sc1":0,"efa_mc2":0,"efa_sc2":0,"efa_mc3":0,"efa_sc3":0,"efa_mc4":0,"efa_sc4":0,"efa_mc5":0,"efa_sc5":0,"efa_has_split":1},"geometry":{"type":"Polygon","coordinates":[[[-75.51785,39.126968],[-75.514694,39.12871],[-75.511739,39.128487],[-75.509064,39.125589],[-75.507101,39.127941],[-75.501647,39.129326],[-75.505644,39.132124],[-75.506653,39.133533],[-75.506365,39.135687],[-75.50492,39.136782],[-75.505211,39.138177],[-75.508763,39.140825],[-75.509774,39.142352],[-75.509377,39.142524],[-75.508381,39.141347],[-75.508376,39.140556],[-75.504897,39.138257],[-75.498698,39.141845],[-75.498622,39.143232],[-75.499036,39.143989],[-75.501019,39.146212],[-75.500661,39.146393],[-75.498283,39.143372],[-75.495402,39.137711],[-75.494606,39.136084],[-75.491856,39.13122],[-75.489215,39.127295],[-75.489541,39.127119],[-75.493443,39.12472],[-75.493325,39.124048],[-75.493522,39.11844],[-75.495078,39.115997],[-75.498578,39.114997],[-75.500625,39.116096],[-75.501382,39.116034],[-75.503329,39.117336],[-75.505756,39.117633],[-75.506134,39.118037],[-75.514368,39.118256],[-75.515577,39.118054],[-75.516257,39.122766],[-75.51785,39.126968]]]}},{"id":"484","type":"Feature","properties":{"GEOID":"100010420001","eb":0.91,"sv":3.52,"county":"Kent","pop":1753.0,"pm25_pct":10.0,"diesel_pct":0.0,"cancer_pct":0.0,"traffic_pct":0.0,"superfund_pct":21.0,"lowinc_pct":0.284084427,"unemp_pct":0.0,"lingiso_pct":0.0,"poc_pct":10.0,"sv_health":4.55,"efa":"Not EFA","name":"Kent BG 420001","efa_hisp_pct":0.1,"efa_black_pct":0,"efa_lingiso_pct":1.2,"efa_lingiso_sp":0,"efa_poverty_pct":7.2,"efa_mhhi":96429.0,"efa_combined_minority":1.9,"efa_has_duplicate":0,"efa_mc1":0,"efa_sc1":0,"efa_mc2":0,"efa_sc2":0,"efa_mc3":0,"efa_sc3":0,"efa_mc4":0,"efa_sc4":0,"efa_mc5":0,"efa_sc5":0,"efa_has_split":0},"geometry":{"type":"Polygon","coordinates":[[[-75.7426262761085,39.0798252233775],[-75.738603,39.083313],[-75.730608,39.087924],[-75.727647,39.091216],[-75.721926,39.092003],[-75.718172,39.094791],[-75.715721,39.095345],[-75.71295,39.095604],[-75.711645,39.096193],[-75.702812,39.099186],[-75.700047,39.098858],[-75.696039,39.101196],[-75.69188,39.101594],[-75.681163,39.105092],[-75.678797,39.107127],[-75.671799,39.111864],[-75.668256,39.112409],[-75.664956,39.114349],[-75.661311,39.113812],[-75.656188,39.113457],[-75.652004,39.115623],[-75.645629,39.116738],[-75.642822,39.116464],[-75.642519,39.116331],[-75.636179,39.112294],[-75.634861,39.101825],[-75.63518,39.100219],[-75.634732,39.097881],[-75.634947,39.09286],[-75.632752,39.091073],[-75.634378,39.085008],[-75.634283,39.080927],[-75.631387,39.077521],[-75.630204,39.075204],[-75.627488,39.071069],[-75.62846,39.070834],[-75.630611,39.070475],[-75.633066,39.071333],[-75.635691,39.071733],[-75.642748,39.07141],[-75.646348,39.071688],[-75.648938,39.070295],[-75.653193,39.06912],[-75.661985,39.06872],[-75.66541,39.068717],[-75.66981,39.067612],[-75.673518,39.066292],[-75.682432,39.067317],[-75.688296,39.06459],[-75.69094,39.065827],[-75.692634,39.065877],[-75.697207,39.065148],[-75.705586,39.065128],[-75.735424,39.067065],[-75.738011,39.068069],[-75.738294,39.069209],[-75.74034,39.06959],[-75.7419229116781,39.0710095817032],[-75.7419230744369,39.0710116216466],[-75.7426262761085,39.0798252233775]]]}},{"id":"485","type":"Feature","properties":{"GEOID":"100010420002","eb":0.95,"sv":3.56,"county":"Kent","pop":1338.0,"pm25_pct":10.0,"diesel_pct":0.0,"cancer_pct":0.0,"traffic_pct":0.0,"superfund_pct":14.0,"lowinc_pct":0.308669656,"unemp_pct":0.135053111,"lingiso_pct":0.0,"poc_pct":49.0,"sv_health":4.55,"efa":"Not EFA","name":"Kent BG 420002","efa_hisp_pct":4.4,"efa_black_pct":13.5,"efa_lingiso_pct":0,"efa_lingiso_sp":null,"efa_poverty_pct":9.4,"efa_mhhi":67679.0,"efa_combined_minority":30.3,"efa_has_duplicate":0,"efa_mc1":0,"efa_sc1":0,"efa_mc2":0,"efa_sc2":0,"efa_mc3":0,"efa_sc3":0,"efa_mc4":0,"efa_sc4":0,"efa_mc5":0,"efa_sc5":0,"efa_has_split":0},"geometry":{"type":"Polygon","coordinates":[[[-75.74034,39.06959],[-75.738294,39.069209],[-75.738011,39.068069],[-75.735424,39.067065],[-75.705586,39.065128],[-75.697207,39.065148],[-75.692634,39.065877],[-75.69094,39.065827],[-75.688296,39.06459],[-75.682432,39.067317],[-75.673518,39.066292],[-75.66981,39.067612],[-75.66541,39.068717],[-75.661985,39.06872],[-75.653193,39.06912],[-75.648938,39.070295],[-75.646348,39.071688],[-75.642748,39.07141],[-75.635691,39.071733],[-75.633066,39.071333],[-75.630611,39.070475],[-75.62846,39.070834],[-75.628803,39.06916],[-75.630215,39.067993],[-75.635744,39.061101],[-75.639504,39.054031],[-75.641113,39.052611],[-75.649055,39.04903],[-75.644694,39.045516],[-75.64151,39.043584],[-75.637761,39.04281],[-75.633838,39.043191],[-75.631159,39.041961],[-75.630074,39.042655],[-75.624362,39.043918],[-75.618254,39.042259],[-75.613467,39.041714],[-75.610906,39.040941],[-75.608266,39.0398],[-75.603032,39.041308],[-75.605806,39.029234],[-75.605231,39.02857],[-75.597714,39.011301],[-75.604271,39.007876],[-75.606994,39.006718],[-75.612197,39.004558],[-75.616819,39.011448],[-75.617322,39.0119],[-75.620588,39.013015],[-75.625075,39.015189],[-75.632611,39.014868],[-75.6392,39.015864],[-75.641455,39.016756],[-75.649183,39.017251],[-75.65859,39.018951],[-75.664597,39.019741],[-75.680739,39.022761],[-75.684471,39.023219],[-75.689566,39.022733],[-75.692242,39.023079],[-75.699541,39.025548],[-75.712035,39.028285],[-75.713392,39.028765],[-75.718145,39.031687],[-75.719103,39.033572],[-75.722295,39.032949],[-75.732018,39.031965],[-75.733435,39.031672],[-75.7386276475601,39.0297082783783],[-75.7395454824235,39.0412119924174],[-75.7397379959587,39.043624867266],[-75.7419229116781,39.0710095817032],[-75.74034,39.06959]]]}},{"id":"486","type":"Feature","properties":{"GEOID":"100010421001","eb":1.95,"sv":3.6,"county":"Kent","pop":1665.0,"pm25_pct":20.0,"diesel_pct":21.0,"cancer_pct":0.0,"traffic_pct":31.0,"superfund_pct":25.0,"lowinc_pct":0.528846154,"unemp_pct":0.005662514,"lingiso_pct":0.0,"poc_pct":23.0,"sv_health":4.64,"efa":"Not EFA","name":"Kent BG 421001","efa_hisp_pct":1.8,"efa_black_pct":10.0,"efa_lingiso_pct":0,"efa_lingiso_sp":null,"efa_poverty_pct":11.5,"efa_mhhi":92443.0,"efa_combined_minority":11.9,"efa_has_duplicate":0,"efa_mc1":0,"efa_sc1":0,"efa_mc2":0,"efa_sc2":0,"efa_mc3":0,"efa_sc3":0,"efa_mc4":0,"efa_sc4":0,"efa_mc5":0,"efa_sc5":0,"efa_has_split":0},"geometry":{"type":"Polygon","coordinates":[[[-75.649055,39.04903],[-75.641113,39.052611],[-75.639504,39.054031],[-75.635744,39.061101],[-75.630215,39.067993],[-75.628803,39.06916],[-75.62846,39.070834],[-75.627488,39.071069],[-75.630204,39.075204],[-75.631387,39.077521],[-75.634283,39.080927],[-75.634378,39.085008],[-75.632752,39.091073],[-75.634947,39.09286],[-75.634732,39.097881],[-75.63518,39.100219],[-75.634861,39.101825],[-75.636179,39.112294],[-75.634369,39.111844],[-75.627433,39.111698],[-75.622592,39.111635],[-75.623429,39.100451],[-75.621304,39.093978],[-75.617038,39.085558],[-75.614103,39.082066],[-75.609868,39.082606],[-75.608287,39.082425],[-75.605683,39.080793],[-75.60485,39.079623],[-75.609423,39.076972],[-75.606924,39.076121],[-75.594367,39.072609],[-75.592475,39.070481],[-75.591528,39.066722],[-75.587689,39.063363],[-75.585512,39.060032],[-75.585146,39.058027],[-75.583161,39.055199],[-75.582576,39.052734],[-75.579331,39.053042],[-75.573229,39.054045],[-75.571122,39.054066],[-75.566989,39.054099],[-75.562125,39.058269],[-75.561575,39.05859],[-75.560785,39.058753],[-75.560287,39.057051],[-75.557312,39.047657],[-75.557552,39.046087],[-75.557676,39.045473],[-75.557421,39.045445],[-75.556995,39.045012],[-75.555823,39.042523],[-75.555026,39.040848],[-75.55195,39.037523],[-75.560477,39.03524],[-75.560746,39.035182],[-75.570104,39.034305],[-75.573104,39.033544],[-75.582151,39.034549],[-75.585207,39.034637],[-75.591781,39.036369],[-75.594256,39.040054],[-75.597101,39.041579],[-75.600448,39.041042],[-75.603032,39.041308],[-75.608266,39.0398],[-75.610906,39.040941],[-75.613467,39.041714],[-75.618254,39.042259],[-75.624362,39.043918],[-75.630074,39.042655],[-75.631159,39.041961],[-75.633838,39.043191],[-75.637761,39.04281],[-75.64151,39.043584],[-75.644694,39.045516],[-75.649055,39.04903]]]}},{"id":"487","type":"Feature","properties":{"GEOID":"100010419001","eb":0.68,"sv":3.5,"county":"Kent","pop":1611.0,"pm25_pct":1.0,"diesel_pct":10.0,"cancer_pct":0.0,"traffic_pct":1.0,"superfund_pct":16.0,"lowinc_pct":0.262569832,"unemp_pct":0.095936795,"lingiso_pct":0.0,"poc_pct":24.0,"sv_health":4.86,"efa":"Not EFA","name":"Kent BG 419001","efa_hisp_pct":3.9,"efa_black_pct":0,"efa_lingiso_pct":0,"efa_lingiso_sp":null,"efa_poverty_pct":12.0,"efa_mhhi":62171.0,"efa_combined_minority":12.5,"efa_has_duplicate":0,"efa_mc1":0,"efa_sc1":0,"efa_mc2":0,"efa_sc2":0,"efa_mc3":0,"efa_sc3":0,"efa_mc4":0,"efa_sc4":0,"efa_mc5":0,"efa_sc5":0,"efa_has_split":0},"geometry":{"type":"Polygon","coordinates":[[[-75.750426375562,39.1731033686615],[-75.744879,39.168859],[-75.743053,39.168125],[-75.740957,39.16524],[-75.739168,39.164533],[-75.736469,39.158403],[-75.733664,39.157014],[-75.732893,39.154513],[-75.730307,39.151658],[-75.723154,39.149122],[-75.718384,39.148749],[-75.712617,39.149643],[-75.708735,39.149044],[-75.7032,39.147157],[-75.701752,39.146099],[-75.699176,39.142851],[-75.696412,39.139885],[-75.692733,39.137218],[-75.690101,39.134262],[-75.68188,39.126915],[-75.673643,39.129413],[-75.67252,39.131027],[-75.671611,39.131687],[-75.667592,39.13135],[-75.663076,39.1322],[-75.65816,39.133094],[-75.652742,39.130504],[-75.648907,39.129022],[-75.638327,39.123881],[-75.635339,39.121611],[-75.635553,39.12141],[-75.642822,39.116464],[-75.645629,39.116738],[-75.652004,39.115623],[-75.656188,39.113457],[-75.661311,39.113812],[-75.664956,39.114349],[-75.668256,39.112409],[-75.671799,39.111864],[-75.678797,39.107127],[-75.681163,39.105092],[-75.69188,39.101594],[-75.696039,39.101196],[-75.700047,39.098858],[-75.702812,39.099186],[-75.711645,39.096193],[-75.71295,39.095604],[-75.715721,39.095345],[-75.718172,39.094791],[-75.721926,39.092003],[-75.727647,39.091216],[-75.730608,39.087924],[-75.738603,39.083313],[-75.7426262761085,39.0798252233775],[-75.743811,39.094674],[-75.7442989120932,39.0996616826036],[-75.7453782544137,39.1106952621982],[-75.745793,39.114935],[-75.7458049066368,39.1151304067866],[-75.746121,39.120318],[-75.747668,39.143306],[-75.7476710652218,39.1433450579713],[-75.749356,39.164815],[-75.750426375562,39.1731033686615]]]}},{"id":"488","type":"Feature","properties":{"GEOID":"100010429001","eb":2.31,"sv":3.26,"county":"Kent","pop":2091.0,"pm25_pct":41.0,"diesel_pct":3.0,"cancer_pct":0.0,"traffic_pct":15.0,"superfund_pct":2.0,"lowinc_pct":0.24868484,"unemp_pct":0.029411765,"lingiso_pct":0.0,"poc_pct":22.0,"sv_health":5.03,"efa":"Not EFA","name":"Kent BG 429001","efa_hisp_pct":1.6,"efa_black_pct":11.8,"efa_lingiso_pct":0,"efa_lingiso_sp":null,"efa_poverty_pct":10.1,"efa_mhhi":60438.0,"efa_combined_minority":15.4,"efa_has_duplicate":0,"efa_mc1":0,"efa_sc1":0,"efa_mc2":0,"efa_sc2":0,"efa_mc3":0,"efa_sc3":0,"efa_mc4":0,"efa_sc4":0,"efa_mc5":0,"efa_sc5":0,"efa_has_split":0},"geometry":{"type":"Polygon","coordinates":[[[-75.581125,38.838504],[-75.578078,38.856535],[-75.576212,38.864235],[-75.572406,38.888114],[-75.566225,38.887969],[-75.564722,38.890173],[-75.56535,38.89321],[-75.565136,38.894535],[-75.559393,38.898043],[-75.557825,38.899427],[-75.555148,38.900964],[-75.548412,38.902436],[-75.543987,38.904925],[-75.543961,38.907148],[-75.542802,38.914544],[-75.543619,38.915651],[-75.545795,38.917454],[-75.541688,38.92146],[-75.53894,38.926816],[-75.542496,38.932256],[-75.537422,38.933996],[-75.537449,38.93631],[-75.539088,38.943099],[-75.538517,38.944484],[-75.539381,38.955215],[-75.538352,38.956225],[-75.536185,38.959676],[-75.535886,38.959937],[-75.525837,38.964496],[-75.525984,38.960446],[-75.523916,38.9547],[-75.522178,38.950893],[-75.522495,38.944085],[-75.521574,38.937689],[-75.52078,38.935549],[-75.519715,38.932849],[-75.517037,38.927669],[-75.515268,38.923047],[-75.515362,38.916839],[-75.515538,38.913377],[-75.515497,38.912741],[-75.513453,38.907105],[-75.512559,38.905779],[-75.509725,38.900473],[-75.509365,38.896098],[-75.510238,38.889524],[-75.508512,38.880977],[-75.510982,38.877411],[-75.5089,38.876927],[-75.509168,38.875766],[-75.516306,38.864002],[-75.517764,38.861012],[-75.520439,38.855742],[-75.53518,38.850368],[-75.536234,38.84989],[-75.535968,38.847616],[-75.53958,38.843634],[-75.541336,38.842864],[-75.544026,38.84337],[-75.548726,38.841077],[-75.551016,38.838719],[-75.553173,38.837402],[-75.555013,38.835649],[-75.582418,38.834638],[-75.581125,38.838504]]]}},{"id":"489","type":"Feature","properties":{"GEOID":"100010430002","eb":2.91,"sv":3.43,"county":"Kent","pop":1151.0,"pm25_pct":37.0,"diesel_pct":11.0,"cancer_pct":0.0,"traffic_pct":55.0,"superfund_pct":0.0,"lowinc_pct":0.427454388,"unemp_pct":0.16091954,"lingiso_pct":0.023941068,"poc_pct":48.0,"sv_health":4.31,"efa":"Moderate","name":"Kent BG 430002","efa_hisp_pct":3.7,"efa_black_pct":3.5,"efa_lingiso_pct":3.4,"efa_lingiso_sp":0,"efa_poverty_pct":17.4,"efa_mhhi":43582.0,"efa_combined_minority":13.5,"efa_has_duplicate":1,"efa_mc1":0,"efa_sc1":0,"efa_mc2":0,"efa_sc2":0,"efa_mc3":0,"efa_sc3":0,"efa_mc4":1,"efa_sc4":0,"efa_mc5":0,"efa_sc5":0,"efa_has_split":1},"geometry":{"type":"Polygon","coordinates":[[[-75.627284,38.895667],[-75.62489,38.90028],[-75.606505,38.909269],[-75.604722,38.911236],[-75.60252,38.915967],[-75.600961,38.917546],[-75.597928,38.918596],[-75.586651,38.918813],[-75.582354,38.918825],[-75.578199,38.92361],[-75.578718,38.932267],[-75.578762,38.933775],[-75.579051,38.941804],[-75.579198,38.94665],[-75.579285,38.948938],[-75.576078,38.950608],[-75.574509,38.951734],[-75.56595,38.953199],[-75.564566,38.953253],[-75.563897,38.945129],[-75.566053,38.933368],[-75.566379,38.931652],[-75.569004,38.917291],[-75.569689,38.911924],[-75.572669,38.888096],[-75.578542,38.886255],[-75.597162,38.88533],[-75.601857,38.88171],[-75.604442,38.886138],[-75.605104,38.886727],[-75.626785,38.895394],[-75.627284,38.895667]]]}},{"id":"490","type":"Feature","properties":{"GEOID":"100010432022","eb":2.44,"sv":3.17,"county":"Kent","pop":526.0,"pm25_pct":22.0,"diesel_pct":15.0,"cancer_pct":0.0,"traffic_pct":35.0,"superfund_pct":17.0,"lowinc_pct":0.214828897,"unemp_pct":0.0,"lingiso_pct":0.0,"poc_pct":16.0,"sv_health":4.69,"efa":"Not EFA","name":"Kent BG 432022","efa_hisp_pct":0,"efa_black_pct":2.1,"efa_lingiso_pct":0,"efa_lingiso_sp":null,"efa_poverty_pct":6.9,"efa_mhhi":68125.0,"efa_combined_minority":11.0,"efa_has_duplicate":0,"efa_mc1":0,"efa_sc1":0,"efa_mc2":0,"efa_sc2":0,"efa_mc3":0,"efa_sc3":0,"efa_mc4":0,"efa_sc4":0,"efa_mc5":0,"efa_sc5":0,"efa_has_split":0},"geometry":{"type":"Polygon","coordinates":[[[-75.459099,39.011078],[-75.457135,39.010696],[-75.453287,39.012047],[-75.451149,39.011904],[-75.448551,39.009884],[-75.446596,39.01039],[-75.445219,39.012037],[-75.443674,39.012928],[-75.442426,39.012611],[-75.441961,39.010942],[-75.439654,39.010173],[-75.435866,39.01452],[-75.43118,39.017968],[-75.42344,39.021325],[-75.418659,39.020783],[-75.415626,39.021736],[-75.412867,39.023799],[-75.410487,39.027216],[-75.41005,39.032686],[-75.405988,39.035054],[-75.406065,39.036616],[-75.404046,39.037923],[-75.402293,39.03985],[-75.401592,39.041474],[-75.404402,39.04216],[-75.407434,39.043804],[-75.40605,39.047346],[-75.404118,39.047612],[-75.403168,39.046002],[-75.400618,39.044162],[-75.399021,39.044483],[-75.397127,39.045653],[-75.394595,39.045769],[-75.394301,39.048802],[-75.392922,39.050929],[-75.393812,39.051676],[-75.397566,39.05105],[-75.399369,39.05177],[-75.400431,39.053025],[-75.400787,39.055133],[-75.398068,39.057902],[-75.3960059264758,39.0586477251945],[-75.396277,39.057884],[-75.387914,39.051174],[-75.379873,39.04879],[-75.376041,39.044838],[-75.371562,39.04296],[-75.360116,39.032838],[-75.3579802472378,39.0316504125413],[-75.361964,39.026207],[-75.362832,39.021062],[-75.362708,39.018438],[-75.363522,39.014162],[-75.365305,39.008526],[-75.370612,39.006674],[-75.374542,39.004356],[-75.379242,39.002468],[-75.381871,39.001095],[-75.385281,39.001695],[-75.386205,39.001404],[-75.389286,38.999376],[-75.389788,38.997339],[-75.392522,38.990014],[-75.394062,38.988538],[-75.400603,38.984167],[-75.403619,38.98191],[-75.416913,38.965903],[-75.418485,38.964319],[-75.426984,38.956896],[-75.42766,38.956458],[-75.438316,38.978748],[-75.44135,38.984403],[-75.44249,38.985813],[-75.445643,38.988519],[-75.449477,38.991057],[-75.451875,38.993297],[-75.453399,38.995831],[-75.454284,38.998228],[-75.456209,39.003391],[-75.458113,39.008458],[-75.459099,39.011078]]]}},{"id":"491","type":"Feature","properties":{"GEOID":"100010418021","eb":1.82,"sv":2.61,"county":"Kent","pop":1853.0,"pm25_pct":11.0,"diesel_pct":21.0,"cancer_pct":0.0,"traffic_pct":7.0,"superfund_pct":42.0,"lowinc_pct":0.209929844,"unemp_pct":0.073997945,"lingiso_pct":0.0,"poc_pct":51.0,"sv_health":3.79,"efa":"Not EFA","name":"Kent BG 418021","efa_hisp_pct":12.5,"efa_black_pct":14.6,"efa_lingiso_pct":0,"efa_lingiso_sp":null,"efa_poverty_pct":9.5,"efa_mhhi":102292.0,"efa_combined_minority":35.5,"efa_has_duplicate":0,"efa_mc1":0,"efa_sc1":0,"efa_mc2":0,"efa_sc2":0,"efa_mc3":0,"efa_sc3":0,"efa_mc4":0,"efa_sc4":0,"efa_mc5":0,"efa_sc5":0,"efa_has_split":0},"geometry":{"type":"Polygon","coordinates":[[[-75.642822,39.116464],[-75.635553,39.12141],[-75.635339,39.121611],[-75.632801,39.124902],[-75.631983,39.12583],[-75.629832,39.127505],[-75.625585,39.129244],[-75.622471,39.129829],[-75.621587,39.129755],[-75.616452,39.128324],[-75.607729,39.132355],[-75.605191,39.133214],[-75.598214,39.136077],[-75.597406,39.136299],[-75.592157,39.137539],[-75.588255,39.139022],[-75.586492,39.139695],[-75.582147,39.14134],[-75.580501,39.141889],[-75.574424,39.141529],[-75.573118,39.141749],[-75.566144,39.146433],[-75.565868,39.146622],[-75.561124,39.149886],[-75.558555,39.150554],[-75.558701,39.146757],[-75.556848,39.143085],[-75.555792,39.14137],[-75.553624,39.137821],[-75.553569,39.137272],[-75.553559,39.137029],[-75.554717,39.127751],[-75.554697,39.124623],[-75.555145,39.123579],[-75.555554,39.123121],[-75.561755,39.116011],[-75.56476,39.115962],[-75.565498,39.11595],[-75.566085,39.115942],[-75.568024,39.115921],[-75.573871,39.115844],[-75.579932,39.115744],[-75.587032,39.113909],[-75.59056,39.112897],[-75.592856,39.112794],[-75.600934,39.114377],[-75.605166,39.114884],[-75.607281,39.114556],[-75.614236,39.112372],[-75.619501,39.111678],[-75.622592,39.111635],[-75.627433,39.111698],[-75.634369,39.111844],[-75.636179,39.112294],[-75.642519,39.116331],[-75.642822,39.116464]]]}},{"id":"492","type":"Feature","properties":{"GEOID":"100010434001","eb":2.26,"sv":2.66,"county":"Kent","pop":2388.0,"pm25_pct":38.0,"diesel_pct":24.0,"cancer_pct":0.0,"traffic_pct":22.0,"superfund_pct":23.0,"lowinc_pct":0.279731993,"unemp_pct":0.011011011,"lingiso_pct":0.0,"poc_pct":47.0,"sv_health":4.32,"efa":"Not EFA","name":"Kent BG 434001","efa_hisp_pct":5.1,"efa_black_pct":19.6,"efa_lingiso_pct":0,"efa_lingiso_sp":null,"efa_poverty_pct":3.3,"efa_mhhi":78690.0,"efa_combined_minority":33.5,"efa_has_duplicate":0,"efa_mc1":0,"efa_sc1":0,"efa_mc2":0,"efa_sc2":0,"efa_mc3":0,"efa_sc3":0,"efa_mc4":0,"efa_sc4":0,"efa_mc5":0,"efa_sc5":0,"efa_has_split":0},"geometry":{"type":"Polygon","coordinates":[[[-75.525365,39.012787],[-75.524266,39.014622],[-75.52111,39.017329],[-75.519413,39.017509],[-75.518257,39.018377],[-75.517178,39.020899],[-75.515061,39.022038],[-75.513373,39.023808],[-75.508547,39.02477],[-75.507846,39.023514],[-75.506081,39.024153],[-75.505075,39.025485],[-75.502314,39.026587],[-75.499997,39.028436],[-75.497664,39.029537],[-75.496479,39.028656],[-75.492251,39.028208],[-75.491147,39.028853],[-75.488133,39.02765],[-75.486901,39.027679],[-75.485814,39.026402],[-75.483814,39.027291],[-75.484653,39.02848],[-75.481357,39.027551],[-75.480018,39.027887],[-75.475956,39.026084],[-75.477256,39.024086],[-75.475969,39.023064],[-75.475718,39.020863],[-75.473106,39.020641],[-75.472406,39.022002],[-75.469853,39.021343],[-75.470277,39.019625],[-75.471843,39.019317],[-75.471348,39.01641],[-75.469595,39.015465],[-75.46938,39.013959],[-75.465828,39.01304],[-75.46394,39.01386],[-75.461006,39.011831],[-75.463168,39.008665],[-75.461049,39.006035],[-75.458344,39.00641],[-75.457717,39.003407],[-75.461017,39.000852],[-75.463387,39.002535],[-75.465145,39.002252],[-75.466047,38.998963],[-75.463447,38.998049],[-75.462985,38.99685],[-75.464022,38.995175],[-75.463647,38.994302],[-75.466476,38.992986],[-75.468854,38.993327],[-75.469076,38.994971],[-75.474083,38.993968],[-75.474731,38.992077],[-75.473678,38.989279],[-75.476114,38.986859],[-75.47427,38.985475],[-75.475172,38.984553],[-75.47393,38.983439],[-75.476112,38.983094],[-75.476896,38.981809],[-75.47795,38.982614],[-75.480554,38.98173],[-75.479845,38.979395],[-75.47839,38.977874],[-75.481344,38.977998],[-75.482651,38.976519],[-75.482607,38.975201],[-75.48525,38.974972],[-75.484959,38.973345],[-75.486924,38.972709],[-75.487415,38.971234],[-75.489243,38.97109],[-75.491922,38.967686],[-75.493039,38.967379],[-75.494153,38.968446],[-75.499747,38.977644],[-75.500489,38.978444],[-75.502314,38.980037],[-75.509347,38.984783],[-75.510387,38.988555],[-75.511501,38.99008],[-75.514262,38.991781],[-75.515933,38.994232],[-75.520528,39.001956],[-75.522476,39.004426],[-75.525191,39.006952],[-75.52892,39.010188],[-75.525365,39.012787]]]}},{"id":"493","type":"Feature","properties":{"GEOID":"100050504051","eb":3.12,"sv":3.2,"county":"Sussex","pop":2518.0,"pm25_pct":43.0,"diesel_pct":26.0,"cancer_pct":0.0,"traffic_pct":36.0,"superfund_pct":70.0,"lowinc_pct":0.359792581,"unemp_pct":0.168461539,"lingiso_pct":0.0,"poc_pct":39.0,"sv_health":4.37,"efa":"Not EFA","name":"Sussex BG 504051","efa_hisp_pct":5.6,"efa_black_pct":11.7,"efa_lingiso_pct":0,"efa_lingiso_sp":null,"efa_poverty_pct":4.6,"efa_mhhi":61244.0,"efa_combined_minority":26.7,"efa_has_duplicate":0,"efa_mc1":0,"efa_sc1":0,"efa_mc2":0,"efa_sc2":0,"efa_mc3":0,"efa_sc3":0,"efa_mc4":0,"efa_sc4":0,"efa_mc5":0,"efa_sc5":0,"efa_has_split":0},"geometry":{"type":"Polygon","coordinates":[[[-75.639884,38.684056],[-75.636977,38.686917],[-75.634841,38.691557],[-75.633513,38.693468],[-75.629453,38.702393],[-75.627416,38.707671],[-75.623859,38.705352],[-75.620311,38.701939],[-75.615134,38.699765],[-75.617951,38.68642],[-75.621576,38.669018],[-75.622272,38.663976],[-75.62255,38.661685],[-75.6223,38.659828],[-75.618133,38.64637],[-75.624936,38.646153],[-75.629569,38.645449],[-75.632157,38.651419],[-75.63272,38.652706],[-75.633315,38.654089],[-75.633727,38.655031],[-75.635599,38.659489],[-75.635702,38.659764],[-75.636772,38.662716],[-75.637893,38.667629],[-75.637533,38.672668],[-75.638377,38.67788],[-75.639602,38.680432],[-75.639884,38.684056]]]}},{"id":"494","type":"Feature","properties":{"GEOID":"100010402061","eb":2.84,"sv":2.16,"county":"Kent","pop":7348.0,"pm25_pct":6.0,"diesel_pct":33.0,"cancer_pct":0.0,"traffic_pct":22.0,"superfund_pct":25.0,"lowinc_pct":0.103121516,"unemp_pct":0.0,"lingiso_pct":0.0,"poc_pct":71.0,"sv_health":3.58,"efa":"Not EFA","name":"Kent BG 402061","efa_hisp_pct":9.5,"efa_black_pct":34.3,"efa_lingiso_pct":0,"efa_lingiso_sp":null,"efa_poverty_pct":1.1,"efa_mhhi":100580.0,"efa_combined_minority":51.5,"efa_has_duplicate":0,"efa_mc1":0,"efa_sc1":0,"efa_mc2":0,"efa_sc2":0,"efa_mc3":0,"efa_sc3":0,"efa_mc4":0,"efa_sc4":0,"efa_mc5":0,"efa_sc5":0,"efa_has_split":0},"geometry":{"type":"Polygon","coordinates":[[[-75.653691,39.269467],[-75.649786,39.272225],[-75.643901,39.276018],[-75.641861,39.277188],[-75.637628,39.278662],[-75.634037,39.279087],[-75.634641,39.277874],[-75.634504,39.271894],[-75.634378,39.271003],[-75.633467,39.268147],[-75.632738,39.266012],[-75.632017,39.263323],[-75.632519,39.261546],[-75.630759,39.261558],[-75.627614,39.262755],[-75.619931,39.269195],[-75.618067,39.270774],[-75.617157,39.271546],[-75.614504,39.273793],[-75.613181,39.272875],[-75.605082,39.267108],[-75.601975,39.264835],[-75.601396,39.264409],[-75.597525,39.267158],[-75.593038,39.268379],[-75.590913,39.269024],[-75.58895,39.269684],[-75.586563,39.263781],[-75.586335,39.2556],[-75.586712,39.252517],[-75.588347,39.245817],[-75.588101,39.244031],[-75.57981,39.2302],[-75.583862,39.233279],[-75.584657,39.232674],[-75.586804,39.231373],[-75.590173,39.231248],[-75.590889,39.231219],[-75.595978,39.229945],[-75.596113,39.229907],[-75.600323,39.228846],[-75.605044,39.22764],[-75.61034,39.226287],[-75.626363,39.222281],[-75.626237,39.22497],[-75.627934,39.228611],[-75.631042,39.232152],[-75.634711,39.234112],[-75.63563,39.23821],[-75.636126,39.241402],[-75.636,39.24475],[-75.636389,39.245485],[-75.641671,39.250067],[-75.640405,39.252191],[-75.654517,39.26889],[-75.653691,39.269467]]]}},{"id":"495","type":"Feature","properties":{"GEOID":"100050510132","eb":1.47,"sv":2.41,"county":"Sussex","pop":1748.0,"pm25_pct":25.0,"diesel_pct":7.0,"cancer_pct":0.0,"traffic_pct":4.0,"superfund_pct":21.0,"lowinc_pct":0.176874642,"unemp_pct":0.016927083,"lingiso_pct":0.0,"poc_pct":21.0,"sv_health":4.23,"efa":"Not EFA","name":"Sussex BG 510132","efa_hisp_pct":3.6,"efa_black_pct":3.8,"efa_lingiso_pct":0,"efa_lingiso_sp":null,"efa_poverty_pct":6.1,"efa_mhhi":84722.0,"efa_combined_minority":14.4,"efa_has_duplicate":0,"efa_mc1":0,"efa_sc1":0,"efa_mc2":0,"efa_sc2":0,"efa_mc3":0,"efa_sc3":0,"efa_mc4":0,"efa_sc4":0,"efa_mc5":0,"efa_sc5":0,"efa_has_split":0},"geometry":{"type":"Polygon","coordinates":[[[-75.215882,38.692842],[-75.215932,38.696822],[-75.214808,38.701795],[-75.212605,38.706465],[-75.206454,38.714437],[-75.206244,38.715352],[-75.203615,38.715051],[-75.1921,38.713797],[-75.192636,38.712138],[-75.1869,38.704413],[-75.179257,38.698258],[-75.178,38.695513],[-75.17764,38.693618],[-75.177935,38.690979],[-75.182975,38.686851],[-75.185631,38.683798],[-75.185813,38.683287],[-75.185559,38.681029],[-75.182847,38.677536],[-75.184576,38.67424],[-75.188232,38.675596],[-75.194599,38.679199],[-75.196267,38.679139],[-75.19823,38.685838],[-75.200226,38.688164],[-75.206612,38.687835],[-75.211378,38.687084],[-75.211652,38.68708],[-75.216672,38.688631],[-75.215882,38.692842]]]}},{"id":"496","type":"Feature","properties":{"GEOID":"100050504081","eb":2.05,"sv":3.49,"county":"Sussex","pop":1781.0,"pm25_pct":44.0,"diesel_pct":14.0,"cancer_pct":0.0,"traffic_pct":4.0,"superfund_pct":37.0,"lowinc_pct":0.30825379,"unemp_pct":0.016233766,"lingiso_pct":0.01300813,"poc_pct":71.0,"sv_health":4.99,"efa":"Not EFA","name":"Sussex BG 504081","efa_hisp_pct":0,"efa_black_pct":31.8,"efa_lingiso_pct":1.7,"efa_lingiso_sp":0,"efa_poverty_pct":12.3,"efa_mhhi":60156.0,"efa_combined_minority":38.8,"efa_has_duplicate":0,"efa_mc1":0,"efa_sc1":0,"efa_mc2":0,"efa_sc2":0,"efa_mc3":0,"efa_sc3":0,"efa_mc4":0,"efa_sc4":0,"efa_mc5":0,"efa_sc5":0,"efa_has_split":0},"geometry":{"type":"Polygon","coordinates":[[[-75.554993,38.642054],[-75.553503,38.643812],[-75.553415,38.647682],[-75.552135,38.650651],[-75.545102,38.657513],[-75.543466,38.659779],[-75.537617,38.665776],[-75.525609,38.666379],[-75.519877,38.667504],[-75.517966,38.667353],[-75.514568,38.665908],[-75.511643,38.66509],[-75.498106,38.66452],[-75.489841,38.663274],[-75.488429,38.662864],[-75.474561,38.654644],[-75.472877,38.654141],[-75.461521,38.653457],[-75.452276,38.653719],[-75.430384,38.652066],[-75.438102,38.645225],[-75.439227,38.6445],[-75.449577,38.639403],[-75.47863,38.623572],[-75.478684,38.623536],[-75.484652,38.620322],[-75.503963,38.62652],[-75.505556,38.62655],[-75.519595,38.623604],[-75.523915,38.623366],[-75.530555,38.623995],[-75.532408,38.624653],[-75.540139,38.628504],[-75.551898,38.638338],[-75.552666,38.63872],[-75.556035,38.63954],[-75.554993,38.642054]]]}},{"id":"497","type":"Feature","properties":{"GEOID":"100010428011","eb":1.3,"sv":2.92,"county":"Kent","pop":1710.0,"pm25_pct":27.0,"diesel_pct":5.0,"cancer_pct":0.0,"traffic_pct":0.0,"superfund_pct":5.0,"lowinc_pct":0.218673219,"unemp_pct":0.009876543,"lingiso_pct":0.0,"poc_pct":24.0,"sv_health":4.01,"efa":"Not EFA","name":"Kent BG 428011","efa_hisp_pct":0,"efa_black_pct":5.9,"efa_lingiso_pct":0,"efa_lingiso_sp":null,"efa_poverty_pct":7.0,"efa_mhhi":60000.0,"efa_combined_minority":6.8,"efa_has_duplicate":0,"efa_mc1":0,"efa_sc1":0,"efa_mc2":0,"efa_sc2":0,"efa_mc3":0,"efa_sc3":0,"efa_mc4":0,"efa_sc4":0,"efa_mc5":0,"efa_sc5":0,"efa_has_split":0},"geometry":{"type":"Polygon","coordinates":[[[-75.733435,39.031672],[-75.732018,39.031965],[-75.722295,39.032949],[-75.719103,39.033572],[-75.718145,39.031687],[-75.713392,39.028765],[-75.712035,39.028285],[-75.699541,39.025548],[-75.692242,39.023079],[-75.689566,39.022733],[-75.684471,39.023219],[-75.680739,39.022761],[-75.664597,39.019741],[-75.65859,39.018951],[-75.649183,39.017251],[-75.641455,39.016756],[-75.6392,39.015864],[-75.632611,39.014868],[-75.625075,39.015189],[-75.620588,39.013015],[-75.617322,39.0119],[-75.616819,39.011448],[-75.612197,39.004558],[-75.606994,39.006718],[-75.600151,38.991593],[-75.595551,38.979094],[-75.597229,38.974278],[-75.590151,38.975497],[-75.590352,38.973879],[-75.592334,38.970728],[-75.592574,38.969453],[-75.592732,38.962577],[-75.593107,38.957763],[-75.594154,38.950845],[-75.600305,38.952002],[-75.608523,38.945328],[-75.609036,38.944981],[-75.612207,38.944182],[-75.616236,38.94398],[-75.618266,38.943506],[-75.627176,38.94066],[-75.628078,38.940777],[-75.636301,38.943743],[-75.64208,38.946158],[-75.650979,38.949533],[-75.655926,38.950015],[-75.660487,38.95],[-75.665027,38.950884],[-75.674363,38.953813],[-75.678651,38.956164],[-75.693178,38.960581],[-75.694399,38.961261],[-75.695265,38.962508],[-75.695656,38.96633],[-75.696815,38.970977],[-75.700683,38.970194],[-75.703125,38.969248],[-75.707616,38.966392],[-75.721582,38.960304],[-75.72893,38.958011],[-75.731808,38.957006],[-75.7328559079955,38.9573679869984],[-75.7386276475601,39.0297082783783],[-75.733435,39.031672]]]}},{"id":"498","type":"Feature","properties":{"GEOID":"100010422082","eb":1.85,"sv":2.63,"county":"Kent","pop":1897.0,"pm25_pct":32.0,"diesel_pct":22.0,"cancer_pct":0.0,"traffic_pct":4.0,"superfund_pct":30.0,"lowinc_pct":0.041117554,"unemp_pct":0.083248731,"lingiso_pct":0.0,"poc_pct":28.0,"sv_health":4.25,"efa":"Not EFA","name":"Kent BG 422082","efa_hisp_pct":2.3,"efa_black_pct":5.7,"efa_lingiso_pct":0,"efa_lingiso_sp":null,"efa_poverty_pct":0,"efa_mhhi":121823.0,"efa_combined_minority":18.8,"efa_has_duplicate":0,"efa_mc1":0,"efa_sc1":0,"efa_mc2":0,"efa_sc2":0,"efa_mc3":0,"efa_sc3":0,"efa_mc4":0,"efa_sc4":0,"efa_mc5":0,"efa_sc5":0,"efa_has_split":0},"geometry":{"type":"Polygon","coordinates":[[[-75.51781,39.052057],[-75.513792,39.052031],[-75.506697,39.052987],[-75.501136,39.054362],[-75.495642,39.054562],[-75.494426,39.055089],[-75.492128,39.053737],[-75.493308,39.048941],[-75.491135,39.045641],[-75.489085,39.045213],[-75.485575,39.042633],[-75.484129,39.03926],[-75.484101,39.03909],[-75.483135,39.037267],[-75.483493,39.034578],[-75.480678,39.035061],[-75.474642,39.035108],[-75.473522,39.034891],[-75.470869,39.033679],[-75.465662,39.02938],[-75.460131,39.025692],[-75.461857,39.016714],[-75.459099,39.011078],[-75.461006,39.011831],[-75.46394,39.01386],[-75.465828,39.01304],[-75.46938,39.013959],[-75.469595,39.015465],[-75.471348,39.01641],[-75.471843,39.019317],[-75.470277,39.019625],[-75.469853,39.021343],[-75.472406,39.022002],[-75.473106,39.020641],[-75.475718,39.020863],[-75.475969,39.023064],[-75.477256,39.024086],[-75.475956,39.026084],[-75.480018,39.027887],[-75.481357,39.027551],[-75.484653,39.02848],[-75.483814,39.027291],[-75.485814,39.026402],[-75.486901,39.027679],[-75.488133,39.02765],[-75.491147,39.028853],[-75.492251,39.028208],[-75.496479,39.028656],[-75.497664,39.029537],[-75.499997,39.028436],[-75.502314,39.026587],[-75.505075,39.025485],[-75.506081,39.024153],[-75.507846,39.023514],[-75.508547,39.02477],[-75.514406,39.027118],[-75.510467,39.035064],[-75.510483,39.036314],[-75.509996,39.037037],[-75.509085,39.038666],[-75.507552,39.040618],[-75.507944,39.045644],[-75.51208,39.045531],[-75.514233,39.046114],[-75.516963,39.049527],[-75.51781,39.052057]]]}},{"id":"499","type":"Feature","properties":{"GEOID":"100010418031","eb":2.57,"sv":3.29,"county":"Kent","pop":2501.0,"pm25_pct":8.0,"diesel_pct":20.0,"cancer_pct":0.0,"traffic_pct":50.0,"superfund_pct":35.0,"lowinc_pct":0.565773691,"unemp_pct":0.040076336,"lingiso_pct":0.001310616,"poc_pct":84.0,"sv_health":5.13,"efa":"Significant","name":"Kent BG 418031","efa_hisp_pct":27.6,"efa_black_pct":34.8,"efa_lingiso_pct":0.3,"efa_lingiso_sp":0,"efa_poverty_pct":36.1,"efa_mhhi":45900.0,"efa_combined_minority":70.1,"efa_has_duplicate":1,"efa_mc1":0,"efa_sc1":0,"efa_mc2":0,"efa_sc2":0,"efa_mc3":1,"efa_sc3":1,"efa_mc4":1,"efa_sc4":0,"efa_mc5":0,"efa_sc5":0,"efa_has_split":1},"geometry":{"type":"Polygon","coordinates":[[[-75.629671,39.215867],[-75.626363,39.222281],[-75.61034,39.226287],[-75.605044,39.22764],[-75.600323,39.228846],[-75.596113,39.229907],[-75.595978,39.229945],[-75.590889,39.231219],[-75.590173,39.231248],[-75.586804,39.231373],[-75.584657,39.232674],[-75.583862,39.233279],[-75.57981,39.2302],[-75.578089,39.226827],[-75.577798,39.226216],[-75.576602,39.223572],[-75.575638,39.221465],[-75.574279,39.218453],[-75.574243,39.218372],[-75.571419,39.212278],[-75.571342,39.212133],[-75.570852,39.211296],[-75.570095,39.210242],[-75.565129,39.206578],[-75.559177,39.202321],[-75.564924,39.198894],[-75.565239,39.198401],[-75.5649,39.196743],[-75.564044,39.195402],[-75.56475,39.195375],[-75.571463,39.202656],[-75.577055,39.208897],[-75.579445,39.211536],[-75.583067,39.215564],[-75.586549,39.219174],[-75.59134,39.217099],[-75.604108,39.212182],[-75.605246,39.212016],[-75.610035,39.212141],[-75.620695,39.212652],[-75.623624,39.21373],[-75.625066,39.214319],[-75.626915,39.214966],[-75.629671,39.215867]]]}},{"id":"500","type":"Feature","properties":{"GEOID":"100030166143","eb":3.4,"sv":1.88,"county":"New Castle","pop":917.0,"pm25_pct":30.0,"diesel_pct":39.0,"cancer_pct":0.0,"traffic_pct":81.0,"superfund_pct":20.0,"lowinc_pct":0.063249727,"unemp_pct":0.0078125,"lingiso_pct":0.0,"poc_pct":7.0,"sv_health":2.99,"efa":"Not EFA","name":"New Castle BG 166143","efa_hisp_pct":1.9,"efa_black_pct":4.8,"efa_lingiso_pct":0,"efa_lingiso_sp":null,"efa_poverty_pct":1.2,"efa_mhhi":143036.0,"efa_combined_minority":7.9,"efa_has_duplicate":0,"efa_mc1":0,"efa_sc1":0,"efa_mc2":0,"efa_sc2":0,"efa_mc3":0,"efa_sc3":0,"efa_mc4":0,"efa_sc4":0,"efa_mc5":0,"efa_sc5":0,"efa_has_split":0},"geometry":{"type":"Polygon","coordinates":[[[-75.676604,39.457615],[-75.674191,39.458815],[-75.676428,39.460323],[-75.673671,39.460195],[-75.670036,39.463445],[-75.670206,39.46426],[-75.669883,39.465253],[-75.666454,39.465114],[-75.660159,39.470405],[-75.657242,39.467645],[-75.655352,39.467993],[-75.653735,39.470124],[-75.651976,39.470788],[-75.651889,39.472415],[-75.651289,39.47257],[-75.648544,39.470371],[-75.646588,39.471929],[-75.646118,39.470861],[-75.643889,39.470576],[-75.64559,39.469158],[-75.645171,39.46805],[-75.642601,39.469611],[-75.640149,39.470061],[-75.641386,39.471026],[-75.639273,39.472128],[-75.637539,39.470016],[-75.636523,39.466686],[-75.637518,39.465987],[-75.639307,39.466955],[-75.638094,39.465398],[-75.639122,39.464771],[-75.638604,39.46301],[-75.635735,39.461773],[-75.635114,39.461914],[-75.635936,39.46045],[-75.640676,39.461532],[-75.644362,39.459779],[-75.647054,39.45919],[-75.647466,39.456903],[-75.648875,39.454968],[-75.652332,39.45308],[-75.653584,39.451932],[-75.65439,39.45119],[-75.653533,39.448887],[-75.653836,39.448299],[-75.65471,39.448023],[-75.655357,39.448531],[-75.656161,39.448155],[-75.6567,39.447411],[-75.65982,39.44628],[-75.659813,39.445827],[-75.658699,39.44529],[-75.658585,39.444611],[-75.65905,39.444225],[-75.659645,39.444263],[-75.660637,39.444939],[-75.662048,39.444286],[-75.66338,39.444311],[-75.664322,39.443453],[-75.664121,39.441715],[-75.665269,39.442695],[-75.665005,39.442904],[-75.672996,39.44971],[-75.673935,39.450897],[-75.674652,39.452881],[-75.674568,39.45512],[-75.675159,39.455069],[-75.676604,39.457615]]]}},{"id":"501","type":"Feature","properties":{"GEOID":"100050501053","eb":2.03,"sv":3.44,"county":"Sussex","pop":766.0,"pm25_pct":39.0,"diesel_pct":21.0,"cancer_pct":0.0,"traffic_pct":27.0,"superfund_pct":10.0,"lowinc_pct":0.566579635,"unemp_pct":0.024590164,"lingiso_pct":0.0,"poc_pct":72.0,"sv_health":4.38,"efa":"Moderate","name":"Sussex BG 501053","efa_hisp_pct":13.8,"efa_black_pct":19.8,"efa_lingiso_pct":0,"efa_lingiso_sp":null,"efa_poverty_pct":20.9,"efa_mhhi":51328.0,"efa_combined_minority":39.7,"efa_has_duplicate":0,"efa_mc1":1,"efa_sc1":0,"efa_mc2":0,"efa_sc2":0,"efa_mc3":0,"efa_sc3":0,"efa_mc4":1,"efa_sc4":0,"efa_mc5":0,"efa_sc5":0,"efa_has_split":0},"geometry":{"type":"Polygon","coordinates":[[[-75.385111,38.878305],[-75.379002,38.881277],[-75.377723,38.88234],[-75.374861,38.885199],[-75.358388,38.877144],[-75.356652,38.875573],[-75.354926,38.873089],[-75.352857,38.871576],[-75.350045,38.870209],[-75.345288,38.867975],[-75.338697,38.867319],[-75.337294,38.8668],[-75.335635,38.86553],[-75.329114,38.858709],[-75.333355,38.858304],[-75.334388,38.857691],[-75.340004,38.856631],[-75.347775,38.855762],[-75.349767,38.855748],[-75.352614,38.854463],[-75.360069,38.849028],[-75.364642,38.848529],[-75.369137,38.854593],[-75.37017,38.858109],[-75.372687,38.86451],[-75.374725,38.86763],[-75.375691,38.868389],[-75.377824,38.869318],[-75.379394,38.870218],[-75.382857,38.874328],[-75.385111,38.878305]]]}},{"id":"502","type":"Feature","properties":{"GEOID":"100050506043","eb":3.86,"sv":3.06,"county":"Sussex","pop":2229.0,"pm25_pct":32.0,"diesel_pct":26.0,"cancer_pct":0.0,"traffic_pct":23.0,"superfund_pct":96.0,"lowinc_pct":0.267833109,"unemp_pct":0.028003613,"lingiso_pct":0.0,"poc_pct":10.0,"sv_health":4.93,"efa":"Moderate","name":"Sussex BG 506043","efa_hisp_pct":22.0,"efa_black_pct":7.1,"efa_lingiso_pct":0,"efa_lingiso_sp":null,"efa_poverty_pct":31.8,"efa_mhhi":38472.0,"efa_combined_minority":29.1,"efa_has_duplicate":0,"efa_mc1":0,"efa_sc1":0,"efa_mc2":0,"efa_sc2":0,"efa_mc3":1,"efa_sc3":0,"efa_mc4":1,"efa_sc4":0,"efa_mc5":0,"efa_sc5":0,"efa_has_split":0},"geometry":{"type":"Polygon","coordinates":[[[-75.290865,38.593838],[-75.290996,38.594461],[-75.289249,38.594795],[-75.289214,38.595264],[-75.28711,38.595795],[-75.282824,38.593873],[-75.282266,38.593769],[-75.281635,38.593707],[-75.279187,38.592881],[-75.276942,38.592355],[-75.276505,38.5864],[-75.275901,38.585967],[-75.272886,38.586341],[-75.264356,38.585486],[-75.260864,38.584507],[-75.2583,38.583157],[-75.260098,38.575067],[-75.261028,38.573118],[-75.26138,38.572724],[-75.26738,38.569785],[-75.275018,38.575386],[-75.293361,38.589027],[-75.290865,38.593838]]]}},{"id":"503","type":"Feature","properties":{"GEOID":"100030123002","eb":6.67,"sv":3.23,"county":"New Castle","pop":1274.0,"pm25_pct":78.0,"diesel_pct":64.0,"cancer_pct":51.0,"traffic_pct":77.0,"superfund_pct":67.0,"lowinc_pct":0.427786499,"unemp_pct":0.185251799,"lingiso_pct":0.023109244,"poc_pct":69.0,"sv_health":4.33,"efa":"Significant","name":"New Castle BG 123002","efa_hisp_pct":43.2,"efa_black_pct":5.6,"efa_lingiso_pct":1.6,"efa_lingiso_sp":0,"efa_poverty_pct":47.8,"efa_mhhi":47350.0,"efa_combined_minority":66.3,"efa_has_duplicate":1,"efa_mc1":1,"efa_sc1":1,"efa_mc2":0,"efa_sc2":0,"efa_mc3":1,"efa_sc3":1,"efa_mc4":1,"efa_sc4":0,"efa_mc5":0,"efa_sc5":0,"efa_has_split":1},"geometry":{"type":"Polygon","coordinates":[[[-75.599298,39.742887],[-75.597096,39.744347],[-75.594971,39.74376],[-75.592393,39.745484],[-75.591875,39.745849],[-75.589611,39.746104],[-75.586593,39.74597],[-75.584652,39.744544],[-75.584555,39.744507],[-75.584081,39.744163],[-75.581868,39.742862],[-75.582907,39.741296],[-75.586154,39.740712],[-75.589439,39.740131],[-75.58993,39.742287],[-75.596764,39.743857],[-75.599174,39.742527],[-75.599298,39.742887]]]}},{"id":"504","type":"Feature","properties":{"GEOID":"100050511033","eb":1.87,"sv":2.44,"county":"Sussex","pop":83.0,"pm25_pct":7.0,"diesel_pct":35.0,"cancer_pct":0.0,"traffic_pct":84.0,"superfund_pct":3.0,"lowinc_pct":0.65060241,"unemp_pct":0.0,"lingiso_pct":0.0,"poc_pct":0.0,"sv_health":3.51,"efa":"Not EFA","name":"Sussex BG 511033","efa_hisp_pct":0,"efa_black_pct":0,"efa_lingiso_pct":0,"efa_lingiso_sp":null,"efa_poverty_pct":25.8,"efa_mhhi":null,"efa_combined_minority":0,"efa_has_duplicate":0,"efa_mc1":0,"efa_sc1":0,"efa_mc2":0,"efa_sc2":0,"efa_mc3":1,"efa_sc3":0,"efa_mc4":0,"efa_sc4":0,"efa_mc5":0,"efa_sc5":0,"efa_has_split":0},"geometry":{"type":"Polygon","coordinates":[[[-75.080897,38.708109],[-75.077434,38.708079],[-75.076285,38.706868],[-75.0736826951588,38.7070512564962],[-75.0731710800086,38.7041703008756],[-75.0719980386965,38.6975647889782],[-75.073513,38.697435],[-75.075457,38.697238],[-75.076484,38.70298],[-75.076674,38.703381],[-75.079985,38.705643],[-75.080813,38.707461],[-75.080897,38.708109]]]}},{"id":"505","type":"Feature","properties":{"GEOID":"100030144041","eb":4.88,"sv":2.13,"county":"New Castle","pop":2980.0,"pm25_pct":52.0,"diesel_pct":48.0,"cancer_pct":0.0,"traffic_pct":53.0,"superfund_pct":54.0,"lowinc_pct":0.222483222,"unemp_pct":0.066587396,"lingiso_pct":0.111894273,"poc_pct":59.0,"sv_health":3.32,"efa":"Moderate","name":"New Castle BG 144041","efa_hisp_pct":18.0,"efa_black_pct":6.2,"efa_lingiso_pct":10.3,"efa_lingiso_sp":23.5,"efa_poverty_pct":15.3,"efa_mhhi":74576.0,"efa_combined_minority":46.1,"efa_has_duplicate":0,"efa_mc1":1,"efa_sc1":0,"efa_mc2":0,"efa_sc2":0,"efa_mc3":0,"efa_sc3":0,"efa_mc4":0,"efa_sc4":0,"efa_mc5":0,"efa_sc5":0,"efa_has_split":0},"geometry":{"type":"Polygon","coordinates":[[[-75.7886554614804,39.6595727948766],[-75.7886332036449,39.671513063759],[-75.788616,39.680742],[-75.788658,39.681911],[-75.788603655612,39.685655183688],[-75.7885803744806,39.6872591916782],[-75.7885717063591,39.6878564021777],[-75.7884791766983,39.6942314495293],[-75.7884665379611,39.6951022248818],[-75.784988,39.69383],[-75.784402,39.693604],[-75.783596,39.693295],[-75.780696,39.692181],[-75.776769,39.690681],[-75.777198,39.686562],[-75.779218,39.684311],[-75.779261,39.683328],[-75.780997,39.680164],[-75.780906,39.675243],[-75.781227,39.674452],[-75.778313,39.673309],[-75.777454,39.6717],[-75.775819,39.672172],[-75.774796,39.671194],[-75.772899,39.670677],[-75.771842,39.669405],[-75.771723,39.669314],[-75.772651,39.668429],[-75.7884314346714,39.6543181275155],[-75.788658,39.658211],[-75.7886554614804,39.6595727948766]]]}},{"id":"506","type":"Feature","properties":{"GEOID":"100050514003","eb":2.47,"sv":3.13,"county":"Sussex","pop":715.0,"pm25_pct":16.0,"diesel_pct":5.0,"cancer_pct":0.0,"traffic_pct":25.0,"superfund_pct":26.0,"lowinc_pct":0.353846154,"unemp_pct":0.096256684,"lingiso_pct":0.111969112,"poc_pct":75.0,"sv_health":4.02,"efa":"Not EFA","name":"Sussex BG 514003","efa_hisp_pct":20.1,"efa_black_pct":9.8,"efa_lingiso_pct":1.7,"efa_lingiso_sp":100.0,"efa_poverty_pct":2.0,"efa_mhhi":82543.0,"efa_combined_minority":43.2,"efa_has_duplicate":0,"efa_mc1":0,"efa_sc1":0,"efa_mc2":0,"efa_sc2":0,"efa_mc3":0,"efa_sc3":0,"efa_mc4":0,"efa_sc4":0,"efa_mc5":0,"efa_sc5":0,"efa_has_split":0},"geometry":{"type":"Polygon","coordinates":[[[-75.255429,38.482364],[-75.254263,38.484126],[-75.249979,38.488239],[-75.249527,38.491129],[-75.248836,38.491916],[-75.245159,38.493849],[-75.243379,38.496131],[-75.237385,38.501098],[-75.227318,38.505],[-75.227991,38.502699],[-75.227107,38.500876],[-75.224549,38.497836],[-75.224754,38.496083],[-75.222892,38.495524],[-75.219099,38.496516],[-75.217326,38.497582],[-75.215468,38.501977],[-75.212668,38.505438],[-75.197672,38.495211],[-75.195532,38.492178],[-75.184555,38.490912],[-75.180095,38.49084],[-75.181561,38.489668],[-75.184497,38.486181],[-75.190813,38.480458],[-75.193357,38.476971],[-75.198167,38.472252],[-75.198768,38.471653],[-75.204421,38.466039],[-75.204783,38.46568],[-75.206109,38.464566],[-75.210568,38.462703],[-75.210915,38.462558],[-75.21529,38.460693],[-75.220049,38.458066],[-75.224588,38.464886],[-75.225129,38.464705],[-75.226181,38.464444],[-75.230574,38.463844],[-75.231623,38.463508],[-75.232116,38.463402],[-75.232927,38.463332],[-75.233795,38.463387],[-75.236198,38.463772],[-75.237858,38.463846],[-75.240148,38.464381],[-75.24046,38.46456],[-75.242322,38.467014],[-75.243745,38.468847],[-75.245716,38.471281],[-75.254056,38.474632],[-75.255186,38.47529],[-75.255267,38.477818],[-75.255764,38.480723],[-75.255429,38.482364]]]}},{"id":"507","type":"Feature","properties":{"GEOID":"100030025002","eb":7.3,"sv":3.26,"county":"New Castle","pop":976.0,"pm25_pct":80.0,"diesel_pct":88.0,"cancer_pct":51.0,"traffic_pct":82.0,"superfund_pct":78.0,"lowinc_pct":0.231557377,"unemp_pct":0.07424594,"lingiso_pct":0.027491409,"poc_pct":85.0,"sv_health":3.92,"efa":"Moderate","name":"New Castle BG 25002","efa_hisp_pct":55.8,"efa_black_pct":16.7,"efa_lingiso_pct":3.3,"efa_lingiso_sp":100.0,"efa_poverty_pct":16.6,"efa_mhhi":78456.0,"efa_combined_minority":72.5,"efa_has_duplicate":0,"efa_mc1":1,"efa_sc1":0,"efa_mc2":0,"efa_sc2":0,"efa_mc3":0,"efa_sc3":0,"efa_mc4":0,"efa_sc4":0,"efa_mc5":0,"efa_sc5":0,"efa_has_split":0},"geometry":{"type":"Polygon","coordinates":[[[-75.582907,39.741296],[-75.578726,39.742049],[-75.578007,39.742413],[-75.577087,39.743284],[-75.573529,39.741827],[-75.572603,39.740742],[-75.57447,39.737984],[-75.574668,39.737686],[-75.576837,39.741428],[-75.577117,39.741918],[-75.58024,39.737363],[-75.584312,39.739214],[-75.582907,39.741296]]]}},{"id":"508","type":"Feature","properties":{"GEOID":"100010432023","eb":2.11,"sv":3.33,"county":"Kent","pop":1453.0,"pm25_pct":22.0,"diesel_pct":15.0,"cancer_pct":0.0,"traffic_pct":50.0,"superfund_pct":32.0,"lowinc_pct":0.269786648,"unemp_pct":0.01300813,"lingiso_pct":0.0,"poc_pct":26.0,"sv_health":4.69,"efa":"Moderate","name":"Kent BG 432023","efa_hisp_pct":0.9,"efa_black_pct":7.6,"efa_lingiso_pct":0.3,"efa_lingiso_sp":0,"efa_poverty_pct":10.1,"efa_mhhi":51797.0,"efa_combined_minority":16.5,"efa_has_duplicate":1,"efa_mc1":0,"efa_sc1":0,"efa_mc2":0,"efa_sc2":0,"efa_mc3":0,"efa_sc3":0,"efa_mc4":1,"efa_sc4":0,"efa_mc5":0,"efa_sc5":0,"efa_has_split":1},"geometry":{"type":"Polygon","coordinates":[[[-75.461577,39.067387],[-75.458638,39.080776],[-75.457292,39.085619],[-75.455201,39.085973],[-75.452133,39.085172],[-75.449815,39.082895],[-75.444015,39.080835],[-75.441802,39.080403],[-75.439613,39.077469],[-75.428593,39.070994],[-75.426116,39.070013],[-75.418828,39.070021],[-75.416827,39.070348],[-75.412897,39.070098],[-75.411546,39.070583],[-75.409824,39.072371],[-75.408369,39.072466],[-75.406304,39.071191],[-75.404526,39.069356],[-75.404592,39.066558],[-75.4009969889253,39.066145692859],[-75.40073776993,39.0659610681869],[-75.400294,39.065645],[-75.4001178062302,39.065392408486],[-75.395806,39.059211],[-75.3960059264758,39.0586477251945],[-75.398068,39.057902],[-75.400787,39.055133],[-75.400431,39.053025],[-75.399369,39.05177],[-75.397566,39.05105],[-75.393812,39.051676],[-75.392922,39.050929],[-75.394301,39.048802],[-75.394595,39.045769],[-75.397127,39.045653],[-75.399021,39.044483],[-75.400618,39.044162],[-75.403168,39.046002],[-75.404118,39.047612],[-75.40605,39.047346],[-75.407434,39.043804],[-75.404402,39.04216],[-75.401592,39.041474],[-75.402293,39.03985],[-75.404046,39.037923],[-75.406065,39.036616],[-75.405988,39.035054],[-75.41005,39.032686],[-75.410487,39.027216],[-75.412867,39.023799],[-75.415626,39.021736],[-75.418659,39.020783],[-75.42344,39.021325],[-75.43118,39.017968],[-75.435866,39.01452],[-75.439654,39.010173],[-75.441961,39.010942],[-75.442426,39.012611],[-75.443674,39.012928],[-75.445219,39.012037],[-75.446596,39.01039],[-75.448551,39.009884],[-75.451149,39.011904],[-75.453287,39.012047],[-75.457135,39.010696],[-75.459099,39.011078],[-75.461857,39.016714],[-75.460131,39.025692],[-75.457483,39.037905],[-75.457193,39.040486],[-75.458225,39.047356],[-75.459183,39.051256],[-75.461024,39.05798],[-75.462071,39.063987],[-75.461577,39.067387]]]}},{"id":"509","type":"Feature","properties":{"GEOID":"100050501034","eb":2.27,"sv":2.21,"county":"Sussex","pop":1608.0,"pm25_pct":31.0,"diesel_pct":16.0,"cancer_pct":0.0,"traffic_pct":31.0,"superfund_pct":3.0,"lowinc_pct":0.06778607,"unemp_pct":0.014175258,"lingiso_pct":0.0,"poc_pct":26.0,"sv_health":4.06,"efa":"Not EFA","name":"Sussex BG 501034","efa_hisp_pct":6.3,"efa_black_pct":0.3,"efa_lingiso_pct":0,"efa_lingiso_sp":null,"efa_poverty_pct":0.3,"efa_mhhi":92574.0,"efa_combined_minority":12.6,"efa_has_duplicate":0,"efa_mc1":0,"efa_sc1":0,"efa_mc2":0,"efa_sc2":0,"efa_mc3":0,"efa_sc3":0,"efa_mc4":0,"efa_sc4":0,"efa_mc5":0,"efa_sc5":0,"efa_has_split":0},"geometry":{"type":"Polygon","coordinates":[[[-75.402155,38.925007],[-75.399883,38.925574],[-75.399109,38.92691],[-75.40095,38.929481],[-75.400176,38.93139],[-75.398613,38.933517],[-75.397887,38.936187],[-75.400321,38.935548],[-75.402873,38.937472],[-75.399834,38.938929],[-75.398525,38.94074],[-75.399719,38.944471],[-75.4009,38.945819],[-75.400716,38.947717],[-75.398344,38.949906],[-75.395424,38.9511],[-75.393615,38.952846],[-75.393134,38.95414],[-75.393212,38.95574],[-75.390664,38.95678],[-75.389005,38.954672],[-75.382525,38.955906],[-75.381517,38.958761],[-75.381339,38.961285],[-75.380649,38.961873],[-75.376851,38.960552],[-75.372131,38.961436],[-75.367886,38.95958],[-75.368314,38.95756],[-75.366208,38.953935],[-75.364428,38.954486],[-75.361025,38.957533],[-75.360153,38.957559],[-75.358977,38.95581],[-75.356907,38.95418],[-75.356842,38.952342],[-75.354358,38.949966],[-75.352774,38.947925],[-75.350213,38.947438],[-75.349341,38.948098],[-75.349236,38.949711],[-75.345967,38.953443],[-75.345173,38.955234],[-75.344061,38.955269],[-75.343238,38.954694],[-75.342174,38.951435],[-75.343516,38.947439],[-75.338704,38.946264],[-75.334997,38.947315],[-75.33326,38.948897],[-75.332444,38.950707],[-75.33027,38.950487],[-75.328103,38.949007],[-75.326288,38.949007],[-75.324635,38.94971],[-75.322202,38.951826],[-75.321266,38.953455],[-75.319381,38.953685],[-75.316686,38.952913],[-75.313534,38.95043],[-75.313379,38.949417],[-75.314294,38.947283],[-75.3119225616126,38.9459168127958],[-75.311882,38.945698],[-75.311542,38.944633],[-75.3157169661425,38.9399397490088],[-75.315908,38.939725],[-75.317096,38.93344],[-75.312282,38.924594],[-75.304078,38.91316],[-75.3040085043226,38.9130992562356],[-75.304581,38.912627],[-75.308508,38.907379],[-75.324281,38.888451],[-75.324965,38.887755],[-75.334083,38.881463],[-75.335124,38.880584],[-75.337638,38.877079],[-75.342671,38.872702],[-75.350045,38.870209],[-75.352857,38.871576],[-75.354926,38.873089],[-75.356652,38.875573],[-75.358388,38.877144],[-75.374861,38.885199],[-75.376684,38.885765],[-75.382076,38.887331],[-75.387795,38.890761],[-75.388316,38.891083],[-75.388455,38.891168],[-75.393702,38.894456],[-75.395079,38.895606],[-75.396152,38.897067],[-75.397095,38.899326],[-75.397336,38.901155],[-75.39718,38.906302],[-75.397788,38.908993],[-75.399688,38.913028],[-75.402774,38.917422],[-75.402507,38.917559],[-75.401413,38.918355],[-75.401735,38.920269],[-75.403351,38.922773],[-75.402155,38.925007]]]}},{"id":"510","type":"Feature","properties":{"GEOID":"100030166102","eb":3.77,"sv":2.39,"county":"New Castle","pop":1968.0,"pm25_pct":35.0,"diesel_pct":41.0,"cancer_pct":0.0,"traffic_pct":66.0,"superfund_pct":23.0,"lowinc_pct":0.33126615,"unemp_pct":0.258449304,"lingiso_pct":0.0,"poc_pct":77.0,"sv_health":3.97,"efa":"Moderate","name":"New Castle BG 166102","efa_hisp_pct":11.8,"efa_black_pct":49.0,"efa_lingiso_pct":0,"efa_lingiso_sp":null,"efa_poverty_pct":33.3,"efa_mhhi":91349.0,"efa_combined_minority":69.4,"efa_has_duplicate":0,"efa_mc1":0,"efa_sc1":0,"efa_mc2":0,"efa_sc2":0,"efa_mc3":1,"efa_sc3":0,"efa_mc4":0,"efa_sc4":0,"efa_mc5":0,"efa_sc5":0,"efa_has_split":0},"geometry":{"type":"Polygon","coordinates":[[[-75.742016,39.459448],[-75.739756,39.464353],[-75.738279,39.471929],[-75.736243,39.47813],[-75.736053,39.480981],[-75.735314,39.482515],[-75.729856,39.48323],[-75.727378,39.481023],[-75.725302,39.480685],[-75.720205,39.480481],[-75.720227,39.48027],[-75.720441,39.476956],[-75.720622,39.474429],[-75.7245,39.474677],[-75.726235,39.474695],[-75.727498,39.47475],[-75.727447,39.469794],[-75.732842,39.467432],[-75.730715,39.464861],[-75.740809,39.459524],[-75.739065,39.457811],[-75.732655,39.458962],[-75.731559,39.454864],[-75.727925,39.455261],[-75.723341,39.454493],[-75.724662,39.452342],[-75.727903,39.449758],[-75.730017,39.450295],[-75.73699,39.453778],[-75.743361,39.457732],[-75.742016,39.459448]]]}},{"id":"511","type":"Feature","properties":{"GEOID":"100010401004","eb":1.66,"sv":2.68,"county":"Kent","pop":1609.0,"pm25_pct":0.0,"diesel_pct":15.0,"cancer_pct":0.0,"traffic_pct":4.0,"superfund_pct":16.0,"lowinc_pct":0.328955597,"unemp_pct":0.169856459,"lingiso_pct":0.0,"poc_pct":26.0,"sv_health":4.56,"efa":"Not EFA","name":"Kent BG 401004","efa_hisp_pct":5.2,"efa_black_pct":12.8,"efa_lingiso_pct":0,"efa_lingiso_sp":null,"efa_poverty_pct":1.9,"efa_mhhi":143906.0,"efa_combined_minority":20.9,"efa_has_duplicate":0,"efa_mc1":0,"efa_sc1":0,"efa_mc2":0,"efa_sc2":0,"efa_mc3":0,"efa_sc3":0,"efa_mc4":0,"efa_sc4":0,"efa_mc5":0,"efa_sc5":0,"efa_has_split":0},"geometry":{"type":"Polygon","coordinates":[[[-75.73554,39.263247],[-75.730299,39.264246],[-75.71766,39.267673],[-75.715498,39.267927],[-75.708235,39.26787],[-75.70665,39.268143],[-75.700954,39.270591],[-75.698869,39.272926],[-75.690062,39.277938],[-75.688788,39.278505],[-75.684025,39.279948],[-75.676702,39.281483],[-75.670379,39.283923],[-75.667981,39.284654],[-75.664893,39.28495],[-75.662609,39.278538],[-75.662485,39.27826],[-75.654517,39.26889],[-75.640405,39.252191],[-75.641671,39.250067],[-75.636389,39.245485],[-75.636,39.24475],[-75.636126,39.241402],[-75.63563,39.23821],[-75.641587,39.237551],[-75.651822,39.238394],[-75.654758,39.238963],[-75.661092,39.244937],[-75.662331,39.24671],[-75.664635,39.248233],[-75.672455,39.252369],[-75.672665,39.251272],[-75.675146,39.250428],[-75.676498,39.247658],[-75.678891,39.245417],[-75.687818,39.241938],[-75.692878,39.241174],[-75.69732,39.24009],[-75.703737,39.239279],[-75.714812,39.238703],[-75.720221,39.246093],[-75.725192,39.249575],[-75.733106,39.255523],[-75.734693,39.256356],[-75.738041,39.262439],[-75.73554,39.263247]]]}},{"id":"512","type":"Feature","properties":{"GEOID":"100030166123","eb":3.27,"sv":2.05,"county":"New Castle","pop":2522.0,"pm25_pct":46.0,"diesel_pct":44.0,"cancer_pct":0.0,"traffic_pct":35.0,"superfund_pct":27.0,"lowinc_pct":0.087628866,"unemp_pct":0.051677852,"lingiso_pct":0.013605442,"poc_pct":52.0,"sv_health":3.3,"efa":"Not EFA","name":"New Castle BG 166123","efa_hisp_pct":9.5,"efa_black_pct":20.2,"efa_lingiso_pct":4.5,"efa_lingiso_sp":0,"efa_poverty_pct":0,"efa_mhhi":152111.0,"efa_combined_minority":41.0,"efa_has_duplicate":0,"efa_mc1":0,"efa_sc1":0,"efa_mc2":0,"efa_sc2":0,"efa_mc3":0,"efa_sc3":0,"efa_mc4":0,"efa_sc4":0,"efa_mc5":0,"efa_sc5":0,"efa_has_split":0},"geometry":{"type":"Polygon","coordinates":[[[-75.697052,39.483961],[-75.693257,39.489859],[-75.68981,39.492564],[-75.689344,39.49321],[-75.6845,39.503814],[-75.683267,39.503455],[-75.680888,39.50295],[-75.664963,39.501305],[-75.653316,39.4997],[-75.652313,39.499673],[-75.649514,39.499955],[-75.649724,39.496031],[-75.651613,39.477016],[-75.651289,39.47257],[-75.651889,39.472415],[-75.651976,39.470788],[-75.653735,39.470124],[-75.655352,39.467993],[-75.657242,39.467645],[-75.660159,39.470405],[-75.666454,39.465114],[-75.669883,39.465253],[-75.670206,39.46426],[-75.670036,39.463445],[-75.671408,39.463346],[-75.686941,39.468333],[-75.692768,39.471678],[-75.703102,39.477606],[-75.697052,39.483961]]]}},{"id":"513","type":"Feature","properties":{"GEOID":"100050509054","eb":1.79,"sv":2.77,"county":"Sussex","pop":901.0,"pm25_pct":25.0,"diesel_pct":23.0,"cancer_pct":0.0,"traffic_pct":29.0,"superfund_pct":11.0,"lowinc_pct":0.554938957,"unemp_pct":0.462809917,"lingiso_pct":0.0,"poc_pct":4.0,"sv_health":3.89,"efa":"Moderate","name":"Sussex BG 509054","efa_hisp_pct":2.2,"efa_black_pct":0,"efa_lingiso_pct":0,"efa_lingiso_sp":null,"efa_poverty_pct":6.1,"efa_mhhi":39224.0,"efa_combined_minority":2.2,"efa_has_duplicate":1,"efa_mc1":0,"efa_sc1":0,"efa_mc2":0,"efa_sc2":0,"efa_mc3":0,"efa_sc3":0,"efa_mc4":1,"efa_sc4":0,"efa_mc5":0,"efa_sc5":0,"efa_has_split":1},"geometry":{"type":"Polygon","coordinates":[[[-75.30684,38.825602],[-75.30486,38.824141],[-75.301254,38.825288],[-75.299706,38.824907],[-75.297156,38.825809],[-75.292761,38.826056],[-75.290741,38.826582],[-75.289972,38.82902],[-75.287378,38.829209],[-75.286956,38.827484],[-75.285165,38.82759],[-75.280743,38.826395],[-75.279857,38.828058],[-75.276593,38.829754],[-75.271565,38.82864],[-75.269572,38.829425],[-75.266709,38.82881],[-75.26579,38.829658],[-75.266529,38.83172],[-75.264643,38.831985],[-75.262764,38.833406],[-75.261139,38.832297],[-75.259788,38.833208],[-75.260819,38.834865],[-75.25946,38.836049],[-75.257861,38.835568],[-75.256803,38.836447],[-75.257404,38.837589],[-75.259574,38.837783],[-75.260492,38.838871],[-75.258795,38.840367],[-75.255689,38.840972],[-75.253351,38.839433],[-75.252253,38.840066],[-75.254295,38.842513],[-75.253086,38.844099],[-75.25053,38.843507],[-75.250148,38.842548],[-75.247964,38.841278],[-75.248238,38.839588],[-75.246396,38.838155],[-75.240615,38.838898],[-75.236595,38.840061],[-75.2272424630767,38.8405129718159],[-75.205329,38.823386],[-75.190552,38.806861],[-75.1902011884624,38.806676942826],[-75.192035,38.806014],[-75.194703,38.805485],[-75.196662,38.804068],[-75.199182,38.803057],[-75.203458,38.802924],[-75.205549,38.803395],[-75.206009,38.804198],[-75.205322,38.806932],[-75.205809,38.807831],[-75.20782,38.808671],[-75.210662,38.808043],[-75.213408,38.809883],[-75.21616,38.809772],[-75.216251,38.80813],[-75.217171,38.809964],[-75.218112,38.810184],[-75.215738,38.806691],[-75.217465,38.805817],[-75.221403,38.806233],[-75.223109,38.80604],[-75.223931,38.807062],[-75.222079,38.808864],[-75.222887,38.809831],[-75.225808,38.80989],[-75.228125,38.810401],[-75.230118,38.809576],[-75.229366,38.807642],[-75.231914,38.80646],[-75.234463,38.806926],[-75.235775,38.805745],[-75.238309,38.805079],[-75.239061,38.805952],[-75.241659,38.806451],[-75.244246,38.801824],[-75.243991,38.799775],[-75.245709,38.797472],[-75.247486,38.797812],[-75.248778,38.798877],[-75.250674,38.79863],[-75.252257,38.795241],[-75.251591,38.79434],[-75.249553,38.793828],[-75.249636,38.791993],[-75.251874,38.790796],[-75.25845,38.795902],[-75.268729,38.802834],[-75.272238,38.804583],[-75.277641,38.807115],[-75.279246,38.807634],[-75.302068,38.81831],[-75.304414,38.819658],[-75.306493,38.821375],[-75.308758,38.824066],[-75.30684,38.825602]]]}},{"id":"514","type":"Feature","properties":{"GEOID":"100030129001","eb":7.74,"sv":3.75,"county":"New Castle","pop":2083.0,"pm25_pct":74.0,"diesel_pct":98.0,"cancer_pct":51.0,"traffic_pct":79.0,"superfund_pct":84.0,"lowinc_pct":0.662986078,"unemp_pct":0.12723449,"lingiso_pct":0.086111111,"poc_pct":96.0,"sv_health":4.21,"efa":"Significant","name":"New Castle BG 129001","efa_hisp_pct":44.5,"efa_black_pct":49.8,"efa_lingiso_pct":7.7,"efa_lingiso_sp":100.0,"efa_poverty_pct":31.8,"efa_mhhi":48556.0,"efa_combined_minority":94.3,"efa_has_duplicate":0,"efa_mc1":1,"efa_sc1":1,"efa_mc2":1,"efa_sc2":1,"efa_mc3":1,"efa_sc3":0,"efa_mc4":1,"efa_sc4":0,"efa_mc5":0,"efa_sc5":0,"efa_has_split":0},"geometry":{"type":"Polygon","coordinates":[[[-75.579407,39.73246],[-75.578217,39.732929],[-75.573074,39.735004],[-75.570532,39.729275],[-75.569242,39.72848],[-75.56649,39.731803],[-75.566916,39.729323],[-75.564381,39.728938],[-75.564837,39.723761],[-75.563876,39.7256],[-75.561628,39.725691],[-75.561261,39.729529],[-75.560914,39.728894],[-75.560814,39.725628],[-75.560091,39.723839],[-75.570473,39.722279],[-75.574578,39.722555],[-75.576436,39.723184],[-75.575827,39.723782],[-75.579027,39.726986],[-75.578708,39.731377],[-75.579407,39.73246]]]}},{"id":"515","type":"Feature","properties":{"GEOID":"100010419003","eb":0.87,"sv":3.33,"county":"Kent","pop":1518.0,"pm25_pct":1.0,"diesel_pct":10.0,"cancer_pct":0.0,"traffic_pct":1.0,"superfund_pct":23.0,"lowinc_pct":0.18495935,"unemp_pct":0.099740933,"lingiso_pct":0.0,"poc_pct":11.0,"sv_health":4.86,"efa":"Not EFA","name":"Kent BG 419003","efa_hisp_pct":2.2,"efa_black_pct":5.8,"efa_lingiso_pct":0,"efa_lingiso_sp":null,"efa_poverty_pct":6.9,"efa_mhhi":69058.0,"efa_combined_minority":11.0,"efa_has_duplicate":0,"efa_mc1":0,"efa_sc1":0,"efa_mc2":0,"efa_sc2":0,"efa_mc3":0,"efa_sc3":0,"efa_mc4":0,"efa_sc4":0,"efa_mc5":0,"efa_sc5":0,"efa_has_split":0},"geometry":{"type":"Polygon","coordinates":[[[-75.752593183003,39.199434938086],[-75.746228,39.200309],[-75.741869,39.189086],[-75.741194,39.188034],[-75.739127,39.186513],[-75.734144,39.18333],[-75.729134,39.180137],[-75.721766,39.173356],[-75.714057,39.168879],[-75.712604,39.16828],[-75.71039,39.166599],[-75.709862,39.166519],[-75.707791,39.166636],[-75.685879,39.165692],[-75.679298,39.164837],[-75.671992,39.164685],[-75.666216,39.162324],[-75.656169,39.159688],[-75.654833,39.158984],[-75.651971,39.154978],[-75.649492,39.153915],[-75.64732,39.154358],[-75.646609,39.149646],[-75.646187,39.143356],[-75.645485,39.140217],[-75.644832,39.138512],[-75.640789,39.133834],[-75.639028,39.133416],[-75.632801,39.124902],[-75.635339,39.121611],[-75.638327,39.123881],[-75.648907,39.129022],[-75.652742,39.130504],[-75.65816,39.133094],[-75.663076,39.1322],[-75.667592,39.13135],[-75.671611,39.131687],[-75.67252,39.131027],[-75.673643,39.129413],[-75.68188,39.126915],[-75.690101,39.134262],[-75.692733,39.137218],[-75.696412,39.139885],[-75.699176,39.142851],[-75.701752,39.146099],[-75.7032,39.147157],[-75.708735,39.149044],[-75.712617,39.149643],[-75.718384,39.148749],[-75.723154,39.149122],[-75.730307,39.151658],[-75.732893,39.154513],[-75.733664,39.157014],[-75.736469,39.158403],[-75.739168,39.164533],[-75.740957,39.16524],[-75.743053,39.168125],[-75.744879,39.168859],[-75.750426375562,39.1731033686615],[-75.7508952073034,39.1767337302378],[-75.751028,39.177762],[-75.7514505565989,39.1836131004714],[-75.7525919517844,39.1994178895202],[-75.752593183003,39.199434938086]]]}},{"id":"516","type":"Feature","properties":{"GEOID":"100030129002","eb":7.67,"sv":3.03,"county":"New Castle","pop":828.0,"pm25_pct":74.0,"diesel_pct":98.0,"cancer_pct":51.0,"traffic_pct":74.0,"superfund_pct":90.0,"lowinc_pct":0.11352657,"unemp_pct":0.065395095,"lingiso_pct":0.0,"poc_pct":20.0,"sv_health":4.21,"efa":"Not EFA","name":"New Castle BG 129002","efa_hisp_pct":3.3,"efa_black_pct":7.3,"efa_lingiso_pct":0,"efa_lingiso_sp":null,"efa_poverty_pct":13.0,"efa_mhhi":91336.0,"efa_combined_minority":13.4,"efa_has_duplicate":0,"efa_mc1":0,"efa_sc1":0,"efa_mc2":0,"efa_sc2":0,"efa_mc3":0,"efa_sc3":0,"efa_mc4":0,"efa_sc4":0,"efa_mc5":0,"efa_sc5":0,"efa_has_split":0},"geometry":{"type":"Polygon","coordinates":[[[-75.587692,39.727238],[-75.586006,39.728424],[-75.584457,39.729511],[-75.580872,39.731742],[-75.579407,39.73246],[-75.578708,39.731377],[-75.579027,39.726986],[-75.575827,39.723782],[-75.576436,39.723184],[-75.580158,39.720971],[-75.582655,39.721265],[-75.586519,39.722178],[-75.593933,39.722874],[-75.587692,39.727238]]]}},{"id":"517","type":"Feature","properties":{"GEOID":"100030114003","eb":5.63,"sv":1.83,"county":"New Castle","pop":1100.0,"pm25_pct":96.0,"diesel_pct":69.0,"cancer_pct":51.0,"traffic_pct":36.0,"superfund_pct":32.0,"lowinc_pct":0.070909091,"unemp_pct":0.0,"lingiso_pct":0.009208103,"poc_pct":14.0,"sv_health":3.14,"efa":"Not EFA","name":"New Castle BG 114003","efa_hisp_pct":0,"efa_black_pct":3.1,"efa_lingiso_pct":1.4,"efa_lingiso_sp":0,"efa_poverty_pct":1.6,"efa_mhhi":109509.0,"efa_combined_minority":7.3,"efa_has_duplicate":0,"efa_mc1":0,"efa_sc1":0,"efa_mc2":0,"efa_sc2":0,"efa_mc3":0,"efa_sc3":0,"efa_mc4":0,"efa_sc4":0,"efa_mc5":0,"efa_sc5":0,"efa_has_split":0},"geometry":{"type":"Polygon","coordinates":[[[-75.535727,39.808402],[-75.531861,39.80888],[-75.524426,39.811882],[-75.52319,39.812378],[-75.522229,39.812379],[-75.515238,39.808244],[-75.528458,39.794127],[-75.532152,39.796744],[-75.533617,39.79847],[-75.535727,39.808402]]]}},{"id":"518","type":"Feature","properties":{"GEOID":"100010422061","eb":1.97,"sv":2.69,"county":"Kent","pop":1203.0,"pm25_pct":32.0,"diesel_pct":22.0,"cancer_pct":0.0,"traffic_pct":18.0,"superfund_pct":29.0,"lowinc_pct":0.118869493,"unemp_pct":0.142857143,"lingiso_pct":0.0,"poc_pct":65.0,"sv_health":4.08,"efa":"Not EFA","name":"Kent BG 422061","efa_hisp_pct":2.3,"efa_black_pct":51.8,"efa_lingiso_pct":0,"efa_lingiso_sp":null,"efa_poverty_pct":4.5,"efa_mhhi":97375.0,"efa_combined_minority":56.4,"efa_has_duplicate":0,"efa_mc1":0,"efa_sc1":0,"efa_mc2":0,"efa_sc2":0,"efa_mc3":0,"efa_sc3":0,"efa_mc4":0,"efa_sc4":0,"efa_mc5":0,"efa_sc5":0,"efa_has_split":0},"geometry":{"type":"Polygon","coordinates":[[[-75.555823,39.042523],[-75.553188,39.042987],[-75.549658,39.042506],[-75.548166,39.04251],[-75.535993,39.046389],[-75.529433,39.048993],[-75.525549,39.050471],[-75.519056,39.051948],[-75.518773,39.051985],[-75.51781,39.052057],[-75.516963,39.049527],[-75.514233,39.046114],[-75.51208,39.045531],[-75.507944,39.045644],[-75.507552,39.040618],[-75.509085,39.038666],[-75.512744,39.04],[-75.524473,39.038844],[-75.524949,39.038729],[-75.529771,39.036986],[-75.531637,39.036889],[-75.541544,39.039528],[-75.545743,39.039182],[-75.55195,39.037523],[-75.555026,39.040848],[-75.555823,39.042523]]]}},{"id":"519","type":"Feature","properties":{"GEOID":"100050509031","eb":1.96,"sv":2.29,"county":"Sussex","pop":1227.0,"pm25_pct":14.0,"diesel_pct":35.0,"cancer_pct":0.0,"traffic_pct":9.0,"superfund_pct":6.0,"lowinc_pct":0.121354657,"unemp_pct":0.0,"lingiso_pct":0.0,"poc_pct":14.0,"sv_health":3.92,"efa":"Not EFA","name":"Sussex BG 509031","efa_hisp_pct":0.3,"efa_black_pct":1.7,"efa_lingiso_pct":0,"efa_lingiso_sp":null,"efa_poverty_pct":2.9,"efa_mhhi":120735.0,"efa_combined_minority":7.0,"efa_has_duplicate":0,"efa_mc1":0,"efa_sc1":0,"efa_mc2":0,"efa_sc2":0,"efa_mc3":0,"efa_sc3":0,"efa_mc4":0,"efa_sc4":0,"efa_mc5":0,"efa_sc5":0,"efa_has_split":0},"geometry":{"type":"Polygon","coordinates":[[[-75.175209,38.760364],[-75.165272,38.766986],[-75.164684,38.767583],[-75.16236,38.770282],[-75.160025,38.772675],[-75.157684,38.774864],[-75.154854,38.777513],[-75.15344,38.778847],[-75.149752,38.776897],[-75.14737,38.776432],[-75.141659,38.77198],[-75.149754,38.764305],[-75.150757,38.763356],[-75.171725,38.756755],[-75.175209,38.760364]]]}},{"id":"520","type":"Feature","properties":{"GEOID":"100030004003","eb":7.49,"sv":3.02,"county":"New Castle","pop":1046.0,"pm25_pct":89.0,"diesel_pct":86.0,"cancer_pct":51.0,"traffic_pct":95.0,"superfund_pct":57.0,"lowinc_pct":0.140535373,"unemp_pct":0.1104,"lingiso_pct":0.020594966,"poc_pct":71.0,"sv_health":4.14,"efa":"Not EFA","name":"New Castle BG 4003","efa_hisp_pct":8.9,"efa_black_pct":31.4,"efa_lingiso_pct":7.6,"efa_lingiso_sp":100.0,"efa_poverty_pct":12.9,"efa_mhhi":55980.0,"efa_combined_minority":43.0,"efa_has_duplicate":0,"efa_mc1":0,"efa_sc1":0,"efa_mc2":0,"efa_sc2":0,"efa_mc3":0,"efa_sc3":0,"efa_mc4":0,"efa_sc4":0,"efa_mc5":0,"efa_sc5":0,"efa_has_split":0},"geometry":{"type":"Polygon","coordinates":[[[-75.557149,39.76146],[-75.553497,39.761809],[-75.549115,39.76277],[-75.551116,39.760907],[-75.550278,39.759888],[-75.54746,39.761145],[-75.544572,39.757819],[-75.547704,39.753167],[-75.547845,39.752977],[-75.548336,39.75227],[-75.549131,39.753812],[-75.551659,39.755665],[-75.552629,39.756632],[-75.555006,39.758559],[-75.556869,39.760601],[-75.557008,39.760933],[-75.557149,39.76146]]]}},{"id":"521","type":"Feature","properties":{"GEOID":"100010410003","eb":4.23,"sv":3.73,"county":"Kent","pop":2528.0,"pm25_pct":19.0,"diesel_pct":42.0,"cancer_pct":0.0,"traffic_pct":68.0,"superfund_pct":84.0,"lowinc_pct":0.424554455,"unemp_pct":0.094300518,"lingiso_pct":0.175764192,"poc_pct":74.0,"sv_health":4.54,"efa":"Moderate","name":"Kent BG 410003","efa_hisp_pct":31.3,"efa_black_pct":14.9,"efa_lingiso_pct":13.6,"efa_lingiso_sp":84.2,"efa_poverty_pct":22.4,"efa_mhhi":54485.0,"efa_combined_minority":55.2,"efa_has_duplicate":1,"efa_mc1":1,"efa_sc1":0,"efa_mc2":0,"efa_sc2":0,"efa_mc3":0,"efa_sc3":0,"efa_mc4":0,"efa_sc4":0,"efa_mc5":0,"efa_sc5":0,"efa_has_split":1},"geometry":{"type":"Polygon","coordinates":[[[-75.509835,39.15738],[-75.49876,39.156897],[-75.498646,39.15879],[-75.500874,39.161889],[-75.504359,39.166923],[-75.503321,39.1669],[-75.501873,39.166892],[-75.499784,39.166812],[-75.499265,39.166745],[-75.499007,39.166719],[-75.498649,39.166656],[-75.497981,39.166531],[-75.494258,39.165846],[-75.493196,39.165766],[-75.492867,39.165746],[-75.489701,39.165575],[-75.477287,39.166521],[-75.476928,39.166584],[-75.468243,39.168928],[-75.461546,39.16962],[-75.45176,39.17191],[-75.450518,39.172244],[-75.445645,39.16048],[-75.443952,39.15703],[-75.443547,39.155166],[-75.443518,39.154358],[-75.444384,39.150693],[-75.448236,39.136302],[-75.448203,39.134876],[-75.449355,39.134821],[-75.454437,39.134615],[-75.457771,39.136024],[-75.459099,39.138351],[-75.458885,39.144197],[-75.459839,39.146123],[-75.459004,39.148543],[-75.46211,39.148664],[-75.461839,39.15243],[-75.462231,39.152432],[-75.462475,39.148677],[-75.465926,39.148814],[-75.465997,39.147718],[-75.466469,39.143659],[-75.466853,39.138775],[-75.469425,39.139337],[-75.470085,39.135749],[-75.473385,39.135971],[-75.478802,39.139176],[-75.487282,39.143838],[-75.494606,39.136084],[-75.495402,39.137711],[-75.498283,39.143372],[-75.500661,39.146393],[-75.509835,39.15738]]]}},{"id":"522","type":"Feature","properties":{"GEOID":"100030009001","eb":7.99,"sv":4.1,"county":"New Castle","pop":849.0,"pm25_pct":82.0,"diesel_pct":95.0,"cancer_pct":51.0,"traffic_pct":93.0,"superfund_pct":73.0,"lowinc_pct":0.685406699,"unemp_pct":0.069536424,"lingiso_pct":0.055555556,"poc_pct":96.0,"sv_health":5.04,"efa":"Significant","name":"New Castle BG 9001","efa_hisp_pct":9.3,"efa_black_pct":76.1,"efa_lingiso_pct":7.6,"efa_lingiso_sp":0,"efa_poverty_pct":26.8,"efa_mhhi":32589.0,"efa_combined_minority":96.4,"efa_has_duplicate":0,"efa_mc1":1,"efa_sc1":1,"efa_mc2":1,"efa_sc2":1,"efa_mc3":1,"efa_sc3":0,"efa_mc4":1,"efa_sc4":0,"efa_mc5":0,"efa_sc5":0,"efa_has_split":0},"geometry":{"type":"Polygon","coordinates":[[[-75.540738,39.748462],[-75.539978,39.748346],[-75.539743,39.746609],[-75.53753,39.743324],[-75.537034,39.739702],[-75.537276,39.739567],[-75.537743,39.740325],[-75.539804,39.741141],[-75.541042,39.74164],[-75.542244,39.742154],[-75.541023,39.743945],[-75.540456,39.74477],[-75.542625,39.74569],[-75.540738,39.748462]]]}},{"id":"523","type":"Feature","properties":{"GEOID":"100030154002","eb":7.9,"sv":3.5,"county":"New Castle","pop":1787.0,"pm25_pct":72.0,"diesel_pct":100.0,"cancer_pct":99.0,"traffic_pct":62.0,"superfund_pct":89.0,"lowinc_pct":0.373251259,"unemp_pct":0.066350711,"lingiso_pct":0.097297297,"poc_pct":99.0,"sv_health":4.25,"efa":"Significant","name":"New Castle BG 154002","efa_hisp_pct":18.2,"efa_black_pct":79.8,"efa_lingiso_pct":10.1,"efa_lingiso_sp":100.0,"efa_poverty_pct":19.7,"efa_mhhi":56227.0,"efa_combined_minority":98.6,"efa_has_duplicate":0,"efa_mc1":1,"efa_sc1":0,"efa_mc2":1,"efa_sc2":1,"efa_mc3":0,"efa_sc3":0,"efa_mc4":0,"efa_sc4":0,"efa_mc5":0,"efa_sc5":0,"efa_has_split":0},"geometry":{"type":"Polygon","coordinates":[[[-75.558308,39.708996],[-75.556597,39.710908],[-75.551429,39.713604],[-75.551193,39.714664],[-75.548342,39.711393],[-75.551223,39.702866],[-75.554627,39.704001],[-75.557729,39.707676],[-75.558308,39.708996]]]}},{"id":"524","type":"Feature","properties":{"GEOID":"100050513022","eb":1.4,"sv":2.25,"county":"Sussex","pop":1995.0,"pm25_pct":9.0,"diesel_pct":3.0,"cancer_pct":0.0,"traffic_pct":7.0,"superfund_pct":17.0,"lowinc_pct":0.149874687,"unemp_pct":0.028503563,"lingiso_pct":0.0,"poc_pct":5.0,"sv_health":4.1,"efa":"Not EFA","name":"Sussex BG 513022","efa_hisp_pct":0.4,"efa_black_pct":2.0,"efa_lingiso_pct":1.6,"efa_lingiso_sp":0,"efa_poverty_pct":6.4,"efa_mhhi":84695.0,"efa_combined_minority":3.9,"efa_has_duplicate":0,"efa_mc1":0,"efa_sc1":0,"efa_mc2":0,"efa_sc2":0,"efa_mc3":0,"efa_sc3":0,"efa_mc4":0,"efa_sc4":0,"efa_mc5":0,"efa_sc5":0,"efa_has_split":0},"geometry":{"type":"Polygon","coordinates":[[[-75.170754,38.496575],[-75.157374,38.509615],[-75.156293,38.508779],[-75.152629,38.50771],[-75.14375,38.514965],[-75.139885,38.51524],[-75.135094,38.513185],[-75.133269,38.513672],[-75.13221,38.512404],[-75.127817,38.511852],[-75.125357,38.512348],[-75.122941,38.511788],[-75.120871,38.513751],[-75.120158,38.515809],[-75.121205,38.51927],[-75.118387,38.522761],[-75.117058,38.525271],[-75.111937,38.524138],[-75.107128,38.522741],[-75.106042,38.522563],[-75.105155,38.522423],[-75.103503,38.522144],[-75.101845,38.521943],[-75.097931,38.524171],[-75.095062,38.525468],[-75.094217,38.525449],[-75.097066,38.52129],[-75.098644,38.517301],[-75.104048,38.513352],[-75.107023,38.512885],[-75.10823,38.51174],[-75.112417,38.509297],[-75.113935,38.507866],[-75.116115,38.506971],[-75.120312,38.506403],[-75.123186,38.504983],[-75.125854,38.504692],[-75.126587,38.503964],[-75.131138,38.501933],[-75.131507,38.500236],[-75.131824,38.496652],[-75.130675,38.493131],[-75.132654,38.490287],[-75.137604,38.48532],[-75.138664,38.480338],[-75.140342,38.478203],[-75.143028,38.479064],[-75.146438,38.48065],[-75.153821,38.481614],[-75.157323,38.483406],[-75.159121,38.485145],[-75.162317,38.489704],[-75.166829,38.492823],[-75.167834,38.494343],[-75.170754,38.496575]]]}},{"id":"525","type":"Feature","properties":{"GEOID":"100050506041","eb":3.59,"sv":2.78,"county":"Sussex","pop":1732.0,"pm25_pct":32.0,"diesel_pct":26.0,"cancer_pct":0.0,"traffic_pct":41.0,"superfund_pct":95.0,"lowinc_pct":0.084295612,"unemp_pct":0.016872891,"lingiso_pct":0.025996534,"poc_pct":55.0,"sv_health":4.93,"efa":"Not EFA","name":"Sussex BG 506041","efa_hisp_pct":0,"efa_black_pct":16.0,"efa_lingiso_pct":6.5,"efa_lingiso_sp":0,"efa_poverty_pct":0,"efa_mhhi":90484.0,"efa_combined_minority":26.5,"efa_has_duplicate":0,"efa_mc1":0,"efa_sc1":0,"efa_mc2":0,"efa_sc2":0,"efa_mc3":0,"efa_sc3":0,"efa_mc4":0,"efa_sc4":0,"efa_mc5":0,"efa_sc5":0,"efa_has_split":0},"geometry":{"type":"Polygon","coordinates":[[[-75.339846,38.549593],[-75.334125,38.549231],[-75.317508,38.544547],[-75.320974,38.549245],[-75.321642,38.552417],[-75.323769,38.559928],[-75.325069,38.561133],[-75.318367,38.564071],[-75.324878,38.574231],[-75.322306,38.57596],[-75.315512,38.580555],[-75.314986,38.580909],[-75.314046,38.581347],[-75.31327,38.581575],[-75.311307,38.581992],[-75.305182,38.583275],[-75.304793,38.583358],[-75.30431,38.583458],[-75.295349,38.585392],[-75.295055,38.58562],[-75.28824,38.577804],[-75.287329,38.576772],[-75.284461,38.573441],[-75.275907,38.563528],[-75.275989,38.56335],[-75.277877,38.560724],[-75.277995,38.557339],[-75.280891,38.556054],[-75.282819,38.553642],[-75.286254,38.55154],[-75.288994,38.55225],[-75.292197,38.550263],[-75.30067,38.546176],[-75.301463,38.545455],[-75.306705,38.538853],[-75.306382,38.535403],[-75.305634,38.53148],[-75.323907,38.529485],[-75.329212,38.530109],[-75.332403,38.531235],[-75.335052,38.532673],[-75.334638,38.540827],[-75.337673,38.541323],[-75.338863,38.544394],[-75.339846,38.549593]]]}},{"id":"526","type":"Feature","properties":{"GEOID":"100050509053","eb":2.09,"sv":2.22,"county":"Sussex","pop":1214.0,"pm25_pct":25.0,"diesel_pct":23.0,"cancer_pct":0.0,"traffic_pct":28.0,"superfund_pct":12.0,"lowinc_pct":0.253706755,"unemp_pct":0.128846154,"lingiso_pct":0.0,"poc_pct":18.0,"sv_health":3.89,"efa":"Not EFA","name":"Sussex BG 509053","efa_hisp_pct":3.5,"efa_black_pct":0,"efa_lingiso_pct":0,"efa_lingiso_sp":null,"efa_poverty_pct":7.4,"efa_mhhi":103750.0,"efa_combined_minority":3.5,"efa_has_duplicate":0,"efa_mc1":0,"efa_sc1":0,"efa_mc2":0,"efa_sc2":0,"efa_mc3":0,"efa_sc3":0,"efa_mc4":0,"efa_sc4":0,"efa_mc5":0,"efa_sc5":0,"efa_has_split":0},"geometry":{"type":"Polygon","coordinates":[[[-75.252257,38.795241],[-75.250674,38.79863],[-75.248778,38.798877],[-75.247486,38.797812],[-75.245709,38.797472],[-75.243991,38.799775],[-75.244246,38.801824],[-75.241659,38.806451],[-75.239061,38.805952],[-75.238309,38.805079],[-75.235775,38.805745],[-75.234463,38.806926],[-75.231914,38.80646],[-75.229366,38.807642],[-75.230118,38.809576],[-75.228125,38.810401],[-75.225808,38.80989],[-75.222887,38.809831],[-75.222079,38.808864],[-75.223931,38.807062],[-75.223109,38.80604],[-75.221403,38.806233],[-75.217465,38.805817],[-75.215738,38.806691],[-75.218112,38.810184],[-75.217171,38.809964],[-75.216251,38.80813],[-75.21616,38.809772],[-75.213408,38.809883],[-75.210662,38.808043],[-75.20782,38.808671],[-75.205809,38.807831],[-75.205322,38.806932],[-75.206009,38.804198],[-75.205549,38.803395],[-75.203458,38.802924],[-75.199182,38.803057],[-75.196662,38.804068],[-75.194703,38.805485],[-75.192035,38.806014],[-75.192644,38.805149],[-75.185113,38.800953],[-75.181631,38.797827],[-75.176633,38.796629],[-75.170232,38.793135],[-75.16301,38.790162],[-75.162737,38.789725],[-75.164113,38.789263],[-75.165366,38.789039],[-75.166707,38.787273],[-75.166502,38.785886],[-75.169536,38.785106],[-75.171777,38.782078],[-75.173408,38.781759],[-75.174344,38.781301],[-75.175291,38.779762],[-75.173161,38.778332],[-75.174665,38.776012],[-75.173996,38.775351],[-75.172513,38.775781],[-75.170631,38.774356],[-75.171411,38.77332],[-75.171294,38.772394],[-75.170117,38.771963],[-75.169872,38.771394],[-75.167611,38.771033],[-75.166687,38.77229],[-75.164878,38.770516],[-75.164867,38.7705],[-75.16236,38.770282],[-75.164684,38.767583],[-75.165272,38.766986],[-75.175209,38.760364],[-75.171725,38.756755],[-75.189577,38.751027],[-75.192523,38.754405],[-75.195027,38.755851],[-75.203061,38.760209],[-75.20496,38.761238],[-75.214673,38.767649],[-75.24033,38.784136],[-75.24599,38.787688],[-75.251765,38.790518],[-75.251552,38.7906],[-75.251874,38.790796],[-75.249636,38.791993],[-75.249553,38.793828],[-75.251591,38.79434],[-75.252257,38.795241]]]}},{"id":"527","type":"Feature","properties":{"GEOID":"100010405013","eb":3.74,"sv":2.3,"county":"Kent","pop":1203.0,"pm25_pct":12.0,"diesel_pct":50.0,"cancer_pct":0.0,"traffic_pct":66.0,"superfund_pct":39.0,"lowinc_pct":0.049875312,"unemp_pct":0.023255814,"lingiso_pct":0.0,"poc_pct":41.0,"sv_health":4.81,"efa":"Not EFA","name":"Kent BG 405013","efa_hisp_pct":0,"efa_black_pct":9.5,"efa_lingiso_pct":1.8,"efa_lingiso_sp":0,"efa_poverty_pct":1.5,"efa_mhhi":115822.0,"efa_combined_minority":14.5,"efa_has_duplicate":0,"efa_mc1":0,"efa_sc1":0,"efa_mc2":0,"efa_sc2":0,"efa_mc3":0,"efa_sc3":0,"efa_mc4":0,"efa_sc4":0,"efa_mc5":0,"efa_sc5":0,"efa_has_split":0},"geometry":{"type":"Polygon","coordinates":[[[-75.584735,39.242025],[-75.581599,39.242084],[-75.580088,39.236676],[-75.577771,39.233135],[-75.57244,39.22727],[-75.568086,39.2237],[-75.564862,39.221541],[-75.55067,39.212922],[-75.546836,39.209993],[-75.547342,39.209693],[-75.550743,39.207726],[-75.554156,39.207104],[-75.555057,39.204891],[-75.559177,39.202321],[-75.565129,39.206578],[-75.570095,39.210242],[-75.570852,39.211296],[-75.571342,39.212133],[-75.571419,39.212278],[-75.574243,39.218372],[-75.574279,39.218453],[-75.575638,39.221465],[-75.576602,39.223572],[-75.577798,39.226216],[-75.578089,39.226827],[-75.57981,39.2302],[-75.588101,39.244031],[-75.584735,39.242025]]]}},{"id":"528","type":"Feature","properties":{"GEOID":"100010422033","eb":2.61,"sv":2.69,"county":"Kent","pop":2715.0,"pm25_pct":26.0,"diesel_pct":29.0,"cancer_pct":0.0,"traffic_pct":18.0,"superfund_pct":66.0,"lowinc_pct":0.298710866,"unemp_pct":0.012955466,"lingiso_pct":0.0,"poc_pct":42.0,"sv_health":3.7,"efa":"Not EFA","name":"Kent BG 422033","efa_hisp_pct":0.8,"efa_black_pct":17.6,"efa_lingiso_pct":0,"efa_lingiso_sp":null,"efa_poverty_pct":2.9,"efa_mhhi":77115.0,"efa_combined_minority":39.8,"efa_has_duplicate":0,"efa_mc1":0,"efa_sc1":0,"efa_mc2":0,"efa_sc2":0,"efa_mc3":0,"efa_sc3":0,"efa_mc4":0,"efa_sc4":0,"efa_mc5":0,"efa_sc5":0,"efa_has_split":0},"geometry":{"type":"Polygon","coordinates":[[[-75.513711,39.101725],[-75.501376,39.110109],[-75.499534,39.113284],[-75.49961,39.113893],[-75.501382,39.116034],[-75.500625,39.116096],[-75.498578,39.114997],[-75.498661,39.112098],[-75.496425,39.111432],[-75.492913,39.111744],[-75.490812,39.109717],[-75.489263,39.11139],[-75.486616,39.111401],[-75.484889,39.109112],[-75.483269,39.108503],[-75.482833,39.108508],[-75.480645,39.108094],[-75.477999,39.106564],[-75.475371,39.105945],[-75.470707,39.101278],[-75.473517,39.100283],[-75.478318,39.098638],[-75.479593,39.097781],[-75.487135,39.09635],[-75.48889,39.096839],[-75.492206,39.095187],[-75.494598,39.09523],[-75.495559,39.09606],[-75.496757,39.095719],[-75.497596,39.095982],[-75.497308,39.097575],[-75.499512,39.099143],[-75.500859,39.09902],[-75.504576,39.096654],[-75.506006,39.094404],[-75.510965,39.097332],[-75.512828,39.099289],[-75.513533,39.100816],[-75.513711,39.101725]]]}},{"id":"529","type":"Feature","properties":{"GEOID":"100050513092","eb":1.65,"sv":2.74,"county":"Sussex","pop":437.0,"pm25_pct":4.0,"diesel_pct":5.0,"cancer_pct":0.0,"traffic_pct":17.0,"superfund_pct":7.0,"lowinc_pct":0.100686499,"unemp_pct":0.151960784,"lingiso_pct":0.040816327,"poc_pct":4.0,"sv_health":4.13,"efa":"Not EFA","name":"Sussex BG 513092","efa_hisp_pct":0,"efa_black_pct":4.3,"efa_lingiso_pct":3.0,"efa_lingiso_sp":0,"efa_poverty_pct":8.8,"efa_mhhi":61310.0,"efa_combined_minority":4.3,"efa_has_duplicate":0,"efa_mc1":0,"efa_sc1":0,"efa_mc2":0,"efa_sc2":0,"efa_mc3":0,"efa_sc3":0,"efa_mc4":0,"efa_sc4":0,"efa_mc5":0,"efa_sc5":0,"efa_has_split":0},"geometry":{"type":"Polygon","coordinates":[[[-75.092686,38.470166],[-75.089661,38.475416],[-75.080951,38.479719],[-75.081641,38.482638],[-75.080893,38.483362],[-75.078395,38.482383],[-75.066825,38.476241],[-75.06474,38.475456],[-75.062223,38.474919],[-75.061904,38.467439],[-75.061983,38.460034],[-75.062859,38.456383],[-75.064231,38.452599],[-75.067666,38.453899],[-75.07721,38.460024],[-75.08141,38.463786],[-75.085861,38.465284],[-75.087351,38.466206],[-75.090802,38.469378],[-75.092686,38.470166]]]}},{"id":"530","type":"Feature","properties":{"GEOID":"100050511023","eb":2.16,"sv":2.1,"county":"Sussex","pop":367.0,"pm25_pct":7.0,"diesel_pct":44.0,"cancer_pct":0.0,"traffic_pct":95.0,"superfund_pct":4.0,"lowinc_pct":0.051771117,"unemp_pct":0.030864198,"lingiso_pct":0.0,"poc_pct":59.0,"sv_health":3.59,"efa":"Not EFA","name":"Sussex BG 511023","efa_hisp_pct":2.1,"efa_black_pct":0.8,"efa_lingiso_pct":0,"efa_lingiso_sp":null,"efa_poverty_pct":2.1,"efa_mhhi":null,"efa_combined_minority":44.1,"efa_has_duplicate":0,"efa_mc1":0,"efa_sc1":0,"efa_mc2":0,"efa_sc2":0,"efa_mc3":0,"efa_sc3":0,"efa_mc4":0,"efa_sc4":0,"efa_mc5":0,"efa_sc5":0,"efa_has_split":0},"geometry":{"type":"Polygon","coordinates":[[[-75.087356,38.705795],[-75.08319,38.70788],[-75.082489,38.707671],[-75.080813,38.707461],[-75.079985,38.705643],[-75.076674,38.703381],[-75.076484,38.70298],[-75.075457,38.697238],[-75.076328,38.698019],[-75.078142,38.699244],[-75.078198,38.699283],[-75.079107,38.699916],[-75.08679,38.705226],[-75.087105,38.705446],[-75.087356,38.705795]]]}},{"id":"531","type":"Feature","properties":{"GEOID":"100030019022","eb":7.85,"sv":3.01,"county":"New Castle","pop":1484.0,"pm25_pct":74.0,"diesel_pct":97.0,"cancer_pct":51.0,"traffic_pct":93.0,"superfund_pct":85.0,"lowinc_pct":0.468328841,"unemp_pct":0.026683609,"lingiso_pct":0.006944444,"poc_pct":89.0,"sv_health":4.08,"efa":"Significant","name":"New Castle BG 19022","efa_hisp_pct":7.4,"efa_black_pct":57.1,"efa_lingiso_pct":0,"efa_lingiso_sp":null,"efa_poverty_pct":35.2,"efa_mhhi":63808.0,"efa_combined_minority":78.1,"efa_has_duplicate":1,"efa_mc1":1,"efa_sc1":1,"efa_mc2":1,"efa_sc2":0,"efa_mc3":1,"efa_sc3":1,"efa_mc4":0,"efa_sc4":0,"efa_mc5":0,"efa_sc5":0,"efa_has_split":1},"geometry":{"type":"Polygon","coordinates":[[[-75.559771,39.732921],[-75.558544,39.73517],[-75.556341,39.73657],[-75.553051,39.736105],[-75.551031,39.735245],[-75.547427,39.733425],[-75.545869,39.733499],[-75.543711,39.733942],[-75.540966,39.735414],[-75.540471,39.734582],[-75.540541,39.73407],[-75.547709,39.723558],[-75.553291,39.725734],[-75.555118,39.725381],[-75.555791,39.726286],[-75.555824,39.726713],[-75.560457,39.728509],[-75.559771,39.732921]]]}},{"id":"532","type":"Feature","properties":{"GEOID":"100030152003","eb":7.52,"sv":3.07,"county":"New Castle","pop":931.0,"pm25_pct":70.0,"diesel_pct":99.0,"cancer_pct":51.0,"traffic_pct":96.0,"superfund_pct":98.0,"lowinc_pct":0.423200859,"unemp_pct":0.062730627,"lingiso_pct":0.0,"poc_pct":81.0,"sv_health":3.89,"efa":"Not EFA","name":"New Castle BG 152003","efa_hisp_pct":36.1,"efa_black_pct":13.4,"efa_lingiso_pct":0,"efa_lingiso_sp":null,"efa_poverty_pct":8.5,"efa_mhhi":69364.0,"efa_combined_minority":54.7,"efa_has_duplicate":0,"efa_mc1":0,"efa_sc1":0,"efa_mc2":0,"efa_sc2":0,"efa_mc3":0,"efa_sc3":0,"efa_mc4":0,"efa_sc4":0,"efa_mc5":0,"efa_sc5":0,"efa_has_split":0},"geometry":{"type":"Polygon","coordinates":[[[-75.594091,39.686604],[-75.591731,39.689279],[-75.587483,39.689139],[-75.584259,39.687404],[-75.590439,39.680556],[-75.590505,39.680486],[-75.594641,39.686319],[-75.594091,39.686604]]]}},{"id":"533","type":"Feature","properties":{"GEOID":"100030162001","eb":6.58,"sv":2.01,"county":"New Castle","pop":406.0,"pm25_pct":61.0,"diesel_pct":59.0,"cancer_pct":51.0,"traffic_pct":50.0,"superfund_pct":91.0,"lowinc_pct":0.145320197,"unemp_pct":0.0,"lingiso_pct":0.0,"poc_pct":46.0,"sv_health":3.57,"efa":"Not EFA","name":"New Castle BG 162001","efa_hisp_pct":5.0,"efa_black_pct":19.1,"efa_lingiso_pct":0,"efa_lingiso_sp":null,"efa_poverty_pct":11.0,"efa_mhhi":98548.0,"efa_combined_minority":29.8,"efa_has_duplicate":0,"efa_mc1":0,"efa_sc1":0,"efa_mc2":0,"efa_sc2":0,"efa_mc3":0,"efa_sc3":0,"efa_mc4":0,"efa_sc4":0,"efa_mc5":0,"efa_sc5":0,"efa_has_split":0},"geometry":{"type":"Polygon","coordinates":[[[-75.595419,39.648186],[-75.592393,39.650704],[-75.58833,39.651823],[-75.583475,39.653229],[-75.581587,39.655622],[-75.574857,39.658497],[-75.570724,39.660283],[-75.567915,39.662776],[-75.566815,39.662053],[-75.561941,39.657854],[-75.5613567608041,39.6577726838033],[-75.5615437520027,39.6575496408507],[-75.562246,39.656712],[-75.5680124583168,39.6565268891307],[-75.569037,39.656494],[-75.587147,39.651012],[-75.587155878479,39.6510016113712],[-75.5917467759147,39.6456298433782],[-75.596214,39.647503],[-75.595419,39.648186]]]}},{"id":"534","type":"Feature","properties":{"GEOID":"100030163011","eb":5.91,"sv":2.47,"county":"New Castle","pop":1951.0,"pm25_pct":50.0,"diesel_pct":60.0,"cancer_pct":51.0,"traffic_pct":71.0,"superfund_pct":91.0,"lowinc_pct":0.057602491,"unemp_pct":0.047125353,"lingiso_pct":0.0,"poc_pct":88.0,"sv_health":3.66,"efa":"Not EFA","name":"New Castle BG 163011","efa_hisp_pct":17.3,"efa_black_pct":30.4,"efa_lingiso_pct":0,"efa_lingiso_sp":null,"efa_poverty_pct":2.0,"efa_mhhi":78333.0,"efa_combined_minority":69.5,"efa_has_duplicate":0,"efa_mc1":0,"efa_sc1":0,"efa_mc2":0,"efa_sc2":0,"efa_mc3":0,"efa_sc3":0,"efa_mc4":0,"efa_sc4":0,"efa_mc5":0,"efa_sc5":0,"efa_has_split":0},"geometry":{"type":"Polygon","coordinates":[[[-75.683823,39.622578],[-75.678088,39.624844],[-75.670646,39.627833],[-75.663923,39.630522],[-75.65981,39.632864],[-75.660829,39.627808],[-75.678831,39.618043],[-75.683823,39.622578]]]}},{"id":"535","type":"Feature","properties":{"GEOID":"100030005002","eb":7.34,"sv":3.78,"county":"New Castle","pop":967.0,"pm25_pct":88.0,"diesel_pct":91.0,"cancer_pct":51.0,"traffic_pct":73.0,"superfund_pct":61.0,"lowinc_pct":0.61737332,"unemp_pct":0.090047393,"lingiso_pct":0.0,"poc_pct":100.0,"sv_health":4.16,"efa":"Significant","name":"New Castle BG 5002","efa_hisp_pct":0,"efa_black_pct":99.2,"efa_lingiso_pct":0,"efa_lingiso_sp":null,"efa_poverty_pct":21.1,"efa_mhhi":54034.0,"efa_combined_minority":100.0,"efa_has_duplicate":0,"efa_mc1":1,"efa_sc1":0,"efa_mc2":1,"efa_sc2":1,"efa_mc3":0,"efa_sc3":0,"efa_mc4":0,"efa_sc4":0,"efa_mc5":0,"efa_sc5":0,"efa_has_split":0},"geometry":{"type":"Polygon","coordinates":[[[-75.540813,39.756037],[-75.537109,39.757683],[-75.534976,39.754881],[-75.537759,39.753629],[-75.538692,39.753214],[-75.540813,39.756037]]]}},{"id":"536","type":"Feature","properties":{"GEOID":"100030029002","eb":7.83,"sv":5.1,"county":"New Castle","pop":867.0,"pm25_pct":79.0,"diesel_pct":96.0,"cancer_pct":51.0,"traffic_pct":99.0,"superfund_pct":77.0,"lowinc_pct":0.780996524,"unemp_pct":0.463350785,"lingiso_pct":0.0,"poc_pct":94.0,"sv_health":6.16,"efa":"Significant","name":"New Castle BG 29002","efa_hisp_pct":3.0,"efa_black_pct":79.7,"efa_lingiso_pct":0,"efa_lingiso_sp":null,"efa_poverty_pct":39.9,"efa_mhhi":25742.0,"efa_combined_minority":95.0,"efa_has_duplicate":0,"efa_mc1":1,"efa_sc1":1,"efa_mc2":1,"efa_sc2":1,"efa_mc3":1,"efa_sc3":1,"efa_mc4":1,"efa_sc4":1,"efa_mc5":0,"efa_sc5":0,"efa_has_split":0},"geometry":{"type":"Polygon","coordinates":[[[-75.55017,39.736923],[-75.549004,39.738708],[-75.548588,39.73933],[-75.543915,39.737413],[-75.542651,39.736905],[-75.542603,39.736886],[-75.541677,39.736424],[-75.540966,39.735414],[-75.543711,39.733942],[-75.545869,39.733499],[-75.547427,39.733425],[-75.551031,39.735245],[-75.55017,39.736923]]]}},{"id":"537","type":"Feature","properties":{"GEOID":"100030149093","eb":7.11,"sv":2.96,"county":"New Castle","pop":767.0,"pm25_pct":61.0,"diesel_pct":93.0,"cancer_pct":51.0,"traffic_pct":89.0,"superfund_pct":99.0,"lowinc_pct":0.194482759,"unemp_pct":0.118387909,"lingiso_pct":0.042553191,"poc_pct":60.0,"sv_health":3.85,"efa":"Not EFA","name":"New Castle BG 149093","efa_hisp_pct":30.2,"efa_black_pct":17.9,"efa_lingiso_pct":3.8,"efa_lingiso_sp":0,"efa_poverty_pct":6.6,"efa_mhhi":95637.0,"efa_combined_minority":54.1,"efa_has_duplicate":0,"efa_mc1":0,"efa_sc1":0,"efa_mc2":0,"efa_sc2":0,"efa_mc3":0,"efa_sc3":0,"efa_mc4":0,"efa_sc4":0,"efa_mc5":0,"efa_sc5":0,"efa_has_split":0},"geometry":{"type":"Polygon","coordinates":[[[-75.622386,39.664268],[-75.61097,39.665329],[-75.608853,39.665502],[-75.605645,39.665412],[-75.604509,39.665377],[-75.616091,39.655069],[-75.618104,39.656644],[-75.618846,39.656086],[-75.620602,39.659086],[-75.619064,39.660322],[-75.620485,39.66291],[-75.622386,39.664268]]]}},{"id":"538","type":"Feature","properties":{"GEOID":"100030136122","eb":4.67,"sv":1.55,"county":"New Castle","pop":1249.0,"pm25_pct":76.0,"diesel_pct":49.0,"cancer_pct":51.0,"traffic_pct":21.0,"superfund_pct":65.0,"lowinc_pct":0.040032026,"unemp_pct":0.0,"lingiso_pct":0.0,"poc_pct":31.0,"sv_health":3.03,"efa":"Not EFA","name":"New Castle BG 136122","efa_hisp_pct":0,"efa_black_pct":1.0,"efa_lingiso_pct":0,"efa_lingiso_sp":null,"efa_poverty_pct":0,"efa_mhhi":162984.0,"efa_combined_minority":34.1,"efa_has_duplicate":0,"efa_mc1":0,"efa_sc1":0,"efa_mc2":0,"efa_sc2":0,"efa_mc3":0,"efa_sc3":0,"efa_mc4":0,"efa_sc4":0,"efa_mc5":0,"efa_sc5":0,"efa_has_split":0},"geometry":{"type":"Polygon","coordinates":[[[-75.692119,39.75752],[-75.691158,39.759438],[-75.692345,39.762226],[-75.688039,39.764276],[-75.686104,39.764239],[-75.685344,39.763477],[-75.683689,39.763102],[-75.682961,39.762776],[-75.681038,39.761113],[-75.679192,39.758266],[-75.677755,39.757062],[-75.678182,39.754855],[-75.677338,39.752435],[-75.679329,39.750506],[-75.682076,39.750613],[-75.685997,39.748916],[-75.687766,39.750751],[-75.691299,39.751821],[-75.690552,39.753978],[-75.692376,39.755476],[-75.692119,39.75752]]]}},{"id":"539","type":"Feature","properties":{"GEOID":"100030136074","eb":4.65,"sv":2.05,"county":"New Castle","pop":692.0,"pm25_pct":71.0,"diesel_pct":51.0,"cancer_pct":51.0,"traffic_pct":67.0,"superfund_pct":42.0,"lowinc_pct":0.179190751,"unemp_pct":0.149122807,"lingiso_pct":0.163009404,"poc_pct":41.0,"sv_health":3.39,"efa":"Moderate","name":"New Castle BG 136074","efa_hisp_pct":0,"efa_black_pct":0,"efa_lingiso_pct":17.4,"efa_lingiso_sp":0,"efa_poverty_pct":14.6,"efa_mhhi":null,"efa_combined_minority":13.9,"efa_has_duplicate":0,"efa_mc1":1,"efa_sc1":0,"efa_mc2":0,"efa_sc2":0,"efa_mc3":0,"efa_sc3":0,"efa_mc4":0,"efa_sc4":0,"efa_mc5":1,"efa_sc5":0,"efa_has_split":0},"geometry":{"type":"Polygon","coordinates":[[[-75.696069,39.731778],[-75.695058,39.733357],[-75.694191,39.734883],[-75.694091,39.737534],[-75.694986,39.740502],[-75.693054,39.741219],[-75.692337,39.741837],[-75.687016,39.73871],[-75.685557,39.737817],[-75.685264,39.737571],[-75.683758,39.735956],[-75.685917,39.734893],[-75.68836,39.732972],[-75.689127,39.732135],[-75.69172,39.728139],[-75.692782,39.726562],[-75.69296,39.726364],[-75.69431,39.726598],[-75.694018,39.728414],[-75.695951,39.729722],[-75.696069,39.731778]]]}},{"id":"540","type":"Feature","properties":{"GEOID":"100010402041","eb":3.12,"sv":2.53,"county":"Kent","pop":2644.0,"pm25_pct":6.0,"diesel_pct":33.0,"cancer_pct":0.0,"traffic_pct":47.0,"superfund_pct":15.0,"lowinc_pct":0.271285476,"unemp_pct":0.113814757,"lingiso_pct":0.0,"poc_pct":40.0,"sv_health":3.74,"efa":"Not EFA","name":"Kent BG 402041","efa_hisp_pct":2.8,"efa_black_pct":15.8,"efa_lingiso_pct":0,"efa_lingiso_sp":null,"efa_poverty_pct":18.5,"efa_mhhi":72173.0,"efa_combined_minority":25.4,"efa_has_duplicate":0,"efa_mc1":0,"efa_sc1":0,"efa_mc2":0,"efa_sc2":0,"efa_mc3":0,"efa_sc3":0,"efa_mc4":0,"efa_sc4":0,"efa_mc5":0,"efa_sc5":0,"efa_has_split":0},"geometry":{"type":"Polygon","coordinates":[[[-75.621342,39.294525],[-75.620545,39.294718],[-75.616025,39.295863],[-75.613701,39.296576],[-75.611946,39.296939],[-75.610609,39.297617],[-75.603838,39.302581],[-75.602814,39.301329],[-75.597716,39.293353],[-75.59858,39.291655],[-75.601955,39.284578],[-75.602394,39.284119],[-75.604615,39.282838],[-75.610521,39.286636],[-75.611194,39.28707],[-75.616366,39.290233],[-75.616891,39.290534],[-75.618943,39.291767],[-75.619535,39.292123],[-75.622302,39.293759],[-75.621342,39.294525]]]}},{"id":"541","type":"Feature","properties":{"GEOID":"100050501054","eb":1.89,"sv":3.29,"county":"Sussex","pop":1173.0,"pm25_pct":39.0,"diesel_pct":21.0,"cancer_pct":0.0,"traffic_pct":8.0,"superfund_pct":15.0,"lowinc_pct":0.354646206,"unemp_pct":0.0,"lingiso_pct":0.0,"poc_pct":58.0,"sv_health":4.38,"efa":"Not EFA","name":"Sussex BG 501054","efa_hisp_pct":11.9,"efa_black_pct":11.8,"efa_lingiso_pct":0,"efa_lingiso_sp":null,"efa_poverty_pct":6.1,"efa_mhhi":60711.0,"efa_combined_minority":30.9,"efa_has_duplicate":0,"efa_mc1":0,"efa_sc1":0,"efa_mc2":0,"efa_sc2":0,"efa_mc3":0,"efa_sc3":0,"efa_mc4":0,"efa_sc4":0,"efa_mc5":0,"efa_sc5":0,"efa_has_split":0},"geometry":{"type":"Polygon","coordinates":[[[-75.419829,38.835717],[-75.418417,38.838278],[-75.409916,38.842529],[-75.409309,38.843173],[-75.407769,38.847125],[-75.399335,38.85105],[-75.394345,38.853706],[-75.393145,38.854778],[-75.392262,38.855707],[-75.388007,38.861832],[-75.382364,38.863691],[-75.377699,38.866789],[-75.375691,38.868389],[-75.374725,38.86763],[-75.372687,38.86451],[-75.37017,38.858109],[-75.369137,38.854593],[-75.364642,38.848529],[-75.361508,38.844625],[-75.350987,38.838665],[-75.34599,38.834642],[-75.345712,38.834144],[-75.348894,38.834181],[-75.362636,38.833128],[-75.365942,38.833254],[-75.36701,38.83334],[-75.370379,38.833517],[-75.383011,38.83322],[-75.388089,38.834301],[-75.393524,38.83453],[-75.395355,38.835821],[-75.394913,38.831066],[-75.395489,38.830519],[-75.402416,38.828062],[-75.403538,38.827286],[-75.408111,38.820721],[-75.40926,38.821997],[-75.412102,38.823601],[-75.414906,38.827254],[-75.419167,38.828984],[-75.422355,38.833447],[-75.419829,38.835717]]]}},{"id":"542","type":"Feature","properties":{"GEOID":"100030152004","eb":7.38,"sv":3.0,"county":"New Castle","pop":1107.0,"pm25_pct":70.0,"diesel_pct":99.0,"cancer_pct":51.0,"traffic_pct":83.0,"superfund_pct":97.0,"lowinc_pct":0.279132791,"unemp_pct":0.032128514,"lingiso_pct":0.0,"poc_pct":81.0,"sv_health":3.89,"efa":"Not EFA","name":"New Castle BG 152004","efa_hisp_pct":40.9,"efa_black_pct":24.5,"efa_lingiso_pct":0,"efa_lingiso_sp":null,"efa_poverty_pct":1.7,"efa_mhhi":102083.0,"efa_combined_minority":65.4,"efa_has_duplicate":0,"efa_mc1":0,"efa_sc1":0,"efa_mc2":0,"efa_sc2":0,"efa_mc3":0,"efa_sc3":0,"efa_mc4":0,"efa_sc4":0,"efa_mc5":0,"efa_sc5":0,"efa_has_split":0},"geometry":{"type":"Polygon","coordinates":[[[-75.59793,39.691761],[-75.597588,39.691267],[-75.594607,39.691689],[-75.593566,39.693074],[-75.590848,39.691621],[-75.591767,39.693805],[-75.590569,39.694915],[-75.5892,39.693232],[-75.588588,39.692816],[-75.591731,39.689279],[-75.594091,39.686604],[-75.594641,39.686319],[-75.598114,39.691755],[-75.59793,39.691761]]]}},{"id":"543","type":"Feature","properties":{"GEOID":"100050505061","eb":4.65,"sv":2.88,"county":"Sussex","pop":1168.0,"pm25_pct":36.0,"diesel_pct":16.0,"cancer_pct":0.0,"traffic_pct":65.0,"superfund_pct":97.0,"lowinc_pct":0.566780822,"unemp_pct":0.077702703,"lingiso_pct":0.112745098,"poc_pct":77.0,"sv_health":4.01,"efa":"Moderate","name":"Sussex BG 505061","efa_hisp_pct":38.7,"efa_black_pct":9.2,"efa_lingiso_pct":17.7,"efa_lingiso_sp":64.9,"efa_poverty_pct":15.1,"efa_mhhi":59219.0,"efa_combined_minority":60.7,"efa_has_duplicate":0,"efa_mc1":1,"efa_sc1":0,"efa_mc2":0,"efa_sc2":0,"efa_mc3":0,"efa_sc3":0,"efa_mc4":0,"efa_sc4":0,"efa_mc5":1,"efa_sc5":0,"efa_has_split":0},"geometry":{"type":"Polygon","coordinates":[[[-75.385855,38.69006],[-75.378254,38.695887],[-75.368285,38.699179],[-75.366787,38.700162],[-75.365933,38.700547],[-75.343197,38.70633],[-75.338589,38.70781],[-75.325156,38.711155],[-75.316695,38.714186],[-75.315185,38.711386],[-75.310775,38.701078],[-75.310457,38.699439],[-75.309613,38.690162],[-75.309537,38.686381],[-75.307898,38.682527],[-75.32082,38.684196],[-75.325813,38.685961],[-75.333316,38.687453],[-75.34397,38.688012],[-75.346093,38.688425],[-75.349013,38.683356],[-75.350173,38.682637],[-75.353057,38.682172],[-75.356093,38.682199],[-75.358688,38.682205],[-75.371917,38.680642],[-75.37251,38.680642],[-75.37962,38.680252],[-75.381964,38.685613],[-75.382062,38.686945],[-75.385855,38.69006]]]}},{"id":"544","type":"Feature","properties":{"GEOID":"100050513081","eb":1.8,"sv":2.57,"county":"Sussex","pop":2427.0,"pm25_pct":13.0,"diesel_pct":7.0,"cancer_pct":0.0,"traffic_pct":10.0,"superfund_pct":26.0,"lowinc_pct":0.221260816,"unemp_pct":0.003542958,"lingiso_pct":0.0,"poc_pct":4.0,"sv_health":4.36,"efa":"Not EFA","name":"Sussex BG 513081","efa_hisp_pct":1.1,"efa_black_pct":1.3,"efa_lingiso_pct":0,"efa_lingiso_sp":null,"efa_poverty_pct":2.8,"efa_mhhi":107670.0,"efa_combined_minority":2.9,"efa_has_duplicate":0,"efa_mc1":0,"efa_sc1":0,"efa_mc2":0,"efa_sc2":0,"efa_mc3":0,"efa_sc3":0,"efa_mc4":0,"efa_sc4":0,"efa_mc5":0,"efa_sc5":0,"efa_has_split":0},"geometry":{"type":"Polygon","coordinates":[[[-75.167421,38.589988],[-75.160882,38.592846],[-75.141318,38.597135],[-75.124627,38.600797],[-75.115862,38.604787],[-75.113484,38.605581],[-75.110563,38.606165],[-75.103195,38.606862],[-75.102693,38.601637],[-75.101143,38.597668],[-75.098194,38.592205],[-75.097019,38.590695],[-75.094906,38.586814],[-75.09428,38.582435],[-75.094878,38.580425],[-75.097142,38.579539],[-75.101852,38.579804],[-75.102843,38.57926],[-75.104893,38.580053],[-75.106649,38.579754],[-75.108535,38.581107],[-75.108701,38.579894],[-75.115108,38.577683],[-75.115356,38.576454],[-75.121674,38.574525],[-75.123661,38.57336],[-75.124547,38.569409],[-75.1235,38.553482],[-75.123374,38.551443],[-75.123293,38.549749],[-75.125932,38.550878],[-75.127532,38.551087],[-75.131771,38.550776],[-75.134418,38.551867],[-75.140085,38.552439],[-75.147148,38.549554],[-75.147737,38.54953],[-75.154354,38.554812],[-75.154484,38.556524],[-75.153395,38.560731],[-75.154642,38.562645],[-75.154681,38.564635],[-75.15704,38.56763],[-75.156711,38.569493],[-75.158654,38.571272],[-75.159436,38.571459],[-75.15915,38.572018],[-75.16012,38.572826],[-75.158882,38.573216],[-75.158628,38.575244],[-75.159564,38.576133],[-75.160309,38.577662],[-75.160131,38.578664],[-75.161184,38.579445],[-75.160821,38.579668],[-75.161596,38.582249],[-75.163229,38.583949],[-75.167421,38.589988]]]}},{"id":"545","type":"Feature","properties":{"GEOID":"100050508052","eb":2.49,"sv":2.38,"county":"Sussex","pop":2168.0,"pm25_pct":34.0,"diesel_pct":8.0,"cancer_pct":0.0,"traffic_pct":10.0,"superfund_pct":32.0,"lowinc_pct":0.159132841,"unemp_pct":0.0,"lingiso_pct":0.0,"poc_pct":4.0,"sv_health":3.87,"efa":"Not EFA","name":"Sussex BG 508052","efa_hisp_pct":0.5,"efa_black_pct":4.7,"efa_lingiso_pct":0,"efa_lingiso_sp":null,"efa_poverty_pct":4.9,"efa_mhhi":100598.0,"efa_combined_minority":6.5,"efa_has_duplicate":0,"efa_mc1":0,"efa_sc1":0,"efa_mc2":0,"efa_sc2":0,"efa_mc3":0,"efa_sc3":0,"efa_mc4":0,"efa_sc4":0,"efa_mc5":0,"efa_sc5":0,"efa_has_split":0},"geometry":{"type":"Polygon","coordinates":[[[-75.340686,38.770917],[-75.33808,38.771312],[-75.329221,38.769425],[-75.31897,38.768792],[-75.316416,38.769006],[-75.316069,38.769529],[-75.315829,38.769774],[-75.31533,38.770285],[-75.311801,38.774804],[-75.310178,38.777683],[-75.304956,38.776388],[-75.304459,38.775998],[-75.301644,38.772991],[-75.300699,38.771817],[-75.298595,38.771148],[-75.29851,38.769805],[-75.297957,38.762961],[-75.297756,38.762212],[-75.294091,38.757952],[-75.295493,38.751431],[-75.292263,38.749569],[-75.290717,38.747849],[-75.289755,38.743392],[-75.289451,38.74017],[-75.288358,38.735215],[-75.287591,38.729874],[-75.285646,38.724854],[-75.290136,38.723771],[-75.301123,38.72053],[-75.316695,38.714186],[-75.316312,38.719853],[-75.318178,38.723729],[-75.321227,38.728464],[-75.322481,38.731552],[-75.323944,38.735242],[-75.32485,38.737275],[-75.32839,38.741997],[-75.328802,38.742326],[-75.332736,38.74358],[-75.334035,38.744449],[-75.335774,38.748774],[-75.336878,38.753913],[-75.337514,38.759416],[-75.338345,38.763708],[-75.339793,38.767008],[-75.340686,38.770917]]]}},{"id":"546","type":"Feature","properties":{"GEOID":"100050513142","eb":1.51,"sv":2.26,"county":"Sussex","pop":1314.0,"pm25_pct":5.0,"diesel_pct":14.0,"cancer_pct":0.0,"traffic_pct":12.0,"superfund_pct":13.0,"lowinc_pct":0.092846271,"unemp_pct":0.055900621,"lingiso_pct":0.0,"poc_pct":3.0,"sv_health":3.99,"efa":"Not EFA","name":"Sussex BG 513142","efa_hisp_pct":0.6,"efa_black_pct":1.0,"efa_lingiso_pct":0,"efa_lingiso_sp":null,"efa_poverty_pct":5.7,"efa_mhhi":68922.0,"efa_combined_minority":2.2,"efa_has_duplicate":0,"efa_mc1":0,"efa_sc1":0,"efa_mc2":0,"efa_sc2":0,"efa_mc3":0,"efa_sc3":0,"efa_mc4":0,"efa_sc4":0,"efa_mc5":0,"efa_sc5":0,"efa_has_split":0},"geometry":{"type":"Polygon","coordinates":[[[-75.123186,38.504983],[-75.120312,38.506403],[-75.116115,38.506971],[-75.113935,38.507866],[-75.112417,38.509297],[-75.10823,38.51174],[-75.107023,38.512885],[-75.104048,38.513352],[-75.098644,38.517301],[-75.097066,38.52129],[-75.094217,38.525449],[-75.08883,38.53359],[-75.086961,38.531495],[-75.086566,38.530792],[-75.086347,38.530296],[-75.086049,38.529879],[-75.085764,38.529637],[-75.085456,38.529458],[-75.084152,38.528958],[-75.083467,38.528556],[-75.080891,38.526404],[-75.075084,38.525287],[-75.073865,38.524972],[-75.072647,38.524246],[-75.070857,38.523104],[-75.06913,38.522588],[-75.068695,38.521814],[-75.066636,38.518504],[-75.066196,38.517618],[-75.064337,38.514503],[-75.063653,38.512858],[-75.064516,38.507974],[-75.064356,38.506358],[-75.063235,38.504937],[-75.063678,38.50362],[-75.062429,38.502089],[-75.061173,38.495757],[-75.058683,38.495965],[-75.059138,38.49483],[-75.060969,38.49522],[-75.060935,38.492552],[-75.062096,38.479908],[-75.062223,38.474919],[-75.06474,38.475456],[-75.066825,38.476241],[-75.078395,38.482383],[-75.080893,38.483362],[-75.082059,38.483767],[-75.088119,38.483808],[-75.091434,38.484475],[-75.093715,38.485103],[-75.095553,38.48414],[-75.097516,38.484181],[-75.098795,38.487296],[-75.103556,38.486503],[-75.104534,38.483428],[-75.106829,38.482005],[-75.111529,38.480525],[-75.114205,38.481124],[-75.11724,38.483083],[-75.118712,38.482799],[-75.117876,38.484437],[-75.118031,38.486977],[-75.114181,38.48561],[-75.113222,38.486719],[-75.109347,38.494045],[-75.104614,38.493742],[-75.104936,38.496785],[-75.10807,38.497408],[-75.112368,38.499222],[-75.115653,38.501065],[-75.118736,38.501687],[-75.12181,38.503547],[-75.123186,38.504983]]]}},{"id":"547","type":"Feature","properties":{"GEOID":"100030149081","eb":6.36,"sv":3.33,"county":"New Castle","pop":1416.0,"pm25_pct":59.0,"diesel_pct":91.0,"cancer_pct":51.0,"traffic_pct":47.0,"superfund_pct":96.0,"lowinc_pct":0.568502825,"unemp_pct":0.092493298,"lingiso_pct":0.010899183,"poc_pct":90.0,"sv_health":4.32,"efa":"Significant","name":"New Castle BG 149081","efa_hisp_pct":6.8,"efa_black_pct":65.9,"efa_lingiso_pct":1.3,"efa_lingiso_sp":0,"efa_poverty_pct":29.5,"efa_mhhi":33048.0,"efa_combined_minority":78.2,"efa_has_duplicate":0,"efa_mc1":1,"efa_sc1":1,"efa_mc2":1,"efa_sc2":0,"efa_mc3":1,"efa_sc3":0,"efa_mc4":1,"efa_sc4":0,"efa_mc5":0,"efa_sc5":0,"efa_has_split":0},"geometry":{"type":"Polygon","coordinates":[[[-75.633592,39.653244],[-75.630669,39.654091],[-75.626715,39.653758],[-75.624622,39.654796],[-75.623725,39.653532],[-75.622663,39.650791],[-75.627118,39.649249],[-75.63109,39.648317],[-75.633592,39.653244]]]}},{"id":"548","type":"Feature","properties":{"GEOID":"100010422071","eb":2.04,"sv":2.95,"county":"Kent","pop":2476.0,"pm25_pct":32.0,"diesel_pct":22.0,"cancer_pct":0.0,"traffic_pct":24.0,"superfund_pct":39.0,"lowinc_pct":0.385702746,"unemp_pct":0.076216713,"lingiso_pct":0.0,"poc_pct":37.0,"sv_health":4.43,"efa":"Not EFA","name":"Kent BG 422071","efa_hisp_pct":10.9,"efa_black_pct":6.3,"efa_lingiso_pct":0,"efa_lingiso_sp":null,"efa_poverty_pct":4.1,"efa_mhhi":101250.0,"efa_combined_minority":28.6,"efa_has_duplicate":0,"efa_mc1":0,"efa_sc1":0,"efa_mc2":0,"efa_sc2":0,"efa_mc3":0,"efa_sc3":0,"efa_mc4":0,"efa_sc4":0,"efa_mc5":0,"efa_sc5":0,"efa_has_split":0},"geometry":{"type":"Polygon","coordinates":[[[-75.518773,39.051985],[-75.508767,39.059725],[-75.504625,39.063114],[-75.494151,39.073955],[-75.493388,39.074314],[-75.489605,39.075298],[-75.483839,39.079015],[-75.48115,39.081616],[-75.473897,39.085315],[-75.466846,39.087006],[-75.465685,39.087467],[-75.465594,39.086553],[-75.465346,39.086187],[-75.461894,39.084982],[-75.457292,39.085619],[-75.458638,39.080776],[-75.461577,39.067387],[-75.462071,39.063987],[-75.461024,39.05798],[-75.459183,39.051256],[-75.458225,39.047356],[-75.459969,39.0504],[-75.460394,39.050952],[-75.460892,39.051572],[-75.469308,39.060079],[-75.470229,39.061401],[-75.477266,39.054229],[-75.481499,39.05541],[-75.487794,39.059601],[-75.491917,39.057186],[-75.494426,39.055089],[-75.495642,39.054562],[-75.501136,39.054362],[-75.506697,39.052987],[-75.513792,39.052031],[-75.51781,39.052057],[-75.518773,39.051985]]]}},{"id":"549","type":"Feature","properties":{"GEOID":"100030166091","eb":2.98,"sv":1.72,"county":"New Castle","pop":1490.0,"pm25_pct":35.0,"diesel_pct":41.0,"cancer_pct":0.0,"traffic_pct":9.0,"superfund_pct":31.0,"lowinc_pct":0.081879195,"unemp_pct":0.019629226,"lingiso_pct":0.0,"poc_pct":8.0,"sv_health":3.29,"efa":"Not EFA","name":"New Castle BG 166091","efa_hisp_pct":1.4,"efa_black_pct":0.4,"efa_lingiso_pct":0,"efa_lingiso_sp":null,"efa_poverty_pct":7.6,"efa_mhhi":144333.0,"efa_combined_minority":3.7,"efa_has_duplicate":0,"efa_mc1":0,"efa_sc1":0,"efa_mc2":0,"efa_sc2":0,"efa_mc3":0,"efa_sc3":0,"efa_mc4":0,"efa_sc4":0,"efa_mc5":0,"efa_sc5":0,"efa_has_split":0},"geometry":{"type":"Polygon","coordinates":[[[-75.7762226834811,39.494332849895],[-75.769529,39.493775],[-75.763914,39.495829],[-75.756755,39.497518],[-75.753676,39.49942],[-75.749577,39.503815],[-75.745277,39.506438],[-75.743129,39.506732],[-75.735837,39.506581],[-75.721692,39.510633],[-75.711659,39.51119],[-75.711555,39.511186],[-75.713308,39.498762],[-75.719988,39.481791],[-75.720205,39.480481],[-75.725302,39.480685],[-75.727378,39.481023],[-75.729856,39.48323],[-75.735314,39.482515],[-75.736053,39.480981],[-75.736243,39.47813],[-75.738279,39.471929],[-75.739756,39.464353],[-75.742016,39.459448],[-75.743361,39.457732],[-75.743607,39.457922],[-75.745016,39.459202],[-75.752144,39.460861],[-75.768119,39.465479],[-75.7738714399231,39.4655154199966],[-75.7762226834811,39.494332849895]]]}},{"id":"550","type":"Feature","properties":{"GEOID":"100030139052","eb":5.53,"sv":2.03,"county":"New Castle","pop":1982.0,"pm25_pct":58.0,"diesel_pct":87.0,"cancer_pct":51.0,"traffic_pct":58.0,"superfund_pct":72.0,"lowinc_pct":0.36024218,"unemp_pct":0.091971941,"lingiso_pct":0.0,"poc_pct":75.0,"sv_health":2.86,"efa":"Not EFA","name":"New Castle BG 139052","efa_hisp_pct":9.1,"efa_black_pct":30.3,"efa_lingiso_pct":0,"efa_lingiso_sp":null,"efa_poverty_pct":6.9,"efa_mhhi":98233.0,"efa_combined_minority":55.7,"efa_has_duplicate":0,"efa_mc1":0,"efa_sc1":0,"efa_mc2":0,"efa_sc2":0,"efa_mc3":0,"efa_sc3":0,"efa_mc4":0,"efa_sc4":0,"efa_mc5":0,"efa_sc5":0,"efa_has_split":0},"geometry":{"type":"Polygon","coordinates":[[[-75.691098,39.650361],[-75.681771,39.653922],[-75.680413,39.652249],[-75.680069,39.647178],[-75.682495,39.646872],[-75.687768,39.647508],[-75.688815,39.64683],[-75.691098,39.650361]]]}},{"id":"551","type":"Feature","properties":{"GEOID":"100030139033","eb":5.1,"sv":2.23,"county":"New Castle","pop":2191.0,"pm25_pct":54.0,"diesel_pct":66.0,"cancer_pct":51.0,"traffic_pct":22.0,"superfund_pct":80.0,"lowinc_pct":0.147877681,"unemp_pct":0.023655914,"lingiso_pct":0.013196481,"poc_pct":54.0,"sv_health":3.74,"efa":"Not EFA","name":"New Castle BG 139033","efa_hisp_pct":4.5,"efa_black_pct":29.3,"efa_lingiso_pct":0,"efa_lingiso_sp":null,"efa_poverty_pct":5.3,"efa_mhhi":120595.0,"efa_combined_minority":40.4,"efa_has_duplicate":0,"efa_mc1":0,"efa_sc1":0,"efa_mc2":0,"efa_sc2":0,"efa_mc3":0,"efa_sc3":0,"efa_mc4":0,"efa_sc4":0,"efa_mc5":0,"efa_sc5":0,"efa_has_split":0},"geometry":{"type":"Polygon","coordinates":[[[-75.704967,39.634591],[-75.701682,39.636473],[-75.698172,39.641663],[-75.695807,39.642572],[-75.691204,39.64309],[-75.691841,39.641049],[-75.690403,39.639601],[-75.688541,39.639328],[-75.685654,39.640807],[-75.683715,39.640518],[-75.680701,39.637585],[-75.682433,39.633858],[-75.683976,39.633343],[-75.684736,39.633604],[-75.686096,39.635013],[-75.688579,39.635857],[-75.69408,39.632468],[-75.695285,39.63271],[-75.697182,39.631566],[-75.698929,39.63114],[-75.702752,39.635096],[-75.704967,39.634591]]]}},{"id":"552","type":"Feature","properties":{"GEOID":"100030139013","eb":5.73,"sv":2.73,"county":"New Castle","pop":673.0,"pm25_pct":60.0,"diesel_pct":88.0,"cancer_pct":51.0,"traffic_pct":95.0,"superfund_pct":55.0,"lowinc_pct":0.215453195,"unemp_pct":0.018324607,"lingiso_pct":0.058608059,"poc_pct":67.0,"sv_health":3.76,"efa":"Not EFA","name":"New Castle BG 139013","efa_hisp_pct":19.5,"efa_black_pct":24.5,"efa_lingiso_pct":4.4,"efa_lingiso_sp":100.0,"efa_poverty_pct":6.0,"efa_mhhi":95909.0,"efa_combined_minority":44.0,"efa_has_duplicate":0,"efa_mc1":0,"efa_sc1":0,"efa_mc2":0,"efa_sc2":0,"efa_mc3":0,"efa_sc3":0,"efa_mc4":0,"efa_sc4":0,"efa_mc5":0,"efa_sc5":0,"efa_has_split":0},"geometry":{"type":"Polygon","coordinates":[[[-75.696808,39.65901],[-75.692612,39.662327],[-75.68672,39.666312],[-75.68928,39.666353],[-75.690506,39.669489],[-75.691869,39.670729],[-75.688072,39.673822],[-75.684325,39.672741],[-75.683915,39.672779],[-75.680803,39.67432],[-75.68018,39.675438],[-75.676984,39.673827],[-75.675124,39.672028],[-75.683849,39.667433],[-75.685578,39.666159],[-75.689871,39.661885],[-75.690908,39.66116],[-75.696917,39.658182],[-75.696808,39.65901]]]}},{"id":"553","type":"Feature","properties":{"GEOID":"100050503021","eb":2.41,"sv":3.52,"county":"Sussex","pop":2558.0,"pm25_pct":43.0,"diesel_pct":19.0,"cancer_pct":0.0,"traffic_pct":13.0,"superfund_pct":28.0,"lowinc_pct":0.445269742,"unemp_pct":0.046846847,"lingiso_pct":0.060642093,"poc_pct":80.0,"sv_health":4.77,"efa":"Moderate","name":"Sussex BG 503021","efa_hisp_pct":26.6,"efa_black_pct":39.2,"efa_lingiso_pct":7.7,"efa_lingiso_sp":100.0,"efa_poverty_pct":34.6,"efa_mhhi":43167.0,"efa_combined_minority":68.9,"efa_has_duplicate":0,"efa_mc1":0,"efa_sc1":0,"efa_mc2":0,"efa_sc2":0,"efa_mc3":1,"efa_sc3":0,"efa_mc4":1,"efa_sc4":0,"efa_mc5":0,"efa_sc5":0,"efa_has_split":0},"geometry":{"type":"Polygon","coordinates":[[[-75.593125,38.749145],[-75.591533,38.748889],[-75.580265,38.747257],[-75.574518,38.746866],[-75.555561,38.747169],[-75.516214,38.754816],[-75.514628,38.754786],[-75.510083,38.753868],[-75.507975,38.753723],[-75.500351,38.755637],[-75.503954,38.751956],[-75.509411,38.742697],[-75.509827,38.741761],[-75.51199,38.733289],[-75.51464,38.730806],[-75.518122,38.728556],[-75.522488,38.726328],[-75.524921,38.724565],[-75.528029,38.720085],[-75.530518,38.718005],[-75.530084,38.713794],[-75.531357,38.710272],[-75.545845,38.708066],[-75.555772,38.707748],[-75.558087,38.708259],[-75.561306,38.709039],[-75.564863,38.710026],[-75.565484,38.710247],[-75.581292,38.718285],[-75.582183,38.718675],[-75.584916,38.719879],[-75.587816,38.722502],[-75.590485,38.722989],[-75.590618,38.724041],[-75.590735,38.725119],[-75.590978,38.727267],[-75.592314,38.741877],[-75.592924,38.747361],[-75.593125,38.749145]]]}},{"id":"554","type":"Feature","properties":{"GEOID":"100030143011","eb":3.77,"sv":1.65,"county":"New Castle","pop":1699.0,"pm25_pct":59.0,"diesel_pct":38.0,"cancer_pct":0.0,"traffic_pct":32.0,"superfund_pct":39.0,"lowinc_pct":0.045909358,"unemp_pct":0.024456522,"lingiso_pct":0.0,"poc_pct":25.0,"sv_health":3.33,"efa":"Not EFA","name":"New Castle BG 143011","efa_hisp_pct":1.8,"efa_black_pct":4.4,"efa_lingiso_pct":0,"efa_lingiso_sp":null,"efa_poverty_pct":0,"efa_mhhi":137294.0,"efa_combined_minority":13.2,"efa_has_duplicate":0,"efa_mc1":0,"efa_sc1":0,"efa_mc2":0,"efa_sc2":0,"efa_mc3":0,"efa_sc3":0,"efa_mc4":0,"efa_sc4":0,"efa_mc5":0,"efa_sc5":0,"efa_has_split":0},"geometry":{"type":"Polygon","coordinates":[[[-75.788596,39.722199],[-75.773786,39.7222],[-75.766058,39.737811],[-75.7658791814134,39.7381059004001],[-75.763433,39.737564],[-75.760868,39.736346],[-75.75939,39.733412],[-75.759728,39.73281],[-75.760772,39.729422],[-75.762556,39.729954],[-75.763589,39.728485],[-75.765201,39.728494],[-75.767232,39.725943],[-75.766862,39.724878],[-75.765281,39.724296],[-75.764156,39.720182],[-75.761861,39.719091],[-75.758395,39.716529],[-75.758006,39.715878],[-75.759285,39.713657],[-75.759743,39.71109],[-75.759506,39.708752],[-75.75663,39.705139],[-75.754265,39.702679],[-75.752792,39.702034],[-75.752464,39.698287],[-75.753326,39.696152],[-75.754228,39.695313],[-75.75897,39.696286],[-75.759206,39.699153],[-75.766704,39.698397],[-75.76634,39.697858],[-75.766809,39.697462],[-75.771168,39.699527],[-75.773636,39.699732],[-75.7741,39.699137],[-75.777631,39.698574],[-75.782465,39.698406],[-75.7883976120459,39.7005717519929],[-75.788596,39.722199]]]}},{"id":"555","type":"Feature","properties":{"GEOID":"100050504071","eb":2.91,"sv":3.03,"county":"Sussex","pop":1769.0,"pm25_pct":45.0,"diesel_pct":23.0,"cancer_pct":0.0,"traffic_pct":43.0,"superfund_pct":54.0,"lowinc_pct":0.263990955,"unemp_pct":0.057670127,"lingiso_pct":0.0,"poc_pct":47.0,"sv_health":5.14,"efa":"Moderate","name":"Sussex BG 504071","efa_hisp_pct":3.0,"efa_black_pct":25.1,"efa_lingiso_pct":0,"efa_lingiso_sp":null,"efa_poverty_pct":21.6,"efa_mhhi":44886.0,"efa_combined_minority":33.2,"efa_has_duplicate":1,"efa_mc1":0,"efa_sc1":0,"efa_mc2":0,"efa_sc2":0,"efa_mc3":0,"efa_sc3":0,"efa_mc4":1,"efa_sc4":0,"efa_mc5":0,"efa_sc5":0,"efa_has_split":1},"geometry":{"type":"Polygon","coordinates":[[[-75.5944,38.655777],[-75.593842,38.66063],[-75.592748,38.669596],[-75.592136,38.674648],[-75.590863,38.685061],[-75.589076,38.699672],[-75.58827,38.706611],[-75.588436,38.709069],[-75.58851,38.709706],[-75.589452,38.717035],[-75.590485,38.722989],[-75.587816,38.722502],[-75.584916,38.719879],[-75.582183,38.718675],[-75.581292,38.718285],[-75.565484,38.710247],[-75.564863,38.710026],[-75.561306,38.709039],[-75.562189,38.705772],[-75.560504,38.702309],[-75.564574,38.691255],[-75.568475,38.683861],[-75.567319,38.683041],[-75.56738,38.678021],[-75.56983,38.674052],[-75.572757,38.670316],[-75.571042,38.668532],[-75.567453,38.666672],[-75.571502,38.661716],[-75.57248,38.661002],[-75.59279,38.649054],[-75.594193,38.648173],[-75.594258,38.648982],[-75.594347,38.650042],[-75.594082,38.65008],[-75.594097,38.650322],[-75.594263,38.65276],[-75.5944,38.655777]]]}},{"id":"556","type":"Feature","properties":{"GEOID":"100030119001","eb":5.93,"sv":2.1,"county":"New Castle","pop":1314.0,"pm25_pct":89.0,"diesel_pct":51.0,"cancer_pct":51.0,"traffic_pct":53.0,"superfund_pct":42.0,"lowinc_pct":0.298325723,"unemp_pct":0.056680162,"lingiso_pct":0.041501976,"poc_pct":42.0,"sv_health":3.41,"efa":"Moderate","name":"New Castle BG 119001","efa_hisp_pct":18.5,"efa_black_pct":4.5,"efa_lingiso_pct":3.1,"efa_lingiso_sp":100.0,"efa_poverty_pct":27.4,"efa_mhhi":213375.0,"efa_combined_minority":28.0,"efa_has_duplicate":1,"efa_mc1":0,"efa_sc1":0,"efa_mc2":0,"efa_sc2":0,"efa_mc3":1,"efa_sc3":0,"efa_mc4":0,"efa_sc4":0,"efa_mc5":0,"efa_sc5":0,"efa_has_split":1},"geometry":{"type":"Polygon","coordinates":[[[-75.604283,39.758871],[-75.599298,39.763755],[-75.598827,39.765264],[-75.598288,39.767443],[-75.597544,39.768488],[-75.597484,39.768308],[-75.596895,39.768858],[-75.59139,39.772037],[-75.587179,39.768753],[-75.586283,39.768096],[-75.586189,39.768185],[-75.584734,39.769319],[-75.578862,39.770426],[-75.578332,39.769888],[-75.576116,39.769004],[-75.577848,39.766438],[-75.579956,39.763371],[-75.580198,39.762839],[-75.578738,39.761696],[-75.575075,39.759614],[-75.576994,39.756801],[-75.578566,39.754466],[-75.587482,39.758109],[-75.588502,39.752482],[-75.599419,39.756796],[-75.600405,39.757202],[-75.604372,39.75877],[-75.604283,39.758871]]]}},{"id":"557","type":"Feature","properties":{"GEOID":"100030126003","eb":7.11,"sv":2.7,"county":"New Castle","pop":1185.0,"pm25_pct":72.0,"diesel_pct":72.0,"cancer_pct":51.0,"traffic_pct":86.0,"superfund_pct":93.0,"lowinc_pct":0.014345992,"unemp_pct":0.014124294,"lingiso_pct":0.0,"poc_pct":14.0,"sv_health":3.58,"efa":"Not EFA","name":"New Castle BG 126003","efa_hisp_pct":1.1,"efa_black_pct":0.3,"efa_lingiso_pct":0,"efa_lingiso_sp":null,"efa_poverty_pct":0,"efa_mhhi":98438.0,"efa_combined_minority":7.5,"efa_has_duplicate":0,"efa_mc1":0,"efa_sc1":0,"efa_mc2":0,"efa_sc2":0,"efa_mc3":0,"efa_sc3":0,"efa_mc4":0,"efa_sc4":0,"efa_mc5":0,"efa_sc5":0,"efa_has_split":0},"geometry":{"type":"Polygon","coordinates":[[[-75.608031,39.718949],[-75.603241,39.719399],[-75.600931,39.720989],[-75.600235,39.723835],[-75.596263,39.723249],[-75.593933,39.722874],[-75.603027,39.716484],[-75.60508,39.715103],[-75.608031,39.718949]]]}},{"id":"558","type":"Feature","properties":{"GEOID":"100030112061","eb":5.57,"sv":1.54,"county":"New Castle","pop":1408.0,"pm25_pct":97.0,"diesel_pct":59.0,"cancer_pct":51.0,"traffic_pct":39.0,"superfund_pct":30.0,"lowinc_pct":0.045746962,"unemp_pct":0.041666667,"lingiso_pct":0.0,"poc_pct":12.0,"sv_health":3.09,"efa":"Not EFA","name":"New Castle BG 112061","efa_hisp_pct":0,"efa_black_pct":1.5,"efa_lingiso_pct":0,"efa_lingiso_sp":null,"efa_poverty_pct":4.7,"efa_mhhi":126417.0,"efa_combined_minority":11.1,"efa_has_duplicate":0,"efa_mc1":0,"efa_sc1":0,"efa_mc2":0,"efa_sc2":0,"efa_mc3":0,"efa_sc3":0,"efa_mc4":0,"efa_sc4":0,"efa_mc5":0,"efa_sc5":0,"efa_has_split":0},"geometry":{"type":"Polygon","coordinates":[[[-75.528477,39.817354],[-75.524304,39.819368],[-75.521722,39.819188],[-75.519812,39.821047],[-75.518075,39.820248],[-75.516476,39.819761],[-75.507416,39.816962],[-75.511869,39.811969],[-75.515238,39.808244],[-75.522229,39.812379],[-75.52319,39.812378],[-75.524426,39.811882],[-75.528477,39.817354]]]}},{"id":"559","type":"Feature","properties":{"GEOID":"100030148102","eb":4.27,"sv":1.99,"county":"New Castle","pop":2052.0,"pm25_pct":48.0,"diesel_pct":54.0,"cancer_pct":0.0,"traffic_pct":47.0,"superfund_pct":61.0,"lowinc_pct":0.108187135,"unemp_pct":0.098580442,"lingiso_pct":0.0,"poc_pct":59.0,"sv_health":3.51,"efa":"Not EFA","name":"New Castle BG 148102","efa_hisp_pct":7.9,"efa_black_pct":29.1,"efa_lingiso_pct":0,"efa_lingiso_sp":null,"efa_poverty_pct":4.0,"efa_mhhi":103629.0,"efa_combined_minority":42.0,"efa_has_duplicate":0,"efa_mc1":0,"efa_sc1":0,"efa_mc2":0,"efa_sc2":0,"efa_mc3":0,"efa_sc3":0,"efa_mc4":0,"efa_sc4":0,"efa_mc5":0,"efa_sc5":0,"efa_has_split":0},"geometry":{"type":"Polygon","coordinates":[[[-75.744983,39.604885],[-75.74013,39.60585],[-75.723595,39.607384],[-75.725761,39.605625],[-75.726184,39.604083],[-75.724373,39.60326],[-75.721417,39.599806],[-75.721544,39.598675],[-75.723021,39.59812],[-75.724496,39.595021],[-75.72382,39.592929],[-75.726176,39.590495],[-75.726933,39.58891],[-75.7336,39.588246],[-75.740734,39.587496],[-75.742394,39.588054],[-75.741531,39.589821],[-75.741282,39.590448],[-75.741593,39.593164],[-75.74213,39.596426],[-75.744983,39.604885]]]}},{"id":"560","type":"Feature","properties":{"GEOID":"100030169012","eb":2.02,"sv":3.08,"county":"New Castle","pop":1494.0,"pm25_pct":0.0,"diesel_pct":30.0,"cancer_pct":0.0,"traffic_pct":20.0,"superfund_pct":5.0,"lowinc_pct":0.124244459,"unemp_pct":0.083908046,"lingiso_pct":0.0,"poc_pct":4.0,"sv_health":4.52,"efa":"Not EFA","name":"New Castle BG 169012","efa_hisp_pct":0.4,"efa_black_pct":1.8,"efa_lingiso_pct":0,"efa_lingiso_sp":null,"efa_poverty_pct":5.9,"efa_mhhi":116250.0,"efa_combined_minority":3.6,"efa_has_duplicate":0,"efa_mc1":0,"efa_sc1":0,"efa_mc2":0,"efa_sc2":0,"efa_mc3":0,"efa_sc3":0,"efa_mc4":0,"efa_sc4":0,"efa_mc5":0,"efa_sc5":0,"efa_has_split":0},"geometry":{"type":"Polygon","coordinates":[[[-75.7601316135501,39.2971505011536],[-75.757472,39.29819],[-75.754043,39.298326],[-75.751257,39.299495],[-75.749042,39.302069],[-75.747413,39.306179],[-75.745245,39.309283],[-75.743351,39.310702],[-75.742081,39.314141],[-75.740209,39.316492],[-75.740061,39.317684],[-75.738196,39.31991],[-75.736614,39.322789],[-75.734728,39.324872],[-75.720209,39.327708],[-75.714479,39.329555],[-75.706495,39.331156],[-75.70006,39.334716],[-75.698528,39.333958],[-75.69185,39.33256],[-75.690448,39.332311],[-75.684967,39.330767],[-75.66203,39.320284],[-75.661015,39.319936],[-75.649194,39.317536],[-75.64519,39.317419],[-75.636597,39.315391],[-75.630588,39.315446],[-75.62342,39.314701],[-75.622571,39.311535],[-75.618803,39.313344],[-75.617465,39.314145],[-75.615223,39.315552],[-75.613301,39.313382],[-75.612508,39.312471],[-75.611177,39.310976],[-75.609385,39.308801],[-75.611492,39.309295],[-75.614256,39.308307],[-75.61606,39.309735],[-75.619631,39.310058],[-75.621379,39.308755],[-75.623264,39.308029],[-75.625396,39.30449],[-75.627531,39.304438],[-75.630398,39.302672],[-75.631327,39.302521],[-75.632663,39.301251],[-75.633919,39.301591],[-75.634711,39.301652],[-75.640959,39.301318],[-75.641928,39.300891],[-75.6427,39.299107],[-75.648237,39.295729],[-75.648528,39.295193],[-75.64857,39.295026],[-75.649179,39.293151],[-75.65135,39.291589],[-75.652947,39.291949],[-75.654461,39.291184],[-75.660476,39.291672],[-75.665811,39.290567],[-75.667269,39.290417],[-75.669276,39.291397],[-75.670302,39.290891],[-75.673327,39.291027],[-75.6752,39.290498],[-75.678042,39.292477],[-75.680261,39.292496],[-75.681385,39.293205],[-75.683117,39.294578],[-75.685188,39.297089],[-75.714901,39.299366],[-75.746048,39.297531],[-75.75,39.297474],[-75.7601043523729,39.2968165224723],[-75.7601316135501,39.2971505011536]]]}},{"id":"561","type":"Feature","properties":{"GEOID":"100030139051","eb":5.25,"sv":1.71,"county":"New Castle","pop":1126.0,"pm25_pct":58.0,"diesel_pct":87.0,"cancer_pct":51.0,"traffic_pct":26.0,"superfund_pct":77.0,"lowinc_pct":0.103019538,"unemp_pct":0.042236025,"lingiso_pct":0.055755396,"poc_pct":84.0,"sv_health":2.86,"efa":"Not EFA","name":"New Castle BG 139051","efa_hisp_pct":1.1,"efa_black_pct":21.2,"efa_lingiso_pct":13.8,"efa_lingiso_sp":0,"efa_poverty_pct":4.0,"efa_mhhi":127632.0,"efa_combined_minority":60.4,"efa_has_duplicate":0,"efa_mc1":0,"efa_sc1":0,"efa_mc2":0,"efa_sc2":0,"efa_mc3":0,"efa_sc3":0,"efa_mc4":0,"efa_sc4":0,"efa_mc5":0,"efa_sc5":0,"efa_has_split":0},"geometry":{"type":"Polygon","coordinates":[[[-75.687768,39.647508],[-75.682495,39.646872],[-75.680069,39.647178],[-75.676838,39.645244],[-75.676518,39.643409],[-75.679032,39.642558],[-75.67631,39.642238],[-75.677055,39.639467],[-75.680701,39.637585],[-75.683715,39.640518],[-75.685771,39.642809],[-75.688815,39.64683],[-75.687768,39.647508]]]}},{"id":"562","type":"Feature","properties":{"GEOID":"100030163092","eb":6.74,"sv":2.28,"county":"New Castle","pop":830.0,"pm25_pct":55.0,"diesel_pct":63.0,"cancer_pct":51.0,"traffic_pct":76.0,"superfund_pct":99.0,"lowinc_pct":0.153012048,"unemp_pct":0.086238532,"lingiso_pct":0.0,"poc_pct":78.0,"sv_health":4.04,"efa":"Not EFA","name":"New Castle BG 163092","efa_hisp_pct":13.3,"efa_black_pct":55.1,"efa_lingiso_pct":0,"efa_lingiso_sp":null,"efa_poverty_pct":7.8,"efa_mhhi":61947.0,"efa_combined_minority":69.0,"efa_has_duplicate":0,"efa_mc1":0,"efa_sc1":0,"efa_mc2":0,"efa_sc2":0,"efa_mc3":0,"efa_sc3":0,"efa_mc4":0,"efa_sc4":0,"efa_mc5":0,"efa_sc5":0,"efa_has_split":0},"geometry":{"type":"Polygon","coordinates":[[[-75.616906,39.654458],[-75.616091,39.655069],[-75.604509,39.665377],[-75.603601,39.666369],[-75.603229,39.666771],[-75.590505,39.680486],[-75.590439,39.680556],[-75.585056,39.672894],[-75.581843,39.668349],[-75.580006,39.665755],[-75.579558,39.665133],[-75.579264,39.664754],[-75.578844,39.664175],[-75.58328,39.664406],[-75.587656,39.664616],[-75.598173,39.665108],[-75.596782,39.664279],[-75.596007,39.661419],[-75.597192,39.657607],[-75.602142,39.656697],[-75.607514,39.655122],[-75.619353,39.651512],[-75.616906,39.654458]]]}},{"id":"563","type":"Feature","properties":{"GEOID":"100030168085","eb":2.89,"sv":1.64,"county":"New Castle","pop":989.0,"pm25_pct":23.0,"diesel_pct":41.0,"cancer_pct":0.0,"traffic_pct":51.0,"superfund_pct":16.0,"lowinc_pct":0.044329897,"unemp_pct":0.0,"lingiso_pct":0.0,"poc_pct":36.0,"sv_health":3.15,"efa":"Not EFA","name":"New Castle BG 168085","efa_hisp_pct":4.4,"efa_black_pct":23.2,"efa_lingiso_pct":0,"efa_lingiso_sp":null,"efa_poverty_pct":1.3,"efa_mhhi":139886.0,"efa_combined_minority":29.5,"efa_has_duplicate":0,"efa_mc1":0,"efa_sc1":0,"efa_mc2":0,"efa_sc2":0,"efa_mc3":0,"efa_sc3":0,"efa_mc4":0,"efa_sc4":0,"efa_mc5":0,"efa_sc5":0,"efa_has_split":0},"geometry":{"type":"Polygon","coordinates":[[[-75.66338,39.444311],[-75.662048,39.444286],[-75.660637,39.444939],[-75.659645,39.444263],[-75.65905,39.444225],[-75.658585,39.444611],[-75.658699,39.44529],[-75.659813,39.445827],[-75.65982,39.44628],[-75.6567,39.447411],[-75.656161,39.448155],[-75.655357,39.448531],[-75.65471,39.448023],[-75.653836,39.448299],[-75.653533,39.448887],[-75.65439,39.45119],[-75.653584,39.451932],[-75.6506,39.450367],[-75.647999,39.448335],[-75.643971,39.439841],[-75.651531,39.427291],[-75.655766,39.423607],[-75.657725,39.422263],[-75.658097,39.427725],[-75.65995,39.434482],[-75.660428,39.438151],[-75.662806,39.442103],[-75.66338,39.444311]]]}},{"id":"564","type":"Feature","properties":{"GEOID":"100050507081","eb":2.14,"sv":3.46,"county":"Sussex","pop":2971.0,"pm25_pct":21.0,"diesel_pct":9.0,"cancer_pct":0.0,"traffic_pct":2.0,"superfund_pct":30.0,"lowinc_pct":0.324806463,"unemp_pct":0.141818182,"lingiso_pct":0.0,"poc_pct":27.0,"sv_health":4.26,"efa":"Not EFA","name":"Sussex BG 507081","efa_hisp_pct":3.3,"efa_black_pct":3.5,"efa_lingiso_pct":0.7,"efa_lingiso_sp":0,"efa_poverty_pct":11.5,"efa_mhhi":74724.0,"efa_combined_minority":17.6,"efa_has_duplicate":0,"efa_mc1":0,"efa_sc1":0,"efa_mc2":0,"efa_sc2":0,"efa_mc3":0,"efa_sc3":0,"efa_mc4":0,"efa_sc4":0,"efa_mc5":0,"efa_sc5":0,"efa_has_split":0},"geometry":{"type":"Polygon","coordinates":[[[-75.200345,38.616346],[-75.19913,38.617923],[-75.198499,38.619377],[-75.1965,38.626839],[-75.189065,38.625689],[-75.18711,38.62422],[-75.183503,38.621528],[-75.178903,38.618631],[-75.177732,38.619369],[-75.17725,38.619745],[-75.176198,38.620007],[-75.172792,38.620729],[-75.172883,38.621952],[-75.169355,38.620881],[-75.168746,38.619935],[-75.164777,38.616252],[-75.161712,38.615769],[-75.159544,38.614689],[-75.158212,38.610249],[-75.154974,38.609487],[-75.153837,38.609122],[-75.14792,38.604911],[-75.145356,38.602934],[-75.141318,38.597135],[-75.160882,38.592846],[-75.167421,38.589988],[-75.168594,38.592586],[-75.172804,38.596305],[-75.17329,38.596426],[-75.188987,38.605562],[-75.202363,38.614492],[-75.200345,38.616346]]]}},{"id":"565","type":"Feature","properties":{"GEOID":"100010433001","eb":4.63,"sv":3.34,"county":"Kent","pop":2975.0,"pm25_pct":15.0,"diesel_pct":50.0,"cancer_pct":0.0,"traffic_pct":89.0,"superfund_pct":64.0,"lowinc_pct":0.61773399,"unemp_pct":0.041189931,"lingiso_pct":0.035805627,"poc_pct":91.0,"sv_health":3.95,"efa":"Significant","name":"Kent BG 433001","efa_hisp_pct":8.6,"efa_black_pct":70.4,"efa_lingiso_pct":3.6,"efa_lingiso_sp":0,"efa_poverty_pct":33.1,"efa_mhhi":41528.0,"efa_combined_minority":85.5,"efa_has_duplicate":1,"efa_mc1":1,"efa_sc1":1,"efa_mc2":1,"efa_sc2":0,"efa_mc3":1,"efa_sc3":0,"efa_mc4":1,"efa_sc4":0,"efa_mc5":0,"efa_sc5":0,"efa_has_split":1},"geometry":{"type":"Polygon","coordinates":[[[-75.5712,39.191052],[-75.567312,39.193393],[-75.566246,39.19374],[-75.564214,39.194429],[-75.564148,39.194504],[-75.564044,39.195402],[-75.5649,39.196743],[-75.565239,39.198401],[-75.564924,39.198894],[-75.559177,39.202321],[-75.555891,39.200037],[-75.553692,39.198473],[-75.548462,39.194718],[-75.53093,39.182114],[-75.529561,39.181],[-75.529871,39.174467],[-75.532975,39.176951],[-75.533426,39.180846],[-75.536713,39.181834],[-75.537975,39.181119],[-75.541449,39.181312],[-75.545189,39.182819],[-75.548213,39.1804],[-75.549565,39.179367],[-75.553581,39.176229],[-75.554471,39.176916],[-75.556255,39.178705],[-75.560021,39.182313],[-75.5608,39.184355],[-75.562273,39.184386],[-75.567578,39.18852],[-75.569073,39.189234],[-75.5712,39.191052]]]}},{"id":"566","type":"Feature","properties":{"GEOID":"100010407001","eb":2.82,"sv":2.44,"county":"Kent","pop":2083.0,"pm25_pct":11.0,"diesel_pct":36.0,"cancer_pct":0.0,"traffic_pct":33.0,"superfund_pct":62.0,"lowinc_pct":0.145463274,"unemp_pct":0.17946346,"lingiso_pct":0.0,"poc_pct":37.0,"sv_health":4.15,"efa":"Not EFA","name":"Kent BG 407001","efa_hisp_pct":4.8,"efa_black_pct":21.5,"efa_lingiso_pct":3.7,"efa_lingiso_sp":0,"efa_poverty_pct":3.0,"efa_mhhi":112621.0,"efa_combined_minority":44.2,"efa_has_duplicate":0,"efa_mc1":0,"efa_sc1":0,"efa_mc2":0,"efa_sc2":0,"efa_mc3":0,"efa_sc3":0,"efa_mc4":0,"efa_sc4":0,"efa_mc5":0,"efa_sc5":0,"efa_has_split":0},"geometry":{"type":"Polygon","coordinates":[[[-75.586236,39.181462],[-75.580029,39.185282],[-75.579235,39.186571],[-75.575881,39.188066],[-75.5712,39.191052],[-75.569073,39.189234],[-75.567578,39.18852],[-75.562273,39.184386],[-75.5608,39.184355],[-75.560021,39.182313],[-75.556255,39.178705],[-75.554471,39.176916],[-75.553581,39.176229],[-75.556732,39.173754],[-75.562269,39.166666],[-75.565861,39.168251],[-75.572107,39.169877],[-75.577836,39.172183],[-75.578885,39.173072],[-75.582117,39.177604],[-75.585453,39.180122],[-75.586236,39.181462]]]}},{"id":"567","type":"Feature","properties":{"GEOID":"100010434002","eb":3.69,"sv":2.27,"county":"Kent","pop":1052.0,"pm25_pct":38.0,"diesel_pct":24.0,"cancer_pct":0.0,"traffic_pct":46.0,"superfund_pct":2.0,"lowinc_pct":0.008555133,"unemp_pct":0.0,"lingiso_pct":0.0,"poc_pct":65.0,"sv_health":4.32,"efa":"Not EFA","name":"Kent BG 434002","efa_hisp_pct":29.6,"efa_black_pct":23.7,"efa_lingiso_pct":0,"efa_lingiso_sp":null,"efa_poverty_pct":0,"efa_mhhi":119632.0,"efa_combined_minority":53.3,"efa_has_duplicate":0,"efa_mc1":0,"efa_sc1":0,"efa_mc2":0,"efa_sc2":0,"efa_mc3":0,"efa_sc3":0,"efa_mc4":0,"efa_sc4":0,"efa_mc5":0,"efa_sc5":0,"efa_has_split":0},"geometry":{"type":"Polygon","coordinates":[[[-75.492719,38.922585],[-75.490403,38.924303],[-75.491412,38.931775],[-75.489403,38.932619],[-75.476415,38.934638],[-75.474597,38.934493],[-75.471003,38.933219],[-75.469209,38.932493],[-75.464399,38.930573],[-75.460646,38.929063],[-75.459821,38.928619],[-75.458664,38.927826],[-75.453742,38.92325],[-75.45241,38.922077],[-75.447926,38.918702],[-75.442736,38.915876],[-75.443462,38.91481],[-75.443988,38.913074],[-75.446064,38.912768],[-75.449628,38.912065],[-75.456385,38.909809],[-75.460575,38.909382],[-75.465153,38.91131],[-75.477222,38.905841],[-75.479626,38.905593],[-75.481636,38.904197],[-75.484125,38.904448],[-75.484819,38.903753],[-75.485,38.904887],[-75.489489,38.905499],[-75.492178,38.916014],[-75.492719,38.922585]]]}},{"id":"568","type":"Feature","properties":{"GEOID":"100010410001","eb":4.42,"sv":3.42,"county":"Kent","pop":2602.0,"pm25_pct":19.0,"diesel_pct":42.0,"cancer_pct":0.0,"traffic_pct":67.0,"superfund_pct":76.0,"lowinc_pct":0.42198309,"unemp_pct":0.188737624,"lingiso_pct":0.0,"poc_pct":72.0,"sv_health":4.54,"efa":"Not EFA","name":"Kent BG 410001","efa_hisp_pct":10.3,"efa_black_pct":44.0,"efa_lingiso_pct":0,"efa_lingiso_sp":null,"efa_poverty_pct":8.1,"efa_mhhi":61652.0,"efa_combined_minority":64.5,"efa_has_duplicate":0,"efa_mc1":0,"efa_sc1":0,"efa_mc2":0,"efa_sc2":0,"efa_mc3":0,"efa_sc3":0,"efa_mc4":0,"efa_sc4":0,"efa_mc5":0,"efa_sc5":0,"efa_has_split":0},"geometry":{"type":"Polygon","coordinates":[[[-75.517117,39.168113],[-75.512778,39.170909],[-75.503483,39.176321],[-75.502697,39.17669],[-75.502395,39.1768],[-75.496837,39.178488],[-75.49629,39.178827],[-75.492207,39.182971],[-75.490608,39.184597],[-75.488382,39.18692],[-75.487761,39.187531],[-75.484462,39.190857],[-75.47947,39.196828],[-75.476825,39.196326],[-75.473286,39.194804],[-75.468432,39.192699],[-75.466683,39.191523],[-75.454427,39.179904],[-75.452625,39.177361],[-75.450518,39.172244],[-75.45176,39.17191],[-75.461546,39.16962],[-75.468243,39.168928],[-75.476928,39.166584],[-75.477287,39.166521],[-75.489701,39.165575],[-75.492867,39.165746],[-75.493196,39.165766],[-75.494258,39.165846],[-75.497981,39.166531],[-75.498649,39.166656],[-75.499007,39.166719],[-75.499265,39.166745],[-75.499784,39.166812],[-75.501873,39.166892],[-75.503321,39.1669],[-75.504359,39.166923],[-75.5069,39.166828],[-75.515275,39.163267],[-75.516422,39.164901],[-75.517117,39.168113]]]}},{"id":"569","type":"Feature","properties":{"GEOID":"100050508012","eb":2.21,"sv":3.08,"county":"Sussex","pop":1100.0,"pm25_pct":33.0,"diesel_pct":19.0,"cancer_pct":0.0,"traffic_pct":6.0,"superfund_pct":28.0,"lowinc_pct":0.523636364,"unemp_pct":0.155462185,"lingiso_pct":0.006423983,"poc_pct":35.0,"sv_health":4.01,"efa":"Not EFA","name":"Sussex BG 508012","efa_hisp_pct":9.3,"efa_black_pct":7.0,"efa_lingiso_pct":0.7,"efa_lingiso_sp":100.0,"efa_poverty_pct":2.9,"efa_mhhi":91921.0,"efa_combined_minority":20.2,"efa_has_duplicate":0,"efa_mc1":0,"efa_sc1":0,"efa_mc2":0,"efa_sc2":0,"efa_mc3":0,"efa_sc3":0,"efa_mc4":0,"efa_sc4":0,"efa_mc5":0,"efa_sc5":0,"efa_has_split":0},"geometry":{"type":"Polygon","coordinates":[[[-75.341489,38.77584],[-75.340119,38.78144],[-75.340676,38.786696],[-75.324073,38.787487],[-75.319794,38.787742],[-75.319672,38.78775],[-75.319293,38.787778],[-75.318804,38.787814],[-75.312917,38.777471],[-75.311801,38.774804],[-75.31533,38.770285],[-75.315829,38.769774],[-75.316069,38.769529],[-75.316416,38.769006],[-75.31897,38.768792],[-75.329221,38.769425],[-75.33808,38.771312],[-75.340686,38.770917],[-75.341489,38.77584]]]}},{"id":"570","type":"Feature","properties":{"GEOID":"100050511032","eb":1.98,"sv":1.84,"county":"Sussex","pop":293.0,"pm25_pct":7.0,"diesel_pct":35.0,"cancer_pct":0.0,"traffic_pct":80.0,"superfund_pct":5.0,"lowinc_pct":0.105802048,"unemp_pct":0.0,"lingiso_pct":0.0,"poc_pct":3.0,"sv_health":3.51,"efa":"Not EFA","name":"Sussex BG 511032","efa_hisp_pct":1.3,"efa_black_pct":0,"efa_lingiso_pct":0,"efa_lingiso_sp":null,"efa_poverty_pct":6.9,"efa_mhhi":108611.0,"efa_combined_minority":1.3,"efa_has_duplicate":0,"efa_mc1":0,"efa_sc1":0,"efa_mc2":0,"efa_sc2":0,"efa_mc3":0,"efa_sc3":0,"efa_mc4":0,"efa_sc4":0,"efa_mc5":0,"efa_sc5":0,"efa_has_split":0},"geometry":{"type":"Polygon","coordinates":[[[-75.102665,38.609861],[-75.101028,38.612695],[-75.099405,38.614499],[-75.094043,38.618396],[-75.088555,38.621765],[-75.085294,38.625112],[-75.085208,38.628429],[-75.088535,38.637516],[-75.090541,38.641539],[-75.09351,38.644281],[-75.095294,38.644753],[-75.102708,38.644499],[-75.102462,38.646225],[-75.102701,38.652255],[-75.102385,38.663159],[-75.101867,38.675253],[-75.101533,38.678124],[-75.100844,38.681769],[-75.097873,38.688843],[-75.096814,38.689727],[-75.097265,38.688891],[-75.091832,38.688015],[-75.091028,38.687443],[-75.089429,38.68761],[-75.090402,38.68936],[-75.090456,38.691604],[-75.088728,38.693247],[-75.087457,38.692831],[-75.085268,38.694678],[-75.080158,38.694235],[-75.079399,38.69483],[-75.081058,38.698183],[-75.079107,38.699916],[-75.078198,38.699283],[-75.078142,38.699244],[-75.076328,38.698019],[-75.075457,38.697238],[-75.073513,38.697435],[-75.0719980386965,38.6975647889782],[-75.0703588382139,38.6883342885873],[-75.06551,38.66103],[-75.065217,38.632394],[-75.06192,38.608869],[-75.061259,38.608602],[-75.0610007060148,38.608406873942],[-75.103195,38.606862],[-75.102665,38.609861]]]}},{"id":"571","type":"Feature","properties":{"GEOID":"100050512044","eb":1.81,"sv":1.95,"county":"Sussex","pop":214.0,"pm25_pct":1.0,"diesel_pct":12.0,"cancer_pct":0.0,"traffic_pct":57.0,"superfund_pct":8.0,"lowinc_pct":0.14084507,"unemp_pct":0.024096386,"lingiso_pct":0.009090909,"poc_pct":5.0,"sv_health":3.43,"efa":"Not EFA","name":"Sussex BG 512044","efa_hisp_pct":1.4,"efa_black_pct":0,"efa_lingiso_pct":0.9,"efa_lingiso_sp":100.0,"efa_poverty_pct":7.4,"efa_mhhi":146250.0,"efa_combined_minority":1.8,"efa_has_duplicate":0,"efa_mc1":0,"efa_sc1":0,"efa_mc2":0,"efa_sc2":0,"efa_mc3":0,"efa_sc3":0,"efa_mc4":0,"efa_sc4":0,"efa_mc5":0,"efa_sc5":0,"efa_has_split":0},"geometry":{"type":"Polygon","coordinates":[[[-75.06913,38.522588],[-75.067548,38.522596],[-75.06603,38.522909],[-75.064469,38.523305],[-75.063483,38.524136],[-75.063214,38.526214],[-75.056617,38.525094],[-75.054279,38.524282],[-75.0530517411971,38.5253617656086],[-75.0526975777814,38.5211836429014],[-75.052611728966,38.5201708706361],[-75.0525736309254,38.5197214219314],[-75.061799,38.518791],[-75.061633,38.513831],[-75.063379,38.513118],[-75.064337,38.514503],[-75.066196,38.517618],[-75.066636,38.518504],[-75.068695,38.521814],[-75.06913,38.522588]]]}},{"id":"572","type":"Feature","properties":{"GEOID":"100050512022","eb":2.05,"sv":2.1,"county":"Sussex","pop":244.0,"pm25_pct":3.0,"diesel_pct":29.0,"cancer_pct":0.0,"traffic_pct":83.0,"superfund_pct":9.0,"lowinc_pct":0.012295082,"unemp_pct":0.0,"lingiso_pct":0.0,"poc_pct":0.0,"sv_health":3.55,"efa":"Not EFA","name":"Sussex BG 512022","efa_hisp_pct":0,"efa_black_pct":0,"efa_lingiso_pct":0,"efa_lingiso_sp":null,"efa_poverty_pct":1.2,"efa_mhhi":250001.0,"efa_combined_minority":0,"efa_has_duplicate":0,"efa_mc1":0,"efa_sc1":0,"efa_mc2":0,"efa_sc2":0,"efa_mc3":0,"efa_sc3":0,"efa_mc4":0,"efa_sc4":0,"efa_mc5":0,"efa_sc5":0,"efa_has_split":0},"geometry":{"type":"Polygon","coordinates":[[[-75.05986,38.555649],[-75.0555780751535,38.5551653331172],[-75.0547831439634,38.5457874021713],[-75.0541713282225,38.5385697135952],[-75.059418,38.538246],[-75.060077,38.544244],[-75.05995,38.544968],[-75.059908,38.545085],[-75.058912,38.547076],[-75.060118,38.555734],[-75.05986,38.555649]]]}},{"id":"573","type":"Feature","properties":{"GEOID":"100030136151","eb":5.5,"sv":2.69,"county":"New Castle","pop":1803.0,"pm25_pct":65.0,"diesel_pct":96.0,"cancer_pct":51.0,"traffic_pct":72.0,"superfund_pct":47.0,"lowinc_pct":0.178591237,"unemp_pct":0.02854512,"lingiso_pct":0.034813926,"poc_pct":40.0,"sv_health":3.63,"efa":"Not EFA","name":"New Castle BG 136151","efa_hisp_pct":12.6,"efa_black_pct":6.2,"efa_lingiso_pct":5.7,"efa_lingiso_sp":22.9,"efa_poverty_pct":3.0,"efa_mhhi":76111.0,"efa_combined_minority":37.7,"efa_has_duplicate":0,"efa_mc1":0,"efa_sc1":0,"efa_mc2":0,"efa_sc2":0,"efa_mc3":0,"efa_sc3":0,"efa_mc4":0,"efa_sc4":0,"efa_mc5":0,"efa_sc5":0,"efa_has_split":0},"geometry":{"type":"Polygon","coordinates":[[[-75.699691,39.700921],[-75.696235,39.70203],[-75.688207,39.70464],[-75.686833,39.705309],[-75.684399,39.707059],[-75.682302,39.706189],[-75.680674,39.704384],[-75.677113,39.705658],[-75.675082,39.708486],[-75.676484,39.711115],[-75.673963,39.711901],[-75.673046,39.710339],[-75.674368,39.707772],[-75.671374,39.704541],[-75.682692,39.699438],[-75.683377,39.700309],[-75.684851,39.701148],[-75.685474,39.701135],[-75.688969,39.700197],[-75.690557,39.699116],[-75.692943,39.699075],[-75.696261,39.697689],[-75.699499,39.700472],[-75.699691,39.700921]]]}},{"id":"574","type":"Feature","properties":{"GEOID":"100030148092","eb":4.79,"sv":2.09,"county":"New Castle","pop":2990.0,"pm25_pct":49.0,"diesel_pct":53.0,"cancer_pct":51.0,"traffic_pct":37.0,"superfund_pct":71.0,"lowinc_pct":0.107997266,"unemp_pct":0.071288102,"lingiso_pct":0.012935323,"poc_pct":36.0,"sv_health":3.82,"efa":"Not EFA","name":"New Castle BG 148092","efa_hisp_pct":4.4,"efa_black_pct":21.9,"efa_lingiso_pct":2.1,"efa_lingiso_sp":0,"efa_poverty_pct":6.3,"efa_mhhi":168518.0,"efa_combined_minority":28.5,"efa_has_duplicate":0,"efa_mc1":0,"efa_sc1":0,"efa_mc2":0,"efa_sc2":0,"efa_mc3":0,"efa_sc3":0,"efa_mc4":0,"efa_sc4":0,"efa_mc5":0,"efa_sc5":0,"efa_has_split":0},"geometry":{"type":"Polygon","coordinates":[[[-75.71415,39.590128],[-75.708446,39.59065],[-75.699595,39.593361],[-75.695696,39.59559],[-75.691216,39.599754],[-75.690575,39.599332],[-75.693456,39.586417],[-75.696739,39.571671],[-75.697593,39.570543],[-75.705981,39.573236],[-75.706281,39.573246],[-75.709916,39.572898],[-75.710383,39.576162],[-75.713179,39.579061],[-75.713583,39.583859],[-75.71415,39.590128]]]}},{"id":"575","type":"Feature","properties":{"GEOID":"100010405011","eb":4.4,"sv":3.02,"county":"Kent","pop":2259.0,"pm25_pct":12.0,"diesel_pct":50.0,"cancer_pct":0.0,"traffic_pct":53.0,"superfund_pct":75.0,"lowinc_pct":0.421480144,"unemp_pct":0.064147627,"lingiso_pct":0.084988962,"poc_pct":88.0,"sv_health":4.81,"efa":"Moderate","name":"Kent BG 405011","efa_hisp_pct":0.3,"efa_black_pct":55.7,"efa_lingiso_pct":4.4,"efa_lingiso_sp":0,"efa_poverty_pct":29.5,"efa_mhhi":46974.0,"efa_combined_minority":61.9,"efa_has_duplicate":0,"efa_mc1":0,"efa_sc1":0,"efa_mc2":0,"efa_sc2":0,"efa_mc3":1,"efa_sc3":0,"efa_mc4":1,"efa_sc4":0,"efa_mc5":0,"efa_sc5":0,"efa_has_split":0},"geometry":{"type":"Polygon","coordinates":[[[-75.525059,39.18509],[-75.524169,39.186512],[-75.524319,39.187717],[-75.525941,39.190764],[-75.525306,39.192252],[-75.502395,39.1768],[-75.502697,39.17669],[-75.503483,39.176321],[-75.512778,39.170909],[-75.517117,39.168113],[-75.518107,39.16995],[-75.529561,39.181],[-75.525059,39.18509]]]}},{"id":"576","type":"Feature","properties":{"GEOID":"100030134003","eb":5.5,"sv":3.06,"county":"New Castle","pop":797.0,"pm25_pct":73.0,"diesel_pct":64.0,"cancer_pct":51.0,"traffic_pct":76.0,"superfund_pct":55.0,"lowinc_pct":0.491844417,"unemp_pct":0.130864198,"lingiso_pct":0.0,"poc_pct":57.0,"sv_health":3.67,"efa":"Not EFA","name":"New Castle BG 134003","efa_hisp_pct":18.4,"efa_black_pct":16.4,"efa_lingiso_pct":0,"efa_lingiso_sp":null,"efa_poverty_pct":21.0,"efa_mhhi":79907.0,"efa_combined_minority":45.1,"efa_has_duplicate":0,"efa_mc1":0,"efa_sc1":0,"efa_mc2":0,"efa_sc2":0,"efa_mc3":0,"efa_sc3":0,"efa_mc4":0,"efa_sc4":0,"efa_mc5":0,"efa_sc5":0,"efa_has_split":0},"geometry":{"type":"Polygon","coordinates":[[[-75.666137,39.7319],[-75.662501,39.738941],[-75.659675,39.737377],[-75.66166,39.733393],[-75.661327,39.732392],[-75.66356,39.731911],[-75.66597,39.731127],[-75.666137,39.7319]]]}},{"id":"577","type":"Feature","properties":{"GEOID":"100050504083","eb":2.76,"sv":3.93,"county":"Sussex","pop":1391.0,"pm25_pct":44.0,"diesel_pct":14.0,"cancer_pct":0.0,"traffic_pct":38.0,"superfund_pct":73.0,"lowinc_pct":0.557872035,"unemp_pct":0.059748428,"lingiso_pct":0.055214724,"poc_pct":82.0,"sv_health":4.99,"efa":"Moderate","name":"Sussex BG 504083","efa_hisp_pct":35.2,"efa_black_pct":28.9,"efa_lingiso_pct":4.3,"efa_lingiso_sp":100.0,"efa_poverty_pct":15.1,"efa_mhhi":51625.0,"efa_combined_minority":69.7,"efa_has_duplicate":0,"efa_mc1":1,"efa_sc1":0,"efa_mc2":0,"efa_sc2":0,"efa_mc3":0,"efa_sc3":0,"efa_mc4":1,"efa_sc4":0,"efa_mc5":0,"efa_sc5":0,"efa_has_split":0},"geometry":{"type":"Polygon","coordinates":[[[-75.593327,38.640541],[-75.590423,38.641714],[-75.58891,38.641832],[-75.573065,38.640769],[-75.563865,38.640984],[-75.562171,38.64094],[-75.560366,38.640557],[-75.561374,38.636725],[-75.563265,38.632856],[-75.569488,38.625079],[-75.585674,38.622269],[-75.589771,38.620937],[-75.59281,38.631424],[-75.593577,38.640376],[-75.593327,38.640541]]]}},{"id":"578","type":"Feature","properties":{"GEOID":"100050508013","eb":2.15,"sv":2.82,"county":"Sussex","pop":1105.0,"pm25_pct":33.0,"diesel_pct":19.0,"cancer_pct":0.0,"traffic_pct":7.0,"superfund_pct":26.0,"lowinc_pct":0.283257919,"unemp_pct":0.026385224,"lingiso_pct":0.0,"poc_pct":22.0,"sv_health":4.01,"efa":"Moderate","name":"Sussex BG 508013","efa_hisp_pct":6.8,"efa_black_pct":11.9,"efa_lingiso_pct":0,"efa_lingiso_sp":null,"efa_poverty_pct":10.0,"efa_mhhi":45313.0,"efa_combined_minority":21.1,"efa_has_duplicate":0,"efa_mc1":0,"efa_sc1":0,"efa_mc2":0,"efa_sc2":0,"efa_mc3":0,"efa_sc3":0,"efa_mc4":1,"efa_sc4":0,"efa_mc5":0,"efa_sc5":0,"efa_has_split":0},"geometry":{"type":"Polygon","coordinates":[[[-75.318804,38.787814],[-75.309831,38.788425],[-75.307481,38.788835],[-75.304903,38.788854],[-75.298506,38.789739],[-75.296338,38.790253],[-75.288686,38.79402],[-75.283694,38.797907],[-75.276649,38.802014],[-75.272238,38.804583],[-75.268729,38.802834],[-75.25845,38.795902],[-75.251874,38.790796],[-75.251552,38.7906],[-75.251765,38.790518],[-75.253341,38.788782],[-75.256202,38.790824],[-75.25635,38.791679],[-75.257795,38.791625],[-75.260255,38.789851],[-75.263069,38.790092],[-75.266953,38.791317],[-75.269355,38.793057],[-75.271584,38.792568],[-75.274368,38.79297],[-75.27643,38.79007],[-75.278587,38.791337],[-75.281606,38.791121],[-75.283735,38.789844],[-75.28347,38.785935],[-75.286876,38.784086],[-75.286628,38.782682],[-75.284162,38.781587],[-75.283431,38.780488],[-75.289947,38.778185],[-75.292569,38.778431],[-75.294425,38.77765],[-75.297588,38.778389],[-75.29937,38.77834],[-75.300664,38.776618],[-75.302227,38.777448],[-75.305005,38.778523],[-75.309833,38.779996],[-75.308815,38.778611],[-75.310178,38.777683],[-75.311801,38.774804],[-75.312917,38.777471],[-75.318804,38.787814]]]}},{"id":"579","type":"Feature","properties":{"GEOID":"100030138003","eb":6.54,"sv":2.42,"county":"New Castle","pop":2646.0,"pm25_pct":64.0,"diesel_pct":98.0,"cancer_pct":51.0,"traffic_pct":85.0,"superfund_pct":93.0,"lowinc_pct":0.108843537,"unemp_pct":0.057142857,"lingiso_pct":0.104121475,"poc_pct":83.0,"sv_health":3.29,"efa":"Not EFA","name":"New Castle BG 138003","efa_hisp_pct":3.3,"efa_black_pct":2.4,"efa_lingiso_pct":16.3,"efa_lingiso_sp":0,"efa_poverty_pct":6.0,"efa_mhhi":89853.0,"efa_combined_minority":64.3,"efa_has_duplicate":0,"efa_mc1":0,"efa_sc1":0,"efa_mc2":0,"efa_sc2":0,"efa_mc3":0,"efa_sc3":0,"efa_mc4":0,"efa_sc4":0,"efa_mc5":1,"efa_sc5":0,"efa_has_split":0},"geometry":{"type":"Polygon","coordinates":[[[-75.657251,39.679641],[-75.656469,39.683743],[-75.654789,39.688469],[-75.651402,39.6979],[-75.651489,39.69947],[-75.651759,39.700242],[-75.653205,39.702677],[-75.65411,39.704783],[-75.653606,39.706919],[-75.653266,39.707567],[-75.648256,39.707042],[-75.646186,39.707704],[-75.645461,39.707359],[-75.646893,39.705275],[-75.64713,39.70404],[-75.648931,39.70294],[-75.650074,39.701001],[-75.649284,39.699297],[-75.645446,39.696905],[-75.64227,39.698012],[-75.642108,39.699881],[-75.641282,39.700324],[-75.638868,39.699344],[-75.635512,39.699704],[-75.62928,39.701511],[-75.622765,39.700031],[-75.621231,39.69738],[-75.622581,39.696884],[-75.622742,39.694855],[-75.62137,39.693043],[-75.621468,39.690501],[-75.625927,39.687702],[-75.628299,39.688206],[-75.629879,39.684908],[-75.632762,39.68487],[-75.633828,39.684002],[-75.630756,39.682122],[-75.631673,39.680131],[-75.633916,39.678216],[-75.635611,39.679053],[-75.635006,39.68081],[-75.637171,39.681008],[-75.63737,39.679433],[-75.639834,39.678438],[-75.639078,39.677408],[-75.636949,39.67691],[-75.63643,39.674237],[-75.638628,39.673813],[-75.638518,39.672383],[-75.638974,39.672081],[-75.642094,39.672682],[-75.643827,39.6699],[-75.642039,39.666811],[-75.643759,39.666241],[-75.64867,39.66561],[-75.650168,39.664862],[-75.654853,39.665538],[-75.655261,39.666916],[-75.655323,39.668239],[-75.654415,39.673457],[-75.656847,39.677898],[-75.657251,39.679641]]]}},{"id":"580","type":"Feature","properties":{"GEOID":"100050507032","eb":2.57,"sv":3.67,"county":"Sussex","pop":1019.0,"pm25_pct":26.0,"diesel_pct":24.0,"cancer_pct":0.0,"traffic_pct":3.0,"superfund_pct":34.0,"lowinc_pct":0.473477407,"unemp_pct":0.108163265,"lingiso_pct":0.058974359,"poc_pct":64.0,"sv_health":5.1,"efa":"Not EFA","name":"Sussex BG 507032","efa_hisp_pct":22.2,"efa_black_pct":19.4,"efa_lingiso_pct":3.8,"efa_lingiso_sp":87.5,"efa_poverty_pct":11.2,"efa_mhhi":54722.0,"efa_combined_minority":50.7,"efa_has_duplicate":0,"efa_mc1":0,"efa_sc1":0,"efa_mc2":0,"efa_sc2":0,"efa_mc3":0,"efa_sc3":0,"efa_mc4":0,"efa_sc4":0,"efa_mc5":0,"efa_sc5":0,"efa_has_split":0},"geometry":{"type":"Polygon","coordinates":[[[-75.210195,38.607319],[-75.202363,38.614492],[-75.188987,38.605562],[-75.17329,38.596426],[-75.172804,38.596305],[-75.168594,38.592586],[-75.167421,38.589988],[-75.169529,38.589123],[-75.170308,38.588909],[-75.174137,38.587862],[-75.179354,38.588308],[-75.177065,38.595178],[-75.181156,38.594448],[-75.184594,38.592621],[-75.18903,38.592866],[-75.188752,38.593464],[-75.191864,38.5945],[-75.195624,38.593259],[-75.19771,38.593412],[-75.198389,38.598136],[-75.211134,38.606694],[-75.210195,38.607319]]]}},{"id":"581","type":"Feature","properties":{"GEOID":"100050517022","eb":1.16,"sv":3.44,"county":"Sussex","pop":2247.0,"pm25_pct":34.0,"diesel_pct":3.0,"cancer_pct":0.0,"traffic_pct":23.0,"superfund_pct":11.0,"lowinc_pct":0.32176235,"unemp_pct":0.045574058,"lingiso_pct":0.034934498,"poc_pct":38.0,"sv_health":4.62,"efa":"Not EFA","name":"Sussex BG 517022","efa_hisp_pct":12.3,"efa_black_pct":11.9,"efa_lingiso_pct":2.8,"efa_lingiso_sp":0,"efa_poverty_pct":16.2,"efa_mhhi":62614.0,"efa_combined_minority":27.2,"efa_has_duplicate":0,"efa_mc1":0,"efa_sc1":0,"efa_mc2":0,"efa_sc2":0,"efa_mc3":0,"efa_sc3":0,"efa_mc4":0,"efa_sc4":0,"efa_mc5":0,"efa_sc5":0,"efa_has_split":0},"geometry":{"type":"Polygon","coordinates":[[[-75.558033,38.460266],[-75.557865,38.468893],[-75.557736,38.475282],[-75.557204,38.501881],[-75.538199,38.500638],[-75.536486,38.500438],[-75.533505,38.499816],[-75.525645,38.497469],[-75.52185,38.496539],[-75.509654,38.494812],[-75.484779,38.489338],[-75.482885,38.488579],[-75.460033,38.473798],[-75.458434,38.473002],[-75.457008,38.472639],[-75.434133,38.468833],[-75.428958,38.469031],[-75.428785,38.466034],[-75.427373,38.459897],[-75.4286445231477,38.4526696933313],[-75.428728,38.452671],[-75.4440966428951,38.4529843347526],[-75.4775393306164,38.453666161792],[-75.47915,38.453699],[-75.500142,38.454144],[-75.502961,38.45422],[-75.521304,38.454657],[-75.52273,38.454657],[-75.5325346047638,38.4549244871779],[-75.533763,38.454958],[-75.5341366937121,38.4549668838342],[-75.5380329127826,38.4550595087914],[-75.5395030841749,38.4550944592292],[-75.5411416766067,38.4551334135465],[-75.544057077194,38.4552027214704],[-75.5524441057999,38.4554021066057],[-75.5553392853174,38.4554709338134],[-75.5553433834177,38.4554710312377],[-75.5581387254341,38.4555374850048],[-75.558033,38.460266]]]}},{"id":"582","type":"Feature","properties":{"GEOID":"100030135061","eb":3.07,"sv":1.53,"county":"New Castle","pop":803.0,"pm25_pct":69.0,"diesel_pct":36.0,"cancer_pct":0.0,"traffic_pct":13.0,"superfund_pct":49.0,"lowinc_pct":0.109589041,"unemp_pct":0.013986014,"lingiso_pct":0.0,"poc_pct":33.0,"sv_health":2.89,"efa":"Not EFA","name":"New Castle BG 135061","efa_hisp_pct":2.3,"efa_black_pct":2.2,"efa_lingiso_pct":0,"efa_lingiso_sp":null,"efa_poverty_pct":7.0,"efa_mhhi":218269.0,"efa_combined_minority":15.3,"efa_has_duplicate":0,"efa_mc1":0,"efa_sc1":0,"efa_mc2":0,"efa_sc2":0,"efa_mc3":0,"efa_sc3":0,"efa_mc4":0,"efa_sc4":0,"efa_mc5":0,"efa_sc5":0,"efa_has_split":0},"geometry":{"type":"Polygon","coordinates":[[[-75.7592137517567,39.7488484974904],[-75.7544659060403,39.7556311342282],[-75.753066,39.757631],[-75.751436564661,39.7595520501506],[-75.744394,39.767855],[-75.7393235590979,39.77292479948],[-75.738472,39.772842],[-75.735746,39.771962],[-75.735795,39.77071],[-75.737055,39.769675],[-75.740624,39.768813],[-75.742171,39.766762],[-75.741767,39.761003],[-75.741557,39.758948],[-75.740215,39.755386],[-75.739771,39.75283],[-75.740833,39.749308],[-75.744344,39.7515],[-75.747559,39.752746],[-75.752872,39.751416],[-75.755399,39.749043],[-75.7592137517567,39.7488484974904]]]}},{"id":"583","type":"Feature","properties":{"GEOID":"100030149092","eb":6.67,"sv":3.33,"county":"New Castle","pop":1969.0,"pm25_pct":61.0,"diesel_pct":93.0,"cancer_pct":51.0,"traffic_pct":59.0,"superfund_pct":97.0,"lowinc_pct":0.497435897,"unemp_pct":0.062015504,"lingiso_pct":0.11492891,"poc_pct":73.0,"sv_health":3.85,"efa":"Not EFA","name":"New Castle BG 149092","efa_hisp_pct":8.5,"efa_black_pct":38.0,"efa_lingiso_pct":6.8,"efa_lingiso_sp":100.0,"efa_poverty_pct":6.7,"efa_mhhi":54667.0,"efa_combined_minority":51.5,"efa_has_duplicate":0,"efa_mc1":0,"efa_sc1":0,"efa_mc2":0,"efa_sc2":0,"efa_mc3":0,"efa_sc3":0,"efa_mc4":0,"efa_sc4":0,"efa_mc5":0,"efa_sc5":0,"efa_has_split":0},"geometry":{"type":"Polygon","coordinates":[[[-75.629825,39.663601],[-75.622386,39.664268],[-75.620485,39.66291],[-75.619064,39.660322],[-75.620602,39.659086],[-75.618846,39.656086],[-75.619974,39.655255],[-75.62229,39.656116],[-75.621324,39.657293],[-75.623071,39.658428],[-75.624231,39.656215],[-75.626581,39.65763],[-75.626199,39.658726],[-75.629182,39.659349],[-75.629623,39.659597],[-75.629825,39.663601]]]}},{"id":"584","type":"Feature","properties":{"GEOID":"100050508051","eb":3.02,"sv":2.59,"county":"Sussex","pop":1015.0,"pm25_pct":34.0,"diesel_pct":8.0,"cancer_pct":0.0,"traffic_pct":11.0,"superfund_pct":55.0,"lowinc_pct":0.279802956,"unemp_pct":0.0,"lingiso_pct":0.030487805,"poc_pct":37.0,"sv_health":3.87,"efa":"Not EFA","name":"Sussex BG 508051","efa_hisp_pct":18.7,"efa_black_pct":0,"efa_lingiso_pct":1.2,"efa_lingiso_sp":100.0,"efa_poverty_pct":22.7,"efa_mhhi":null,"efa_combined_minority":18.7,"efa_has_duplicate":0,"efa_mc1":0,"efa_sc1":0,"efa_mc2":0,"efa_sc2":0,"efa_mc3":0,"efa_sc3":0,"efa_mc4":0,"efa_sc4":0,"efa_mc5":0,"efa_sc5":0,"efa_has_split":0},"geometry":{"type":"Polygon","coordinates":[[[-75.368285,38.699179],[-75.366402,38.708746],[-75.36623,38.709615],[-75.36603,38.710621],[-75.365255,38.714266],[-75.36519,38.714426],[-75.362996,38.716406],[-75.362781,38.716724],[-75.362341,38.722613],[-75.362046,38.72609],[-75.360189,38.732145],[-75.360388,38.740482],[-75.358099,38.744954],[-75.356107,38.743734],[-75.353634,38.744774],[-75.349837,38.747518],[-75.345153,38.747177],[-75.341191,38.748325],[-75.335774,38.748774],[-75.334035,38.744449],[-75.332736,38.74358],[-75.328802,38.742326],[-75.32839,38.741997],[-75.32485,38.737275],[-75.323944,38.735242],[-75.322481,38.731552],[-75.321227,38.728464],[-75.318178,38.723729],[-75.316312,38.719853],[-75.316695,38.714186],[-75.325156,38.711155],[-75.338589,38.70781],[-75.343197,38.70633],[-75.365933,38.700547],[-75.366787,38.700162],[-75.368285,38.699179]]]}},{"id":"586","type":"Feature","properties":{"GEOID":"100050513132","eb":1.54,"sv":2.37,"county":"Sussex","pop":787.0,"pm25_pct":5.0,"diesel_pct":14.0,"cancer_pct":0.0,"traffic_pct":26.0,"superfund_pct":13.0,"lowinc_pct":0.128335451,"unemp_pct":0.0,"lingiso_pct":0.009615385,"poc_pct":25.0,"sv_health":4.38,"efa":"Not EFA","name":"Sussex BG 513132","efa_hisp_pct":5.8,"efa_black_pct":4.9,"efa_lingiso_pct":1.1,"efa_lingiso_sp":100.0,"efa_poverty_pct":2.4,"efa_mhhi":84653.0,"efa_combined_minority":10.7,"efa_has_duplicate":0,"efa_mc1":0,"efa_sc1":0,"efa_mc2":0,"efa_sc2":0,"efa_mc3":0,"efa_sc3":0,"efa_mc4":0,"efa_sc4":0,"efa_mc5":0,"efa_sc5":0,"efa_has_split":0},"geometry":{"type":"Polygon","coordinates":[[[-75.095384,38.542638],[-75.093925,38.54334],[-75.090952,38.544249],[-75.089594,38.547714],[-75.086461,38.552286],[-75.083024,38.546443],[-75.081736,38.544409],[-75.081721,38.544296],[-75.080713,38.542599],[-75.080242,38.541761],[-75.075251,38.533121],[-75.06913,38.522588],[-75.070857,38.523104],[-75.072647,38.524246],[-75.073865,38.524972],[-75.075084,38.525287],[-75.080891,38.526404],[-75.083467,38.528556],[-75.084152,38.528958],[-75.085456,38.529458],[-75.085764,38.529637],[-75.086049,38.529879],[-75.086347,38.530296],[-75.086566,38.530792],[-75.086961,38.531495],[-75.08883,38.53359],[-75.08921,38.534354],[-75.089531,38.534998],[-75.089884,38.53556],[-75.09116,38.537185],[-75.095074,38.539289],[-75.095978,38.541141],[-75.095384,38.542638]]]}},{"id":"587","type":"Feature","properties":{"GEOID":"100030163012","eb":5.56,"sv":2.57,"county":"New Castle","pop":2069.0,"pm25_pct":50.0,"diesel_pct":60.0,"cancer_pct":51.0,"traffic_pct":69.0,"superfund_pct":86.0,"lowinc_pct":0.18221363,"unemp_pct":0.0,"lingiso_pct":0.0,"poc_pct":73.0,"sv_health":3.66,"efa":"Not EFA","name":"New Castle BG 163012","efa_hisp_pct":19.6,"efa_black_pct":27.9,"efa_lingiso_pct":0,"efa_lingiso_sp":null,"efa_poverty_pct":12.4,"efa_mhhi":79833.0,"efa_combined_minority":51.8,"efa_has_duplicate":0,"efa_mc1":0,"efa_sc1":0,"efa_mc2":0,"efa_sc2":0,"efa_mc3":0,"efa_sc3":0,"efa_mc4":0,"efa_sc4":0,"efa_mc5":0,"efa_sc5":0,"efa_has_split":0},"geometry":{"type":"Polygon","coordinates":[[[-75.694615,39.618669],[-75.690796,39.620045],[-75.689124,39.620657],[-75.685016,39.622128],[-75.683913,39.622543],[-75.683823,39.622578],[-75.678831,39.618043],[-75.681646,39.616527],[-75.686427,39.61378],[-75.687131,39.613016],[-75.687841,39.611628],[-75.690346,39.600288],[-75.690581,39.600235],[-75.690095,39.602913],[-75.693283,39.617293],[-75.694615,39.618669]]]}},{"id":"588","type":"Feature","properties":{"GEOID":"100050515011","eb":2.42,"sv":2.97,"county":"Sussex","pop":2727.0,"pm25_pct":24.0,"diesel_pct":9.0,"cancer_pct":0.0,"traffic_pct":32.0,"superfund_pct":37.0,"lowinc_pct":0.366336634,"unemp_pct":0.036927622,"lingiso_pct":0.013091641,"poc_pct":69.0,"sv_health":4.15,"efa":"Not EFA","name":"Sussex BG 515011","efa_hisp_pct":25.7,"efa_black_pct":23.9,"efa_lingiso_pct":1.0,"efa_lingiso_sp":100.0,"efa_poverty_pct":13.6,"efa_mhhi":66270.0,"efa_combined_minority":51.8,"efa_has_duplicate":0,"efa_mc1":0,"efa_sc1":0,"efa_mc2":0,"efa_sc2":0,"efa_mc3":0,"efa_sc3":0,"efa_mc4":0,"efa_sc4":0,"efa_mc5":0,"efa_sc5":0,"efa_has_split":0},"geometry":{"type":"Polygon","coordinates":[[[-75.243978,38.547173],[-75.240618,38.548886],[-75.237535,38.551354],[-75.236101,38.551508],[-75.231837,38.552592],[-75.229277,38.549363],[-75.196804,38.541477],[-75.198143,38.540233],[-75.197866,38.535328],[-75.19897,38.533636],[-75.198425,38.532054],[-75.19939,38.530438],[-75.201236,38.530191],[-75.20207,38.52887],[-75.200388,38.527541],[-75.198447,38.526109],[-75.200323,38.524014],[-75.201927,38.517897],[-75.203246,38.516057],[-75.206012,38.515302],[-75.207701,38.512813],[-75.209662,38.508983],[-75.212668,38.505438],[-75.215468,38.501977],[-75.217326,38.497582],[-75.219099,38.496516],[-75.222892,38.495524],[-75.224754,38.496083],[-75.224549,38.497836],[-75.227107,38.500876],[-75.227991,38.502699],[-75.227318,38.505],[-75.237385,38.501098],[-75.23813,38.509402],[-75.238895,38.51476],[-75.238952,38.514955],[-75.239612,38.516432],[-75.242668,38.521093],[-75.242447,38.521091],[-75.240159,38.521328],[-75.237033,38.521662],[-75.238171,38.525806],[-75.235559,38.529802],[-75.233783,38.528467],[-75.233484,38.529029],[-75.227827,38.531564],[-75.227954,38.532542],[-75.225101,38.534625],[-75.223997,38.536575],[-75.222817,38.540086],[-75.221582,38.540954],[-75.227455,38.544247],[-75.229663,38.544821],[-75.237802,38.548097],[-75.243301,38.546655],[-75.243978,38.547173]]]}},{"id":"589","type":"Feature","properties":{"GEOID":"100010402012","eb":3.34,"sv":2.54,"county":"Kent","pop":998.0,"pm25_pct":3.0,"diesel_pct":36.0,"cancer_pct":0.0,"traffic_pct":72.0,"superfund_pct":14.0,"lowinc_pct":0.341683367,"unemp_pct":0.050397878,"lingiso_pct":0.0,"poc_pct":67.0,"sv_health":3.86,"efa":"Not EFA","name":"Kent BG 402012","efa_hisp_pct":0.9,"efa_black_pct":32.5,"efa_lingiso_pct":0,"efa_lingiso_sp":null,"efa_poverty_pct":1.5,"efa_mhhi":57292.0,"efa_combined_minority":40.5,"efa_has_duplicate":0,"efa_mc1":0,"efa_sc1":0,"efa_mc2":0,"efa_sc2":0,"efa_mc3":0,"efa_sc3":0,"efa_mc4":0,"efa_sc4":0,"efa_mc5":0,"efa_sc5":0,"efa_has_split":0},"geometry":{"type":"Polygon","coordinates":[[[-75.621259,39.294611],[-75.620686,39.295061],[-75.620141,39.295486],[-75.60785,39.305493],[-75.60688,39.306035],[-75.603838,39.302581],[-75.610609,39.297617],[-75.611946,39.296939],[-75.613701,39.296576],[-75.616025,39.295863],[-75.620545,39.294718],[-75.621342,39.294525],[-75.621259,39.294611]]]}},{"id":"590","type":"Feature","properties":{"GEOID":"100010422052","eb":2.28,"sv":3.66,"county":"Kent","pop":1189.0,"pm25_pct":26.0,"diesel_pct":29.0,"cancer_pct":0.0,"traffic_pct":44.0,"superfund_pct":33.0,"lowinc_pct":0.485281749,"unemp_pct":0.237726098,"lingiso_pct":0.0,"poc_pct":77.0,"sv_health":4.84,"efa":"Significant","name":"Kent BG 422052","efa_hisp_pct":12.7,"efa_black_pct":31.9,"efa_lingiso_pct":0,"efa_lingiso_sp":null,"efa_poverty_pct":37.2,"efa_mhhi":45167.0,"efa_combined_minority":59.9,"efa_has_duplicate":1,"efa_mc1":1,"efa_sc1":1,"efa_mc2":0,"efa_sc2":0,"efa_mc3":1,"efa_sc3":1,"efa_mc4":1,"efa_sc4":0,"efa_mc5":0,"efa_sc5":0,"efa_has_split":1},"geometry":{"type":"Polygon","coordinates":[[[-75.555135,39.061017],[-75.553454,39.071255],[-75.551922,39.080803],[-75.551192,39.083839],[-75.547169,39.092608],[-75.545947,39.095216],[-75.544778,39.095187],[-75.545278,39.090047],[-75.547259,39.087001],[-75.546308,39.084864],[-75.535704,39.075025],[-75.533533,39.070091],[-75.533989,39.065829],[-75.532488,39.062188],[-75.538545,39.059955],[-75.542609,39.06223],[-75.545329,39.06206],[-75.547807,39.060594],[-75.548866,39.06073],[-75.553944,39.061831],[-75.555135,39.061017]]]}},{"id":"591","type":"Feature","properties":{"GEOID":"100010402011","eb":2.84,"sv":2.44,"county":"Kent","pop":2848.0,"pm25_pct":3.0,"diesel_pct":36.0,"cancer_pct":0.0,"traffic_pct":21.0,"superfund_pct":14.0,"lowinc_pct":0.257538134,"unemp_pct":0.06,"lingiso_pct":0.0,"poc_pct":48.0,"sv_health":3.86,"efa":"Not EFA","name":"Kent BG 402011","efa_hisp_pct":6.7,"efa_black_pct":21.2,"efa_lingiso_pct":0,"efa_lingiso_sp":null,"efa_poverty_pct":8.2,"efa_mhhi":88869.0,"efa_combined_minority":33.4,"efa_has_duplicate":0,"efa_mc1":0,"efa_sc1":0,"efa_mc2":0,"efa_sc2":0,"efa_mc3":0,"efa_sc3":0,"efa_mc4":0,"efa_sc4":0,"efa_mc5":0,"efa_sc5":0,"efa_has_split":0},"geometry":{"type":"Polygon","coordinates":[[[-75.665811,39.290567],[-75.660476,39.291672],[-75.654461,39.291184],[-75.652947,39.291949],[-75.65135,39.291589],[-75.649179,39.293151],[-75.64857,39.295026],[-75.648528,39.295193],[-75.648237,39.295729],[-75.6427,39.299107],[-75.641928,39.300891],[-75.640959,39.301318],[-75.634711,39.301652],[-75.633919,39.301591],[-75.632663,39.301251],[-75.631327,39.302521],[-75.630398,39.302672],[-75.627531,39.304438],[-75.625396,39.30449],[-75.623264,39.308029],[-75.621379,39.308755],[-75.619631,39.310058],[-75.61606,39.309735],[-75.618003,39.308208],[-75.618634,39.307219],[-75.619002,39.306672],[-75.620778,39.30384],[-75.620988,39.301033],[-75.622273,39.297079],[-75.622503,39.295303],[-75.621259,39.294611],[-75.621342,39.294525],[-75.622302,39.293759],[-75.623166,39.293101],[-75.624262,39.291851],[-75.625103,39.290851],[-75.625781,39.290034],[-75.629626,39.285251],[-75.629901,39.28487],[-75.630721,39.283737],[-75.630793,39.283635],[-75.631968,39.281988],[-75.632121,39.281777],[-75.633928,39.279245],[-75.634037,39.279087],[-75.637628,39.278662],[-75.641861,39.277188],[-75.643901,39.276018],[-75.649786,39.272225],[-75.653691,39.269467],[-75.654517,39.26889],[-75.662485,39.27826],[-75.662609,39.278538],[-75.664893,39.28495],[-75.66553,39.290173],[-75.665811,39.290567]]]}},{"id":"592","type":"Feature","properties":{"GEOID":"100050504072","eb":2.34,"sv":3.6,"county":"Sussex","pop":1357.0,"pm25_pct":45.0,"diesel_pct":23.0,"cancer_pct":0.0,"traffic_pct":10.0,"superfund_pct":34.0,"lowinc_pct":0.703898051,"unemp_pct":0.137867647,"lingiso_pct":0.0,"poc_pct":90.0,"sv_health":5.14,"efa":"Significant","name":"Sussex BG 504072","efa_hisp_pct":22.3,"efa_black_pct":46.2,"efa_lingiso_pct":0,"efa_lingiso_sp":null,"efa_poverty_pct":41.5,"efa_mhhi":34013.0,"efa_combined_minority":78.4,"efa_has_duplicate":1,"efa_mc1":0,"efa_sc1":0,"efa_mc2":1,"efa_sc2":0,"efa_mc3":1,"efa_sc3":1,"efa_mc4":1,"efa_sc4":0,"efa_mc5":0,"efa_sc5":0,"efa_has_split":1},"geometry":{"type":"Polygon","coordinates":[[[-75.572757,38.670316],[-75.56983,38.674052],[-75.56738,38.678021],[-75.567319,38.683041],[-75.568475,38.683861],[-75.564574,38.691255],[-75.560504,38.702309],[-75.562189,38.705772],[-75.561306,38.709039],[-75.558087,38.708259],[-75.555772,38.707748],[-75.545845,38.708066],[-75.531357,38.710272],[-75.530284,38.71031],[-75.5211,38.708381],[-75.484187,38.693636],[-75.48155,38.692598],[-75.4806,38.69239],[-75.484249,38.687861],[-75.487763,38.684978],[-75.49363,38.681147],[-75.494974,38.680812],[-75.500895,38.681173],[-75.504316,38.676218],[-75.504902,38.675886],[-75.512064,38.67346],[-75.517558,38.669198],[-75.519877,38.667504],[-75.525609,38.666379],[-75.537617,38.665776],[-75.546429,38.66531],[-75.554216,38.665558],[-75.561723,38.664736],[-75.56308,38.664635],[-75.565261,38.665572],[-75.567453,38.666672],[-75.571042,38.668532],[-75.572757,38.670316]]]}},{"id":"593","type":"Feature","properties":{"GEOID":"100010422042","eb":2.15,"sv":2.91,"county":"Kent","pop":2561.0,"pm25_pct":26.0,"diesel_pct":29.0,"cancer_pct":0.0,"traffic_pct":21.0,"superfund_pct":38.0,"lowinc_pct":0.265911753,"unemp_pct":0.034632035,"lingiso_pct":0.066233766,"poc_pct":45.0,"sv_health":3.65,"efa":"Not EFA","name":"Kent BG 422042","efa_hisp_pct":4.4,"efa_black_pct":15.6,"efa_lingiso_pct":5.9,"efa_lingiso_sp":0,"efa_poverty_pct":5.7,"efa_mhhi":98072.0,"efa_combined_minority":31.0,"efa_has_duplicate":0,"efa_mc1":0,"efa_sc1":0,"efa_mc2":0,"efa_sc2":0,"efa_mc3":0,"efa_sc3":0,"efa_mc4":0,"efa_sc4":0,"efa_mc5":0,"efa_sc5":0,"efa_has_split":0},"geometry":{"type":"Polygon","coordinates":[[[-75.547259,39.087001],[-75.545278,39.090047],[-75.544778,39.095187],[-75.538531,39.095054],[-75.535869,39.096348],[-75.535196,39.097718],[-75.528232,39.098371],[-75.52685,39.098728],[-75.515868,39.100329],[-75.516173,39.098017],[-75.518753,39.091405],[-75.505881,39.083041],[-75.504437,39.080939],[-75.497818,39.076886],[-75.494856,39.076569],[-75.493388,39.074314],[-75.494151,39.073955],[-75.504625,39.063114],[-75.508767,39.059725],[-75.511418,39.060875],[-75.512912,39.060496],[-75.517907,39.061559],[-75.521118,39.063554],[-75.523993,39.063357],[-75.52559,39.062672],[-75.532488,39.062188],[-75.533989,39.065829],[-75.533533,39.070091],[-75.535704,39.075025],[-75.546308,39.084864],[-75.547259,39.087001]]]}},{"id":"594","type":"Feature","properties":{"GEOID":"100030148111","eb":3.95,"sv":1.91,"county":"New Castle","pop":2555.0,"pm25_pct":47.0,"diesel_pct":54.0,"cancer_pct":0.0,"traffic_pct":30.0,"superfund_pct":83.0,"lowinc_pct":0.10332681,"unemp_pct":0.094482759,"lingiso_pct":0.0,"poc_pct":64.0,"sv_health":2.76,"efa":"Not EFA","name":"New Castle BG 148111","efa_hisp_pct":7.4,"efa_black_pct":12.4,"efa_lingiso_pct":1.1,"efa_lingiso_sp":0,"efa_poverty_pct":6.6,"efa_mhhi":143421.0,"efa_combined_minority":56.0,"efa_has_duplicate":0,"efa_mc1":0,"efa_sc1":0,"efa_mc2":0,"efa_sc2":0,"efa_mc3":0,"efa_sc3":0,"efa_mc4":0,"efa_sc4":0,"efa_mc5":0,"efa_sc5":0,"efa_has_split":0},"geometry":{"type":"Polygon","coordinates":[[[-75.7824600411789,39.5722880925958],[-75.777875,39.573911],[-75.774868,39.57564],[-75.773826,39.577271],[-75.766258,39.58006],[-75.764195,39.580938],[-75.761198,39.58255],[-75.757579,39.585706],[-75.753804,39.587767],[-75.741872,39.589863],[-75.741531,39.589821],[-75.742394,39.588054],[-75.740734,39.587496],[-75.740314,39.581323],[-75.738891,39.571642],[-75.74221,39.571689],[-75.74333,39.572569],[-75.746439,39.573505],[-75.75055,39.573111],[-75.750352,39.571743],[-75.752715,39.56678],[-75.755806,39.564353],[-75.760106,39.5634],[-75.761181,39.562605],[-75.762808,39.561189],[-75.757707,39.551944],[-75.753731,39.540343],[-75.755896,39.54023],[-75.760675,39.539055],[-75.767947,39.536294],[-75.774678,39.535099],[-75.7795846104508,39.5355374688062],[-75.780786,39.550262],[-75.7824575579773,39.5722554200252],[-75.7824600411789,39.5722880925958]]]}},{"id":"595","type":"Feature","properties":{"GEOID":"100050510161","eb":2.01,"sv":1.76,"county":"Sussex","pop":899.0,"pm25_pct":12.0,"diesel_pct":28.0,"cancer_pct":0.0,"traffic_pct":87.0,"superfund_pct":6.0,"lowinc_pct":0.041156841,"unemp_pct":0.0,"lingiso_pct":0.0,"poc_pct":18.0,"sv_health":3.4,"efa":"Not EFA","name":"Sussex BG 510161","efa_hisp_pct":0.7,"efa_black_pct":0,"efa_lingiso_pct":0,"efa_lingiso_sp":null,"efa_poverty_pct":0.4,"efa_mhhi":83558.0,"efa_combined_minority":9.8,"efa_has_duplicate":0,"efa_mc1":0,"efa_sc1":0,"efa_mc2":0,"efa_sc2":0,"efa_mc3":0,"efa_sc3":0,"efa_mc4":0,"efa_sc4":0,"efa_mc5":0,"efa_sc5":0,"efa_has_split":0},"geometry":{"type":"Polygon","coordinates":[[[-75.10764,38.710515],[-75.103344,38.712966],[-75.093477,38.708772],[-75.093162,38.708635],[-75.093961,38.699249],[-75.094056,38.699262],[-75.098619,38.700056],[-75.099065,38.702889],[-75.103496,38.708974],[-75.106276,38.707784],[-75.107548,38.709752],[-75.10764,38.710515]]]}},{"id":"596","type":"Feature","properties":{"GEOID":"100030135063","eb":3.25,"sv":1.44,"county":"New Castle","pop":1492.0,"pm25_pct":69.0,"diesel_pct":36.0,"cancer_pct":0.0,"traffic_pct":19.0,"superfund_pct":61.0,"lowinc_pct":0.106568365,"unemp_pct":0.010709505,"lingiso_pct":0.0,"poc_pct":32.0,"sv_health":2.89,"efa":"Not EFA","name":"New Castle BG 135063","efa_hisp_pct":1.9,"efa_black_pct":1.1,"efa_lingiso_pct":0.6,"efa_lingiso_sp":0,"efa_poverty_pct":0,"efa_mhhi":157656.0,"efa_combined_minority":23.9,"efa_has_duplicate":0,"efa_mc1":0,"efa_sc1":0,"efa_mc2":0,"efa_sc2":0,"efa_mc3":0,"efa_sc3":0,"efa_mc4":0,"efa_sc4":0,"efa_mc5":0,"efa_sc5":0,"efa_has_split":0},"geometry":{"type":"Polygon","coordinates":[[[-75.742171,39.766762],[-75.740624,39.768813],[-75.737055,39.769675],[-75.735795,39.77071],[-75.735746,39.771962],[-75.731182,39.770604],[-75.724055,39.770303],[-75.721291,39.769335],[-75.722748,39.76347],[-75.723945,39.761154],[-75.727796,39.757583],[-75.729493,39.756472],[-75.740215,39.755386],[-75.741557,39.758948],[-75.741767,39.761003],[-75.742171,39.766762]]]}},{"id":"597","type":"Feature","properties":{"GEOID":"100030136121","eb":4.85,"sv":1.49,"county":"New Castle","pop":1977.0,"pm25_pct":76.0,"diesel_pct":49.0,"cancer_pct":51.0,"traffic_pct":36.0,"superfund_pct":75.0,"lowinc_pct":0.004764426,"unemp_pct":0.045954046,"lingiso_pct":0.015243902,"poc_pct":46.0,"sv_health":3.03,"efa":"Not EFA","name":"New Castle BG 136121","efa_hisp_pct":2.6,"efa_black_pct":2.6,"efa_lingiso_pct":1.1,"efa_lingiso_sp":100.0,"efa_poverty_pct":0,"efa_mhhi":187054.0,"efa_combined_minority":29.2,"efa_has_duplicate":0,"efa_mc1":0,"efa_sc1":0,"efa_mc2":0,"efa_sc2":0,"efa_mc3":0,"efa_sc3":0,"efa_mc4":0,"efa_sc4":0,"efa_mc5":0,"efa_sc5":0,"efa_has_split":0},"geometry":{"type":"Polygon","coordinates":[[[-75.706664,39.766482],[-75.703937,39.768182],[-75.690677,39.775025],[-75.689207,39.774275],[-75.688122,39.77106],[-75.686709,39.771032],[-75.684185,39.768854],[-75.686104,39.764239],[-75.688039,39.764276],[-75.692345,39.762226],[-75.691158,39.759438],[-75.692119,39.75752],[-75.693277,39.757017],[-75.695998,39.75688],[-75.701329,39.758318],[-75.703004,39.759775],[-75.703908,39.75971],[-75.70428,39.762005],[-75.705512,39.764571],[-75.706664,39.766482]]]}},{"id":"598","type":"Feature","properties":{"GEOID":"100030156001","eb":8.03,"sv":3.11,"county":"New Castle","pop":846.0,"pm25_pct":69.0,"diesel_pct":99.0,"cancer_pct":99.0,"traffic_pct":91.0,"superfund_pct":90.0,"lowinc_pct":0.163120567,"unemp_pct":0.11369509,"lingiso_pct":0.0,"poc_pct":87.0,"sv_health":4.3,"efa":"Moderate","name":"New Castle BG 156001","efa_hisp_pct":23.3,"efa_black_pct":54.9,"efa_lingiso_pct":0,"efa_lingiso_sp":null,"efa_poverty_pct":9.3,"efa_mhhi":76990.0,"efa_combined_minority":78.2,"efa_has_duplicate":0,"efa_mc1":0,"efa_sc1":0,"efa_mc2":1,"efa_sc2":0,"efa_mc3":0,"efa_sc3":0,"efa_mc4":0,"efa_sc4":0,"efa_mc5":0,"efa_sc5":0,"efa_has_split":0},"geometry":{"type":"Polygon","coordinates":[[[-75.576713,39.695869],[-75.564858,39.70905],[-75.561639,39.698484],[-75.562835,39.696342],[-75.572111,39.69666],[-75.574011,39.696299],[-75.575339,39.696024],[-75.576713,39.695869]]]}},{"id":"599","type":"Feature","properties":{"GEOID":"100030135052","eb":4.49,"sv":1.81,"county":"New Castle","pop":2735.0,"pm25_pct":75.0,"diesel_pct":42.0,"cancer_pct":51.0,"traffic_pct":56.0,"superfund_pct":67.0,"lowinc_pct":0.122486289,"unemp_pct":0.0,"lingiso_pct":0.009925558,"poc_pct":31.0,"sv_health":3.23,"efa":"Not EFA","name":"New Castle BG 135052","efa_hisp_pct":0.3,"efa_black_pct":2.1,"efa_lingiso_pct":0.7,"efa_lingiso_sp":0,"efa_poverty_pct":3.5,"efa_mhhi":149583.0,"efa_combined_minority":23.4,"efa_has_duplicate":0,"efa_mc1":0,"efa_sc1":0,"efa_mc2":0,"efa_sc2":0,"efa_mc3":0,"efa_sc3":0,"efa_mc4":0,"efa_sc4":0,"efa_mc5":0,"efa_sc5":0,"efa_has_split":0},"geometry":{"type":"Polygon","coordinates":[[[-75.723945,39.761154],[-75.722748,39.76347],[-75.721291,39.769335],[-75.715345,39.774625],[-75.70889,39.769203],[-75.706664,39.766482],[-75.705512,39.764571],[-75.70428,39.762005],[-75.703908,39.75971],[-75.702863,39.751338],[-75.702694,39.750902],[-75.704558,39.750565],[-75.707577,39.750252],[-75.717304,39.745807],[-75.71821,39.745398],[-75.718504,39.748598],[-75.722028,39.751364],[-75.722579,39.752549],[-75.723613,39.755635],[-75.723945,39.761154]]]}},{"id":"600","type":"Feature","properties":{"GEOID":"100030164043","eb":4.01,"sv":2.9,"county":"New Castle","pop":931.0,"pm25_pct":48.0,"diesel_pct":49.0,"cancer_pct":0.0,"traffic_pct":6.0,"superfund_pct":66.0,"lowinc_pct":0.305048335,"unemp_pct":0.115789474,"lingiso_pct":0.0,"poc_pct":29.0,"sv_health":3.99,"efa":"Not EFA","name":"New Castle BG 164043","efa_hisp_pct":1.5,"efa_black_pct":4.8,"efa_lingiso_pct":0,"efa_lingiso_sp":null,"efa_poverty_pct":7.6,"efa_mhhi":69313.0,"efa_combined_minority":15.8,"efa_has_duplicate":0,"efa_mc1":0,"efa_sc1":0,"efa_mc2":0,"efa_sc2":0,"efa_mc3":0,"efa_sc3":0,"efa_mc4":0,"efa_sc4":0,"efa_mc5":0,"efa_sc5":0,"efa_has_split":0},"geometry":{"type":"Polygon","coordinates":[[[-75.60445,39.569518],[-75.603621,39.571919],[-75.603079,39.573824],[-75.602635,39.575086],[-75.602248,39.576232],[-75.602087,39.576924],[-75.602034,39.577023],[-75.59955,39.57622],[-75.590366,39.570129],[-75.590533,39.569528],[-75.590682,39.568698],[-75.590781,39.56788],[-75.591132,39.56646],[-75.591538,39.563766],[-75.590992,39.563804],[-75.592242,39.560642],[-75.595149,39.560646],[-75.595188,39.560671],[-75.603093,39.566082],[-75.603733,39.568387],[-75.60445,39.569518]]]}},{"id":"601","type":"Feature","properties":{"GEOID":"100030029004","eb":7.83,"sv":4.47,"county":"New Castle","pop":361.0,"pm25_pct":79.0,"diesel_pct":96.0,"cancer_pct":51.0,"traffic_pct":90.0,"superfund_pct":74.0,"lowinc_pct":0.529085873,"unemp_pct":0.153439153,"lingiso_pct":0.0,"poc_pct":98.0,"sv_health":6.16,"efa":"Significant","name":"New Castle BG 29004","efa_hisp_pct":0,"efa_black_pct":85.7,"efa_lingiso_pct":0,"efa_lingiso_sp":null,"efa_poverty_pct":39.4,"efa_mhhi":null,"efa_combined_minority":96.1,"efa_has_duplicate":0,"efa_mc1":1,"efa_sc1":1,"efa_mc2":1,"efa_sc2":1,"efa_mc3":1,"efa_sc3":1,"efa_mc4":0,"efa_sc4":0,"efa_mc5":0,"efa_sc5":0,"efa_has_split":0},"geometry":{"type":"Polygon","coordinates":[[[-75.546571,39.742305],[-75.545698,39.743564],[-75.54445,39.743052],[-75.542244,39.742154],[-75.541042,39.74164],[-75.542415,39.739621],[-75.547103,39.741537],[-75.546571,39.742305]]]}},{"id":"602","type":"Feature","properties":{"GEOID":"100050501042","eb":3.2,"sv":3.16,"county":"Sussex","pop":2796.0,"pm25_pct":40.0,"diesel_pct":31.0,"cancer_pct":0.0,"traffic_pct":19.0,"superfund_pct":2.0,"lowinc_pct":0.368383405,"unemp_pct":0.069958848,"lingiso_pct":0.165076336,"poc_pct":70.0,"sv_health":4.73,"efa":"Moderate","name":"Sussex BG 501042","efa_hisp_pct":15.9,"efa_black_pct":13.7,"efa_lingiso_pct":16.2,"efa_lingiso_sp":76.7,"efa_poverty_pct":18.0,"efa_mhhi":58766.0,"efa_combined_minority":40.1,"efa_has_duplicate":0,"efa_mc1":1,"efa_sc1":0,"efa_mc2":0,"efa_sc2":0,"efa_mc3":0,"efa_sc3":0,"efa_mc4":0,"efa_sc4":0,"efa_mc5":1,"efa_sc5":0,"efa_has_split":0},"geometry":{"type":"Polygon","coordinates":[[[-75.428441,38.911533],[-75.413213,38.909074],[-75.412578,38.908297],[-75.413327,38.907672],[-75.413691,38.905322],[-75.414338,38.903484],[-75.414717,38.900998],[-75.415188,38.90077],[-75.41679,38.899663],[-75.420784,38.899182],[-75.42231,38.898531],[-75.422259,38.898084],[-75.421767,38.893646],[-75.419447,38.884749],[-75.419053,38.883077],[-75.419001,38.880733],[-75.419007,38.870969],[-75.429136,38.871021],[-75.42693,38.880866],[-75.425996,38.885386],[-75.4264,38.887038],[-75.427043,38.888504],[-75.430859,38.896994],[-75.428441,38.911533]]]}},{"id":"603","type":"Feature","properties":{"GEOID":"100050518012","eb":1.71,"sv":3.23,"county":"Sussex","pop":1005.0,"pm25_pct":33.0,"diesel_pct":2.0,"cancer_pct":0.0,"traffic_pct":8.0,"superfund_pct":44.0,"lowinc_pct":0.091542289,"unemp_pct":0.003338898,"lingiso_pct":0.03125,"poc_pct":30.0,"sv_health":5.11,"efa":"Not EFA","name":"Sussex BG 518012","efa_hisp_pct":0,"efa_black_pct":1.6,"efa_lingiso_pct":3.9,"efa_lingiso_sp":0,"efa_poverty_pct":0.3,"efa_mhhi":120750.0,"efa_combined_minority":5.2,"efa_has_duplicate":0,"efa_mc1":0,"efa_sc1":0,"efa_mc2":0,"efa_sc2":0,"efa_mc3":0,"efa_sc3":0,"efa_mc4":0,"efa_sc4":0,"efa_mc5":0,"efa_sc5":0,"efa_has_split":0},"geometry":{"type":"Polygon","coordinates":[[[-75.65501,38.601947],[-75.65288,38.60438],[-75.651672,38.604028],[-75.651574,38.602095],[-75.650097,38.602507],[-75.648826,38.601843],[-75.646882,38.601866],[-75.644698,38.600973],[-75.640114,38.600397],[-75.637622,38.601115],[-75.633877,38.600454],[-75.632905,38.599213],[-75.629919,38.597965],[-75.628084,38.596414],[-75.626152,38.596743],[-75.624703,38.595807],[-75.61902,38.5967],[-75.616668,38.597487],[-75.610347,38.597995],[-75.608689,38.598567],[-75.605902,38.598052],[-75.601569,38.597735],[-75.599791,38.598373],[-75.594263,38.597525],[-75.58606,38.585576],[-75.57994,38.576729],[-75.578725,38.573387],[-75.578133,38.566976],[-75.577004,38.562168],[-75.577243,38.56223],[-75.575445,38.558655],[-75.574649,38.558137],[-75.576171,38.557578],[-75.578138,38.557127],[-75.579498,38.557037],[-75.582769,38.558696],[-75.583913,38.559573],[-75.587904,38.560892],[-75.588452,38.560722],[-75.591277,38.562672],[-75.593023,38.562563],[-75.594606,38.561526],[-75.597274,38.561483],[-75.60124,38.563666],[-75.603378,38.565447],[-75.606048,38.565283],[-75.608582,38.564345],[-75.613104,38.565295],[-75.613733,38.56575],[-75.617922,38.568564],[-75.619124,38.568848],[-75.619231,38.570807],[-75.620277,38.569716],[-75.625682,38.57139],[-75.626282,38.571564],[-75.632656,38.574108],[-75.635927,38.576658],[-75.633873,38.581069],[-75.634554,38.585326],[-75.633037,38.58818],[-75.65489,38.598005],[-75.65655,38.599654],[-75.65501,38.601947]]]}},{"id":"604","type":"Feature","properties":{"GEOID":"100050501012","eb":2.51,"sv":2.76,"county":"Sussex","pop":541.0,"pm25_pct":42.0,"diesel_pct":19.0,"cancer_pct":0.0,"traffic_pct":4.0,"superfund_pct":4.0,"lowinc_pct":0.07948244,"unemp_pct":0.131578947,"lingiso_pct":0.0,"poc_pct":41.0,"sv_health":4.05,"efa":"Not EFA","name":"Sussex BG 501012","efa_hisp_pct":11.8,"efa_black_pct":3.7,"efa_lingiso_pct":0,"efa_lingiso_sp":null,"efa_poverty_pct":3.7,"efa_mhhi":104833.0,"efa_combined_minority":15.5,"efa_has_duplicate":0,"efa_mc1":0,"efa_sc1":0,"efa_mc2":0,"efa_sc2":0,"efa_mc3":0,"efa_sc3":0,"efa_mc4":0,"efa_sc4":0,"efa_mc5":0,"efa_sc5":0,"efa_has_split":0},"geometry":{"type":"Polygon","coordinates":[[[-75.518868,38.849679],[-75.517882,38.85571],[-75.516648,38.859194],[-75.516312,38.861116],[-75.516118,38.863459],[-75.516306,38.864002],[-75.509168,38.875766],[-75.5089,38.876927],[-75.508168,38.878951],[-75.503337,38.881617],[-75.501771,38.88088],[-75.49778,38.882127],[-75.494383,38.887882],[-75.491565,38.888525],[-75.490453,38.889664],[-75.488026,38.892784],[-75.487732,38.895493],[-75.488156,38.898983],[-75.485657,38.903617],[-75.484819,38.903753],[-75.484125,38.904448],[-75.481636,38.904197],[-75.479626,38.905593],[-75.477222,38.905841],[-75.465153,38.91131],[-75.460575,38.909382],[-75.463443,38.906417],[-75.464257,38.902645],[-75.467448,38.900768],[-75.467974,38.899532],[-75.471452,38.895274],[-75.471845,38.893824],[-75.475074,38.888989],[-75.472957,38.888923],[-75.46275,38.885313],[-75.470206,38.879976],[-75.471591,38.878633],[-75.473834,38.87477],[-75.475047,38.873354],[-75.477437,38.872339],[-75.491305,38.87034],[-75.493902,38.869274],[-75.494905,38.868168],[-75.503293,38.855009],[-75.505265,38.853035],[-75.506821,38.85211],[-75.508402,38.851491],[-75.518107,38.848589],[-75.518868,38.849679]]]}},{"id":"605","type":"Feature","properties":{"GEOID":"100030166101","eb":3.7,"sv":2.1,"county":"New Castle","pop":804.0,"pm25_pct":35.0,"diesel_pct":41.0,"cancer_pct":0.0,"traffic_pct":68.0,"superfund_pct":20.0,"lowinc_pct":0.141025641,"unemp_pct":0.0,"lingiso_pct":0.0,"poc_pct":22.0,"sv_health":3.97,"efa":"Not EFA","name":"New Castle BG 166101","efa_hisp_pct":0,"efa_black_pct":13.0,"efa_lingiso_pct":0,"efa_lingiso_sp":null,"efa_poverty_pct":0,"efa_mhhi":59100.0,"efa_combined_minority":22.6,"efa_has_duplicate":0,"efa_mc1":0,"efa_sc1":0,"efa_mc2":0,"efa_sc2":0,"efa_mc3":0,"efa_sc3":0,"efa_mc4":0,"efa_sc4":0,"efa_mc5":0,"efa_sc5":0,"efa_has_split":0},"geometry":{"type":"Polygon","coordinates":[[[-75.764866,39.418003],[-75.760125,39.429432],[-75.758008,39.434194],[-75.757416,39.434967],[-75.756097,39.43591],[-75.745371,39.441176],[-75.744208,39.441592],[-75.734285,39.445249],[-75.727903,39.449758],[-75.724662,39.452342],[-75.723341,39.454493],[-75.721879,39.459342],[-75.721089,39.462951],[-75.720643,39.4616],[-75.720013,39.459762],[-75.719213,39.457403],[-75.716689,39.449686],[-75.714019,39.439163],[-75.713311,39.437285],[-75.714481,39.436866],[-75.719373,39.432827],[-75.722977,39.430607],[-75.728418,39.431676],[-75.740409,39.429007],[-75.741104,39.428852],[-75.73992,39.42636],[-75.739969,39.425937],[-75.741702,39.421616],[-75.741952,39.421018],[-75.743114,39.419195],[-75.748855,39.410249],[-75.766588,39.415091],[-75.764866,39.418003]]]}},{"id":"606","type":"Feature","properties":{"GEOID":"100030136132","eb":5.06,"sv":1.49,"county":"New Castle","pop":1909.0,"pm25_pct":74.0,"diesel_pct":56.0,"cancer_pct":51.0,"traffic_pct":64.0,"superfund_pct":50.0,"lowinc_pct":0.017709563,"unemp_pct":0.031071137,"lingiso_pct":0.0,"poc_pct":56.0,"sv_health":3.26,"efa":"Not EFA","name":"New Castle BG 136132","efa_hisp_pct":6.2,"efa_black_pct":7.2,"efa_lingiso_pct":0,"efa_lingiso_sp":null,"efa_poverty_pct":2.2,"efa_mhhi":126250.0,"efa_combined_minority":41.7,"efa_has_duplicate":0,"efa_mc1":0,"efa_sc1":0,"efa_mc2":0,"efa_sc2":0,"efa_mc3":0,"efa_sc3":0,"efa_mc4":0,"efa_sc4":0,"efa_mc5":0,"efa_sc5":0,"efa_has_split":0},"geometry":{"type":"Polygon","coordinates":[[[-75.691253,39.74298],[-75.691002,39.74382],[-75.690551,39.74479],[-75.688457,39.746543],[-75.685997,39.748916],[-75.682076,39.750613],[-75.679329,39.750506],[-75.679176,39.748434],[-75.676487,39.747857],[-75.678159,39.745984],[-75.67409,39.74332],[-75.67429,39.735394],[-75.673609,39.73359],[-75.678798,39.733165],[-75.680589,39.733509],[-75.681495,39.733901],[-75.683758,39.735956],[-75.685264,39.737571],[-75.685557,39.737817],[-75.687016,39.73871],[-75.692337,39.741837],[-75.691253,39.74298]]]}},{"id":"607","type":"Feature","properties":{"GEOID":"100030168061","eb":2.42,"sv":1.99,"county":"New Castle","pop":1622.0,"pm25_pct":3.0,"diesel_pct":25.0,"cancer_pct":0.0,"traffic_pct":19.0,"superfund_pct":13.0,"lowinc_pct":0.133833646,"unemp_pct":0.041666667,"lingiso_pct":0.0,"poc_pct":63.0,"sv_health":3.28,"efa":"Not EFA","name":"New Castle BG 168061","efa_hisp_pct":3.3,"efa_black_pct":41.9,"efa_lingiso_pct":0,"efa_lingiso_sp":null,"efa_poverty_pct":3.6,"efa_mhhi":126710.0,"efa_combined_minority":51.1,"efa_has_duplicate":0,"efa_mc1":0,"efa_sc1":0,"efa_mc2":0,"efa_sc2":0,"efa_mc3":0,"efa_sc3":0,"efa_mc4":0,"efa_sc4":0,"efa_mc5":0,"efa_sc5":0,"efa_has_split":0},"geometry":{"type":"Polygon","coordinates":[[[-75.740409,39.429007],[-75.728418,39.431676],[-75.722977,39.430607],[-75.719373,39.432827],[-75.714481,39.436866],[-75.713311,39.437285],[-75.712319,39.435465],[-75.711787,39.434538],[-75.709593,39.431005],[-75.709321,39.430525],[-75.706027,39.421899],[-75.705244,39.417645],[-75.704947,39.416309],[-75.703693,39.413181],[-75.699058,39.408326],[-75.699739,39.407077],[-75.700894,39.406726],[-75.704363,39.403017],[-75.698107,39.398287],[-75.696996,39.397231],[-75.696379,39.396675],[-75.696202,39.396538],[-75.694367,39.394141],[-75.69803,39.39239],[-75.701374,39.390797],[-75.708749,39.388351],[-75.71574,39.387452],[-75.718108,39.390944],[-75.719924,39.391545],[-75.723144,39.393586],[-75.736694,39.403045],[-75.734459,39.406386],[-75.73349,39.407861],[-75.733313,39.407983],[-75.730614,39.409069],[-75.729122,39.409722],[-75.719623,39.41378],[-75.727457,39.424446],[-75.727698,39.425418],[-75.729515,39.425367],[-75.73645,39.427764],[-75.738517,39.428299],[-75.740409,39.429007]]]}},{"id":"608","type":"Feature","properties":{"GEOID":"100050509032","eb":1.94,"sv":2.03,"county":"Sussex","pop":591.0,"pm25_pct":14.0,"diesel_pct":35.0,"cancer_pct":0.0,"traffic_pct":4.0,"superfund_pct":4.0,"lowinc_pct":0.062605753,"unemp_pct":0.0,"lingiso_pct":0.0,"poc_pct":13.0,"sv_health":3.92,"efa":"Not EFA","name":"Sussex BG 509032","efa_hisp_pct":7.2,"efa_black_pct":0,"efa_lingiso_pct":0,"efa_lingiso_sp":null,"efa_poverty_pct":0,"efa_mhhi":78380.0,"efa_combined_minority":7.2,"efa_has_duplicate":0,"efa_mc1":0,"efa_sc1":0,"efa_mc2":0,"efa_sc2":0,"efa_mc3":0,"efa_sc3":0,"efa_mc4":0,"efa_sc4":0,"efa_mc5":0,"efa_sc5":0,"efa_has_split":0},"geometry":{"type":"Polygon","coordinates":[[[-75.174344,38.781301],[-75.173408,38.781759],[-75.171777,38.782078],[-75.169536,38.785106],[-75.166502,38.785886],[-75.166707,38.787273],[-75.165366,38.789039],[-75.164113,38.789263],[-75.162737,38.789725],[-75.158652,38.788194],[-75.154674,38.7831],[-75.153509,38.782331],[-75.14725,38.779813],[-75.141727,38.779393],[-75.137868,38.776408],[-75.13761,38.775794],[-75.139212,38.774277],[-75.141659,38.77198],[-75.14737,38.776432],[-75.149752,38.776897],[-75.15344,38.778847],[-75.154854,38.777513],[-75.157684,38.774864],[-75.160025,38.772675],[-75.16236,38.770282],[-75.164867,38.7705],[-75.164878,38.770516],[-75.166687,38.77229],[-75.167611,38.771033],[-75.169872,38.771394],[-75.170117,38.771963],[-75.171294,38.772394],[-75.171411,38.77332],[-75.170631,38.774356],[-75.172513,38.775781],[-75.173996,38.775351],[-75.174665,38.776012],[-75.173161,38.778332],[-75.175291,38.779762],[-75.174344,38.781301]]]}},{"id":"609","type":"Feature","properties":{"GEOID":"100010430003","eb":2.58,"sv":3.23,"county":"Kent","pop":1052.0,"pm25_pct":37.0,"diesel_pct":11.0,"cancer_pct":0.0,"traffic_pct":32.0,"superfund_pct":1.0,"lowinc_pct":0.157794677,"unemp_pct":0.0,"lingiso_pct":0.115902965,"poc_pct":43.0,"sv_health":4.31,"efa":"Not EFA","name":"Kent BG 430003","efa_hisp_pct":1.3,"efa_black_pct":4.8,"efa_lingiso_pct":6.5,"efa_lingiso_sp":0,"efa_poverty_pct":3.4,"efa_mhhi":81937.0,"efa_combined_minority":16.8,"efa_has_duplicate":0,"efa_mc1":0,"efa_sc1":0,"efa_mc2":0,"efa_sc2":0,"efa_mc3":0,"efa_sc3":0,"efa_mc4":0,"efa_sc4":0,"efa_mc5":0,"efa_sc5":0,"efa_has_split":0},"geometry":{"type":"Polygon","coordinates":[[[-75.572669,38.888096],[-75.569689,38.911924],[-75.569004,38.917291],[-75.566379,38.931652],[-75.566053,38.933368],[-75.563897,38.945129],[-75.564566,38.953253],[-75.548316,38.954023],[-75.546404,38.953204],[-75.544906,38.951769],[-75.539381,38.955215],[-75.538517,38.944484],[-75.539088,38.943099],[-75.537449,38.93631],[-75.537422,38.933996],[-75.542496,38.932256],[-75.53894,38.926816],[-75.541688,38.92146],[-75.545795,38.917454],[-75.543619,38.915651],[-75.542802,38.914544],[-75.543961,38.907148],[-75.543987,38.904925],[-75.548412,38.902436],[-75.555148,38.900964],[-75.557825,38.899427],[-75.559393,38.898043],[-75.565136,38.894535],[-75.56535,38.89321],[-75.564722,38.890173],[-75.566225,38.887969],[-75.572406,38.888114],[-75.572669,38.888096]]]}},{"id":"610","type":"Feature","properties":{"GEOID":"100010417011","eb":2.72,"sv":3.04,"county":"Kent","pop":1595.0,"pm25_pct":19.0,"diesel_pct":37.0,"cancer_pct":0.0,"traffic_pct":28.0,"superfund_pct":52.0,"lowinc_pct":0.289707751,"unemp_pct":0.176557864,"lingiso_pct":0.0,"poc_pct":65.0,"sv_health":4.02,"efa":"Not EFA","name":"Kent BG 417011","efa_hisp_pct":3.7,"efa_black_pct":22.8,"efa_lingiso_pct":0,"efa_lingiso_sp":null,"efa_poverty_pct":8.3,"efa_mhhi":64634.0,"efa_combined_minority":36.2,"efa_has_duplicate":0,"efa_mc1":0,"efa_sc1":0,"efa_mc2":0,"efa_sc2":0,"efa_mc3":0,"efa_sc3":0,"efa_mc4":0,"efa_sc4":0,"efa_mc5":0,"efa_sc5":0,"efa_has_split":0},"geometry":{"type":"Polygon","coordinates":[[[-75.583209,39.099864],[-75.581217,39.102604],[-75.578531,39.107032],[-75.573871,39.115844],[-75.568024,39.115921],[-75.566085,39.115942],[-75.565498,39.11595],[-75.56476,39.115962],[-75.561755,39.116011],[-75.555554,39.123121],[-75.554824,39.122733],[-75.552628,39.121507],[-75.550455,39.121507],[-75.549222,39.121619],[-75.548275,39.12311],[-75.54467,39.124163],[-75.542335,39.122474],[-75.539023,39.124346],[-75.535087,39.125186],[-75.53252,39.123896],[-75.536473,39.115425],[-75.536573,39.115211],[-75.538352,39.115657],[-75.539348,39.116317],[-75.545874,39.119313],[-75.548633,39.119017],[-75.549898,39.118875],[-75.551168,39.119008],[-75.552145,39.119245],[-75.552713,39.117687],[-75.553312,39.116109],[-75.553828,39.113318],[-75.555102,39.111873],[-75.555785,39.111265],[-75.557795,39.109431],[-75.559088,39.108253],[-75.559622,39.107769],[-75.561097,39.106364],[-75.563861,39.102728],[-75.565647,39.101529],[-75.567507,39.100295],[-75.571223,39.098622],[-75.571296,39.09859],[-75.578052,39.095636],[-75.581063,39.094332],[-75.583181,39.098913],[-75.583209,39.099864]]]}},{"id":"611","type":"Feature","properties":{"GEOID":"100030164041","eb":5.04,"sv":2.54,"county":"New Castle","pop":1195.0,"pm25_pct":48.0,"diesel_pct":49.0,"cancer_pct":0.0,"traffic_pct":36.0,"superfund_pct":86.0,"lowinc_pct":0.109947644,"unemp_pct":0.024804178,"lingiso_pct":0.0,"poc_pct":60.0,"sv_health":3.99,"efa":"Not EFA","name":"New Castle BG 164041","efa_hisp_pct":15.3,"efa_black_pct":20.7,"efa_lingiso_pct":0,"efa_lingiso_sp":null,"efa_poverty_pct":2.1,"efa_mhhi":120000.0,"efa_combined_minority":47.6,"efa_has_duplicate":0,"efa_mc1":0,"efa_sc1":0,"efa_mc2":0,"efa_sc2":0,"efa_mc3":0,"efa_sc3":0,"efa_mc4":0,"efa_sc4":0,"efa_mc5":0,"efa_sc5":0,"efa_has_split":0},"geometry":{"type":"MultiPolygon","coordinates":[[[[-75.579709,39.597892],[-75.578216,39.598474],[-75.5778211733506,39.5982340039158],[-75.5751549309526,39.5966133237109],[-75.573682,39.595718],[-75.57287,39.594454],[-75.570774,39.594091],[-75.565823,39.590608],[-75.564883,39.588983],[-75.567689,39.58573],[-75.569311,39.585268],[-75.572118,39.58586],[-75.575426,39.58812],[-75.57916,39.594705],[-75.579709,39.597892]]],[[[-75.660807,39.591101],[-75.654451,39.603672],[-75.65306,39.605893],[-75.652802,39.605867],[-75.648959,39.605611],[-75.646309,39.605785],[-75.644463,39.604942],[-75.641243,39.60709],[-75.637695,39.606358],[-75.635086,39.605324],[-75.630318,39.605293],[-75.627069,39.604722],[-75.624212,39.605727],[-75.621582,39.607536],[-75.617337,39.6075],[-75.613477,39.606861],[-75.613473,39.606832],[-75.613793,39.606192],[-75.611905,39.597568],[-75.611873,39.597408],[-75.60464,39.58992],[-75.603584,39.58896],[-75.598747,39.589122],[-75.597173322751,39.5877820945208],[-75.599122,39.588918],[-75.605939,39.586605],[-75.606908,39.586562],[-75.613682,39.584239],[-75.615672,39.581777],[-75.613528,39.581433],[-75.606668,39.578506],[-75.602034,39.577023],[-75.602087,39.576924],[-75.602248,39.576232],[-75.602635,39.575086],[-75.603079,39.573824],[-75.603621,39.571919],[-75.60445,39.569518],[-75.603733,39.568387],[-75.603093,39.566082],[-75.595188,39.560671],[-75.595149,39.560646],[-75.592242,39.560642],[-75.590992,39.563804],[-75.591538,39.563766],[-75.591132,39.56646],[-75.590781,39.56788],[-75.590682,39.568698],[-75.590533,39.569528],[-75.590366,39.570129],[-75.588662,39.576498],[-75.5861893858681,39.5785745248227],[-75.586016,39.578448],[-75.5858382067714,39.5783157988894],[-75.5837951450752,39.5767966464039],[-75.5802440613529,39.5741561790735],[-75.579670494857,39.5737296941712],[-75.5741593945616,39.569631823937],[-75.571599,39.567728],[-75.570783,39.56728],[-75.563034,39.56224],[-75.5641182880885,39.5606837276848],[-75.568868,39.560248],[-75.582273,39.558248],[-75.59547,39.556366],[-75.61113,39.5537],[-75.618807,39.552808],[-75.620568,39.552827],[-75.633716,39.555058],[-75.637719,39.555254],[-75.642411,39.55497],[-75.647125,39.554004],[-75.65104,39.552644],[-75.652278,39.554762],[-75.655098,39.569348],[-75.657712,39.579394],[-75.660807,39.591101]]]]}},{"id":"612","type":"Feature","properties":{"GEOID":"100030136043","eb":5.34,"sv":2.05,"county":"New Castle","pop":1316.0,"pm25_pct":67.0,"diesel_pct":67.0,"cancer_pct":51.0,"traffic_pct":81.0,"superfund_pct":58.0,"lowinc_pct":0.32674772,"unemp_pct":0.008152174,"lingiso_pct":0.0,"poc_pct":63.0,"sv_health":3.36,"efa":"Not EFA","name":"New Castle BG 136043","efa_hisp_pct":16.7,"efa_black_pct":12.5,"efa_lingiso_pct":0,"efa_lingiso_sp":null,"efa_poverty_pct":3.0,"efa_mhhi":72778.0,"efa_combined_minority":41.5,"efa_has_duplicate":0,"efa_mc1":0,"efa_sc1":0,"efa_mc2":0,"efa_sc2":0,"efa_mc3":0,"efa_sc3":0,"efa_mc4":0,"efa_sc4":0,"efa_mc5":0,"efa_sc5":0,"efa_has_split":0},"geometry":{"type":"Polygon","coordinates":[[[-75.674755,39.718085],[-75.673116,39.723563],[-75.667653,39.730377],[-75.667093,39.728984],[-75.669654,39.727397],[-75.668993,39.724848],[-75.667108,39.723535],[-75.66649,39.722881],[-75.665832,39.71978],[-75.670982,39.717082],[-75.673164,39.71562],[-75.674648,39.717078],[-75.674755,39.718085]]]}},{"id":"613","type":"Feature","properties":{"GEOID":"100030107043","eb":6.66,"sv":2.02,"county":"New Castle","pop":1274.0,"pm25_pct":86.0,"diesel_pct":73.0,"cancer_pct":51.0,"traffic_pct":55.0,"superfund_pct":55.0,"lowinc_pct":0.208791209,"unemp_pct":0.105263158,"lingiso_pct":0.0,"poc_pct":80.0,"sv_health":3.6,"efa":"Moderate","name":"New Castle BG 107043","efa_hisp_pct":6.9,"efa_black_pct":50.9,"efa_lingiso_pct":0,"efa_lingiso_sp":null,"efa_poverty_pct":3.1,"efa_mhhi":49951.0,"efa_combined_minority":65.2,"efa_has_duplicate":0,"efa_mc1":0,"efa_sc1":0,"efa_mc2":0,"efa_sc2":0,"efa_mc3":0,"efa_sc3":0,"efa_mc4":1,"efa_sc4":0,"efa_mc5":0,"efa_sc5":0,"efa_has_split":0},"geometry":{"type":"Polygon","coordinates":[[[-75.516885,39.757095],[-75.513364,39.758515],[-75.511115,39.760114],[-75.509964,39.758369],[-75.508731,39.756706],[-75.504822,39.75325],[-75.511978,39.752636],[-75.514772,39.752905],[-75.515969,39.7531],[-75.516057,39.753384],[-75.515867,39.75373],[-75.516885,39.757095]]]}},{"id":"614","type":"Feature","properties":{"GEOID":"100030166113","eb":3.44,"sv":1.72,"county":"New Castle","pop":4600.0,"pm25_pct":46.0,"diesel_pct":44.0,"cancer_pct":0.0,"traffic_pct":37.0,"superfund_pct":35.0,"lowinc_pct":0.005300353,"unemp_pct":0.089271731,"lingiso_pct":0.0,"poc_pct":47.0,"sv_health":2.99,"efa":"Not EFA","name":"New Castle BG 166113","efa_hisp_pct":1.4,"efa_black_pct":26.3,"efa_lingiso_pct":1.0,"efa_lingiso_sp":0,"efa_poverty_pct":2.4,"efa_mhhi":158000.0,"efa_combined_minority":44.2,"efa_has_duplicate":0,"efa_mc1":0,"efa_sc1":0,"efa_mc2":0,"efa_sc2":0,"efa_mc3":0,"efa_sc3":0,"efa_mc4":0,"efa_sc4":0,"efa_mc5":0,"efa_sc5":0,"efa_has_split":0},"geometry":{"type":"Polygon","coordinates":[[[-75.681593,39.50788],[-75.678734,39.513747],[-75.677529,39.514221],[-75.670273,39.520976],[-75.668733,39.522055],[-75.667698,39.523189],[-75.664906,39.525094],[-75.658788,39.528663],[-75.658603,39.53064],[-75.656495,39.533694],[-75.648967,39.535731],[-75.6494,39.504888],[-75.649514,39.499955],[-75.652313,39.499673],[-75.653316,39.4997],[-75.664963,39.501305],[-75.680888,39.50295],[-75.683267,39.503455],[-75.681593,39.50788]]]}},{"id":"615","type":"Feature","properties":{"GEOID":"100050510092","eb":2.16,"sv":1.96,"county":"Sussex","pop":416.0,"pm25_pct":10.0,"diesel_pct":32.0,"cancer_pct":0.0,"traffic_pct":95.0,"superfund_pct":5.0,"lowinc_pct":0.040865385,"unemp_pct":0.0,"lingiso_pct":0.0,"poc_pct":0.0,"sv_health":3.3,"efa":"Not EFA","name":"Sussex BG 510092","efa_hisp_pct":0,"efa_black_pct":0,"efa_lingiso_pct":0,"efa_lingiso_sp":null,"efa_poverty_pct":13.7,"efa_mhhi":90333.0,"efa_combined_minority":0,"efa_has_duplicate":0,"efa_mc1":0,"efa_sc1":0,"efa_mc2":0,"efa_sc2":0,"efa_mc3":0,"efa_sc3":0,"efa_mc4":0,"efa_sc4":0,"efa_mc5":0,"efa_sc5":0,"efa_has_split":0},"geometry":{"type":"Polygon","coordinates":[[[-75.123036,38.723121],[-75.120208,38.723464],[-75.118271,38.72219],[-75.115039,38.722741],[-75.110768,38.723078],[-75.110194,38.723512],[-75.111632,38.725286],[-75.113418,38.726542],[-75.112677,38.732195],[-75.11185,38.733873],[-75.111183,38.733065],[-75.111376,38.730829],[-75.110426,38.729963],[-75.111187,38.728776],[-75.108331,38.726692],[-75.108677,38.724495],[-75.107069,38.7235],[-75.105748,38.721613],[-75.103701,38.723613],[-75.098277,38.716663],[-75.095686,38.714462],[-75.096609,38.713522],[-75.093211,38.714301],[-75.092848,38.714392],[-75.093162,38.708635],[-75.093477,38.708772],[-75.103344,38.712966],[-75.106947,38.71466],[-75.120615,38.721389],[-75.121544,38.721977],[-75.123036,38.723121]]]}},{"id":"616","type":"Feature","properties":{"GEOID":"100050503031","eb":1.72,"sv":3.05,"county":"Sussex","pop":1217.0,"pm25_pct":37.0,"diesel_pct":13.0,"cancer_pct":0.0,"traffic_pct":11.0,"superfund_pct":8.0,"lowinc_pct":0.238421955,"unemp_pct":0.031331593,"lingiso_pct":0.0,"poc_pct":3.0,"sv_health":4.72,"efa":"Not EFA","name":"Sussex BG 503031","efa_hisp_pct":0,"efa_black_pct":0,"efa_lingiso_pct":0,"efa_lingiso_sp":null,"efa_poverty_pct":6.2,"efa_mhhi":52909.0,"efa_combined_minority":2.1,"efa_has_duplicate":0,"efa_mc1":0,"efa_sc1":0,"efa_mc2":0,"efa_sc2":0,"efa_mc3":0,"efa_sc3":0,"efa_mc4":0,"efa_sc4":0,"efa_mc5":0,"efa_sc5":0,"efa_has_split":0},"geometry":{"type":"Polygon","coordinates":[[[-75.7225990918529,38.8298593718107],[-75.615422,38.833616],[-75.613636,38.829917],[-75.612997,38.829327],[-75.622454,38.824497],[-75.621059,38.821973],[-75.619491,38.817671],[-75.611018,38.805276],[-75.61439,38.802042],[-75.622798,38.7975],[-75.627049,38.794472],[-75.63826,38.788748],[-75.653115,38.782432],[-75.655659,38.781655],[-75.667725,38.780801],[-75.669142,38.781619],[-75.677953,38.784921],[-75.687147,38.789523],[-75.693973,38.794524],[-75.697101,38.795942],[-75.699063,38.796544],[-75.710098,38.799114],[-75.716153,38.801134],[-75.7204375941124,38.8018433835316],[-75.7204403501056,38.80187844783],[-75.722028,38.822078],[-75.7225990918529,38.8298593718107]]]}},{"id":"617","type":"Feature","properties":{"GEOID":"100050502002","eb":2.37,"sv":3.1,"county":"Sussex","pop":875.0,"pm25_pct":42.0,"diesel_pct":10.0,"cancer_pct":0.0,"traffic_pct":17.0,"superfund_pct":36.0,"lowinc_pct":0.294857143,"unemp_pct":0.036666667,"lingiso_pct":0.0,"poc_pct":65.0,"sv_health":4.57,"efa":"Not EFA","name":"Sussex BG 502002","efa_hisp_pct":10.5,"efa_black_pct":22.6,"efa_lingiso_pct":0,"efa_lingiso_sp":null,"efa_poverty_pct":6.1,"efa_mhhi":68649.0,"efa_combined_minority":39.7,"efa_has_duplicate":0,"efa_mc1":0,"efa_sc1":0,"efa_mc2":0,"efa_sc2":0,"efa_mc3":0,"efa_sc3":0,"efa_mc4":0,"efa_sc4":0,"efa_mc5":0,"efa_sc5":0,"efa_has_split":0},"geometry":{"type":"Polygon","coordinates":[[[-75.434839,38.752911],[-75.433732,38.762593],[-75.423971,38.761957],[-75.418614,38.762098],[-75.418522,38.764106],[-75.416428,38.765732],[-75.414607,38.768429],[-75.412703,38.769252],[-75.410558,38.771102],[-75.406892,38.772934],[-75.400647,38.77567],[-75.398333,38.776341],[-75.397045,38.778452],[-75.391734,38.778798],[-75.384434,38.783149],[-75.380684,38.783441],[-75.376808,38.782094],[-75.372467,38.781895],[-75.365907,38.783521],[-75.340676,38.786696],[-75.340119,38.78144],[-75.341489,38.77584],[-75.340686,38.770917],[-75.339793,38.767008],[-75.338345,38.763708],[-75.337514,38.759416],[-75.336878,38.753913],[-75.335774,38.748774],[-75.341191,38.748325],[-75.345153,38.747177],[-75.349837,38.747518],[-75.353634,38.744774],[-75.356107,38.743734],[-75.358099,38.744954],[-75.355329,38.750148],[-75.355172,38.750362],[-75.370807,38.75395],[-75.372866,38.753546],[-75.379694,38.749991],[-75.381938,38.749366],[-75.391277,38.748996],[-75.395682,38.750203],[-75.405202,38.751289],[-75.406547,38.750839],[-75.412279,38.748577],[-75.415454,38.742661],[-75.424224,38.739276],[-75.426965,38.742679],[-75.434039,38.751461],[-75.434839,38.752911]]]}},{"id":"618","type":"Feature","properties":{"GEOID":"100050501032","eb":3.03,"sv":2.63,"county":"Sussex","pop":781.0,"pm25_pct":31.0,"diesel_pct":16.0,"cancer_pct":0.0,"traffic_pct":59.0,"superfund_pct":3.0,"lowinc_pct":0.282970551,"unemp_pct":0.0,"lingiso_pct":0.0,"poc_pct":51.0,"sv_health":4.06,"efa":"Not EFA","name":"Sussex BG 501032","efa_hisp_pct":0,"efa_black_pct":0,"efa_lingiso_pct":0,"efa_lingiso_sp":null,"efa_poverty_pct":0,"efa_mhhi":91859.0,"efa_combined_minority":22.5,"efa_has_duplicate":0,"efa_mc1":0,"efa_sc1":0,"efa_mc2":0,"efa_sc2":0,"efa_mc3":0,"efa_sc3":0,"efa_mc4":0,"efa_sc4":0,"efa_mc5":0,"efa_sc5":0,"efa_has_split":0},"geometry":{"type":"Polygon","coordinates":[[[-75.412578,38.908297],[-75.409586,38.90911],[-75.407993,38.911922],[-75.407796,38.914361],[-75.407718,38.914537],[-75.407732,38.914846],[-75.407619,38.914987],[-75.407188,38.915166],[-75.407082,38.915429],[-75.407068,38.915785],[-75.408884,38.916153],[-75.408818,38.916824],[-75.408922,38.919703],[-75.40561,38.919408],[-75.404831,38.917451],[-75.402774,38.917422],[-75.399688,38.913028],[-75.397788,38.908993],[-75.39718,38.906302],[-75.397336,38.901155],[-75.397095,38.899326],[-75.396152,38.897067],[-75.395079,38.895606],[-75.393702,38.894456],[-75.388455,38.891168],[-75.388316,38.891083],[-75.387795,38.890761],[-75.382076,38.887331],[-75.376684,38.885765],[-75.374861,38.885199],[-75.377723,38.88234],[-75.379002,38.881277],[-75.385111,38.878305],[-75.390151,38.876723],[-75.391715,38.875779],[-75.39395,38.877751],[-75.399674,38.882283],[-75.400326,38.882795],[-75.398724,38.884355],[-75.398364,38.884627],[-75.397982,38.884898],[-75.39757,38.885172],[-75.396295,38.886006],[-75.3902,38.889904],[-75.391161,38.892338],[-75.39509,38.894984],[-75.397165,38.897145],[-75.399923,38.898607],[-75.40379,38.901014],[-75.404253,38.901305],[-75.407346,38.903234],[-75.409228,38.904475],[-75.410657,38.905984],[-75.412249,38.907901],[-75.412578,38.908297]]]}},{"id":"619","type":"Feature","properties":{"GEOID":"100050507031","eb":3.5,"sv":3.41,"county":"Sussex","pop":856.0,"pm25_pct":26.0,"diesel_pct":24.0,"cancer_pct":0.0,"traffic_pct":6.0,"superfund_pct":68.0,"lowinc_pct":0.323598131,"unemp_pct":0.050632911,"lingiso_pct":0.004662005,"poc_pct":40.0,"sv_health":5.1,"efa":"Moderate","name":"Sussex BG 507031","efa_hisp_pct":5.3,"efa_black_pct":6.2,"efa_lingiso_pct":0,"efa_lingiso_sp":null,"efa_poverty_pct":15.5,"efa_mhhi":62321.0,"efa_combined_minority":21.4,"efa_has_duplicate":0,"efa_mc1":1,"efa_sc1":0,"efa_mc2":0,"efa_sc2":0,"efa_mc3":0,"efa_sc3":0,"efa_mc4":0,"efa_sc4":0,"efa_mc5":0,"efa_sc5":0,"efa_has_split":0},"geometry":{"type":"Polygon","coordinates":[[[-75.291254,38.595667],[-75.290998,38.597096],[-75.2859,38.600348],[-75.281903,38.601297],[-75.280182,38.601555],[-75.262254,38.60109],[-75.2582,38.601313],[-75.240409,38.603089],[-75.226624,38.603596],[-75.222785,38.605412],[-75.221331,38.605735],[-75.213695,38.605964],[-75.211134,38.606694],[-75.198389,38.598136],[-75.19771,38.593412],[-75.195624,38.593259],[-75.191864,38.5945],[-75.188752,38.593464],[-75.18903,38.592866],[-75.184594,38.592621],[-75.181156,38.594448],[-75.177065,38.595178],[-75.179354,38.588308],[-75.182699,38.589129],[-75.187834,38.589428],[-75.195037,38.589559],[-75.198094,38.590123],[-75.208835,38.591671],[-75.212901,38.59011],[-75.217248,38.590665],[-75.218937,38.590561],[-75.222809,38.588775],[-75.225624,38.5883],[-75.231754,38.58776],[-75.23466,38.587704],[-75.236531,38.588106],[-75.237878,38.589869],[-75.240504,38.591414],[-75.244702,38.591578],[-75.245909,38.591327],[-75.250201,38.588233],[-75.25404,38.586833],[-75.255428,38.583714],[-75.2583,38.583157],[-75.260864,38.584507],[-75.264356,38.585486],[-75.272886,38.586341],[-75.275901,38.585967],[-75.276505,38.5864],[-75.276942,38.592355],[-75.279187,38.592881],[-75.281635,38.593707],[-75.282266,38.593769],[-75.282824,38.593873],[-75.28711,38.595795],[-75.289214,38.595264],[-75.289249,38.594795],[-75.290996,38.594461],[-75.291146,38.595067],[-75.291254,38.595667]]]}},{"id":"620","type":"Feature","properties":{"GEOID":"100050512021","eb":1.68,"sv":2.03,"county":"Sussex","pop":827.0,"pm25_pct":3.0,"diesel_pct":29.0,"cancer_pct":0.0,"traffic_pct":38.0,"superfund_pct":12.0,"lowinc_pct":0.109919571,"unemp_pct":0.0,"lingiso_pct":0.012690355,"poc_pct":30.0,"sv_health":3.55,"efa":"Not EFA","name":"Sussex BG 512021","efa_hisp_pct":1.9,"efa_black_pct":2.0,"efa_lingiso_pct":1.6,"efa_lingiso_sp":100.0,"efa_poverty_pct":4.5,"efa_mhhi":90375.0,"efa_combined_minority":15.4,"efa_has_duplicate":0,"efa_mc1":0,"efa_sc1":0,"efa_mc2":0,"efa_sc2":0,"efa_mc3":0,"efa_sc3":0,"efa_mc4":0,"efa_sc4":0,"efa_mc5":0,"efa_sc5":0,"efa_has_split":0},"geometry":{"type":"Polygon","coordinates":[[[-75.086396,38.55238],[-75.084086,38.55585],[-75.072525,38.555876],[-75.068562,38.555459],[-75.060118,38.555734],[-75.058912,38.547076],[-75.059908,38.545085],[-75.05995,38.544968],[-75.060077,38.544244],[-75.059418,38.538246],[-75.061624,38.538463],[-75.06662,38.539375],[-75.080713,38.542599],[-75.081721,38.544296],[-75.081736,38.544409],[-75.083024,38.546443],[-75.086461,38.552286],[-75.086396,38.55238]]]}},{"id":"621","type":"Feature","properties":{"GEOID":"100030105024","eb":6.95,"sv":2.45,"county":"New Castle","pop":1754.0,"pm25_pct":91.0,"diesel_pct":71.0,"cancer_pct":51.0,"traffic_pct":92.0,"superfund_pct":46.0,"lowinc_pct":0.378476421,"unemp_pct":0.037601626,"lingiso_pct":0.015015015,"poc_pct":76.0,"sv_health":3.72,"efa":"Not EFA","name":"New Castle BG 105024","efa_hisp_pct":4.7,"efa_black_pct":20.9,"efa_lingiso_pct":2.3,"efa_lingiso_sp":0,"efa_poverty_pct":8.0,"efa_mhhi":74539.0,"efa_combined_minority":53.9,"efa_has_duplicate":0,"efa_mc1":0,"efa_sc1":0,"efa_mc2":0,"efa_sc2":0,"efa_mc3":0,"efa_sc3":0,"efa_mc4":0,"efa_sc4":0,"efa_mc5":0,"efa_sc5":0,"efa_has_split":0},"geometry":{"type":"Polygon","coordinates":[[[-75.497363,39.761331],[-75.49674,39.761932],[-75.493064,39.765392],[-75.491905,39.766474],[-75.490878,39.767643],[-75.488031,39.767093],[-75.485605,39.767058],[-75.48116,39.774643],[-75.48001,39.773918],[-75.4719915820485,39.7813880156216],[-75.4780526822642,39.7725541035414],[-75.4897514259047,39.7555034577691],[-75.489888,39.755585],[-75.491556,39.755167],[-75.493658,39.752587],[-75.497634,39.75381],[-75.495513,39.755569],[-75.498206,39.755246],[-75.494284,39.756591],[-75.493266,39.757099],[-75.4987,39.760294],[-75.497363,39.761331]]]}},{"id":"622","type":"Feature","properties":{"GEOID":"100030148093","eb":5.18,"sv":2.2,"county":"New Castle","pop":951.0,"pm25_pct":49.0,"diesel_pct":53.0,"cancer_pct":51.0,"traffic_pct":36.0,"superfund_pct":85.0,"lowinc_pct":0.112513144,"unemp_pct":0.090206186,"lingiso_pct":0.043256997,"poc_pct":73.0,"sv_health":3.82,"efa":"Not EFA","name":"New Castle BG 148093","efa_hisp_pct":0,"efa_black_pct":22.6,"efa_lingiso_pct":5.8,"efa_lingiso_sp":0,"efa_poverty_pct":0,"efa_mhhi":77554.0,"efa_combined_minority":33.9,"efa_has_duplicate":0,"efa_mc1":0,"efa_sc1":0,"efa_mc2":0,"efa_sc2":0,"efa_mc3":0,"efa_sc3":0,"efa_mc4":0,"efa_sc4":0,"efa_mc5":0,"efa_sc5":0,"efa_has_split":0},"geometry":{"type":"Polygon","coordinates":[[[-75.696739,39.571671],[-75.693456,39.586417],[-75.690575,39.599332],[-75.681318,39.5936],[-75.678523,39.592299],[-75.684069,39.58589],[-75.68455,39.585381],[-75.69193,39.57625],[-75.692324,39.575863],[-75.69657,39.571833],[-75.696739,39.571671]]]}},{"id":"623","type":"Feature","properties":{"GEOID":"100050510151","eb":1.5,"sv":2.58,"county":"Sussex","pop":1423.0,"pm25_pct":17.0,"diesel_pct":17.0,"cancer_pct":0.0,"traffic_pct":28.0,"superfund_pct":11.0,"lowinc_pct":0.290934645,"unemp_pct":0.0,"lingiso_pct":0.0,"poc_pct":39.0,"sv_health":3.92,"efa":"Not EFA","name":"Sussex BG 510151","efa_hisp_pct":8.5,"efa_black_pct":4.5,"efa_lingiso_pct":0,"efa_lingiso_sp":null,"efa_poverty_pct":4.6,"efa_mhhi":112500.0,"efa_combined_minority":16.0,"efa_has_duplicate":0,"efa_mc1":0,"efa_sc1":0,"efa_mc2":0,"efa_sc2":0,"efa_mc3":0,"efa_sc3":0,"efa_mc4":0,"efa_sc4":0,"efa_mc5":0,"efa_sc5":0,"efa_has_split":0},"geometry":{"type":"Polygon","coordinates":[[[-75.162068,38.703269],[-75.16017,38.704639],[-75.146399,38.720243],[-75.142649,38.723737],[-75.133888,38.731644],[-75.133265,38.731178],[-75.129144,38.727926],[-75.130172,38.726753],[-75.131632,38.721485],[-75.13243,38.718722],[-75.133284,38.713215],[-75.134201,38.709687],[-75.13317,38.705242],[-75.133372,38.7018],[-75.130854,38.697013],[-75.131371,38.694444],[-75.128512,38.688333],[-75.126748,38.683133],[-75.124778,38.680439],[-75.136844,38.680434],[-75.137459,38.681686],[-75.141431,38.68544],[-75.143226,38.686338],[-75.143792,38.687849],[-75.148862,38.692106],[-75.1551,38.695511],[-75.157959,38.698061],[-75.158849,38.697649],[-75.160314,38.699765],[-75.160881,38.70183],[-75.162068,38.703269]]]}},{"id":"624","type":"Feature","properties":{"GEOID":"100030136101","eb":4.19,"sv":1.61,"county":"New Castle","pop":1364.0,"pm25_pct":62.0,"diesel_pct":46.0,"cancer_pct":51.0,"traffic_pct":26.0,"superfund_pct":40.0,"lowinc_pct":0.019061584,"unemp_pct":0.058536585,"lingiso_pct":0.0,"poc_pct":17.0,"sv_health":3.09,"efa":"Not EFA","name":"New Castle BG 136101","efa_hisp_pct":0,"efa_black_pct":0.2,"efa_lingiso_pct":0,"efa_lingiso_sp":null,"efa_poverty_pct":0,"efa_mhhi":153678.0,"efa_combined_minority":9.1,"efa_has_duplicate":0,"efa_mc1":0,"efa_sc1":0,"efa_mc2":0,"efa_sc2":0,"efa_mc3":0,"efa_sc3":0,"efa_mc4":0,"efa_sc4":0,"efa_mc5":0,"efa_sc5":0,"efa_has_split":0},"geometry":{"type":"Polygon","coordinates":[[[-75.767232,39.725943],[-75.765201,39.728494],[-75.763589,39.728485],[-75.762556,39.729954],[-75.760772,39.729422],[-75.759728,39.73281],[-75.757196,39.732762],[-75.75537,39.729012],[-75.750067,39.73072],[-75.749165,39.731437],[-75.743167,39.733399],[-75.741365,39.733448],[-75.738665,39.732668],[-75.735391,39.732866],[-75.730315,39.736889],[-75.72674,39.740411],[-75.72475,39.739365],[-75.720404,39.73728],[-75.718836,39.735823],[-75.715428,39.732937],[-75.713305,39.729372],[-75.712749,39.72824],[-75.711552,39.719464],[-75.717626,39.720095],[-75.716988,39.719347],[-75.718885,39.715194],[-75.718271,39.71379],[-75.718087,39.7128],[-75.720071,39.712091],[-75.722381,39.709718],[-75.722366,39.708833],[-75.720531,39.708202],[-75.720501,39.7045],[-75.719946,39.703968],[-75.719318,39.698673],[-75.720226,39.695429],[-75.727152,39.701558],[-75.73307,39.707955],[-75.734435,39.709527],[-75.73687,39.713217],[-75.738167,39.714497],[-75.738608,39.714738],[-75.739349,39.715068],[-75.740837,39.715487],[-75.742265,39.71282],[-75.742509,39.712432],[-75.744636,39.709937],[-75.746555,39.703604],[-75.749896,39.697519],[-75.750718,39.695498],[-75.748756,39.68943],[-75.752882,39.68969],[-75.753622,39.690526],[-75.755693,39.692769],[-75.754228,39.695313],[-75.753326,39.696152],[-75.752464,39.698287],[-75.752792,39.702034],[-75.754265,39.702679],[-75.75663,39.705139],[-75.759506,39.708752],[-75.759743,39.71109],[-75.759285,39.713657],[-75.758006,39.715878],[-75.758395,39.716529],[-75.761861,39.719091],[-75.764156,39.720182],[-75.765281,39.724296],[-75.766862,39.724878],[-75.767232,39.725943]]]}},{"id":"625","type":"Feature","properties":{"GEOID":"100050513101","eb":1.4,"sv":2.67,"county":"Sussex","pop":1866.0,"pm25_pct":4.0,"diesel_pct":5.0,"cancer_pct":0.0,"traffic_pct":10.0,"superfund_pct":13.0,"lowinc_pct":0.145230439,"unemp_pct":0.024759285,"lingiso_pct":0.0,"poc_pct":22.0,"sv_health":3.92,"efa":"Not EFA","name":"Sussex BG 513101","efa_hisp_pct":2.4,"efa_black_pct":7.1,"efa_lingiso_pct":0,"efa_lingiso_sp":null,"efa_poverty_pct":3.5,"efa_mhhi":107000.0,"efa_combined_minority":12.8,"efa_has_duplicate":0,"efa_mc1":0,"efa_sc1":0,"efa_mc2":0,"efa_sc2":0,"efa_mc3":0,"efa_sc3":0,"efa_mc4":0,"efa_sc4":0,"efa_mc5":0,"efa_sc5":0,"efa_has_split":0},"geometry":{"type":"Polygon","coordinates":[[[-75.140342,38.478203],[-75.138664,38.480338],[-75.137604,38.48532],[-75.132654,38.490287],[-75.130675,38.493131],[-75.131824,38.496652],[-75.131507,38.500236],[-75.131138,38.501933],[-75.126587,38.503964],[-75.125854,38.504692],[-75.123186,38.504983],[-75.12181,38.503547],[-75.118736,38.501687],[-75.115653,38.501065],[-75.112368,38.499222],[-75.10807,38.497408],[-75.104936,38.496785],[-75.104614,38.493742],[-75.109347,38.494045],[-75.113222,38.486719],[-75.114181,38.48561],[-75.118031,38.486977],[-75.117876,38.484437],[-75.118712,38.482799],[-75.11724,38.483083],[-75.114205,38.481124],[-75.111529,38.480525],[-75.106829,38.482005],[-75.104534,38.483428],[-75.103556,38.486503],[-75.098795,38.487296],[-75.097516,38.484181],[-75.095553,38.48414],[-75.093715,38.485103],[-75.091434,38.484475],[-75.092819,38.483421],[-75.092534,38.482952],[-75.094584,38.482991],[-75.097699,38.478396],[-75.098732,38.472354],[-75.101201,38.473162],[-75.111298,38.472318],[-75.11584,38.469823],[-75.117534,38.471401],[-75.126272,38.474353],[-75.136979,38.47614],[-75.137951,38.475449],[-75.139458,38.475213],[-75.140467,38.477468],[-75.140342,38.478203]]]}},{"id":"626","type":"Feature","properties":{"GEOID":"100010401002","eb":1.16,"sv":2.78,"county":"Kent","pop":2305.0,"pm25_pct":0.0,"diesel_pct":15.0,"cancer_pct":0.0,"traffic_pct":0.0,"superfund_pct":25.0,"lowinc_pct":0.385249458,"unemp_pct":0.087169442,"lingiso_pct":0.018726592,"poc_pct":45.0,"sv_health":4.56,"efa":"Moderate","name":"Kent BG 401002","efa_hisp_pct":12.0,"efa_black_pct":11.5,"efa_lingiso_pct":1.5,"efa_lingiso_sp":0,"efa_poverty_pct":24.5,"efa_mhhi":66674.0,"efa_combined_minority":24.2,"efa_has_duplicate":0,"efa_mc1":0,"efa_sc1":0,"efa_mc2":0,"efa_sc2":0,"efa_mc3":1,"efa_sc3":0,"efa_mc4":0,"efa_sc4":0,"efa_mc5":0,"efa_sc5":0,"efa_has_split":0},"geometry":{"type":"Polygon","coordinates":[[[-75.742497,39.200799],[-75.738909,39.201833],[-75.724549,39.209892],[-75.715028,39.214432],[-75.712625,39.21538],[-75.708892,39.216007],[-75.705476,39.215897],[-75.699567,39.215123],[-75.69636,39.215091],[-75.692419,39.216573],[-75.688261,39.219745],[-75.686421,39.220631],[-75.68293,39.221244],[-75.67267,39.222216],[-75.670342,39.223072],[-75.65978,39.20928],[-75.65862,39.208051],[-75.649203,39.203044],[-75.646159,39.205495],[-75.636691,39.207862],[-75.631657,39.212884],[-75.629671,39.215867],[-75.626915,39.214966],[-75.625066,39.214319],[-75.623624,39.21373],[-75.620695,39.212652],[-75.610035,39.212141],[-75.605246,39.212016],[-75.604108,39.212182],[-75.605038,39.210215],[-75.605849,39.209521],[-75.610886,39.205801],[-75.617898,39.199919],[-75.619217,39.198072],[-75.622095,39.193322],[-75.623804,39.188105],[-75.624557,39.186916],[-75.626445,39.18581],[-75.629058,39.185626],[-75.636014,39.186989],[-75.639011,39.187107],[-75.644692,39.185668],[-75.646232,39.184912],[-75.647183,39.18384],[-75.651041,39.173467],[-75.659251,39.174698],[-75.672147,39.179297],[-75.70042,39.192491],[-75.701798,39.193001],[-75.705335,39.19256],[-75.708598,39.191326],[-75.719134,39.190093],[-75.724017,39.186804],[-75.72447,39.186444],[-75.724995,39.186194],[-75.72673,39.185461],[-75.727818,39.185143],[-75.733159,39.18404],[-75.734144,39.18333],[-75.739127,39.186513],[-75.741194,39.188034],[-75.741869,39.189086],[-75.746228,39.200309],[-75.742497,39.200799]]]}},{"id":"627","type":"Feature","properties":{"GEOID":"100030166082","eb":3.07,"sv":2.2,"county":"New Castle","pop":5553.0,"pm25_pct":46.0,"diesel_pct":45.0,"cancer_pct":0.0,"traffic_pct":22.0,"superfund_pct":28.0,"lowinc_pct":0.107399889,"unemp_pct":0.035856574,"lingiso_pct":0.0,"poc_pct":63.0,"sv_health":3.44,"efa":"Not EFA","name":"New Castle BG 166082","efa_hisp_pct":8.3,"efa_black_pct":20.8,"efa_lingiso_pct":0.8,"efa_lingiso_sp":0,"efa_poverty_pct":3.5,"efa_mhhi":107308.0,"efa_combined_minority":43.2,"efa_has_duplicate":0,"efa_mc1":0,"efa_sc1":0,"efa_mc2":0,"efa_sc2":0,"efa_mc3":0,"efa_sc3":0,"efa_mc4":0,"efa_sc4":0,"efa_mc5":0,"efa_sc5":0,"efa_has_split":0},"geometry":{"type":"Polygon","coordinates":[[[-75.651613,39.477016],[-75.649724,39.496031],[-75.649514,39.499955],[-75.637279,39.501828],[-75.632236,39.504536],[-75.630487,39.506962],[-75.621927,39.511956],[-75.615329,39.515039],[-75.59803,39.51916],[-75.592988,39.519736],[-75.590856,39.519452],[-75.584494,39.518245],[-75.5728617838116,39.5160342206675],[-75.574503,39.512517],[-75.5754113409273,39.5109559505635],[-75.576436,39.509195],[-75.5811408591293,39.5038448006784],[-75.5865544015337,39.497688711813],[-75.587729,39.496353],[-75.587729,39.4957407450199],[-75.587729,39.495369],[-75.587814,39.490327],[-75.593068,39.479186],[-75.593068,39.477996],[-75.592329,39.467578],[-75.589901,39.462022],[-75.589439,39.460812],[-75.580185,39.450786],[-75.5795930686755,39.4494326149262],[-75.580843,39.448998],[-75.582558,39.44672],[-75.585037,39.448456],[-75.590889,39.447968],[-75.590973,39.446472],[-75.592216,39.445595],[-75.59465,39.445377],[-75.595901,39.446194],[-75.596024,39.447941],[-75.597321,39.448029],[-75.599754,39.446678],[-75.600937,39.44698],[-75.606155,39.449825],[-75.607567,39.451775],[-75.609123,39.452709],[-75.61158,39.453197],[-75.611664,39.456135],[-75.609955,39.458263],[-75.608849,39.462357],[-75.612091,39.465225],[-75.616573,39.467228],[-75.618654,39.467491],[-75.620861,39.466332],[-75.623504,39.467397],[-75.625741,39.466276],[-75.625642,39.464606],[-75.624523,39.462925],[-75.626451,39.462273],[-75.630216,39.463279],[-75.63421,39.463241],[-75.635114,39.461914],[-75.635735,39.461773],[-75.638604,39.46301],[-75.639122,39.464771],[-75.638094,39.465398],[-75.639307,39.466955],[-75.637518,39.465987],[-75.636523,39.466686],[-75.637539,39.470016],[-75.639273,39.472128],[-75.641386,39.471026],[-75.640149,39.470061],[-75.642601,39.469611],[-75.645171,39.46805],[-75.64559,39.469158],[-75.643889,39.470576],[-75.646118,39.470861],[-75.646588,39.471929],[-75.648544,39.470371],[-75.651289,39.47257],[-75.651613,39.477016]]]}},{"id":"628","type":"Feature","properties":{"GEOID":"100050510131","eb":1.9,"sv":2.45,"county":"Sussex","pop":2260.0,"pm25_pct":25.0,"diesel_pct":7.0,"cancer_pct":0.0,"traffic_pct":0.0,"superfund_pct":28.0,"lowinc_pct":0.149115044,"unemp_pct":0.150129422,"lingiso_pct":0.002145923,"poc_pct":28.0,"sv_health":4.23,"efa":"Not EFA","name":"Sussex BG 510131","efa_hisp_pct":5.9,"efa_black_pct":1.8,"efa_lingiso_pct":0.2,"efa_lingiso_sp":0,"efa_poverty_pct":5.9,"efa_mhhi":96116.0,"efa_combined_minority":17.1,"efa_has_duplicate":0,"efa_mc1":0,"efa_sc1":0,"efa_mc2":0,"efa_sc2":0,"efa_mc3":0,"efa_sc3":0,"efa_mc4":0,"efa_sc4":0,"efa_mc5":0,"efa_sc5":0,"efa_has_split":0},"geometry":{"type":"Polygon","coordinates":[[[-75.222616,38.663349],[-75.22138,38.666455],[-75.221222,38.667735],[-75.221716,38.675408],[-75.221677,38.677934],[-75.217478,38.686045],[-75.216672,38.688631],[-75.211652,38.68708],[-75.211378,38.687084],[-75.206612,38.687835],[-75.200226,38.688164],[-75.19823,38.685838],[-75.196267,38.679139],[-75.194599,38.679199],[-75.188232,38.675596],[-75.184576,38.67424],[-75.185959,38.671637],[-75.18829,38.668695],[-75.189142,38.66703],[-75.189438,38.66576],[-75.189343,38.659033],[-75.189197,38.654636],[-75.189317,38.653741],[-75.193626,38.637559],[-75.194307,38.635805],[-75.196086,38.636427],[-75.207483,38.643378],[-75.208708,38.644309],[-75.214684,38.649808],[-75.216215,38.651381],[-75.219113,38.65674],[-75.222421,38.663091],[-75.222616,38.663349]]]}},{"id":"629","type":"Feature","properties":{"GEOID":"100030168063","eb":2.18,"sv":1.95,"county":"New Castle","pop":2257.0,"pm25_pct":3.0,"diesel_pct":25.0,"cancer_pct":0.0,"traffic_pct":22.0,"superfund_pct":7.0,"lowinc_pct":0.150466045,"unemp_pct":0.029235382,"lingiso_pct":0.011347518,"poc_pct":68.0,"sv_health":3.28,"efa":"Not EFA","name":"New Castle BG 168063","efa_hisp_pct":3.6,"efa_black_pct":30.3,"efa_lingiso_pct":0.7,"efa_lingiso_sp":0,"efa_poverty_pct":1.5,"efa_mhhi":124886.0,"efa_combined_minority":49.2,"efa_has_duplicate":0,"efa_mc1":0,"efa_sc1":0,"efa_mc2":0,"efa_sc2":0,"efa_mc3":0,"efa_sc3":0,"efa_mc4":0,"efa_sc4":0,"efa_mc5":0,"efa_sc5":0,"efa_has_split":0},"geometry":{"type":"Polygon","coordinates":[[[-75.71574,39.387452],[-75.708749,39.388351],[-75.701374,39.390797],[-75.69803,39.39239],[-75.694367,39.394141],[-75.696202,39.396538],[-75.696379,39.396675],[-75.696996,39.397231],[-75.698107,39.398287],[-75.704363,39.403017],[-75.700894,39.406726],[-75.699739,39.407077],[-75.699058,39.408326],[-75.697428,39.407303],[-75.692644,39.405001],[-75.692145,39.404655],[-75.691721,39.404296],[-75.691338,39.40394],[-75.691194,39.403783],[-75.690707,39.40322],[-75.690199,39.402581],[-75.684514,39.399492],[-75.683434,39.398285],[-75.683163,39.397883],[-75.681255,39.396871],[-75.675811,39.3921],[-75.672375,39.388493],[-75.668778,39.385422],[-75.668706,39.38534],[-75.675538,39.379271],[-75.692148,39.377023],[-75.695255,39.375427],[-75.697665,39.372577],[-75.699554,39.369014],[-75.707693,39.381564],[-75.711017,39.383992],[-75.712361,39.385605],[-75.71574,39.387452]]]}},{"id":"630","type":"Feature","properties":{"GEOID":"100030168082","eb":2.84,"sv":2.17,"county":"New Castle","pop":585.0,"pm25_pct":23.0,"diesel_pct":41.0,"cancer_pct":0.0,"traffic_pct":29.0,"superfund_pct":13.0,"lowinc_pct":0.14507772,"unemp_pct":0.075,"lingiso_pct":0.0,"poc_pct":83.0,"sv_health":3.15,"efa":"Not EFA","name":"New Castle BG 168082","efa_hisp_pct":6.2,"efa_black_pct":56.6,"efa_lingiso_pct":0,"efa_lingiso_sp":null,"efa_poverty_pct":0,"efa_mhhi":null,"efa_combined_minority":64.9,"efa_has_duplicate":0,"efa_mc1":0,"efa_sc1":0,"efa_mc2":0,"efa_sc2":0,"efa_mc3":0,"efa_sc3":0,"efa_mc4":0,"efa_sc4":0,"efa_mc5":0,"efa_sc5":0,"efa_has_split":0},"geometry":{"type":"Polygon","coordinates":[[[-75.713311,39.437285],[-75.712051,39.437866],[-75.710805,39.437828],[-75.709693,39.437659],[-75.708891,39.437334],[-75.708371,39.436657],[-75.70716,39.436432],[-75.706369,39.436343],[-75.702266,39.436787],[-75.694785,39.437516],[-75.693377,39.437978],[-75.689545,39.438538],[-75.687065,39.438278],[-75.684898,39.439297],[-75.676393,39.438736],[-75.672981,39.44062],[-75.668718,39.439345],[-75.665516,39.4382],[-75.666019,39.43953],[-75.664121,39.441715],[-75.664322,39.443453],[-75.66338,39.444311],[-75.662806,39.442103],[-75.660428,39.438151],[-75.65995,39.434482],[-75.658097,39.427725],[-75.657725,39.422263],[-75.658907,39.417609],[-75.659256,39.415359],[-75.661782,39.406605],[-75.662195,39.399402],[-75.665208,39.38058],[-75.666214,39.382067],[-75.668706,39.38534],[-75.668778,39.385422],[-75.672375,39.388493],[-75.675811,39.3921],[-75.681255,39.396871],[-75.683163,39.397883],[-75.683434,39.398285],[-75.684514,39.399492],[-75.690199,39.402581],[-75.690707,39.40322],[-75.691194,39.403783],[-75.691338,39.40394],[-75.691721,39.404296],[-75.692145,39.404655],[-75.692644,39.405001],[-75.697428,39.407303],[-75.699058,39.408326],[-75.703693,39.413181],[-75.704947,39.416309],[-75.705244,39.417645],[-75.706027,39.421899],[-75.709321,39.430525],[-75.709593,39.431005],[-75.711787,39.434538],[-75.712319,39.435465],[-75.713311,39.437285]]]}},{"id":"631","type":"Feature","properties":{"GEOID":"100030148121","eb":4.51,"sv":2.07,"county":"New Castle","pop":1797.0,"pm25_pct":47.0,"diesel_pct":54.0,"cancer_pct":0.0,"traffic_pct":64.0,"superfund_pct":80.0,"lowinc_pct":0.109721433,"unemp_pct":0.071302817,"lingiso_pct":0.0,"poc_pct":72.0,"sv_health":3.19,"efa":"Not EFA","name":"New Castle BG 148121","efa_hisp_pct":0,"efa_black_pct":52.5,"efa_lingiso_pct":0,"efa_lingiso_sp":null,"efa_poverty_pct":9.2,"efa_mhhi":111193.0,"efa_combined_minority":56.7,"efa_has_duplicate":0,"efa_mc1":0,"efa_sc1":0,"efa_mc2":0,"efa_sc2":0,"efa_mc3":0,"efa_sc3":0,"efa_mc4":0,"efa_sc4":0,"efa_mc5":0,"efa_sc5":0,"efa_has_split":0},"geometry":{"type":"Polygon","coordinates":[[[-75.7850388190259,39.6062182015777],[-75.783193,39.606461],[-75.774613,39.605229],[-75.773606,39.597532],[-75.774108,39.5947],[-75.770387,39.587845],[-75.770174,39.585867],[-75.770023,39.584309],[-75.766258,39.58006],[-75.773826,39.577271],[-75.774868,39.57564],[-75.777875,39.573911],[-75.7824600411789,39.5722880925958],[-75.782823521373,39.5770705606221],[-75.7838422088504,39.5904738776889],[-75.7838424502394,39.5904770537489],[-75.7843181210524,39.5967356628578],[-75.7850388190259,39.6062182015777]]]}},{"id":"632","type":"Feature","properties":{"GEOID":"100030168062","eb":2.3,"sv":2.22,"county":"New Castle","pop":1463.0,"pm25_pct":3.0,"diesel_pct":25.0,"cancer_pct":0.0,"traffic_pct":9.0,"superfund_pct":13.0,"lowinc_pct":0.180451128,"unemp_pct":0.25890411,"lingiso_pct":0.0,"poc_pct":89.0,"sv_health":3.28,"efa":"Not EFA","name":"New Castle BG 168062","efa_hisp_pct":1.5,"efa_black_pct":30.0,"efa_lingiso_pct":0,"efa_lingiso_sp":null,"efa_poverty_pct":14.9,"efa_mhhi":131953.0,"efa_combined_minority":75.7,"efa_has_duplicate":0,"efa_mc1":1,"efa_sc1":0,"efa_mc2":0,"efa_sc2":0,"efa_mc3":0,"efa_sc3":0,"efa_mc4":0,"efa_sc4":0,"efa_mc5":0,"efa_sc5":0,"efa_has_split":0},"geometry":{"type":"Polygon","coordinates":[[[-75.7698305587626,39.4159893684849],[-75.766588,39.415091],[-75.748855,39.410249],[-75.743114,39.419195],[-75.741952,39.421018],[-75.741702,39.421616],[-75.739969,39.425937],[-75.73992,39.42636],[-75.741104,39.428852],[-75.740409,39.429007],[-75.738517,39.428299],[-75.73645,39.427764],[-75.729515,39.425367],[-75.727698,39.425418],[-75.727457,39.424446],[-75.719623,39.41378],[-75.729122,39.409722],[-75.730614,39.409069],[-75.733313,39.407983],[-75.73349,39.407861],[-75.734459,39.406386],[-75.736694,39.403045],[-75.723144,39.393586],[-75.719924,39.391545],[-75.718108,39.390944],[-75.71574,39.387452],[-75.718603,39.3871],[-75.721081,39.386162],[-75.725636,39.38317],[-75.726527,39.382164],[-75.727999,39.379017],[-75.729156,39.377937],[-75.736989,39.375081],[-75.739515,39.374979],[-75.748958,39.376279],[-75.751059,39.376132],[-75.765336,39.366998],[-75.765847374248,39.3671747047822],[-75.766667,39.377216],[-75.7666931907181,39.377537],[-75.767981329647,39.3933247533183],[-75.7698305587626,39.4159893684849]]]}},{"id":"633","type":"Feature","properties":{"GEOID":"100030166111","eb":3.41,"sv":2.03,"county":"New Castle","pop":2177.0,"pm25_pct":46.0,"diesel_pct":44.0,"cancer_pct":0.0,"traffic_pct":25.0,"superfund_pct":43.0,"lowinc_pct":0.233348645,"unemp_pct":0.082329317,"lingiso_pct":0.0,"poc_pct":56.0,"sv_health":2.99,"efa":"Not EFA","name":"New Castle BG 166111","efa_hisp_pct":1.3,"efa_black_pct":35.2,"efa_lingiso_pct":0,"efa_lingiso_sp":null,"efa_poverty_pct":2.8,"efa_mhhi":103595.0,"efa_combined_minority":39.1,"efa_has_duplicate":0,"efa_mc1":0,"efa_sc1":0,"efa_mc2":0,"efa_sc2":0,"efa_mc3":0,"efa_sc3":0,"efa_mc4":0,"efa_sc4":0,"efa_mc5":0,"efa_sc5":0,"efa_has_split":0},"geometry":{"type":"Polygon","coordinates":[[[-75.703302,39.542448],[-75.7031,39.543333],[-75.69487,39.542496],[-75.692673,39.542418],[-75.686307,39.541973],[-75.682741,39.54212],[-75.672204,39.544159],[-75.664432,39.545544],[-75.656238,39.549936],[-75.656077,39.550028],[-75.65104,39.552644],[-75.64898,39.548977],[-75.648739,39.546578],[-75.648967,39.535731],[-75.656495,39.533694],[-75.658603,39.53064],[-75.658788,39.528663],[-75.664906,39.525094],[-75.667698,39.523189],[-75.668733,39.522055],[-75.670273,39.520976],[-75.677529,39.514221],[-75.678734,39.513747],[-75.681593,39.50788],[-75.683267,39.503455],[-75.6845,39.503814],[-75.691399,39.50608],[-75.692826,39.506934],[-75.695528,39.50939],[-75.698234,39.510854],[-75.700604,39.511317],[-75.710266,39.511179],[-75.703302,39.542448]]]}},{"id":"634","type":"Feature","properties":{"GEOID":"100030110001","eb":6.3,"sv":1.84,"county":"New Castle","pop":935.0,"pm25_pct":92.0,"diesel_pct":70.0,"cancer_pct":51.0,"traffic_pct":70.0,"superfund_pct":41.0,"lowinc_pct":0.060962567,"unemp_pct":0.014897579,"lingiso_pct":0.0,"poc_pct":18.0,"sv_health":3.21,"efa":"Not EFA","name":"New Castle BG 110001","efa_hisp_pct":2.7,"efa_black_pct":27.8,"efa_lingiso_pct":0,"efa_lingiso_sp":null,"efa_poverty_pct":0,"efa_mhhi":148854.0,"efa_combined_minority":33.5,"efa_has_duplicate":0,"efa_mc1":0,"efa_sc1":0,"efa_mc2":0,"efa_sc2":0,"efa_mc3":0,"efa_sc3":0,"efa_mc4":0,"efa_sc4":0,"efa_mc5":0,"efa_sc5":0,"efa_has_split":0},"geometry":{"type":"Polygon","coordinates":[[[-75.506779,39.775772],[-75.506377,39.780922],[-75.501848,39.783506],[-75.496059,39.788151],[-75.49121,39.792331],[-75.490472,39.793225],[-75.487204,39.788949],[-75.485479,39.785282],[-75.481301,39.782741],[-75.48631,39.779501],[-75.489051,39.777742],[-75.49793,39.771786],[-75.499029,39.771248],[-75.502619,39.769626],[-75.503171,39.769379],[-75.50668,39.772826],[-75.507377,39.77335],[-75.506779,39.775772]]]}},{"id":"635","type":"Feature","properties":{"GEOID":"100030168081","eb":2.35,"sv":1.91,"county":"New Castle","pop":1287.0,"pm25_pct":23.0,"diesel_pct":41.0,"cancer_pct":0.0,"traffic_pct":11.0,"superfund_pct":10.0,"lowinc_pct":0.057498058,"unemp_pct":0.0,"lingiso_pct":0.0,"poc_pct":43.0,"sv_health":3.15,"efa":"Not EFA","name":"New Castle BG 168081","efa_hisp_pct":6.2,"efa_black_pct":14.8,"efa_lingiso_pct":0,"efa_lingiso_sp":null,"efa_poverty_pct":2.3,"efa_mhhi":93242.0,"efa_combined_minority":26.0,"efa_has_duplicate":0,"efa_mc1":0,"efa_sc1":0,"efa_mc2":0,"efa_sc2":0,"efa_mc3":0,"efa_sc3":0,"efa_mc4":0,"efa_sc4":0,"efa_mc5":0,"efa_sc5":0,"efa_has_split":0},"geometry":{"type":"Polygon","coordinates":[[[-75.649063,39.414395],[-75.64591,39.413798],[-75.63427,39.415852],[-75.628259,39.414603],[-75.622431,39.405002],[-75.628051,39.40247],[-75.628679,39.402975],[-75.633755,39.402808],[-75.638946,39.403123],[-75.639551,39.407095],[-75.638794,39.408922],[-75.642385,39.408595],[-75.643802,39.406594],[-75.645198,39.406193],[-75.645835,39.407663],[-75.647647,39.406962],[-75.649063,39.414395]]]}},{"id":"636","type":"Feature","properties":{"GEOID":"100050513131","eb":1.87,"sv":2.14,"county":"Sussex","pop":612.0,"pm25_pct":5.0,"diesel_pct":14.0,"cancer_pct":0.0,"traffic_pct":49.0,"superfund_pct":17.0,"lowinc_pct":0.045977011,"unemp_pct":0.0,"lingiso_pct":0.0,"poc_pct":23.0,"sv_health":4.38,"efa":"Not EFA","name":"Sussex BG 513131","efa_hisp_pct":4.4,"efa_black_pct":0,"efa_lingiso_pct":0,"efa_lingiso_sp":null,"efa_poverty_pct":0.6,"efa_mhhi":95568.0,"efa_combined_minority":12.6,"efa_has_duplicate":0,"efa_mc1":0,"efa_sc1":0,"efa_mc2":0,"efa_sc2":0,"efa_mc3":0,"efa_sc3":0,"efa_mc4":0,"efa_sc4":0,"efa_mc5":0,"efa_sc5":0,"efa_has_split":0},"geometry":{"type":"Polygon","coordinates":[[[-75.1235,38.553482],[-75.122311,38.5535],[-75.121513,38.553498],[-75.121414,38.552624],[-75.121099,38.552454],[-75.119934,38.55231],[-75.118433,38.552274],[-75.115851,38.550468],[-75.114296,38.550201],[-75.113616,38.549749],[-75.113546,38.549509],[-75.112618,38.549014],[-75.111995,38.549102],[-75.111386,38.548976],[-75.110596,38.549053],[-75.109575,38.549553],[-75.106881,38.549844],[-75.103144,38.551127],[-75.102576,38.551179],[-75.098747,38.552856],[-75.095709,38.55328],[-75.09604,38.553519],[-75.089356,38.557315],[-75.087917,38.554709],[-75.086461,38.552286],[-75.089594,38.547714],[-75.090952,38.544249],[-75.093925,38.54334],[-75.095384,38.542638],[-75.09404,38.544787],[-75.099832,38.545632],[-75.100951,38.545853],[-75.108979,38.54747],[-75.117309,38.548004],[-75.123293,38.549749],[-75.123374,38.551443],[-75.1235,38.553482]]]}},{"id":"637","type":"Feature","properties":{"GEOID":"100030111001","eb":6.3,"sv":1.85,"county":"New Castle","pop":2843.0,"pm25_pct":96.0,"diesel_pct":77.0,"cancer_pct":51.0,"traffic_pct":54.0,"superfund_pct":37.0,"lowinc_pct":0.13506859,"unemp_pct":0.018789144,"lingiso_pct":0.007659574,"poc_pct":21.0,"sv_health":3.56,"efa":"Not EFA","name":"New Castle BG 111001","efa_hisp_pct":3.7,"efa_black_pct":2.6,"efa_lingiso_pct":1.3,"efa_lingiso_sp":0,"efa_poverty_pct":6.1,"efa_mhhi":111136.0,"efa_combined_minority":14.3,"efa_has_duplicate":0,"efa_mc1":0,"efa_sc1":0,"efa_mc2":0,"efa_sc2":0,"efa_mc3":0,"efa_sc3":0,"efa_mc4":0,"efa_sc4":0,"efa_mc5":0,"efa_sc5":0,"efa_has_split":0},"geometry":{"type":"Polygon","coordinates":[[[-75.505088,39.802164],[-75.497941,39.809877],[-75.495534,39.811358],[-75.493489,39.812601],[-75.490392,39.814521],[-75.489726,39.815114],[-75.487134,39.814856],[-75.486118,39.81348],[-75.484203,39.814993],[-75.480073,39.812654],[-75.478506,39.809319],[-75.476303,39.808287],[-75.480879,39.804354],[-75.481025,39.804226],[-75.481099,39.804137],[-75.484595,39.80107],[-75.486161,39.799472],[-75.490472,39.793225],[-75.493752,39.796589],[-75.500849,39.799812],[-75.502848,39.800886],[-75.505088,39.802164]]]}},{"id":"638","type":"Feature","properties":{"GEOID":"100030149033","eb":5.28,"sv":2.44,"county":"New Castle","pop":2303.0,"pm25_pct":52.0,"diesel_pct":58.0,"cancer_pct":51.0,"traffic_pct":35.0,"superfund_pct":79.0,"lowinc_pct":0.241858446,"unemp_pct":0.034663179,"lingiso_pct":0.092089728,"poc_pct":83.0,"sv_health":4.23,"efa":"Not EFA","name":"New Castle BG 149033","efa_hisp_pct":29.9,"efa_black_pct":22.5,"efa_lingiso_pct":3.4,"efa_lingiso_sp":0,"efa_poverty_pct":0.4,"efa_mhhi":125805.0,"efa_combined_minority":73.9,"efa_has_duplicate":0,"efa_mc1":0,"efa_sc1":0,"efa_mc2":0,"efa_sc2":0,"efa_mc3":0,"efa_sc3":0,"efa_mc4":0,"efa_sc4":0,"efa_mc5":0,"efa_sc5":0,"efa_has_split":0},"geometry":{"type":"Polygon","coordinates":[[[-75.706139,39.633408],[-75.70552,39.635542],[-75.704967,39.634591],[-75.702752,39.635096],[-75.698929,39.63114],[-75.697182,39.631566],[-75.695285,39.63271],[-75.69408,39.632468],[-75.69306,39.631303],[-75.69654,39.628677],[-75.698642,39.628086],[-75.696818,39.626211],[-75.695883,39.623465],[-75.69841,39.621789],[-75.701765,39.624718],[-75.703038,39.625304],[-75.704187,39.62593],[-75.70576,39.631305],[-75.706139,39.633408]]]}},{"id":"639","type":"Feature","properties":{"GEOID":"100050513082","eb":2.07,"sv":3.03,"county":"Sussex","pop":249.0,"pm25_pct":13.0,"diesel_pct":7.0,"cancer_pct":0.0,"traffic_pct":24.0,"superfund_pct":30.0,"lowinc_pct":0.341365462,"unemp_pct":0.223214286,"lingiso_pct":0.0,"poc_pct":47.0,"sv_health":4.36,"efa":"Moderate","name":"Sussex BG 513082","efa_hisp_pct":0,"efa_black_pct":0,"efa_lingiso_pct":0,"efa_lingiso_sp":null,"efa_poverty_pct":33.7,"efa_mhhi":null,"efa_combined_minority":0,"efa_has_duplicate":1,"efa_mc1":0,"efa_sc1":0,"efa_mc2":0,"efa_sc2":0,"efa_mc3":1,"efa_sc3":0,"efa_mc4":0,"efa_sc4":0,"efa_mc5":0,"efa_sc5":0,"efa_has_split":1},"geometry":{"type":"Polygon","coordinates":[[[-75.203443,38.556442],[-75.199491,38.556501],[-75.192937,38.553786],[-75.184665,38.553705],[-75.182336,38.554022],[-75.167198,38.556999],[-75.165548,38.557103],[-75.156917,38.555485],[-75.154354,38.554812],[-75.147737,38.54953],[-75.147148,38.549554],[-75.147815,38.54923],[-75.149888,38.548029],[-75.15546,38.547876],[-75.157966,38.547387],[-75.164113,38.545328],[-75.167816,38.544743],[-75.17121,38.544598],[-75.176357,38.5435],[-75.181063,38.540749],[-75.19046,38.532882],[-75.193064,38.530373],[-75.198669,38.527778],[-75.200388,38.527541],[-75.20207,38.52887],[-75.201236,38.530191],[-75.19939,38.530438],[-75.198425,38.532054],[-75.19897,38.533636],[-75.197866,38.535328],[-75.198143,38.540233],[-75.196804,38.541477],[-75.196621,38.54309],[-75.198219,38.545411],[-75.197468,38.547976],[-75.199539,38.548302],[-75.198933,38.550496],[-75.200344,38.552877],[-75.20011,38.553869],[-75.203443,38.556442]]]}},{"id":"640","type":"Feature","properties":{"GEOID":"100010418042","eb":1.69,"sv":2.65,"county":"Kent","pop":3085.0,"pm25_pct":8.0,"diesel_pct":20.0,"cancer_pct":0.0,"traffic_pct":8.0,"superfund_pct":39.0,"lowinc_pct":0.219773096,"unemp_pct":0.079951545,"lingiso_pct":0.029100529,"poc_pct":20.0,"sv_health":4.58,"efa":"Not EFA","name":"Kent BG 418042","efa_hisp_pct":0.9,"efa_black_pct":8.1,"efa_lingiso_pct":1.3,"efa_lingiso_sp":0,"efa_poverty_pct":5.5,"efa_mhhi":75781.0,"efa_combined_minority":15.4,"efa_has_duplicate":0,"efa_mc1":0,"efa_sc1":0,"efa_mc2":0,"efa_sc2":0,"efa_mc3":0,"efa_sc3":0,"efa_mc4":0,"efa_sc4":0,"efa_mc5":0,"efa_sc5":0,"efa_has_split":0},"geometry":{"type":"Polygon","coordinates":[[[-75.651041,39.173467],[-75.647183,39.18384],[-75.646232,39.184912],[-75.644692,39.185668],[-75.639011,39.187107],[-75.636014,39.186989],[-75.629058,39.185626],[-75.626445,39.18581],[-75.624557,39.186916],[-75.623804,39.188105],[-75.61554,39.18727],[-75.610684,39.188555],[-75.60703,39.188966],[-75.603287,39.188871],[-75.601349,39.189642],[-75.591836,39.193466],[-75.590257,39.193725],[-75.585145,39.194568],[-75.578509,39.198334],[-75.578737,39.197844],[-75.574565,39.194082],[-75.574216,39.193789],[-75.5712,39.191052],[-75.575881,39.188066],[-75.579235,39.186571],[-75.580029,39.185282],[-75.586236,39.181462],[-75.585453,39.180122],[-75.582117,39.177604],[-75.578885,39.173072],[-75.577836,39.172183],[-75.572107,39.169877],[-75.573245,39.169395],[-75.575429,39.168501],[-75.576676,39.168193],[-75.592945,39.168176],[-75.5968,39.166269],[-75.601348,39.16585],[-75.60423,39.164981],[-75.605241,39.164609],[-75.612835,39.1557],[-75.637675,39.155598],[-75.64732,39.154358],[-75.650716,39.166351],[-75.651041,39.173467]]]}},{"id":"641","type":"Feature","properties":{"GEOID":"100030118003","eb":5.79,"sv":1.76,"county":"New Castle","pop":207.0,"pm25_pct":94.0,"diesel_pct":43.0,"cancer_pct":51.0,"traffic_pct":78.0,"superfund_pct":35.0,"lowinc_pct":0.086956522,"unemp_pct":0.0,"lingiso_pct":0.0,"poc_pct":18.0,"sv_health":3.16,"efa":"Not EFA","name":"New Castle BG 118003","efa_hisp_pct":0,"efa_black_pct":0,"efa_lingiso_pct":0,"efa_lingiso_sp":null,"efa_poverty_pct":27.5,"efa_mhhi":240972.0,"efa_combined_minority":19.9,"efa_has_duplicate":0,"efa_mc1":0,"efa_sc1":0,"efa_mc2":0,"efa_sc2":0,"efa_mc3":1,"efa_sc3":0,"efa_mc4":0,"efa_sc4":0,"efa_mc5":0,"efa_sc5":0,"efa_has_split":0},"geometry":{"type":"Polygon","coordinates":[[[-75.603904,39.788938],[-75.589483,39.790057],[-75.5878,39.790406],[-75.586657,39.791571],[-75.582284,39.793171],[-75.575071,39.796962],[-75.575218,39.795537],[-75.580325,39.791683],[-75.579896,39.789252],[-75.577303,39.786472],[-75.576994,39.784491],[-75.575659,39.783998],[-75.575312,39.782576],[-75.578882,39.781026],[-75.582526,39.782839],[-75.587987,39.780187],[-75.594339,39.77669],[-75.595606,39.775879],[-75.597732,39.778112],[-75.601201,39.782778],[-75.603904,39.788938]]]}},{"id":"642","type":"Feature","properties":{"GEOID":"100050506032","eb":3.4,"sv":2.49,"county":"Sussex","pop":2699.0,"pm25_pct":32.0,"diesel_pct":26.0,"cancer_pct":0.0,"traffic_pct":38.0,"superfund_pct":94.0,"lowinc_pct":0.309001513,"unemp_pct":0.011955594,"lingiso_pct":0.0,"poc_pct":39.0,"sv_health":3.68,"efa":"Not EFA","name":"Sussex BG 506032","efa_hisp_pct":0.9,"efa_black_pct":13.4,"efa_lingiso_pct":0,"efa_lingiso_sp":null,"efa_poverty_pct":2.0,"efa_mhhi":72045.0,"efa_combined_minority":24.8,"efa_has_duplicate":0,"efa_mc1":0,"efa_sc1":0,"efa_mc2":0,"efa_sc2":0,"efa_mc3":0,"efa_sc3":0,"efa_mc4":0,"efa_sc4":0,"efa_mc5":0,"efa_sc5":0,"efa_has_split":0},"geometry":{"type":"Polygon","coordinates":[[[-75.326485,38.587747],[-75.326331,38.587921],[-75.327737,38.588854],[-75.328231,38.590518],[-75.329285,38.591414],[-75.328219,38.592494],[-75.321588,38.599212],[-75.321439,38.59939],[-75.321391,38.599383],[-75.320392,38.600129],[-75.319068,38.600804],[-75.318908,38.600885],[-75.317264,38.599132],[-75.314838,38.596695],[-75.312841,38.595473],[-75.31247,38.595278],[-75.305632,38.591611],[-75.305084,38.590949],[-75.296935,38.586569],[-75.295349,38.585392],[-75.30431,38.583458],[-75.304793,38.583358],[-75.305182,38.583275],[-75.311307,38.581992],[-75.31327,38.581575],[-75.314046,38.581347],[-75.314986,38.580909],[-75.315512,38.580555],[-75.322306,38.57596],[-75.324878,38.574231],[-75.329834,38.581806],[-75.326485,38.587747]]]}},{"id":"643","type":"Feature","properties":{"GEOID":"100030112041","eb":6.76,"sv":1.81,"county":"New Castle","pop":1096.0,"pm25_pct":98.0,"diesel_pct":71.0,"cancer_pct":51.0,"traffic_pct":56.0,"superfund_pct":40.0,"lowinc_pct":0.08120438,"unemp_pct":0.0,"lingiso_pct":0.0,"poc_pct":35.0,"sv_health":3.54,"efa":"Not EFA","name":"New Castle BG 112041","efa_hisp_pct":1.0,"efa_black_pct":11.5,"efa_lingiso_pct":0,"efa_lingiso_sp":null,"efa_poverty_pct":3.9,"efa_mhhi":139135.0,"efa_combined_minority":24.0,"efa_has_duplicate":0,"efa_mc1":0,"efa_sc1":0,"efa_mc2":0,"efa_sc2":0,"efa_mc3":0,"efa_sc3":0,"efa_mc4":0,"efa_sc4":0,"efa_mc5":0,"efa_sc5":0,"efa_has_split":0},"geometry":{"type":"Polygon","coordinates":[[[-75.489418,39.815596],[-75.487117,39.822614],[-75.479862,39.821285],[-75.464124,39.81893],[-75.46956,39.814175],[-75.476303,39.808287],[-75.478506,39.809319],[-75.480073,39.812654],[-75.484203,39.814993],[-75.486118,39.81348],[-75.487134,39.814856],[-75.489726,39.815114],[-75.489418,39.815596]]]}},{"id":"644","type":"Feature","properties":{"GEOID":"100030137001","eb":5.09,"sv":2.53,"county":"New Castle","pop":1259.0,"pm25_pct":64.0,"diesel_pct":57.0,"cancer_pct":51.0,"traffic_pct":70.0,"superfund_pct":46.0,"lowinc_pct":0.269261319,"unemp_pct":0.0,"lingiso_pct":0.026970954,"poc_pct":53.0,"sv_health":3.6,"efa":"Not EFA","name":"New Castle BG 137001","efa_hisp_pct":20.1,"efa_black_pct":14.8,"efa_lingiso_pct":2.9,"efa_lingiso_sp":0,"efa_poverty_pct":3.9,"efa_mhhi":90341.0,"efa_combined_minority":37.9,"efa_has_duplicate":0,"efa_mc1":0,"efa_sc1":0,"efa_mc2":0,"efa_sc2":0,"efa_mc3":0,"efa_sc3":0,"efa_mc4":0,"efa_sc4":0,"efa_mc5":0,"efa_sc5":0,"efa_has_split":0},"geometry":{"type":"Polygon","coordinates":[[[-75.711069,39.711265],[-75.706272,39.711978],[-75.703738,39.711597],[-75.700952,39.711196],[-75.697097,39.713315],[-75.695615,39.713547],[-75.695021,39.713488],[-75.69393,39.710803],[-75.694877,39.708846],[-75.695651,39.703218],[-75.696235,39.70203],[-75.699691,39.700921],[-75.699499,39.700472],[-75.696261,39.697689],[-75.694852,39.695809],[-75.694066,39.69512],[-75.696733,39.694893],[-75.698813,39.693572],[-75.703974,39.694731],[-75.707429,39.693438],[-75.707454,39.692448],[-75.706721,39.690898],[-75.707946,39.691988],[-75.708854,39.693183],[-75.709428,39.697796],[-75.710313,39.709296],[-75.711069,39.711265]]]}},{"id":"645","type":"Feature","properties":{"GEOID":"100030147033","eb":6.05,"sv":2.93,"county":"New Castle","pop":2116.0,"pm25_pct":57.0,"diesel_pct":74.0,"cancer_pct":51.0,"traffic_pct":67.0,"superfund_pct":82.0,"lowinc_pct":0.330812854,"unemp_pct":0.111111111,"lingiso_pct":0.076396807,"poc_pct":79.0,"sv_health":4.07,"efa":"Not EFA","name":"New Castle BG 147033","efa_hisp_pct":31.2,"efa_black_pct":17.7,"efa_lingiso_pct":8.7,"efa_lingiso_sp":82.5,"efa_poverty_pct":2.6,"efa_mhhi":65050.0,"efa_combined_minority":55.0,"efa_has_duplicate":0,"efa_mc1":0,"efa_sc1":0,"efa_mc2":0,"efa_sc2":0,"efa_mc3":0,"efa_sc3":0,"efa_mc4":0,"efa_sc4":0,"efa_mc5":0,"efa_sc5":0,"efa_has_split":0},"geometry":{"type":"Polygon","coordinates":[[[-75.727617,39.670291],[-75.722944,39.671314],[-75.72011,39.674525],[-75.718993,39.67517],[-75.718187,39.673981],[-75.719985,39.672581],[-75.719361,39.668293],[-75.716729,39.666645],[-75.716918,39.666542],[-75.719979,39.665272],[-75.726564,39.662704],[-75.727617,39.670291]]]}},{"id":"646","type":"Feature","properties":{"GEOID":"100030124002","eb":6.86,"sv":2.86,"county":"New Castle","pop":860.0,"pm25_pct":77.0,"diesel_pct":67.0,"cancer_pct":51.0,"traffic_pct":72.0,"superfund_pct":83.0,"lowinc_pct":0.154651163,"unemp_pct":0.03163017,"lingiso_pct":0.0,"poc_pct":61.0,"sv_health":4.12,"efa":"Not EFA","name":"New Castle BG 124002","efa_hisp_pct":35.4,"efa_black_pct":1.7,"efa_lingiso_pct":10.4,"efa_lingiso_sp":100.0,"efa_poverty_pct":0,"efa_mhhi":84071.0,"efa_combined_minority":40.2,"efa_has_duplicate":0,"efa_mc1":0,"efa_sc1":0,"efa_mc2":0,"efa_sc2":0,"efa_mc3":0,"efa_sc3":0,"efa_mc4":0,"efa_sc4":0,"efa_mc5":0,"efa_sc5":0,"efa_has_split":0},"geometry":{"type":"Polygon","coordinates":[[[-75.601693,39.735879],[-75.600884,39.739349],[-75.598953,39.73959],[-75.597107,39.739223],[-75.596148,39.734804],[-75.598516,39.734475],[-75.598589,39.734485],[-75.601508,39.734025],[-75.601693,39.735879]]]}},{"id":"647","type":"Feature","properties":{"GEOID":"100030022001","eb":7.27,"sv":4.3,"county":"New Castle","pop":1535.0,"pm25_pct":82.0,"diesel_pct":92.0,"cancer_pct":51.0,"traffic_pct":98.0,"superfund_pct":64.0,"lowinc_pct":0.542992553,"unemp_pct":0.12195122,"lingiso_pct":0.104477612,"poc_pct":95.0,"sv_health":5.43,"efa":"Significant","name":"New Castle BG 22001","efa_hisp_pct":60.8,"efa_black_pct":27.3,"efa_lingiso_pct":25.0,"efa_lingiso_sp":100.0,"efa_poverty_pct":36.1,"efa_mhhi":55204.0,"efa_combined_minority":88.5,"efa_has_duplicate":0,"efa_mc1":1,"efa_sc1":1,"efa_mc2":1,"efa_sc2":0,"efa_mc3":1,"efa_sc3":1,"efa_mc4":0,"efa_sc4":0,"efa_mc5":0,"efa_sc5":1,"efa_has_split":0},"geometry":{"type":"Polygon","coordinates":[[[-75.564792,39.747811],[-75.559312,39.745586],[-75.560324,39.744106],[-75.560724,39.743477],[-75.563426,39.744579],[-75.566205,39.745725],[-75.564792,39.747811]]]}},{"id":"648","type":"Feature","properties":{"GEOID":"100010430001","eb":2.49,"sv":3.27,"county":"Kent","pop":2953.0,"pm25_pct":37.0,"diesel_pct":11.0,"cancer_pct":0.0,"traffic_pct":19.0,"superfund_pct":0.0,"lowinc_pct":0.384354893,"unemp_pct":0.013929619,"lingiso_pct":0.0,"poc_pct":59.0,"sv_health":4.31,"efa":"Not EFA","name":"Kent BG 430001","efa_hisp_pct":8.4,"efa_black_pct":28.1,"efa_lingiso_pct":0,"efa_lingiso_sp":null,"efa_poverty_pct":14.4,"efa_mhhi":69688.0,"efa_combined_minority":39.8,"efa_has_duplicate":0,"efa_mc1":0,"efa_sc1":0,"efa_mc2":0,"efa_sc2":0,"efa_mc3":0,"efa_sc3":0,"efa_mc4":0,"efa_sc4":0,"efa_mc5":0,"efa_sc5":0,"efa_has_split":0},"geometry":{"type":"Polygon","coordinates":[[[-75.615257,38.938873],[-75.613268,38.940144],[-75.612207,38.944182],[-75.609036,38.944981],[-75.608523,38.945328],[-75.600305,38.952002],[-75.594154,38.950845],[-75.587419,38.949598],[-75.579285,38.948938],[-75.579198,38.94665],[-75.579051,38.941804],[-75.578762,38.933775],[-75.578718,38.932267],[-75.578199,38.92361],[-75.582354,38.918825],[-75.586651,38.918813],[-75.597928,38.918596],[-75.602732,38.921942],[-75.603361,38.928316],[-75.605136,38.931499],[-75.606919,38.933284],[-75.609225,38.934564],[-75.613172,38.935314],[-75.615542,38.937173],[-75.615257,38.938873]]]}},{"id":"649","type":"Feature","properties":{"GEOID":"100030150003","eb":6.49,"sv":2.79,"county":"New Castle","pop":1892.0,"pm25_pct":63.0,"diesel_pct":97.0,"cancer_pct":51.0,"traffic_pct":71.0,"superfund_pct":92.0,"lowinc_pct":0.123678647,"unemp_pct":0.054179567,"lingiso_pct":0.0,"poc_pct":47.0,"sv_health":4.22,"efa":"Not EFA","name":"New Castle BG 150003","efa_hisp_pct":4.9,"efa_black_pct":29.8,"efa_lingiso_pct":0,"efa_lingiso_sp":null,"efa_poverty_pct":2.1,"efa_mhhi":83935.0,"efa_combined_minority":43.1,"efa_has_duplicate":0,"efa_mc1":0,"efa_sc1":0,"efa_mc2":0,"efa_sc2":0,"efa_mc3":0,"efa_sc3":0,"efa_mc4":0,"efa_sc4":0,"efa_mc5":0,"efa_sc5":0,"efa_has_split":0},"geometry":{"type":"Polygon","coordinates":[[[-75.656773,39.664514],[-75.654853,39.665538],[-75.650168,39.664862],[-75.64867,39.66561],[-75.643759,39.666241],[-75.642039,39.666811],[-75.643827,39.6699],[-75.642094,39.672682],[-75.638974,39.672081],[-75.638518,39.672383],[-75.634543,39.670902],[-75.633142,39.669549],[-75.633651,39.669066],[-75.63912,39.663347],[-75.639116,39.662839],[-75.642095,39.662636],[-75.643409,39.662562],[-75.649462,39.662044],[-75.652706,39.661096],[-75.655039,39.659989],[-75.65509,39.660127],[-75.655768,39.662934],[-75.656672,39.663983],[-75.656773,39.664514]]]}},{"id":"650","type":"Feature","properties":{"GEOID":"100030152005","eb":7.05,"sv":2.93,"county":"New Castle","pop":1854.0,"pm25_pct":70.0,"diesel_pct":99.0,"cancer_pct":51.0,"traffic_pct":45.0,"superfund_pct":93.0,"lowinc_pct":0.298951049,"unemp_pct":0.075662043,"lingiso_pct":0.0,"poc_pct":72.0,"sv_health":3.89,"efa":"Not EFA","name":"New Castle BG 152005","efa_hisp_pct":29.2,"efa_black_pct":24.0,"efa_lingiso_pct":0,"efa_lingiso_sp":null,"efa_poverty_pct":4.2,"efa_mhhi":54957.0,"efa_combined_minority":57.1,"efa_has_duplicate":0,"efa_mc1":0,"efa_sc1":0,"efa_mc2":0,"efa_sc2":0,"efa_mc3":0,"efa_sc3":0,"efa_mc4":0,"efa_sc4":0,"efa_mc5":0,"efa_sc5":0,"efa_has_split":0},"geometry":{"type":"Polygon","coordinates":[[[-75.608048,39.710708],[-75.606219,39.711068],[-75.604639,39.711046],[-75.603379,39.711092],[-75.600195,39.709361],[-75.599586,39.708988],[-75.597992,39.708801],[-75.597244,39.70892],[-75.591563,39.712222],[-75.590226,39.715606],[-75.585947,39.716773],[-75.582464,39.718541],[-75.580165,39.718574],[-75.572214,39.717073],[-75.56375,39.718612],[-75.561515,39.719395],[-75.559936,39.721441],[-75.560091,39.723839],[-75.560814,39.725628],[-75.560914,39.728894],[-75.560457,39.728509],[-75.555824,39.726713],[-75.555791,39.726286],[-75.555684,39.721576],[-75.555679,39.720516],[-75.556036,39.719274],[-75.55658,39.718314],[-75.564216,39.709794],[-75.564858,39.70905],[-75.576713,39.695869],[-75.580292,39.696696],[-75.583397,39.698721],[-75.583924,39.698609],[-75.587448,39.698587],[-75.58989,39.696642],[-75.589733,39.696099],[-75.590569,39.694915],[-75.591767,39.693805],[-75.590848,39.691621],[-75.593566,39.693074],[-75.594607,39.691689],[-75.597588,39.691267],[-75.59793,39.691761],[-75.598114,39.691755],[-75.60305,39.698234],[-75.603855,39.699783],[-75.607564,39.707658],[-75.608241,39.710692],[-75.608048,39.710708]]]}},{"id":"651","type":"Feature","properties":{"GEOID":"100030136071","eb":4.33,"sv":1.64,"county":"New Castle","pop":2039.0,"pm25_pct":71.0,"diesel_pct":51.0,"cancer_pct":51.0,"traffic_pct":37.0,"superfund_pct":51.0,"lowinc_pct":0.017165277,"unemp_pct":0.075726842,"lingiso_pct":0.011167513,"poc_pct":54.0,"sv_health":3.39,"efa":"Not EFA","name":"New Castle BG 136071","efa_hisp_pct":20.6,"efa_black_pct":4.5,"efa_lingiso_pct":1.6,"efa_lingiso_sp":0,"efa_poverty_pct":4.3,"efa_mhhi":104105.0,"efa_combined_minority":39.8,"efa_has_duplicate":0,"efa_mc1":0,"efa_sc1":0,"efa_mc2":0,"efa_sc2":0,"efa_mc3":0,"efa_sc3":0,"efa_mc4":0,"efa_sc4":0,"efa_mc5":0,"efa_sc5":0,"efa_has_split":0},"geometry":{"type":"Polygon","coordinates":[[[-75.717304,39.745807],[-75.707577,39.750252],[-75.704558,39.750565],[-75.702694,39.750902],[-75.699548,39.745898],[-75.696126,39.743843],[-75.692337,39.741837],[-75.693054,39.741219],[-75.694986,39.740502],[-75.698247,39.738859],[-75.704797,39.736764],[-75.705655,39.735378],[-75.708913,39.735458],[-75.709307,39.736932],[-75.711625,39.740319],[-75.715893,39.741427],[-75.716185,39.742123],[-75.71821,39.745398],[-75.717304,39.745807]]]}},{"id":"652","type":"Feature","properties":{"GEOID":"100030027001","eb":7.67,"sv":2.49,"county":"New Castle","pop":1380.0,"pm25_pct":77.0,"diesel_pct":96.0,"cancer_pct":51.0,"traffic_pct":99.0,"superfund_pct":78.0,"lowinc_pct":0.314954683,"unemp_pct":0.004790419,"lingiso_pct":0.0,"poc_pct":80.0,"sv_health":3.11,"efa":"Moderate","name":"New Castle BG 27001","efa_hisp_pct":10.5,"efa_black_pct":33.0,"efa_lingiso_pct":0,"efa_lingiso_sp":null,"efa_poverty_pct":11.8,"efa_mhhi":76763.0,"efa_combined_minority":63.3,"efa_has_duplicate":1,"efa_mc1":1,"efa_sc1":0,"efa_mc2":0,"efa_sc2":0,"efa_mc3":0,"efa_sc3":0,"efa_mc4":0,"efa_sc4":0,"efa_mc5":0,"efa_sc5":0,"efa_has_split":1},"geometry":{"type":"Polygon","coordinates":[[[-75.570532,39.729275],[-75.564457,39.735735],[-75.56733,39.733925],[-75.569119,39.736578],[-75.565715,39.737894],[-75.559115,39.740589],[-75.557305,39.739853],[-75.55017,39.736923],[-75.551031,39.735245],[-75.553051,39.736105],[-75.556341,39.73657],[-75.558544,39.73517],[-75.559771,39.732921],[-75.560457,39.728509],[-75.560914,39.728894],[-75.561261,39.729529],[-75.561628,39.725691],[-75.563876,39.7256],[-75.564837,39.723761],[-75.564381,39.728938],[-75.566916,39.729323],[-75.56649,39.731803],[-75.569242,39.72848],[-75.570532,39.729275]]]}},{"id":"653","type":"Feature","properties":{"GEOID":"100030105022","eb":6.13,"sv":2.19,"county":"New Castle","pop":1294.0,"pm25_pct":91.0,"diesel_pct":71.0,"cancer_pct":51.0,"traffic_pct":38.0,"superfund_pct":41.0,"lowinc_pct":0.152594888,"unemp_pct":0.046936115,"lingiso_pct":0.0,"poc_pct":40.0,"sv_health":3.72,"efa":"Not EFA","name":"New Castle BG 105022","efa_hisp_pct":1.7,"efa_black_pct":18.9,"efa_lingiso_pct":0.6,"efa_lingiso_sp":0,"efa_poverty_pct":4.9,"efa_mhhi":81563.0,"efa_combined_minority":31.4,"efa_has_duplicate":0,"efa_mc1":0,"efa_sc1":0,"efa_mc2":0,"efa_sc2":0,"efa_mc3":0,"efa_sc3":0,"efa_mc4":0,"efa_sc4":0,"efa_mc5":0,"efa_sc5":0,"efa_has_split":0},"geometry":{"type":"Polygon","coordinates":[[[-75.500811,39.768575],[-75.502619,39.769626],[-75.499029,39.771248],[-75.497825,39.769818],[-75.491905,39.766474],[-75.493064,39.765392],[-75.495158,39.765287],[-75.497877,39.762599],[-75.503197,39.766173],[-75.500811,39.768575]]]}},{"id":"654","type":"Feature","properties":{"GEOID":"100050504031","eb":2.8,"sv":3.15,"county":"Sussex","pop":1602.0,"pm25_pct":42.0,"diesel_pct":23.0,"cancer_pct":0.0,"traffic_pct":40.0,"superfund_pct":71.0,"lowinc_pct":0.430087391,"unemp_pct":0.07160804,"lingiso_pct":0.0,"poc_pct":73.0,"sv_health":4.3,"efa":"Moderate","name":"Sussex BG 504031","efa_hisp_pct":20.5,"efa_black_pct":31.3,"efa_lingiso_pct":0,"efa_lingiso_sp":null,"efa_poverty_pct":21.3,"efa_mhhi":51204.0,"efa_combined_minority":52.6,"efa_has_duplicate":0,"efa_mc1":0,"efa_sc1":0,"efa_mc2":0,"efa_sc2":0,"efa_mc3":0,"efa_sc3":0,"efa_mc4":1,"efa_sc4":0,"efa_mc5":0,"efa_sc5":0,"efa_has_split":0},"geometry":{"type":"Polygon","coordinates":[[[-75.629919,38.597965],[-75.626423,38.597431],[-75.624752,38.598947],[-75.621128,38.605346],[-75.619885,38.606568],[-75.61639,38.604675],[-75.604933,38.615859],[-75.599053,38.619422],[-75.594118,38.618292],[-75.589771,38.620937],[-75.585507,38.607189],[-75.582077,38.601392],[-75.580857,38.599415],[-75.58592,38.597941],[-75.58621,38.59697],[-75.59069,38.596151],[-75.594263,38.597525],[-75.599791,38.598373],[-75.601569,38.597735],[-75.605902,38.598052],[-75.608689,38.598567],[-75.610347,38.597995],[-75.616668,38.597487],[-75.61902,38.5967],[-75.624703,38.595807],[-75.626152,38.596743],[-75.628084,38.596414],[-75.629919,38.597965]]]}},{"id":"655","type":"Feature","properties":{"GEOID":"100030135062","eb":3.23,"sv":1.51,"county":"New Castle","pop":2248.0,"pm25_pct":69.0,"diesel_pct":36.0,"cancer_pct":0.0,"traffic_pct":24.0,"superfund_pct":49.0,"lowinc_pct":0.077402135,"unemp_pct":0.12039312,"lingiso_pct":0.013333333,"poc_pct":24.0,"sv_health":2.89,"efa":"Not EFA","name":"New Castle BG 135062","efa_hisp_pct":0.3,"efa_black_pct":5.0,"efa_lingiso_pct":0.9,"efa_lingiso_sp":0,"efa_poverty_pct":4.0,"efa_mhhi":171908.0,"efa_combined_minority":14.5,"efa_has_duplicate":0,"efa_mc1":0,"efa_sc1":0,"efa_mc2":0,"efa_sc2":0,"efa_mc3":0,"efa_sc3":0,"efa_mc4":0,"efa_sc4":0,"efa_mc5":0,"efa_sc5":0,"efa_has_split":0},"geometry":{"type":"Polygon","coordinates":[[[-75.7658791814134,39.7381059004001],[-75.760346,39.747231],[-75.7601016113381,39.7475801266599],[-75.7592137517567,39.7488484974904],[-75.755399,39.749043],[-75.752872,39.751416],[-75.747559,39.752746],[-75.744344,39.7515],[-75.740833,39.749308],[-75.739771,39.75283],[-75.740215,39.755386],[-75.729493,39.756472],[-75.727796,39.757583],[-75.723945,39.761154],[-75.723613,39.755635],[-75.722579,39.752549],[-75.722028,39.751364],[-75.718504,39.748598],[-75.71821,39.745398],[-75.722708,39.743308],[-75.723462,39.742534],[-75.72475,39.739365],[-75.72674,39.740411],[-75.730315,39.736889],[-75.735391,39.732866],[-75.738665,39.732668],[-75.741365,39.733448],[-75.743167,39.733399],[-75.749165,39.731437],[-75.750067,39.73072],[-75.75537,39.729012],[-75.757196,39.732762],[-75.759728,39.73281],[-75.75939,39.733412],[-75.760868,39.736346],[-75.763433,39.737564],[-75.7658791814134,39.7381059004001]]]}},{"id":"656","type":"Feature","properties":{"GEOID":"100030014002","eb":7.07,"sv":3.06,"county":"New Castle","pop":1499.0,"pm25_pct":85.0,"diesel_pct":88.0,"cancer_pct":51.0,"traffic_pct":77.0,"superfund_pct":58.0,"lowinc_pct":0.562684366,"unemp_pct":0.117816092,"lingiso_pct":0.008169935,"poc_pct":80.0,"sv_health":4.65,"efa":"Significant","name":"New Castle BG 14002","efa_hisp_pct":19.4,"efa_black_pct":39.5,"efa_lingiso_pct":0.9,"efa_lingiso_sp":100.0,"efa_poverty_pct":43.3,"efa_mhhi":52132.0,"efa_combined_minority":64.9,"efa_has_duplicate":0,"efa_mc1":0,"efa_sc1":0,"efa_mc2":0,"efa_sc2":0,"efa_mc3":1,"efa_sc3":1,"efa_mc4":0,"efa_sc4":0,"efa_mc5":0,"efa_sc5":0,"efa_has_split":0},"geometry":{"type":"Polygon","coordinates":[[[-75.57013,39.753526],[-75.565244,39.751533],[-75.562887,39.750573],[-75.564792,39.747811],[-75.566511,39.748513],[-75.568442,39.749294],[-75.571993,39.750751],[-75.57013,39.753526]]]}},{"id":"657","type":"Feature","properties":{"GEOID":"100030013001","eb":6.38,"sv":1.52,"county":"New Castle","pop":1092.0,"pm25_pct":89.0,"diesel_pct":79.0,"cancer_pct":51.0,"traffic_pct":26.0,"superfund_pct":43.0,"lowinc_pct":0.033882784,"unemp_pct":0.03826087,"lingiso_pct":0.0,"poc_pct":44.0,"sv_health":2.99,"efa":"Not EFA","name":"New Castle BG 13001","efa_hisp_pct":1.7,"efa_black_pct":0,"efa_lingiso_pct":0,"efa_lingiso_sp":null,"efa_poverty_pct":2.4,"efa_mhhi":154659.0,"efa_combined_minority":25.4,"efa_has_duplicate":0,"efa_mc1":0,"efa_sc1":0,"efa_mc2":0,"efa_sc2":0,"efa_mc3":0,"efa_sc3":0,"efa_mc4":0,"efa_sc4":0,"efa_mc5":0,"efa_sc5":0,"efa_has_split":0},"geometry":{"type":"Polygon","coordinates":[[[-75.576116,39.769004],[-75.574297,39.769097],[-75.570048,39.770965],[-75.565191,39.769232],[-75.559114,39.768496],[-75.55835,39.767822],[-75.556645,39.765622],[-75.557149,39.76146],[-75.557008,39.760933],[-75.556869,39.760601],[-75.557669,39.760395],[-75.557832,39.760728],[-75.560961,39.762648],[-75.562439,39.762448],[-75.564774,39.764542],[-75.565409,39.764671],[-75.568395,39.762624],[-75.577848,39.766438],[-75.576116,39.769004]]]}},{"id":"658","type":"Feature","properties":{"GEOID":"100010414001","eb":4.11,"sv":2.99,"county":"Kent","pop":2502.0,"pm25_pct":16.0,"diesel_pct":45.0,"cancer_pct":0.0,"traffic_pct":62.0,"superfund_pct":93.0,"lowinc_pct":0.179379715,"unemp_pct":0.020071685,"lingiso_pct":0.0,"poc_pct":74.0,"sv_health":4.71,"efa":"Significant","name":"Kent BG 414001","efa_hisp_pct":9.4,"efa_black_pct":42.7,"efa_lingiso_pct":0,"efa_lingiso_sp":null,"efa_poverty_pct":23.3,"efa_mhhi":50972.0,"efa_combined_minority":63.9,"efa_has_duplicate":0,"efa_mc1":1,"efa_sc1":1,"efa_mc2":0,"efa_sc2":0,"efa_mc3":1,"efa_sc3":0,"efa_mc4":1,"efa_sc4":0,"efa_mc5":0,"efa_sc5":0,"efa_has_split":0},"geometry":{"type":"Polygon","coordinates":[[[-75.560962,39.158688],[-75.557471,39.159031],[-75.556415,39.159082],[-75.545843,39.158749],[-75.545542,39.158752],[-75.545139,39.158772],[-75.542852,39.158895],[-75.541879,39.154329],[-75.540793,39.153694],[-75.526591,39.156675],[-75.524855,39.151843],[-75.525448,39.143856],[-75.534547,39.144367],[-75.538143,39.140554],[-75.538167,39.14053],[-75.546022,39.132273],[-75.550515,39.127548],[-75.554439,39.123305],[-75.554824,39.122733],[-75.555554,39.123121],[-75.555145,39.123579],[-75.554697,39.124623],[-75.554717,39.127751],[-75.553559,39.137029],[-75.553569,39.137272],[-75.553624,39.137821],[-75.555792,39.14137],[-75.556848,39.143085],[-75.558701,39.146757],[-75.558555,39.150554],[-75.556229,39.15096],[-75.555322,39.151082],[-75.555496,39.151664],[-75.555661,39.152089],[-75.555979,39.152645],[-75.560892,39.158463],[-75.560962,39.158688]]]}},{"id":"659","type":"Feature","properties":{"GEOID":"100010425001","eb":3.6,"sv":3.44,"county":"Kent","pop":1543.0,"pm25_pct":39.0,"diesel_pct":37.0,"cancer_pct":0.0,"traffic_pct":46.0,"superfund_pct":3.0,"lowinc_pct":0.318417639,"unemp_pct":0.098400984,"lingiso_pct":0.007564297,"poc_pct":44.0,"sv_health":4.9,"efa":"Not EFA","name":"Kent BG 425001","efa_hisp_pct":10.7,"efa_black_pct":23.5,"efa_lingiso_pct":3.2,"efa_lingiso_sp":100.0,"efa_poverty_pct":12.2,"efa_mhhi":57799.0,"efa_combined_minority":36.2,"efa_has_duplicate":0,"efa_mc1":0,"efa_sc1":0,"efa_mc2":0,"efa_sc2":0,"efa_mc3":0,"efa_sc3":0,"efa_mc4":0,"efa_sc4":0,"efa_mc5":0,"efa_sc5":0,"efa_has_split":0},"geometry":{"type":"Polygon","coordinates":[[[-75.429994,38.934191],[-75.429921,38.934434],[-75.429632,38.935413],[-75.429235,38.936419],[-75.42852,38.937763],[-75.428058,38.93947],[-75.42792,38.940786],[-75.427578,38.94237],[-75.427251,38.942443],[-75.426295,38.942521],[-75.423774,38.941988],[-75.421399,38.940038],[-75.420456,38.939834],[-75.41811,38.938384],[-75.413837,38.937766],[-75.412355,38.938339],[-75.406699,38.937184],[-75.403675,38.93713],[-75.402873,38.937472],[-75.400321,38.935548],[-75.397887,38.936187],[-75.398613,38.933517],[-75.400176,38.93139],[-75.40095,38.929481],[-75.399109,38.92691],[-75.399883,38.925574],[-75.402155,38.925007],[-75.403351,38.922773],[-75.401735,38.920269],[-75.401413,38.918355],[-75.402507,38.917559],[-75.402774,38.917422],[-75.404831,38.917451],[-75.40561,38.919408],[-75.408922,38.919703],[-75.408818,38.916824],[-75.410463,38.916418],[-75.410646,38.917458],[-75.412565,38.917992],[-75.416679,38.918031],[-75.418423,38.916745],[-75.416947,38.915521],[-75.418318,38.914263],[-75.41983,38.915416],[-75.421581,38.915517],[-75.422073,38.914042],[-75.423458,38.91424],[-75.424692,38.913418],[-75.428404,38.913206],[-75.428531,38.916094],[-75.42879,38.924873],[-75.429909,38.933301],[-75.430219,38.933399],[-75.429994,38.934191]]]}},{"id":"660","type":"Feature","properties":{"GEOID":"100010425003","eb":3.74,"sv":4.15,"county":"Kent","pop":1364.0,"pm25_pct":39.0,"diesel_pct":37.0,"cancer_pct":0.0,"traffic_pct":50.0,"superfund_pct":2.0,"lowinc_pct":0.646923077,"unemp_pct":0.0,"lingiso_pct":0.277634961,"poc_pct":93.0,"sv_health":4.9,"efa":"Significant","name":"Kent BG 425003","efa_hisp_pct":14.2,"efa_black_pct":72.9,"efa_lingiso_pct":23.8,"efa_lingiso_sp":0,"efa_poverty_pct":46.3,"efa_mhhi":21974.0,"efa_combined_minority":87.2,"efa_has_duplicate":0,"efa_mc1":1,"efa_sc1":1,"efa_mc2":1,"efa_sc2":0,"efa_mc3":1,"efa_sc3":1,"efa_mc4":1,"efa_sc4":1,"efa_mc5":1,"efa_sc5":0,"efa_has_split":0},"geometry":{"type":"Polygon","coordinates":[[[-75.438018,38.921452],[-75.432182,38.929016],[-75.430219,38.933399],[-75.429909,38.933301],[-75.42879,38.924873],[-75.428531,38.916094],[-75.428404,38.913206],[-75.430096,38.913351],[-75.431697,38.912117],[-75.433977,38.914275],[-75.435243,38.915852],[-75.435411,38.91901],[-75.438018,38.921452]]]}},{"id":"661","type":"Feature","properties":{"GEOID":"100010402053","eb":2.75,"sv":2.66,"county":"Kent","pop":1119.0,"pm25_pct":6.0,"diesel_pct":33.0,"cancer_pct":0.0,"traffic_pct":12.0,"superfund_pct":19.0,"lowinc_pct":0.329758713,"unemp_pct":0.018232819,"lingiso_pct":0.0,"poc_pct":57.0,"sv_health":4.17,"efa":"Not EFA","name":"Kent BG 402053","efa_hisp_pct":8.4,"efa_black_pct":40.4,"efa_lingiso_pct":12.0,"efa_lingiso_sp":0,"efa_poverty_pct":0,"efa_mhhi":63191.0,"efa_combined_minority":52.7,"efa_has_duplicate":0,"efa_mc1":0,"efa_sc1":0,"efa_mc2":0,"efa_sc2":0,"efa_mc3":0,"efa_sc3":0,"efa_mc4":0,"efa_sc4":0,"efa_mc5":0,"efa_sc5":0,"efa_has_split":0},"geometry":{"type":"Polygon","coordinates":[[[-75.613995,39.274233],[-75.612111,39.275877],[-75.609393,39.279287],[-75.607878,39.281119],[-75.607588,39.281317],[-75.604615,39.282838],[-75.602128,39.281268],[-75.596436,39.278855],[-75.597299,39.277568],[-75.599256,39.27814],[-75.600066,39.277057],[-75.601853,39.277541],[-75.602676,39.276498],[-75.60456,39.277497],[-75.606404,39.275353],[-75.605274,39.275013],[-75.607071,39.273929],[-75.60773,39.274414],[-75.60929,39.273223],[-75.605595,39.271295],[-75.602943,39.269306],[-75.605082,39.267108],[-75.613181,39.272875],[-75.614504,39.273793],[-75.613995,39.274233]]]}},{"id":"662","type":"Feature","properties":{"GEOID":"100030134001","eb":5.52,"sv":2.61,"county":"New Castle","pop":598.0,"pm25_pct":73.0,"diesel_pct":64.0,"cancer_pct":51.0,"traffic_pct":57.0,"superfund_pct":60.0,"lowinc_pct":0.091397849,"unemp_pct":0.0,"lingiso_pct":0.042553191,"poc_pct":24.0,"sv_health":3.67,"efa":"Not EFA","name":"New Castle BG 134001","efa_hisp_pct":2.8,"efa_black_pct":0,"efa_lingiso_pct":2.3,"efa_lingiso_sp":0,"efa_poverty_pct":5.8,"efa_mhhi":65673.0,"efa_combined_minority":12.7,"efa_has_duplicate":0,"efa_mc1":0,"efa_sc1":0,"efa_mc2":0,"efa_sc2":0,"efa_mc3":0,"efa_sc3":0,"efa_mc4":0,"efa_sc4":0,"efa_mc5":0,"efa_sc5":0,"efa_has_split":0},"geometry":{"type":"Polygon","coordinates":[[[-75.660396,39.751581],[-75.655196,39.752316],[-75.652676,39.753066],[-75.649986,39.75088],[-75.640997,39.742087],[-75.637759,39.740308],[-75.643821,39.74101],[-75.644965,39.740603],[-75.648324,39.744224],[-75.65551,39.747907],[-75.658574,39.749124],[-75.658824,39.749179],[-75.660009,39.748949],[-75.660396,39.751581]]]}},{"id":"663","type":"Feature","properties":{"GEOID":"100030149071","eb":5.46,"sv":2.64,"county":"New Castle","pop":2225.0,"pm25_pct":57.0,"diesel_pct":92.0,"cancer_pct":51.0,"traffic_pct":52.0,"superfund_pct":81.0,"lowinc_pct":0.278651685,"unemp_pct":0.021209741,"lingiso_pct":0.22557298,"poc_pct":83.0,"sv_health":3.83,"efa":"Moderate","name":"New Castle BG 149071","efa_hisp_pct":47.1,"efa_black_pct":10.8,"efa_lingiso_pct":22.6,"efa_lingiso_sp":100.0,"efa_poverty_pct":2.4,"efa_mhhi":81667.0,"efa_combined_minority":59.5,"efa_has_duplicate":0,"efa_mc1":0,"efa_sc1":0,"efa_mc2":0,"efa_sc2":0,"efa_mc3":0,"efa_sc3":0,"efa_mc4":0,"efa_sc4":0,"efa_mc5":1,"efa_sc5":0,"efa_has_split":0},"geometry":{"type":"Polygon","coordinates":[[[-75.669197,39.650556],[-75.668222,39.653377],[-75.669151,39.65394],[-75.668883,39.655698],[-75.666964,39.657964],[-75.663645,39.658353],[-75.662061,39.659268],[-75.661109,39.660077],[-75.661576,39.661837],[-75.657843,39.664205],[-75.656672,39.663983],[-75.655768,39.662934],[-75.65509,39.660127],[-75.655039,39.659989],[-75.654639,39.658222],[-75.654619,39.656661],[-75.654671,39.655893],[-75.656156,39.649816],[-75.660806,39.649225],[-75.664869,39.650807],[-75.668353,39.649187],[-75.669197,39.650556]]]}},{"id":"664","type":"Feature","properties":{"GEOID":"100050506012","eb":2.04,"sv":2.55,"county":"Sussex","pop":1609.0,"pm25_pct":40.0,"diesel_pct":10.0,"cancer_pct":0.0,"traffic_pct":7.0,"superfund_pct":59.0,"lowinc_pct":0.34307023,"unemp_pct":0.033760186,"lingiso_pct":0.035055351,"poc_pct":54.0,"sv_health":4.32,"efa":"Moderate","name":"Sussex BG 506012","efa_hisp_pct":42.6,"efa_black_pct":0.8,"efa_lingiso_pct":10.5,"efa_lingiso_sp":28.1,"efa_poverty_pct":21.1,"efa_mhhi":82543.0,"efa_combined_minority":45.2,"efa_has_duplicate":0,"efa_mc1":1,"efa_sc1":0,"efa_mc2":0,"efa_sc2":0,"efa_mc3":0,"efa_sc3":0,"efa_mc4":0,"efa_sc4":0,"efa_mc5":0,"efa_sc5":0,"efa_has_split":0},"geometry":{"type":"Polygon","coordinates":[[[-75.377105,38.564457],[-75.36756,38.566281],[-75.36275,38.56652],[-75.359876,38.567055],[-75.354642,38.568813],[-75.350503,38.569732],[-75.34231,38.568574],[-75.338823,38.567479],[-75.337283,38.566841],[-75.324878,38.574231],[-75.318367,38.564071],[-75.325069,38.561133],[-75.323769,38.559928],[-75.321642,38.552417],[-75.320974,38.549245],[-75.317508,38.544547],[-75.334125,38.549231],[-75.339846,38.549593],[-75.338863,38.544394],[-75.337673,38.541323],[-75.334638,38.540827],[-75.335052,38.532673],[-75.332403,38.531235],[-75.329212,38.530109],[-75.323907,38.529485],[-75.326743,38.52905],[-75.334393,38.527027],[-75.356966,38.524818],[-75.35867,38.536695],[-75.358176,38.538099],[-75.354767,38.545996],[-75.354643,38.546216],[-75.365452,38.552278],[-75.370682,38.554587],[-75.372102,38.557292],[-75.376237,38.561758],[-75.377105,38.564457]]]}},{"id":"665","type":"Feature","properties":{"GEOID":"100050517013","eb":1.46,"sv":3.17,"county":"Sussex","pop":1184.0,"pm25_pct":40.0,"diesel_pct":1.0,"cancer_pct":0.0,"traffic_pct":6.0,"superfund_pct":29.0,"lowinc_pct":0.320945946,"unemp_pct":0.027960526,"lingiso_pct":0.125984252,"poc_pct":43.0,"sv_health":4.48,"efa":"Not EFA","name":"Sussex BG 517013","efa_hisp_pct":16.1,"efa_black_pct":2.8,"efa_lingiso_pct":7.5,"efa_lingiso_sp":100.0,"efa_poverty_pct":4.0,"efa_mhhi":86667.0,"efa_combined_minority":23.6,"efa_has_duplicate":0,"efa_mc1":0,"efa_sc1":0,"efa_mc2":0,"efa_sc2":0,"efa_mc3":0,"efa_sc3":0,"efa_mc4":0,"efa_sc4":0,"efa_mc5":0,"efa_sc5":0,"efa_has_split":0},"geometry":{"type":"Polygon","coordinates":[[[-75.542799,38.588442],[-75.515291,38.603541],[-75.503095,38.610212],[-75.484652,38.620322],[-75.466711,38.612896],[-75.445545,38.604164],[-75.432787,38.599817],[-75.432455,38.599707],[-75.413211,38.593302],[-75.411731,38.592946],[-75.409075,38.592995],[-75.418669,38.590553],[-75.425429,38.587199],[-75.437089,38.581263],[-75.43891,38.580782],[-75.457783,38.578244],[-75.467769,38.576146],[-75.468697,38.57592],[-75.483138,38.570673],[-75.485125,38.569711],[-75.49318,38.564556],[-75.494501,38.564062],[-75.523395,38.55867],[-75.52499,38.558222],[-75.537287,38.560925],[-75.541718,38.562659],[-75.543666,38.587882],[-75.542799,38.588442]]]}},{"id":"666","type":"Feature","properties":{"GEOID":"100010418043","eb":2.37,"sv":2.36,"county":"Kent","pop":812.0,"pm25_pct":8.0,"diesel_pct":20.0,"cancer_pct":0.0,"traffic_pct":35.0,"superfund_pct":56.0,"lowinc_pct":0.14408867,"unemp_pct":0.009505703,"lingiso_pct":0.0,"poc_pct":81.0,"sv_health":4.58,"efa":"Not EFA","name":"Kent BG 418043","efa_hisp_pct":5.6,"efa_black_pct":38.2,"efa_lingiso_pct":0,"efa_lingiso_sp":null,"efa_poverty_pct":5.8,"efa_mhhi":129531.0,"efa_combined_minority":62.2,"efa_has_duplicate":0,"efa_mc1":0,"efa_sc1":0,"efa_mc2":0,"efa_sc2":0,"efa_mc3":0,"efa_sc3":0,"efa_mc4":0,"efa_sc4":0,"efa_mc5":0,"efa_sc5":0,"efa_has_split":0},"geometry":{"type":"Polygon","coordinates":[[[-75.605241,39.164609],[-75.60423,39.164981],[-75.601348,39.16585],[-75.5968,39.166269],[-75.592945,39.168176],[-75.576676,39.168193],[-75.575429,39.168501],[-75.573245,39.169395],[-75.569612,39.165268],[-75.568155,39.161471],[-75.567758,39.158526],[-75.568023,39.158527],[-75.571883,39.15853],[-75.576766,39.158532],[-75.577809,39.158364],[-75.578251,39.158243],[-75.583381,39.156066],[-75.584261,39.155871],[-75.585963,39.155729],[-75.602575,39.155714],[-75.612835,39.1557],[-75.605241,39.164609]]]}},{"id":"667","type":"Feature","properties":{"GEOID":"100030150004","eb":6.5,"sv":3.04,"county":"New Castle","pop":1434.0,"pm25_pct":63.0,"diesel_pct":97.0,"cancer_pct":51.0,"traffic_pct":34.0,"superfund_pct":97.0,"lowinc_pct":0.424501425,"unemp_pct":0.060037523,"lingiso_pct":0.0,"poc_pct":33.0,"sv_health":4.22,"efa":"Moderate","name":"New Castle BG 150004","efa_hisp_pct":0,"efa_black_pct":5.7,"efa_lingiso_pct":0,"efa_lingiso_sp":null,"efa_poverty_pct":32.6,"efa_mhhi":146055.0,"efa_combined_minority":16.0,"efa_has_duplicate":0,"efa_mc1":0,"efa_sc1":0,"efa_mc2":0,"efa_sc2":0,"efa_mc3":1,"efa_sc3":0,"efa_mc4":0,"efa_sc4":0,"efa_mc5":0,"efa_sc5":0,"efa_has_split":0},"geometry":{"type":"Polygon","coordinates":[[[-75.633142,39.669549],[-75.626083,39.676855],[-75.612783,39.6688],[-75.611719,39.667592],[-75.61097,39.665329],[-75.622386,39.664268],[-75.629825,39.663601],[-75.630633,39.667908],[-75.633651,39.669066],[-75.633142,39.669549]]]}},{"id":"668","type":"Feature","properties":{"GEOID":"100030145011","eb":6.04,"sv":3.15,"county":"New Castle","pop":2152.0,"pm25_pct":58.0,"diesel_pct":53.0,"cancer_pct":51.0,"traffic_pct":95.0,"superfund_pct":64.0,"lowinc_pct":0.80901487,"unemp_pct":0.086021505,"lingiso_pct":0.008385744,"poc_pct":53.0,"sv_health":4.6,"efa":"Significant","name":"New Castle BG 145011","efa_hisp_pct":12.4,"efa_black_pct":9.2,"efa_lingiso_pct":1.0,"efa_lingiso_sp":0,"efa_poverty_pct":61.8,"efa_mhhi":22731.0,"efa_combined_minority":31.5,"efa_has_duplicate":1,"efa_mc1":0,"efa_sc1":0,"efa_mc2":0,"efa_sc2":0,"efa_mc3":1,"efa_sc3":1,"efa_mc4":1,"efa_sc4":1,"efa_mc5":0,"efa_sc5":0,"efa_has_split":1},"geometry":{"type":"Polygon","coordinates":[[[-75.754577,39.68682],[-75.753952,39.690219],[-75.753622,39.690526],[-75.752882,39.68969],[-75.748756,39.68943],[-75.748468,39.689542],[-75.745883,39.689671],[-75.743595,39.690045],[-75.74261,39.690223],[-75.741716,39.690268],[-75.7375,39.689852],[-75.737922,39.686724],[-75.736009,39.6866],[-75.736706,39.685618],[-75.73662,39.684483],[-75.744258,39.683718],[-75.745551,39.683641],[-75.745603,39.683631],[-75.753672,39.683014],[-75.754113,39.683002],[-75.754577,39.68682]]]}},{"id":"669","type":"Feature","properties":{"GEOID":"100050510101","eb":1.69,"sv":2.23,"county":"Sussex","pop":625.0,"pm25_pct":21.0,"diesel_pct":31.0,"cancer_pct":0.0,"traffic_pct":6.0,"superfund_pct":15.0,"lowinc_pct":0.1072,"unemp_pct":0.012396694,"lingiso_pct":0.0,"poc_pct":20.0,"sv_health":4.08,"efa":"Not EFA","name":"Sussex BG 510101","efa_hisp_pct":0.4,"efa_black_pct":1.9,"efa_lingiso_pct":0,"efa_lingiso_sp":null,"efa_poverty_pct":0.7,"efa_mhhi":100338.0,"efa_combined_minority":13.9,"efa_has_duplicate":0,"efa_mc1":0,"efa_sc1":0,"efa_mc2":0,"efa_sc2":0,"efa_mc3":0,"efa_sc3":0,"efa_mc4":0,"efa_sc4":0,"efa_mc5":0,"efa_sc5":0,"efa_has_split":0},"geometry":{"type":"Polygon","coordinates":[[[-75.1921,38.713797],[-75.189503,38.717249],[-75.186908,38.71767],[-75.186145,38.717822],[-75.183958,38.720862],[-75.173105,38.719522],[-75.170152,38.719654],[-75.169401,38.719408],[-75.176143,38.711601],[-75.173632,38.709139],[-75.170189,38.708534],[-75.166545,38.704738],[-75.164098,38.704473],[-75.162068,38.703269],[-75.163841,38.702158],[-75.169095,38.699904],[-75.169937,38.69951],[-75.178,38.695513],[-75.179257,38.698258],[-75.1869,38.704413],[-75.192636,38.712138],[-75.1921,38.713797]]]}},{"id":"670","type":"Feature","properties":{"GEOID":"100050512041","eb":1.9,"sv":2.02,"county":"Sussex","pop":328.0,"pm25_pct":1.0,"diesel_pct":12.0,"cancer_pct":0.0,"traffic_pct":64.0,"superfund_pct":7.0,"lowinc_pct":0.079268293,"unemp_pct":0.051282051,"lingiso_pct":0.0,"poc_pct":38.0,"sv_health":3.43,"efa":"Not EFA","name":"Sussex BG 512041","efa_hisp_pct":0.3,"efa_black_pct":0,"efa_lingiso_pct":0,"efa_lingiso_sp":null,"efa_poverty_pct":5.1,"efa_mhhi":106406.0,"efa_combined_minority":22.6,"efa_has_duplicate":0,"efa_mc1":0,"efa_sc1":0,"efa_mc2":0,"efa_sc2":0,"efa_mc3":0,"efa_sc3":0,"efa_mc4":0,"efa_sc4":0,"efa_mc5":0,"efa_sc5":0,"efa_has_split":0},"geometry":{"type":"Polygon","coordinates":[[[-75.064337,38.514503],[-75.063379,38.513118],[-75.061633,38.513831],[-75.061799,38.518791],[-75.0525736309254,38.5197214219314],[-75.0516234760595,38.5085122923477],[-75.060513,38.511175],[-75.061751,38.511195],[-75.063653,38.512858],[-75.064337,38.514503]]]}},{"id":"671","type":"Feature","properties":{"GEOID":"100050510122","eb":1.76,"sv":3.02,"county":"Sussex","pop":960.0,"pm25_pct":25.0,"diesel_pct":7.0,"cancer_pct":0.0,"traffic_pct":8.0,"superfund_pct":22.0,"lowinc_pct":0.529166667,"unemp_pct":0.047761194,"lingiso_pct":0.0,"poc_pct":23.0,"sv_health":4.74,"efa":"Not EFA","name":"Sussex BG 510122","efa_hisp_pct":1.5,"efa_black_pct":4.0,"efa_lingiso_pct":0,"efa_lingiso_sp":null,"efa_poverty_pct":21.6,"efa_mhhi":52232.0,"efa_combined_minority":9.6,"efa_has_duplicate":0,"efa_mc1":0,"efa_sc1":0,"efa_mc2":0,"efa_sc2":0,"efa_mc3":0,"efa_sc3":0,"efa_mc4":0,"efa_sc4":0,"efa_mc5":0,"efa_sc5":0,"efa_has_split":0},"geometry":{"type":"Polygon","coordinates":[[[-75.182297,38.667013],[-75.181418,38.666245],[-75.177763,38.664925],[-75.175454,38.664653],[-75.173202,38.662684],[-75.172113,38.663053],[-75.169996,38.674306],[-75.170277,38.675634],[-75.162895,38.675229],[-75.163391,38.667631],[-75.164112,38.666163],[-75.164882,38.657078],[-75.166798,38.657136],[-75.173131,38.660436],[-75.173311,38.661578],[-75.176279,38.663651],[-75.177976,38.663669],[-75.181999,38.665557],[-75.182297,38.667013]]]}},{"id":"672","type":"Feature","properties":{"GEOID":"100030130001","eb":6.11,"sv":2.65,"county":"New Castle","pop":1289.0,"pm25_pct":70.0,"diesel_pct":79.0,"cancer_pct":51.0,"traffic_pct":50.0,"superfund_pct":88.0,"lowinc_pct":0.227307991,"unemp_pct":0.033854167,"lingiso_pct":0.057312253,"poc_pct":37.0,"sv_health":3.77,"efa":"Not EFA","name":"New Castle BG 130001","efa_hisp_pct":11.6,"efa_black_pct":1.0,"efa_lingiso_pct":2.2,"efa_lingiso_sp":0,"efa_poverty_pct":1.3,"efa_mhhi":93021.0,"efa_combined_minority":29.5,"efa_has_duplicate":0,"efa_mc1":0,"efa_sc1":0,"efa_mc2":0,"efa_sc2":0,"efa_mc3":0,"efa_sc3":0,"efa_mc4":0,"efa_sc4":0,"efa_mc5":0,"efa_sc5":0,"efa_has_split":0},"geometry":{"type":"Polygon","coordinates":[[[-75.645444,39.721865],[-75.638962,39.724056],[-75.635007,39.72537],[-75.634113,39.724601],[-75.633077,39.72349],[-75.632894,39.721119],[-75.634695,39.718675],[-75.639873,39.717348],[-75.640267,39.715734],[-75.644387,39.714161],[-75.644366,39.716724],[-75.647295,39.718883],[-75.645444,39.721865]]]}},{"id":"673","type":"Feature","properties":{"GEOID":"100030140001","eb":5.24,"sv":2.93,"county":"New Castle","pop":396.0,"pm25_pct":62.0,"diesel_pct":89.0,"cancer_pct":51.0,"traffic_pct":44.0,"superfund_pct":52.0,"lowinc_pct":0.126262626,"unemp_pct":0.114695341,"lingiso_pct":0.074561404,"poc_pct":50.0,"sv_health":4.01,"efa":"Not EFA","name":"New Castle BG 140001","efa_hisp_pct":8.1,"efa_black_pct":16.7,"efa_lingiso_pct":4.8,"efa_lingiso_sp":0,"efa_poverty_pct":6.5,"efa_mhhi":78646.0,"efa_combined_minority":37.1,"efa_has_duplicate":0,"efa_mc1":0,"efa_sc1":0,"efa_mc2":0,"efa_sc2":0,"efa_mc3":0,"efa_sc3":0,"efa_mc4":0,"efa_sc4":0,"efa_mc5":0,"efa_sc5":0,"efa_has_split":0},"geometry":{"type":"Polygon","coordinates":[[[-75.707429,39.693438],[-75.703974,39.694731],[-75.698813,39.693572],[-75.696733,39.694893],[-75.694066,39.69512],[-75.690107,39.692596],[-75.687062,39.690219],[-75.684718,39.688249],[-75.688632,39.689124],[-75.689499,39.688387],[-75.692017,39.68746],[-75.691515,39.685938],[-75.69606,39.68425],[-75.697864,39.684718],[-75.698931,39.683246],[-75.70084,39.684482],[-75.702125,39.685814],[-75.706268,39.690604],[-75.706721,39.690898],[-75.707454,39.692448],[-75.707429,39.693438]]]}},{"id":"674","type":"Feature","properties":{"GEOID":"100010421002","eb":1.84,"sv":3.34,"county":"Kent","pop":2626.0,"pm25_pct":20.0,"diesel_pct":21.0,"cancer_pct":0.0,"traffic_pct":21.0,"superfund_pct":32.0,"lowinc_pct":0.262916188,"unemp_pct":0.015315315,"lingiso_pct":0.02970297,"poc_pct":67.0,"sv_health":4.64,"efa":"Not EFA","name":"Kent BG 421002","efa_hisp_pct":14.1,"efa_black_pct":28.9,"efa_lingiso_pct":7.3,"efa_lingiso_sp":43.5,"efa_poverty_pct":15.0,"efa_mhhi":78750.0,"efa_combined_minority":53.9,"efa_has_duplicate":0,"efa_mc1":0,"efa_sc1":0,"efa_mc2":0,"efa_sc2":0,"efa_mc3":0,"efa_sc3":0,"efa_mc4":0,"efa_sc4":0,"efa_mc5":0,"efa_sc5":0,"efa_has_split":0},"geometry":{"type":"Polygon","coordinates":[[[-75.622592,39.111635],[-75.619501,39.111678],[-75.614236,39.112372],[-75.607281,39.114556],[-75.605166,39.114884],[-75.600934,39.114377],[-75.592856,39.112794],[-75.59056,39.112897],[-75.587032,39.113909],[-75.579932,39.115744],[-75.573871,39.115844],[-75.578531,39.107032],[-75.581217,39.102604],[-75.583209,39.099864],[-75.583181,39.098913],[-75.581063,39.094332],[-75.578901,39.086876],[-75.575558,39.085342],[-75.573403,39.08571],[-75.569772,39.089587],[-75.568125,39.091066],[-75.567615,39.091284],[-75.566279,39.091469],[-75.55851,39.0924],[-75.558428,39.092586],[-75.557143,39.095551],[-75.554595,39.095472],[-75.551621,39.095382],[-75.551086,39.095367],[-75.545947,39.095216],[-75.547169,39.092608],[-75.551192,39.083839],[-75.551922,39.080803],[-75.553454,39.071255],[-75.555135,39.061017],[-75.555609,39.058008],[-75.556294,39.053868],[-75.557312,39.047657],[-75.560287,39.057051],[-75.560785,39.058753],[-75.561575,39.05859],[-75.562125,39.058269],[-75.566989,39.054099],[-75.571122,39.054066],[-75.573229,39.054045],[-75.579331,39.053042],[-75.582576,39.052734],[-75.583161,39.055199],[-75.585146,39.058027],[-75.585512,39.060032],[-75.587689,39.063363],[-75.591528,39.066722],[-75.592475,39.070481],[-75.594367,39.072609],[-75.606924,39.076121],[-75.609423,39.076972],[-75.60485,39.079623],[-75.605683,39.080793],[-75.608287,39.082425],[-75.609868,39.082606],[-75.614103,39.082066],[-75.617038,39.085558],[-75.621304,39.093978],[-75.623429,39.100451],[-75.622592,39.111635]]]}},{"id":"675","type":"Feature","properties":{"GEOID":"100030015001","eb":7.54,"sv":3.53,"county":"New Castle","pop":486.0,"pm25_pct":85.0,"diesel_pct":93.0,"cancer_pct":51.0,"traffic_pct":95.0,"superfund_pct":61.0,"lowinc_pct":0.316872428,"unemp_pct":0.0,"lingiso_pct":0.071225071,"poc_pct":58.0,"sv_health":4.45,"efa":"Moderate","name":"New Castle BG 15001","efa_hisp_pct":14.4,"efa_black_pct":39.2,"efa_lingiso_pct":9.2,"efa_lingiso_sp":100.0,"efa_poverty_pct":19.8,"efa_mhhi":51371.0,"efa_combined_minority":58.7,"efa_has_duplicate":0,"efa_mc1":0,"efa_sc1":0,"efa_mc2":0,"efa_sc2":0,"efa_mc3":0,"efa_sc3":0,"efa_mc4":1,"efa_sc4":0,"efa_mc5":0,"efa_sc5":0,"efa_has_split":0},"geometry":{"type":"Polygon","coordinates":[[[-75.562292,39.75144],[-75.560813,39.753629],[-75.556593,39.752485],[-75.555094,39.751144],[-75.556246,39.75008],[-75.556845,39.74922],[-75.557419,39.748356],[-75.562887,39.750573],[-75.562292,39.75144]]]}},{"id":"676","type":"Feature","properties":{"GEOID":"100050510152","eb":1.78,"sv":2.24,"county":"Sussex","pop":416.0,"pm25_pct":17.0,"diesel_pct":17.0,"cancer_pct":0.0,"traffic_pct":13.0,"superfund_pct":16.0,"lowinc_pct":0.125,"unemp_pct":0.0,"lingiso_pct":0.0,"poc_pct":3.0,"sv_health":3.92,"efa":"Not EFA","name":"Sussex BG 510152","efa_hisp_pct":1.7,"efa_black_pct":0,"efa_lingiso_pct":0,"efa_lingiso_sp":null,"efa_poverty_pct":5.2,"efa_mhhi":155231.0,"efa_combined_minority":5.9,"efa_has_duplicate":0,"efa_mc1":0,"efa_sc1":0,"efa_mc2":0,"efa_sc2":0,"efa_mc3":0,"efa_sc3":0,"efa_mc4":0,"efa_sc4":0,"efa_mc5":0,"efa_sc5":0,"efa_has_split":0},"geometry":{"type":"Polygon","coordinates":[[[-75.169095,38.699904],[-75.163841,38.702158],[-75.162068,38.703269],[-75.160881,38.70183],[-75.160314,38.699765],[-75.158849,38.697649],[-75.157959,38.698061],[-75.1551,38.695511],[-75.148862,38.692106],[-75.143792,38.687849],[-75.143226,38.686338],[-75.141431,38.68544],[-75.137459,38.681686],[-75.136844,38.680434],[-75.136387,38.678403],[-75.134913,38.678599],[-75.140763,38.677365],[-75.159574,38.680551],[-75.159372,38.681822],[-75.160099,38.684728],[-75.16364,38.684805],[-75.165195,38.689528],[-75.168121,38.695623],[-75.168288,38.698566],[-75.169095,38.699904]]]}},{"id":"677","type":"Feature","properties":{"GEOID":"100030147021","eb":6.58,"sv":2.08,"county":"New Castle","pop":1767.0,"pm25_pct":54.0,"diesel_pct":70.0,"cancer_pct":51.0,"traffic_pct":85.0,"superfund_pct":95.0,"lowinc_pct":0.217883418,"unemp_pct":0.008139535,"lingiso_pct":0.012006861,"poc_pct":66.0,"sv_health":3.9,"efa":"Not EFA","name":"New Castle BG 147021","efa_hisp_pct":21.4,"efa_black_pct":19.3,"efa_lingiso_pct":1.3,"efa_lingiso_sp":0,"efa_poverty_pct":13.1,"efa_mhhi":101810.0,"efa_combined_minority":51.1,"efa_has_duplicate":0,"efa_mc1":0,"efa_sc1":0,"efa_mc2":0,"efa_sc2":0,"efa_mc3":0,"efa_sc3":0,"efa_mc4":0,"efa_sc4":0,"efa_mc5":0,"efa_sc5":0,"efa_has_split":0},"geometry":{"type":"Polygon","coordinates":[[[-75.754384,39.653606],[-75.751308,39.655748],[-75.750595,39.65623],[-75.750005,39.656666],[-75.74989,39.656713],[-75.748649,39.657614],[-75.748422,39.65792],[-75.748396,39.658228],[-75.747974,39.658224],[-75.746808,39.658361],[-75.74272,39.659365],[-75.738362,39.660996],[-75.738466,39.661381],[-75.738232,39.661422],[-75.736081,39.661738],[-75.735478,39.66003],[-75.733646,39.65395],[-75.732125,39.648924],[-75.732038,39.648676],[-75.73492,39.6481],[-75.741452,39.646737],[-75.742322,39.646663],[-75.742455,39.647068],[-75.742692,39.647471],[-75.744563,39.648267],[-75.749032,39.649284],[-75.751641,39.651719],[-75.752779,39.652972],[-75.754478,39.653557],[-75.754384,39.653606]]]}},{"id":"678","type":"Feature","properties":{"GEOID":"100010431001","eb":1.43,"sv":2.57,"county":"Kent","pop":769.0,"pm25_pct":29.0,"diesel_pct":0.0,"cancer_pct":0.0,"traffic_pct":2.0,"superfund_pct":0.0,"lowinc_pct":0.106382979,"unemp_pct":0.011363636,"lingiso_pct":0.0,"poc_pct":3.0,"sv_health":4.43,"efa":"Not EFA","name":"Kent BG 431001","efa_hisp_pct":1.5,"efa_black_pct":11.2,"efa_lingiso_pct":0,"efa_lingiso_sp":null,"efa_poverty_pct":18.2,"efa_mhhi":112955.0,"efa_combined_minority":12.7,"efa_has_duplicate":0,"efa_mc1":0,"efa_sc1":0,"efa_mc2":0,"efa_sc2":0,"efa_mc3":0,"efa_sc3":0,"efa_mc4":0,"efa_sc4":0,"efa_mc5":0,"efa_sc5":0,"efa_has_split":0},"geometry":{"type":"Polygon","coordinates":[[[-75.7328559079955,38.9573679869984],[-75.731808,38.957006],[-75.72893,38.958011],[-75.721582,38.960304],[-75.707616,38.966392],[-75.703125,38.969248],[-75.700683,38.970194],[-75.696815,38.970977],[-75.695656,38.96633],[-75.695265,38.962508],[-75.694399,38.961261],[-75.693178,38.960581],[-75.678651,38.956164],[-75.674363,38.953813],[-75.665027,38.950884],[-75.660487,38.95],[-75.655926,38.950015],[-75.650979,38.949533],[-75.64208,38.946158],[-75.636301,38.943743],[-75.628078,38.940777],[-75.627176,38.94066],[-75.618266,38.943506],[-75.616236,38.94398],[-75.612207,38.944182],[-75.613268,38.940144],[-75.615257,38.938873],[-75.615542,38.937173],[-75.613172,38.935314],[-75.609225,38.934564],[-75.606919,38.933284],[-75.605136,38.931499],[-75.603361,38.928316],[-75.602732,38.921942],[-75.597928,38.918596],[-75.600961,38.917546],[-75.60252,38.915967],[-75.604722,38.911236],[-75.606505,38.909269],[-75.62489,38.90028],[-75.637306,38.894349],[-75.671662,38.889314],[-75.674143,38.889042],[-75.680113,38.889481],[-75.691155,38.892563],[-75.702581,38.894295],[-75.709581,38.894794],[-75.717542,38.896039],[-75.72296,38.895263],[-75.7279177693366,38.8954756605248],[-75.7309192614903,38.9330949630837],[-75.7328150919806,38.9568564181065],[-75.7328559079955,38.9573679869984]]]}},{"id":"679","type":"Feature","properties":{"GEOID":"100030148084","eb":5.39,"sv":2.06,"county":"New Castle","pop":2028.0,"pm25_pct":51.0,"diesel_pct":65.0,"cancer_pct":51.0,"traffic_pct":43.0,"superfund_pct":75.0,"lowinc_pct":0.053254438,"unemp_pct":0.185767098,"lingiso_pct":0.0,"poc_pct":86.0,"sv_health":3.58,"efa":"Not EFA","name":"New Castle BG 148084","efa_hisp_pct":19.3,"efa_black_pct":34.7,"efa_lingiso_pct":0,"efa_lingiso_sp":null,"efa_poverty_pct":1.2,"efa_mhhi":124709.0,"efa_combined_minority":69.9,"efa_has_duplicate":0,"efa_mc1":0,"efa_sc1":0,"efa_mc2":0,"efa_sc2":0,"efa_mc3":0,"efa_sc3":0,"efa_mc4":0,"efa_sc4":0,"efa_mc5":0,"efa_sc5":0,"efa_has_split":0},"geometry":{"type":"Polygon","coordinates":[[[-75.709092,39.622949],[-75.702828,39.622033],[-75.703577,39.622551],[-75.704412,39.623758],[-75.702906,39.624999],[-75.703038,39.625304],[-75.701765,39.624718],[-75.69841,39.621789],[-75.695698,39.619454],[-75.694762,39.618795],[-75.695764,39.618344],[-75.69775,39.617072],[-75.699928,39.615463],[-75.700697,39.614784],[-75.705436,39.617087],[-75.712529,39.621625],[-75.709092,39.622949]]]}},{"id":"680","type":"Feature","properties":{"GEOID":"100030166131","eb":3.16,"sv":2.6,"county":"New Castle","pop":425.0,"pm25_pct":30.0,"diesel_pct":39.0,"cancer_pct":0.0,"traffic_pct":18.0,"superfund_pct":23.0,"lowinc_pct":0.08,"unemp_pct":0.161904762,"lingiso_pct":0.0,"poc_pct":29.0,"sv_health":3.51,"efa":"Not EFA","name":"New Castle BG 166131","efa_hisp_pct":0,"efa_black_pct":20.2,"efa_lingiso_pct":0,"efa_lingiso_sp":null,"efa_poverty_pct":7.2,"efa_mhhi":88952.0,"efa_combined_minority":20.2,"efa_has_duplicate":0,"efa_mc1":0,"efa_sc1":0,"efa_mc2":0,"efa_sc2":0,"efa_mc3":0,"efa_sc3":0,"efa_mc4":0,"efa_sc4":0,"efa_mc5":0,"efa_sc5":0,"efa_has_split":0},"geometry":{"type":"Polygon","coordinates":[[[-75.712686,39.464496],[-75.708862,39.471626],[-75.708396,39.47216],[-75.707386,39.469246],[-75.704295,39.467297],[-75.702367,39.465056],[-75.697431,39.464654],[-75.697223,39.464442],[-75.693828,39.462124],[-75.695602,39.460087],[-75.700672,39.459284],[-75.703417,39.460407],[-75.7062,39.460739],[-75.70761,39.461721],[-75.711323,39.460677],[-75.71673,39.462999],[-75.712686,39.464496]]]}},{"id":"681","type":"Feature","properties":{"GEOID":"100050513023","eb":1.45,"sv":2.34,"county":"Sussex","pop":1651.0,"pm25_pct":9.0,"diesel_pct":3.0,"cancer_pct":0.0,"traffic_pct":13.0,"superfund_pct":20.0,"lowinc_pct":0.095093883,"unemp_pct":0.034825871,"lingiso_pct":0.002333722,"poc_pct":12.0,"sv_health":4.1,"efa":"Not EFA","name":"Sussex BG 513023","efa_hisp_pct":3.2,"efa_black_pct":2.7,"efa_lingiso_pct":0,"efa_lingiso_sp":null,"efa_poverty_pct":5.2,"efa_mhhi":86771.0,"efa_combined_minority":7.3,"efa_has_duplicate":0,"efa_mc1":0,"efa_sc1":0,"efa_mc2":0,"efa_sc2":0,"efa_mc3":0,"efa_sc3":0,"efa_mc4":0,"efa_sc4":0,"efa_mc5":0,"efa_sc5":0,"efa_has_split":0},"geometry":{"type":"Polygon","coordinates":[[[-75.157374,38.509615],[-75.153173,38.513817],[-75.148513,38.521516],[-75.142607,38.527557],[-75.138651,38.531558],[-75.13218,38.538193],[-75.131632,38.539412],[-75.128166,38.53979],[-75.126382,38.539977],[-75.124667,38.540147],[-75.12354,38.540216],[-75.12155,38.540297],[-75.117706,38.540329],[-75.117623,38.539773],[-75.116393,38.536204],[-75.11576,38.535318],[-75.113283,38.534476],[-75.114972,38.532007],[-75.115243,38.528908],[-75.117058,38.525271],[-75.118387,38.522761],[-75.121205,38.51927],[-75.120158,38.515809],[-75.120871,38.513751],[-75.122941,38.511788],[-75.125357,38.512348],[-75.127817,38.511852],[-75.13221,38.512404],[-75.133269,38.513672],[-75.135094,38.513185],[-75.139885,38.51524],[-75.14375,38.514965],[-75.152629,38.50771],[-75.156293,38.508779],[-75.157374,38.509615]]]}},{"id":"682","type":"Feature","properties":{"GEOID":"100050503023","eb":2.26,"sv":3.08,"county":"Sussex","pop":1447.0,"pm25_pct":43.0,"diesel_pct":19.0,"cancer_pct":0.0,"traffic_pct":14.0,"superfund_pct":18.0,"lowinc_pct":0.09260539,"unemp_pct":0.06020558,"lingiso_pct":0.020100503,"poc_pct":11.0,"sv_health":4.77,"efa":"Not EFA","name":"Sussex BG 503023","efa_hisp_pct":2.3,"efa_black_pct":1.1,"efa_lingiso_pct":1.9,"efa_lingiso_sp":100.0,"efa_poverty_pct":4.5,"efa_mhhi":80833.0,"efa_combined_minority":8.0,"efa_has_duplicate":0,"efa_mc1":0,"efa_sc1":0,"efa_mc2":0,"efa_sc2":0,"efa_mc3":0,"efa_sc3":0,"efa_mc4":0,"efa_sc4":0,"efa_mc5":0,"efa_sc5":0,"efa_has_split":0},"geometry":{"type":"Polygon","coordinates":[[[-75.593444,38.759487],[-75.59064,38.790396],[-75.588766,38.796584],[-75.587412,38.800139],[-75.586415,38.80117],[-75.584474,38.804139],[-75.583915,38.806039],[-75.583389,38.805975],[-75.580978,38.805706],[-75.574518,38.804783],[-75.567598,38.80236],[-75.565368,38.801851],[-75.556569,38.801065],[-75.547379,38.801154],[-75.545156,38.801579],[-75.5355,38.804513],[-75.525115,38.805767],[-75.523714,38.805836],[-75.493062,38.806464],[-75.483289,38.806794],[-75.471772,38.807657],[-75.465494,38.806871],[-75.474127,38.796201],[-75.475881,38.795233],[-75.476696,38.792387],[-75.474882,38.787999],[-75.475079,38.787295],[-75.476536,38.785474],[-75.481525,38.781009],[-75.483117,38.779053],[-75.487302,38.770701],[-75.488338,38.769536],[-75.494637,38.764744],[-75.494986,38.764322],[-75.496751,38.760556],[-75.500351,38.755637],[-75.507975,38.753723],[-75.510083,38.753868],[-75.514628,38.754786],[-75.516214,38.754816],[-75.555561,38.747169],[-75.574518,38.746866],[-75.580265,38.747257],[-75.591533,38.748889],[-75.593125,38.749145],[-75.593749,38.755439],[-75.593444,38.759487]]]}},{"id":"683","type":"Feature","properties":{"GEOID":"100030101041","eb":7.37,"sv":2.65,"county":"New Castle","pop":2419.0,"pm25_pct":97.0,"diesel_pct":82.0,"cancer_pct":51.0,"traffic_pct":93.0,"superfund_pct":49.0,"lowinc_pct":0.3493179,"unemp_pct":0.009299442,"lingiso_pct":0.046025105,"poc_pct":61.0,"sv_health":3.75,"efa":"Not EFA","name":"New Castle BG 101041","efa_hisp_pct":7.7,"efa_black_pct":35.2,"efa_lingiso_pct":3.1,"efa_lingiso_sp":100.0,"efa_poverty_pct":17.9,"efa_mhhi":54000.0,"efa_combined_minority":43.4,"efa_has_duplicate":0,"efa_mc1":0,"efa_sc1":0,"efa_mc2":0,"efa_sc2":0,"efa_mc3":0,"efa_sc3":0,"efa_mc4":0,"efa_sc4":0,"efa_mc5":0,"efa_sc5":0,"efa_has_split":0},"geometry":{"type":"Polygon","coordinates":[[[-75.471477,39.785722],[-75.469388,39.787728],[-75.468536,39.788471],[-75.466129,39.790219],[-75.462802,39.792575],[-75.461488,39.793435],[-75.465771,39.796006],[-75.458683,39.801841],[-75.457209,39.802886],[-75.454279,39.80453],[-75.445425,39.809156],[-75.440369,39.81028],[-75.4339085190138,39.8117473186932],[-75.428038,39.809212],[-75.423416,39.806615],[-75.468502,39.786474],[-75.4690045587194,39.7857415323977],[-75.4697455653652,39.7846615325088],[-75.471477,39.785722]]]}},{"id":"684","type":"Feature","properties":{"GEOID":"100030148091","eb":4.86,"sv":2.35,"county":"New Castle","pop":2775.0,"pm25_pct":49.0,"diesel_pct":53.0,"cancer_pct":51.0,"traffic_pct":48.0,"superfund_pct":60.0,"lowinc_pct":0.386306306,"unemp_pct":0.131903834,"lingiso_pct":0.0,"poc_pct":49.0,"sv_health":3.82,"efa":"Moderate","name":"New Castle BG 148091","efa_hisp_pct":2.2,"efa_black_pct":14.9,"efa_lingiso_pct":0,"efa_lingiso_sp":null,"efa_poverty_pct":16.5,"efa_mhhi":103444.0,"efa_combined_minority":32.4,"efa_has_duplicate":1,"efa_mc1":1,"efa_sc1":0,"efa_mc2":0,"efa_sc2":0,"efa_mc3":0,"efa_sc3":0,"efa_mc4":0,"efa_sc4":0,"efa_mc5":0,"efa_sc5":0,"efa_has_split":1},"geometry":{"type":"Polygon","coordinates":[[[-75.717481,39.601016],[-75.713669,39.601367],[-75.714998,39.603092],[-75.715395,39.60807],[-75.71199,39.608372],[-75.707423,39.609846],[-75.694465,39.601761],[-75.698849,39.603121],[-75.704182,39.602079],[-75.703378,39.599037],[-75.704634,39.596292],[-75.701642,39.594738],[-75.699595,39.593361],[-75.708446,39.59065],[-75.71415,39.590128],[-75.716848,39.589905],[-75.718104,39.60037],[-75.717481,39.601016]]]}},{"id":"685","type":"Feature","properties":{"GEOID":"100010414002","eb":4.58,"sv":3.42,"county":"Kent","pop":1011.0,"pm25_pct":16.0,"diesel_pct":45.0,"cancer_pct":0.0,"traffic_pct":91.0,"superfund_pct":98.0,"lowinc_pct":0.640949555,"unemp_pct":0.034296029,"lingiso_pct":0.0,"poc_pct":95.0,"sv_health":4.71,"efa":"Significant","name":"Kent BG 414002","efa_hisp_pct":8.6,"efa_black_pct":66.4,"efa_lingiso_pct":0,"efa_lingiso_sp":null,"efa_poverty_pct":38.4,"efa_mhhi":25603.0,"efa_combined_minority":90.1,"efa_has_duplicate":0,"efa_mc1":1,"efa_sc1":1,"efa_mc2":1,"efa_sc2":1,"efa_mc3":1,"efa_sc3":1,"efa_mc4":1,"efa_sc4":1,"efa_mc5":0,"efa_sc5":0,"efa_has_split":0},"geometry":{"type":"Polygon","coordinates":[[[-75.542852,39.158895],[-75.53776,39.159012],[-75.528267,39.161113],[-75.526591,39.156675],[-75.540793,39.153694],[-75.541879,39.154329],[-75.542852,39.158895]]]}},{"id":"686","type":"Feature","properties":{"GEOID":"100050513122","eb":1.39,"sv":2.51,"county":"Sussex","pop":1210.0,"pm25_pct":6.0,"diesel_pct":4.0,"cancer_pct":0.0,"traffic_pct":7.0,"superfund_pct":16.0,"lowinc_pct":0.117355372,"unemp_pct":0.061056106,"lingiso_pct":0.0,"poc_pct":8.0,"sv_health":4.13,"efa":"Not EFA","name":"Sussex BG 513122","efa_hisp_pct":1.8,"efa_black_pct":0,"efa_lingiso_pct":0,"efa_lingiso_sp":null,"efa_poverty_pct":3.0,"efa_mhhi":76923.0,"efa_combined_minority":6.5,"efa_has_duplicate":0,"efa_mc1":0,"efa_sc1":0,"efa_mc2":0,"efa_sc2":0,"efa_mc3":0,"efa_sc3":0,"efa_mc4":0,"efa_sc4":0,"efa_mc5":0,"efa_sc5":0,"efa_has_split":0},"geometry":{"type":"Polygon","coordinates":[[[-75.185554,38.451206],[-75.183701,38.455086],[-75.180829,38.456828],[-75.179182,38.458895],[-75.178126,38.460341],[-75.17796,38.462135],[-75.178204,38.463343],[-75.178398,38.463847],[-75.179156,38.465884],[-75.179777,38.466894],[-75.180406,38.468252],[-75.180546,38.469449],[-75.179363,38.471836],[-75.177307,38.473093],[-75.176193,38.474593],[-75.174506,38.478354],[-75.173613,38.487717],[-75.173971,38.491286],[-75.17718,38.490655],[-75.180095,38.49084],[-75.175698,38.494226],[-75.170754,38.496575],[-75.167834,38.494343],[-75.166829,38.492823],[-75.162317,38.489704],[-75.159121,38.485145],[-75.157323,38.483406],[-75.153821,38.481614],[-75.146438,38.48065],[-75.143028,38.479064],[-75.140342,38.478203],[-75.140467,38.477468],[-75.139458,38.475213],[-75.137951,38.475449],[-75.136979,38.47614],[-75.126272,38.474353],[-75.117534,38.471401],[-75.11584,38.469823],[-75.119941,38.467314],[-75.128498,38.462779],[-75.134745,38.459003],[-75.135883,38.457529],[-75.137196,38.45477],[-75.139749,38.452247],[-75.1419646890339,38.4511960161908],[-75.1847169998149,38.4512058082913],[-75.185554,38.451206]]]}},{"id":"687","type":"Feature","properties":{"GEOID":"100030148081","eb":5.26,"sv":2.69,"county":"New Castle","pop":1495.0,"pm25_pct":51.0,"diesel_pct":65.0,"cancer_pct":51.0,"traffic_pct":30.0,"superfund_pct":71.0,"lowinc_pct":0.529765886,"unemp_pct":0.068597561,"lingiso_pct":0.128878282,"poc_pct":77.0,"sv_health":3.58,"efa":"Not EFA","name":"New Castle BG 148081","efa_hisp_pct":5.6,"efa_black_pct":1.9,"efa_lingiso_pct":0,"efa_lingiso_sp":null,"efa_poverty_pct":5.6,"efa_mhhi":93295.0,"efa_combined_minority":29.8,"efa_has_duplicate":0,"efa_mc1":0,"efa_sc1":0,"efa_mc2":0,"efa_sc2":0,"efa_mc3":0,"efa_sc3":0,"efa_mc4":0,"efa_sc4":0,"efa_mc5":0,"efa_sc5":0,"efa_has_split":0},"geometry":{"type":"Polygon","coordinates":[[[-75.728645,39.637627],[-75.727737,39.636345],[-75.72522,39.636032],[-75.722771,39.639099],[-75.720662,39.637886],[-75.720055,39.636051],[-75.719315,39.636169],[-75.717007,39.638948],[-75.715386,39.639788],[-75.712856,39.639079],[-75.710886,39.640165],[-75.71157,39.642773],[-75.709049,39.643024],[-75.707268,39.640194],[-75.708839,39.636606],[-75.70552,39.635542],[-75.706139,39.633408],[-75.70576,39.631305],[-75.704187,39.62593],[-75.703038,39.625304],[-75.702906,39.624999],[-75.704412,39.623758],[-75.703577,39.622551],[-75.702828,39.622033],[-75.709092,39.622949],[-75.712529,39.621625],[-75.715412,39.620229],[-75.7148,39.618082],[-75.715279,39.614768],[-75.707653,39.609988],[-75.707423,39.609846],[-75.71199,39.608372],[-75.715395,39.60807],[-75.715453,39.608444],[-75.717722,39.614041],[-75.719866,39.617142],[-75.720603,39.619738],[-75.724248,39.6261],[-75.725106,39.62726],[-75.728269,39.634197],[-75.728455,39.635387],[-75.728645,39.637627]]]}},{"id":"688","type":"Feature","properties":{"GEOID":"100030127004","eb":6.45,"sv":2.78,"county":"New Castle","pop":400.0,"pm25_pct":68.0,"diesel_pct":70.0,"cancer_pct":51.0,"traffic_pct":76.0,"superfund_pct":92.0,"lowinc_pct":0.0875,"unemp_pct":0.143968872,"lingiso_pct":0.0,"poc_pct":36.0,"sv_health":4.39,"efa":"Not EFA","name":"New Castle BG 127004","efa_hisp_pct":15.1,"efa_black_pct":0,"efa_lingiso_pct":0,"efa_lingiso_sp":null,"efa_poverty_pct":4.1,"efa_mhhi":100972.0,"efa_combined_minority":15.1,"efa_has_duplicate":0,"efa_mc1":0,"efa_sc1":0,"efa_mc2":0,"efa_sc2":0,"efa_mc3":0,"efa_sc3":0,"efa_mc4":0,"efa_sc4":0,"efa_mc5":0,"efa_sc5":0,"efa_has_split":0},"geometry":{"type":"Polygon","coordinates":[[[-75.639873,39.717348],[-75.634695,39.718675],[-75.632894,39.721119],[-75.633077,39.72349],[-75.634113,39.724601],[-75.633218,39.724933],[-75.630961,39.724686],[-75.625879,39.723186],[-75.626235,39.720138],[-75.62562,39.715826],[-75.626225,39.715294],[-75.632275,39.716088],[-75.633234,39.716067],[-75.634377,39.716024],[-75.640267,39.715734],[-75.639873,39.717348]]]}},{"id":"689","type":"Feature","properties":{"GEOID":"100030148031","eb":6.3,"sv":2.19,"county":"New Castle","pop":1478.0,"pm25_pct":51.0,"diesel_pct":68.0,"cancer_pct":51.0,"traffic_pct":81.0,"superfund_pct":75.0,"lowinc_pct":0.139293139,"unemp_pct":0.017902813,"lingiso_pct":0.010218978,"poc_pct":53.0,"sv_health":3.6,"efa":"Not EFA","name":"New Castle BG 148031","efa_hisp_pct":19.9,"efa_black_pct":3.5,"efa_lingiso_pct":0,"efa_lingiso_sp":null,"efa_poverty_pct":5.0,"efa_mhhi":53317.0,"efa_combined_minority":28.4,"efa_has_duplicate":0,"efa_mc1":0,"efa_sc1":0,"efa_mc2":0,"efa_sc2":0,"efa_mc3":0,"efa_sc3":0,"efa_mc4":0,"efa_sc4":0,"efa_mc5":0,"efa_sc5":0,"efa_has_split":0},"geometry":{"type":"Polygon","coordinates":[[[-75.787787176812,39.6432484121769],[-75.769976,39.649314],[-75.764672,39.651344],[-75.761273,39.651648],[-75.760552,39.651702],[-75.759251,39.65183],[-75.754478,39.653557],[-75.752779,39.652972],[-75.751641,39.651719],[-75.749032,39.649284],[-75.744563,39.648267],[-75.742692,39.647471],[-75.742455,39.647068],[-75.746325,39.647025],[-75.757101,39.646975],[-75.758787,39.6468],[-75.760115,39.64657],[-75.762193,39.646035],[-75.763974,39.645498],[-75.783756,39.639433],[-75.7875417024712,39.6390306427924],[-75.787787176812,39.6432484121769]]]}},{"id":"690","type":"Feature","properties":{"GEOID":"100030028002","eb":7.68,"sv":3.31,"county":"New Castle","pop":886.0,"pm25_pct":83.0,"diesel_pct":94.0,"cancer_pct":51.0,"traffic_pct":96.0,"superfund_pct":71.0,"lowinc_pct":0.575505351,"unemp_pct":0.136445242,"lingiso_pct":0.0,"poc_pct":84.0,"sv_health":3.68,"efa":"Significant","name":"New Castle BG 28002","efa_hisp_pct":19.8,"efa_black_pct":44.9,"efa_lingiso_pct":0,"efa_lingiso_sp":null,"efa_poverty_pct":57.0,"efa_mhhi":26364.0,"efa_combined_minority":69.5,"efa_has_duplicate":1,"efa_mc1":0,"efa_sc1":0,"efa_mc2":0,"efa_sc2":0,"efa_mc3":1,"efa_sc3":1,"efa_mc4":1,"efa_sc4":1,"efa_mc5":0,"efa_sc5":0,"efa_has_split":1},"geometry":{"type":"Polygon","coordinates":[[[-75.556422,39.740388],[-75.554699,39.739696],[-75.553568,39.74135],[-75.55256,39.742827],[-75.552052,39.743571],[-75.552299,39.744644],[-75.551541,39.74433],[-75.546571,39.742305],[-75.547103,39.741537],[-75.548588,39.73933],[-75.549004,39.738708],[-75.55017,39.736923],[-75.557305,39.739853],[-75.556422,39.740388]]]}},{"id":"691","type":"Feature","properties":{"GEOID":"100010402031","eb":3.1,"sv":3.01,"county":"Kent","pop":1515.0,"pm25_pct":10.0,"diesel_pct":30.0,"cancer_pct":0.0,"traffic_pct":67.0,"superfund_pct":19.0,"lowinc_pct":0.295148248,"unemp_pct":0.0,"lingiso_pct":0.0,"poc_pct":53.0,"sv_health":4.49,"efa":"Not EFA","name":"Kent BG 402031","efa_hisp_pct":4.5,"efa_black_pct":29.3,"efa_lingiso_pct":0,"efa_lingiso_sp":null,"efa_poverty_pct":13.6,"efa_mhhi":85395.0,"efa_combined_minority":36.2,"efa_has_duplicate":0,"efa_mc1":0,"efa_sc1":0,"efa_mc2":0,"efa_sc2":0,"efa_mc3":0,"efa_sc3":0,"efa_mc4":0,"efa_sc4":0,"efa_mc5":0,"efa_sc5":0,"efa_has_split":0},"geometry":{"type":"Polygon","coordinates":[[[-75.595471,39.310081],[-75.593889,39.308417],[-75.592338,39.309948],[-75.592056,39.311252],[-75.590409,39.311746],[-75.587495,39.311009],[-75.587325,39.309699],[-75.584341,39.308718],[-75.581145,39.311131],[-75.57462,39.313434],[-75.570958,39.318845],[-75.568716,39.323523],[-75.56982,39.326577],[-75.569007,39.328744],[-75.564806,39.331936],[-75.562734,39.332104],[-75.558843,39.333334],[-75.556205,39.335325],[-75.555717,39.337066],[-75.556813,39.338169],[-75.558334,39.33923],[-75.557358,39.341501],[-75.557846,39.342764],[-75.559982,39.343466],[-75.560519,39.345067],[-75.5588,39.346549],[-75.557378,39.349101],[-75.55619,39.348287],[-75.555886,39.346743],[-75.554223,39.345404],[-75.551599,39.345105],[-75.55104,39.345568],[-75.551096,39.349483],[-75.552242,39.350157],[-75.553841,39.349938],[-75.554683,39.351506],[-75.553369,39.35301],[-75.551626,39.35394],[-75.549645,39.353855],[-75.548483,39.350965],[-75.541257,39.341387],[-75.526967,39.332413],[-75.519773,39.32991],[-75.513088,39.326355],[-75.512619,39.325739],[-75.513332,39.321549],[-75.515047,39.314826],[-75.515841,39.285397],[-75.516047,39.283968],[-75.516614,39.282552],[-75.520538,39.277254],[-75.521305,39.273519],[-75.521072,39.267572],[-75.517861,39.248173],[-75.5177,39.247207],[-75.517631,39.245626],[-75.518882,39.245997],[-75.523729,39.245886],[-75.524961,39.247389],[-75.524584,39.249632],[-75.527975,39.250474],[-75.530119,39.251819],[-75.531834,39.252014],[-75.533638,39.251228],[-75.535752,39.248892],[-75.538739,39.249172],[-75.539508,39.251494],[-75.542081,39.251609],[-75.543949,39.250919],[-75.545805,39.251436],[-75.549851,39.251047],[-75.550618,39.250258],[-75.551144,39.247685],[-75.553556,39.247014],[-75.555191,39.244294],[-75.559762,39.244678],[-75.562778,39.243972],[-75.567196,39.244251],[-75.568811,39.245169],[-75.57008,39.243735],[-75.575818,39.243657],[-75.577049,39.242685],[-75.581599,39.242084],[-75.581354,39.245063],[-75.578695,39.253822],[-75.578218,39.257883],[-75.578254,39.260481],[-75.579469,39.266483],[-75.580856,39.269917],[-75.582298,39.272478],[-75.58746,39.279714],[-75.591434,39.285714],[-75.592297,39.287578],[-75.59322,39.290749],[-75.593348,39.291578],[-75.593439,39.295907],[-75.593095,39.300322],[-75.593235,39.302779],[-75.594286,39.306066],[-75.595407,39.308045],[-75.59669,39.309751],[-75.595471,39.310081]]]}},{"id":"692","type":"Feature","properties":{"GEOID":"100050501043","eb":3.74,"sv":3.42,"county":"Sussex","pop":853.0,"pm25_pct":40.0,"diesel_pct":31.0,"cancer_pct":0.0,"traffic_pct":65.0,"superfund_pct":0.0,"lowinc_pct":0.558030481,"unemp_pct":0.041916168,"lingiso_pct":0.029090909,"poc_pct":76.0,"sv_health":4.73,"efa":"Moderate","name":"Sussex BG 501043","efa_hisp_pct":30.4,"efa_black_pct":18.8,"efa_lingiso_pct":0,"efa_lingiso_sp":null,"efa_poverty_pct":20.0,"efa_mhhi":58523.0,"efa_combined_minority":49.2,"efa_has_duplicate":0,"efa_mc1":1,"efa_sc1":0,"efa_mc2":0,"efa_sc2":0,"efa_mc3":0,"efa_sc3":0,"efa_mc4":0,"efa_sc4":0,"efa_mc5":0,"efa_sc5":0,"efa_has_split":0},"geometry":{"type":"Polygon","coordinates":[[[-75.428404,38.913206],[-75.424692,38.913418],[-75.423458,38.91424],[-75.422073,38.914042],[-75.421581,38.915517],[-75.41983,38.915416],[-75.418318,38.914263],[-75.416947,38.915521],[-75.418423,38.916745],[-75.416679,38.918031],[-75.412565,38.917992],[-75.410646,38.917458],[-75.410463,38.916418],[-75.408818,38.916824],[-75.408884,38.916153],[-75.407068,38.915785],[-75.407082,38.915429],[-75.407188,38.915166],[-75.407619,38.914987],[-75.407732,38.914846],[-75.407718,38.914537],[-75.407796,38.914361],[-75.407993,38.911922],[-75.409586,38.90911],[-75.412578,38.908297],[-75.413213,38.909074],[-75.428441,38.911533],[-75.428404,38.913206]]]}},{"id":"693","type":"Feature","properties":{"GEOID":"100050509041","eb":2.38,"sv":2.98,"county":"Sussex","pop":1427.0,"pm25_pct":14.0,"diesel_pct":35.0,"cancer_pct":0.0,"traffic_pct":54.0,"superfund_pct":6.0,"lowinc_pct":0.430974072,"unemp_pct":0.0,"lingiso_pct":0.019753086,"poc_pct":20.0,"sv_health":4.65,"efa":"Not EFA","name":"Sussex BG 509041","efa_hisp_pct":4.7,"efa_black_pct":1.5,"efa_lingiso_pct":1.9,"efa_lingiso_sp":0,"efa_poverty_pct":18.2,"efa_mhhi":54535.0,"efa_combined_minority":10.8,"efa_has_duplicate":0,"efa_mc1":0,"efa_sc1":0,"efa_mc2":0,"efa_sc2":0,"efa_mc3":0,"efa_sc3":0,"efa_mc4":0,"efa_sc4":0,"efa_mc5":0,"efa_sc5":0,"efa_has_split":0},"geometry":{"type":"Polygon","coordinates":[[[-75.172848,38.749209],[-75.169957,38.749747],[-75.164651,38.751488],[-75.171069,38.756108],[-75.171725,38.756755],[-75.150757,38.763356],[-75.149754,38.764305],[-75.141659,38.77198],[-75.139212,38.774277],[-75.13901,38.773074],[-75.140555,38.771218],[-75.14519,38.761881],[-75.145449,38.761363],[-75.147436,38.757394],[-75.148287,38.755701],[-75.150069,38.752153],[-75.151968,38.746844],[-75.153806,38.744926],[-75.156577,38.746682],[-75.160363,38.748058],[-75.163097,38.748436],[-75.173871,38.748401],[-75.172848,38.749209]]]}},{"id":"694","type":"Feature","properties":{"GEOID":"100030163062","eb":6.56,"sv":2.44,"county":"New Castle","pop":1907.0,"pm25_pct":53.0,"diesel_pct":83.0,"cancer_pct":51.0,"traffic_pct":75.0,"superfund_pct":95.0,"lowinc_pct":0.082320442,"unemp_pct":0.026255708,"lingiso_pct":0.058232932,"poc_pct":90.0,"sv_health":3.84,"efa":"Not EFA","name":"New Castle BG 163062","efa_hisp_pct":4.4,"efa_black_pct":68.9,"efa_lingiso_pct":0,"efa_lingiso_sp":null,"efa_poverty_pct":3.3,"efa_mhhi":104391.0,"efa_combined_minority":75.7,"efa_has_duplicate":0,"efa_mc1":0,"efa_sc1":0,"efa_mc2":0,"efa_sc2":0,"efa_mc3":0,"efa_sc3":0,"efa_mc4":0,"efa_sc4":0,"efa_mc5":0,"efa_sc5":0,"efa_has_split":0},"geometry":{"type":"Polygon","coordinates":[[[-75.640521,39.639098],[-75.632443,39.645326],[-75.625414,39.649377],[-75.619353,39.651512],[-75.625315,39.643816],[-75.628638,39.638932],[-75.631679,39.634623],[-75.633849,39.635412],[-75.632956,39.636772],[-75.640521,39.639098]]]}},{"id":"695","type":"Feature","properties":{"GEOID":"100030166103","eb":3.38,"sv":2.25,"county":"New Castle","pop":2434.0,"pm25_pct":35.0,"diesel_pct":41.0,"cancer_pct":0.0,"traffic_pct":36.0,"superfund_pct":22.0,"lowinc_pct":0.277732128,"unemp_pct":0.025986526,"lingiso_pct":0.0,"poc_pct":62.0,"sv_health":3.97,"efa":"Not EFA","name":"New Castle BG 166103","efa_hisp_pct":5.7,"efa_black_pct":28.4,"efa_lingiso_pct":0,"efa_lingiso_sp":null,"efa_poverty_pct":3.7,"efa_mhhi":68197.0,"efa_combined_minority":45.1,"efa_has_duplicate":0,"efa_mc1":0,"efa_sc1":0,"efa_mc2":0,"efa_sc2":0,"efa_mc3":0,"efa_sc3":0,"efa_mc4":0,"efa_sc4":0,"efa_mc5":0,"efa_sc5":0,"efa_has_split":0},"geometry":{"type":"Polygon","coordinates":[[[-75.7738714399231,39.4655154199966],[-75.768119,39.465479],[-75.752144,39.460861],[-75.745016,39.459202],[-75.743607,39.457922],[-75.743361,39.457732],[-75.73699,39.453778],[-75.730017,39.450295],[-75.727903,39.449758],[-75.734285,39.445249],[-75.744208,39.441592],[-75.745371,39.441176],[-75.756097,39.43591],[-75.757416,39.434967],[-75.758008,39.434194],[-75.760125,39.429432],[-75.764866,39.418003],[-75.766588,39.415091],[-75.7698305587626,39.4159893684849],[-75.7722499294203,39.4456417811787],[-75.7738714399231,39.4655154199966]]]}},{"id":"696","type":"Feature","properties":{"GEOID":"100030101063","eb":7.24,"sv":3.03,"county":"New Castle","pop":737.0,"pm25_pct":99.0,"diesel_pct":80.0,"cancer_pct":51.0,"traffic_pct":59.0,"superfund_pct":51.0,"lowinc_pct":0.282225237,"unemp_pct":0.194594595,"lingiso_pct":0.051282051,"poc_pct":79.0,"sv_health":3.6,"efa":"Moderate","name":"New Castle BG 101063","efa_hisp_pct":0,"efa_black_pct":60.6,"efa_lingiso_pct":6.2,"efa_lingiso_sp":0,"efa_poverty_pct":25.3,"efa_mhhi":33000.0,"efa_combined_minority":70.5,"efa_has_duplicate":0,"efa_mc1":0,"efa_sc1":0,"efa_mc2":0,"efa_sc2":0,"efa_mc3":1,"efa_sc3":0,"efa_mc4":1,"efa_sc4":0,"efa_mc5":0,"efa_sc5":0,"efa_has_split":0},"geometry":{"type":"Polygon","coordinates":[[[-75.459715,39.821228],[-75.4580580976641,39.8218861424669],[-75.4577341167979,39.8217680367454],[-75.456842,39.819657],[-75.458823,39.81956],[-75.459715,39.821228]]]}},{"id":"697","type":"Feature","properties":{"GEOID":"100050510162","eb":1.44,"sv":2.13,"county":"Sussex","pop":1134.0,"pm25_pct":12.0,"diesel_pct":28.0,"cancer_pct":0.0,"traffic_pct":31.0,"superfund_pct":7.0,"lowinc_pct":0.188712522,"unemp_pct":0.24535316,"lingiso_pct":0.0,"poc_pct":3.0,"sv_health":3.4,"efa":"Not EFA","name":"Sussex BG 510162","efa_hisp_pct":1.2,"efa_black_pct":0,"efa_lingiso_pct":0,"efa_lingiso_sp":null,"efa_poverty_pct":15.5,"efa_mhhi":144000.0,"efa_combined_minority":2.1,"efa_has_duplicate":0,"efa_mc1":0,"efa_sc1":0,"efa_mc2":0,"efa_sc2":0,"efa_mc3":0,"efa_sc3":0,"efa_mc4":0,"efa_sc4":0,"efa_mc5":0,"efa_sc5":0,"efa_has_split":0},"geometry":{"type":"Polygon","coordinates":[[[-75.119015,38.698757],[-75.116679,38.699433],[-75.113761,38.699222],[-75.113956,38.700878],[-75.113305,38.702819],[-75.108425,38.707864],[-75.107548,38.709752],[-75.106276,38.707784],[-75.103496,38.708974],[-75.099065,38.702889],[-75.098619,38.700056],[-75.094056,38.699262],[-75.093961,38.699249],[-75.094098,38.69765],[-75.097398,38.689853],[-75.097471,38.689881],[-75.097873,38.688843],[-75.100844,38.681769],[-75.101533,38.678124],[-75.113112,38.69023],[-75.116927,38.692557],[-75.116502,38.693353],[-75.119263,38.695892],[-75.119015,38.698757]]]}},{"id":"698","type":"Feature","properties":{"GEOID":"100050506011","eb":2.61,"sv":2.4,"county":"Sussex","pop":1893.0,"pm25_pct":40.0,"diesel_pct":10.0,"cancer_pct":0.0,"traffic_pct":20.0,"superfund_pct":54.0,"lowinc_pct":0.200767965,"unemp_pct":0.037349398,"lingiso_pct":0.0,"poc_pct":44.0,"sv_health":4.32,"efa":"Not EFA","name":"Sussex BG 506011","efa_hisp_pct":7.0,"efa_black_pct":13.7,"efa_lingiso_pct":0,"efa_lingiso_sp":null,"efa_poverty_pct":4.5,"efa_mhhi":60824.0,"efa_combined_minority":28.2,"efa_has_duplicate":0,"efa_mc1":0,"efa_sc1":0,"efa_mc2":0,"efa_sc2":0,"efa_mc3":0,"efa_sc3":0,"efa_mc4":0,"efa_sc4":0,"efa_mc5":0,"efa_sc5":0,"efa_has_split":0},"geometry":{"type":"Polygon","coordinates":[[[-75.478684,38.623536],[-75.47863,38.623572],[-75.449577,38.639403],[-75.439227,38.6445],[-75.438102,38.645225],[-75.430384,38.652066],[-75.425558,38.648754],[-75.423563,38.647705],[-75.416955,38.642893],[-75.409134,38.64036],[-75.401613,38.639709],[-75.395966,38.634089],[-75.392393,38.631908],[-75.39058,38.631574],[-75.382351,38.631059],[-75.374388,38.629319],[-75.372905,38.62881],[-75.366016,38.625507],[-75.357394,38.619053],[-75.356114,38.61884],[-75.351844,38.616704],[-75.346875,38.620031],[-75.337632,38.620575],[-75.368094,38.652959],[-75.36636,38.652738],[-75.361442,38.6539],[-75.358536,38.653465],[-75.344865,38.647502],[-75.340769,38.646801],[-75.330169,38.642815],[-75.3235,38.639359],[-75.321905,38.638949],[-75.315168,38.638469],[-75.313533,38.635161],[-75.311376,38.633698],[-75.295932,38.632165],[-75.294844,38.621428],[-75.293662,38.614548],[-75.293819,38.61321],[-75.295238,38.610964],[-75.295558,38.60954],[-75.294046,38.600877],[-75.292794,38.597794],[-75.291254,38.595667],[-75.291146,38.595067],[-75.290996,38.594461],[-75.292778,38.594164],[-75.29421,38.594933],[-75.295568,38.597953],[-75.296765,38.598777],[-75.299501,38.59918],[-75.302938,38.598531],[-75.303589,38.598533],[-75.304815,38.597931],[-75.304339,38.596135],[-75.304975,38.59564],[-75.30976,38.596744],[-75.31128,38.596461],[-75.31247,38.595278],[-75.312841,38.595473],[-75.314838,38.596695],[-75.317264,38.599132],[-75.318908,38.600885],[-75.319068,38.600804],[-75.320392,38.600129],[-75.321391,38.599383],[-75.321439,38.59939],[-75.324885,38.599961],[-75.325468,38.600068],[-75.327887,38.600515],[-75.335609,38.601922],[-75.338549,38.601884],[-75.346322,38.600938],[-75.348235,38.601012],[-75.35943,38.603014],[-75.363071,38.603526],[-75.373193,38.603725],[-75.375496,38.603367],[-75.388337,38.599876],[-75.393426,38.598147],[-75.406387,38.593689],[-75.409075,38.592995],[-75.411731,38.592946],[-75.413211,38.593302],[-75.432455,38.599707],[-75.432787,38.599817],[-75.445545,38.604164],[-75.466711,38.612896],[-75.484652,38.620322],[-75.478684,38.623536]]]}},{"id":"699","type":"Feature","properties":{"GEOID":"100010422081","eb":2.28,"sv":2.96,"county":"Kent","pop":2054.0,"pm25_pct":32.0,"diesel_pct":22.0,"cancer_pct":0.0,"traffic_pct":60.0,"superfund_pct":34.0,"lowinc_pct":0.315481986,"unemp_pct":0.091935484,"lingiso_pct":0.0,"poc_pct":43.0,"sv_health":4.25,"efa":"Not EFA","name":"Kent BG 422081","efa_hisp_pct":0,"efa_black_pct":37.5,"efa_lingiso_pct":0,"efa_lingiso_sp":null,"efa_poverty_pct":21.6,"efa_mhhi":52340.0,"efa_combined_minority":41.0,"efa_has_duplicate":0,"efa_mc1":0,"efa_sc1":0,"efa_mc2":0,"efa_sc2":0,"efa_mc3":0,"efa_sc3":0,"efa_mc4":0,"efa_sc4":0,"efa_mc5":0,"efa_sc5":0,"efa_has_split":0},"geometry":{"type":"Polygon","coordinates":[[[-75.494426,39.055089],[-75.491917,39.057186],[-75.487794,39.059601],[-75.481499,39.05541],[-75.477266,39.054229],[-75.470229,39.061401],[-75.469308,39.060079],[-75.460892,39.051572],[-75.460394,39.050952],[-75.459969,39.0504],[-75.458225,39.047356],[-75.457193,39.040486],[-75.457483,39.037905],[-75.460131,39.025692],[-75.465662,39.02938],[-75.470869,39.033679],[-75.473522,39.034891],[-75.474642,39.035108],[-75.480678,39.035061],[-75.483493,39.034578],[-75.483135,39.037267],[-75.484101,39.03909],[-75.484129,39.03926],[-75.485575,39.042633],[-75.489085,39.045213],[-75.491135,39.045641],[-75.493308,39.048941],[-75.492128,39.053737],[-75.494426,39.055089]]]}},{"id":"700","type":"Feature","properties":{"GEOID":"100030118001","eb":4.62,"sv":1.85,"county":"New Castle","pop":1167.0,"pm25_pct":94.0,"diesel_pct":43.0,"cancer_pct":51.0,"traffic_pct":15.0,"superfund_pct":51.0,"lowinc_pct":0.084145261,"unemp_pct":0.080412371,"lingiso_pct":0.0,"poc_pct":16.0,"sv_health":3.16,"efa":"Not EFA","name":"New Castle BG 118001","efa_hisp_pct":1.3,"efa_black_pct":2.6,"efa_lingiso_pct":0,"efa_lingiso_sp":null,"efa_poverty_pct":3.1,"efa_mhhi":107031.0,"efa_combined_minority":9.5,"efa_has_duplicate":0,"efa_mc1":0,"efa_sc1":0,"efa_mc2":0,"efa_sc2":0,"efa_mc3":0,"efa_sc3":0,"efa_mc4":0,"efa_sc4":0,"efa_mc5":0,"efa_sc5":0,"efa_has_split":0},"geometry":{"type":"Polygon","coordinates":[[[-75.680827,39.809216],[-75.6815568950873,39.8129861819327],[-75.6807940567878,39.8133185922858],[-75.662822,39.82115],[-75.6581539070972,39.8227304991601],[-75.646916,39.819754],[-75.641252,39.817763],[-75.638235,39.816941],[-75.634937,39.817209],[-75.633035,39.81614],[-75.625427,39.813336],[-75.61837,39.809125],[-75.611978,39.804821],[-75.603904,39.788938],[-75.609146,39.788643],[-75.614865,39.789889],[-75.618019,39.791187],[-75.619995,39.791996],[-75.629382,39.794601],[-75.631058,39.796349],[-75.633887,39.797206],[-75.633866,39.798628],[-75.63219,39.799324],[-75.633299,39.800192],[-75.64596,39.795536],[-75.646911,39.797334],[-75.648401,39.797737],[-75.650071,39.800198],[-75.653943,39.802526],[-75.6545,39.800265],[-75.656761,39.797986],[-75.657909,39.798199],[-75.660635,39.798509],[-75.662487,39.800024],[-75.661583,39.801155],[-75.666357,39.80537],[-75.667392,39.808325],[-75.671356,39.808868],[-75.67318,39.80724],[-75.675966,39.807973],[-75.678701,39.808732],[-75.67968,39.806272],[-75.681632,39.806363],[-75.680827,39.809216]]]}},{"id":"701","type":"Feature","properties":{"GEOID":"100050507013","eb":1.82,"sv":3.2,"county":"Sussex","pop":1557.0,"pm25_pct":30.0,"diesel_pct":11.0,"cancer_pct":0.0,"traffic_pct":2.0,"superfund_pct":34.0,"lowinc_pct":0.293513166,"unemp_pct":0.040322581,"lingiso_pct":0.048611111,"poc_pct":27.0,"sv_health":4.62,"efa":"Not EFA","name":"Sussex BG 507013","efa_hisp_pct":8.4,"efa_black_pct":4.4,"efa_lingiso_pct":4.3,"efa_lingiso_sp":100.0,"efa_poverty_pct":10.9,"efa_mhhi":88523.0,"efa_combined_minority":13.3,"efa_has_duplicate":0,"efa_mc1":0,"efa_sc1":0,"efa_mc2":0,"efa_sc2":0,"efa_mc3":0,"efa_sc3":0,"efa_mc4":0,"efa_sc4":0,"efa_mc5":0,"efa_sc5":0,"efa_has_split":0},"geometry":{"type":"Polygon","coordinates":[[[-75.307898,38.682527],[-75.306373,38.68207],[-75.30203,38.681629],[-75.297159,38.680739],[-75.295673,38.679878],[-75.293407,38.677409],[-75.292184,38.676788],[-75.289924,38.676836],[-75.277975,38.680796],[-75.27628,38.681167],[-75.270812,38.68121],[-75.269144,38.680973],[-75.258324,38.6772],[-75.256359,38.676548],[-75.251319,38.677761],[-75.244387,38.677946],[-75.236452,38.674536],[-75.235001,38.673636],[-75.227208,38.666597],[-75.222616,38.663349],[-75.222421,38.663091],[-75.219113,38.65674],[-75.220606,38.656819],[-75.22677,38.656429],[-75.228407,38.655634],[-75.232176,38.654873],[-75.239397,38.65483],[-75.245127,38.655041],[-75.248131,38.655706],[-75.253519,38.656463],[-75.26013,38.65369],[-75.265146,38.65099],[-75.286452,38.647007],[-75.287953,38.646883],[-75.295162,38.647187],[-75.297444,38.647058],[-75.299009,38.662739],[-75.300641,38.664983],[-75.302609,38.674747],[-75.307045,38.680635],[-75.307898,38.682527]]]}},{"id":"702","type":"Feature","properties":{"GEOID":"100030122001","eb":6.47,"sv":2.9,"county":"New Castle","pop":1074.0,"pm25_pct":78.0,"diesel_pct":61.0,"cancer_pct":51.0,"traffic_pct":83.0,"superfund_pct":53.0,"lowinc_pct":0.361266294,"unemp_pct":0.087643678,"lingiso_pct":0.0,"poc_pct":69.0,"sv_health":4.02,"efa":"Moderate","name":"New Castle BG 122001","efa_hisp_pct":2.5,"efa_black_pct":43.7,"efa_lingiso_pct":0,"efa_lingiso_sp":null,"efa_poverty_pct":3.7,"efa_mhhi":50000.0,"efa_combined_minority":49.7,"efa_has_duplicate":0,"efa_mc1":0,"efa_sc1":0,"efa_mc2":0,"efa_sc2":0,"efa_mc3":0,"efa_sc3":0,"efa_mc4":1,"efa_sc4":0,"efa_mc5":0,"efa_sc5":0,"efa_has_split":0},"geometry":{"type":"Polygon","coordinates":[[[-75.589628,39.74903],[-75.589293,39.749682],[-75.587136,39.751921],[-75.581755,39.749759],[-75.581662,39.749721],[-75.584555,39.744507],[-75.584652,39.744544],[-75.586593,39.74597],[-75.589611,39.746104],[-75.589628,39.74903]]]}}]}