{
"type": "FeatureCollection",
"name": "efa_splits",
"crs": { "type": "name", "properties": { "name": "urn:ogc:def:crs:OGC:1.3:CRS84" } },
"features": [
{ "type": "Feature", "properties": { "GEOID": "100010410003", "efa": "Moderate", "pop": 2566, "sub_idx": 0, "neighborhoods": "" }, "geometry": { "type": "MultiPolygon", "coordinates": [ [ [ [ -75.496856259495431, 39.166314411803192 ], [ -75.497202854684872, 39.164913889629105 ], [ -75.497702582087527, 39.164443508683377 ], [ -75.497788862575632, 39.163069266207138 ], [ -75.495330046980541, 39.16036077528917 ], [ -75.496190801007685, 39.160144211817077 ], [ -75.495961225757043, 39.159500316839974 ], [ -75.494759369738432, 39.159698075617605 ], [ -75.49418597778751, 39.159126113423007 ], [ -75.494131624322932, 39.158411172947737 ], [ -75.49353767981664, 39.158168289576786 ], [ -75.493962454486947, 39.155791682702485 ], [ -75.494423693571264, 39.155754049134657 ], [ -75.494568659200226, 39.155360714941303 ], [ -75.495009038505344, 39.155682158975139 ], [ -75.494924063269352, 39.156713383279374 ], [ -75.498821244229376, 39.156900060475344 ], [ -75.498647828955356, 39.158797893735667 ], [ -75.500870708329273, 39.16192691945654 ], [ -75.4979880298539, 39.163224038981845 ], [ -75.498163465439006, 39.163969741684987 ], [ -75.499073251310975, 39.16468342282576 ], [ -75.498666985528786, 39.166666739023626 ], [ -75.496856259495431, 39.166314411803192 ] ] ], [ [ [ -75.449476812622152, 39.134823890660478 ], [ -75.449594983302845, 39.135619512900831 ], [ -75.448296395796106, 39.135711123648896 ], [ -75.448204812552888, 39.134883890514537 ], [ -75.449476812622152, 39.134823890660478 ] ] ], [ [ [ -75.492658586682964, 39.140590837978948 ], [ -75.491981212042987, 39.140344013678472 ], [ -75.491953622085674, 39.139581388921734 ], [ -75.49157071339917, 39.139330967966835 ], [ -75.492813064572488, 39.138015810653243 ], [ -75.493956804982119, 39.139644131976219 ], [ -75.495845253253862, 39.138787384015856 ], [ -75.496507566739794, 39.140088729419766 ], [ -75.495088357049966, 39.140856112921959 ], [ -75.494724359696846, 39.140598410767453 ], [ -75.492980718950591, 39.141323480067236 ], [ -75.492658586682964, 39.140590837978948 ] ] ], [ [ [ -75.487773622728099, 39.146712708618111 ], [ -75.487584559700153, 39.145882735818297 ], [ -75.487924366320982, 39.145961175024524 ], [ -75.488025004582255, 39.146661937218553 ], [ -75.488494224299558, 39.146532807418076 ], [ -75.48846630735548, 39.146168186113172 ], [ -75.489250712668294, 39.14720091112823 ], [ -75.488490379510154, 39.14774776433795 ], [ -75.487773622728099, 39.146712708618111 ] ] ], [ [ [ -75.485919102926317, 39.151292654835402 ], [ -75.48492518084484, 39.149737992167481 ], [ -75.483424151700603, 39.148717405231736 ], [ -75.481179637301366, 39.150052619496861 ], [ -75.480432336901359, 39.149145127590522 ], [ -75.481132156847039, 39.148784274074814 ], [ -75.480900183992901, 39.1484498177593 ], [ -75.482452681213005, 39.147634698795649 ], [ -75.482825835992145, 39.147871016969546 ], [ -75.482656234066496, 39.148157104306101 ], [ -75.483771397270331, 39.14766313309395 ], [ -75.485870998142843, 39.149188381763636 ], [ -75.48548087688296, 39.149317308147815 ], [ -75.485545385801828, 39.149556787616078 ], [ -75.486445004541409, 39.149302435441491 ], [ -75.486869457614844, 39.149944360295144 ], [ -75.487359131971147, 39.149756210753814 ], [ -75.486922016245487, 39.148823174399027 ], [ -75.487362974963943, 39.148697241322509 ], [ -75.487833364287752, 39.149568041900032 ], [ -75.488244810654194, 39.149374562011936 ], [ -75.489258968185766, 39.15043425062904 ], [ -75.488602879126432, 39.150886881742053 ], [ -75.488019547316895, 39.150647723768046 ], [ -75.487601086006407, 39.151070392890858 ], [ -75.485919102926317, 39.151292654835402 ] ] ], [ [ [ -75.443519811783631, 39.154365895154065 ], [ -75.443601589017206, 39.153776620843125 ], [ -75.444396506415487, 39.153842019229273 ], [ -75.444537904834462, 39.153407041008684 ], [ -75.445085075860547, 39.153472448794176 ], [ -75.444989624471717, 39.153984871880475 ], [ -75.44453812222676, 39.153958169795317 ], [ -75.444668300687852, 39.154181568523299 ], [ -75.443535011278229, 39.154341626425776 ], [ -75.443526497045966, 39.15491617982498 ], [ -75.443519811783631, 39.154365895154065 ] ] ], [ [ [ -75.475382273377036, 39.1558390084911 ], [ -75.47378280774231, 39.155756627883839 ], [ -75.474570639229654, 39.155282567632305 ], [ -75.474696504879049, 39.154793937748352 ], [ -75.475901700833887, 39.154457905037326 ], [ -75.476134357305952, 39.154728030340969 ], [ -75.474387255350919, 39.155622272279068 ], [ -75.478443298877366, 39.155807874060663 ], [ -75.478580622538217, 39.155325191104872 ], [ -75.47974772453513, 39.155419895521739 ], [ -75.478966509139866, 39.155980102401905 ], [ -75.475382273377036, 39.1558390084911 ] ] ], [ [ [ -75.501230830350266, 39.157001893563688 ], [ -75.499196457048839, 39.156915581476916 ], [ -75.499142042498804, 39.156191706515592 ], [ -75.496106504898052, 39.152353200666845 ], [ -75.497685090990643, 39.151490871376311 ], [ -75.498160813612287, 39.15209491085961 ], [ -75.49966597051521, 39.151371799267686 ], [ -75.499144099640816, 39.15074239337882 ], [ -75.4996414015922, 39.150483948579499 ], [ -75.502361280185269, 39.15376253206032 ], [ -75.502115423868432, 39.15396576691991 ], [ -75.502599771215117, 39.154551691116609 ], [ -75.501546867548683, 39.155206145685298 ], [ -75.501982875651606, 39.155722006322335 ], [ -75.501392651068926, 39.156018355805188 ], [ -75.502238282856567, 39.157043791562032 ], [ -75.501230830350266, 39.157001893563688 ] ] ], [ [ [ -75.445189813134476, 39.159476896185843 ], [ -75.444572061476521, 39.158401838394667 ], [ -75.445731325672568, 39.158198395538932 ], [ -75.446318712477293, 39.157354576007002 ], [ -75.446814604073694, 39.157332999844854 ], [ -75.447415691084828, 39.157817117180002 ], [ -75.447547075983323, 39.158853575430562 ], [ -75.446700229673397, 39.158313737872859 ], [ -75.446039259168828, 39.158890653581999 ], [ -75.446514378122586, 39.15922206860062 ], [ -75.445189813134476, 39.159476896185843 ] ] ], [ [ [ -75.474273233090202, 39.161473045709954 ], [ -75.473511583900162, 39.161126114957121 ], [ -75.47350068284419, 39.16010245915222 ], [ -75.474308085926609, 39.160105043314331 ], [ -75.474278198078778, 39.16099281858132 ], [ -75.474836648351584, 39.161639593957368 ], [ -75.474273233090202, 39.161473045709954 ] ] ], [ [ [ -75.490357153230718, 39.163209714581264 ], [ -75.491438464321348, 39.160077279238742 ], [ -75.491205248198867, 39.159592730970523 ], [ -75.490487726950519, 39.159863393098114 ], [ -75.489344557869401, 39.158244610091764 ], [ -75.489601649415505, 39.158201550948959 ], [ -75.489173919287936, 39.157519015749571 ], [ -75.488600095247349, 39.157655217109664 ], [ -75.488379248926336, 39.157215641427769 ], [ -75.487866921753508, 39.157317184983931 ], [ -75.488509939427132, 39.156389050378188 ], [ -75.490743252733083, 39.156490943415051 ], [ -75.491263293739266, 39.157667842329147 ], [ -75.492137323968009, 39.157711179030763 ], [ -75.492595693833309, 39.158614622153756 ], [ -75.492312071443592, 39.16151537219509 ], [ -75.491931389680701, 39.161576027714482 ], [ -75.491672007430608, 39.162356709584706 ], [ -75.490788255633873, 39.162553894065852 ], [ -75.49061650673471, 39.162985966312924 ], [ -75.491114087163822, 39.163089917037716 ], [ -75.491347053554676, 39.162651846350698 ], [ -75.491779544753285, 39.16272306561109 ], [ -75.491282798859018, 39.163408568984536 ], [ -75.491799491844162, 39.163488671415159 ], [ -75.491795994702755, 39.163798496165732 ], [ -75.49131002679529, 39.163825620776123 ], [ -75.491203213514751, 39.164144448390616 ], [ -75.490000440316223, 39.164152606490504 ], [ -75.490357153230718, 39.163209714581264 ] ] ], [ [ [ -75.490238827141482, 39.165584895901858 ], [ -75.489456587666794, 39.165590101433366 ], [ -75.489720898972848, 39.164891489745457 ], [ -75.492507411898742, 39.165037378950096 ], [ -75.492599999458449, 39.165745631311317 ], [ -75.490238827141482, 39.165584895901858 ] ] ], [ [ [ -75.493879200423038, 39.165750806882187 ], [ -75.494253338857405, 39.164631089616876 ], [ -75.494727413070493, 39.164676057398026 ], [ -75.494700595664327, 39.165341002317092 ], [ -75.495988141079593, 39.165454623762194 ], [ -75.49589506303974, 39.16611724134593 ], [ -75.493879200423038, 39.165750806882187 ] ] ], [ [ [ -75.477440674815711, 39.165440613234921 ], [ -75.479188406489783, 39.165246181011376 ], [ -75.479434863779545, 39.16630298816753 ], [ -75.478125697712031, 39.166413184873413 ], [ -75.477440674815711, 39.165440613234921 ] ] ], [ [ [ -75.499201509173986, 39.166746313299079 ], [ -75.499258497397292, 39.166195683767704 ], [ -75.500027422941145, 39.166320610458541 ], [ -75.500041286640936, 39.16684895049081 ], [ -75.499201509173986, 39.166746313299079 ] ] ], [ [ [ -75.502905387057936, 39.166328247340481 ], [ -75.503401257094751, 39.166251615214897 ], [ -75.503855176706139, 39.166913819943645 ], [ -75.503014972539418, 39.166902655493018 ], [ -75.502905387057936, 39.166328247340481 ] ] ], [ [ [ -75.449679280310789, 39.170220974668602 ], [ -75.446087938874072, 39.161513928993834 ], [ -75.446982172213524, 39.161194250139431 ], [ -75.447397917018591, 39.161279262828138 ], [ -75.448429832446735, 39.16384047091082 ], [ -75.447748891495053, 39.164015935034023 ], [ -75.447951743662614, 39.164579032877718 ], [ -75.447422211057145, 39.16472077301966 ], [ -75.44759560836485, 39.165135344492448 ], [ -75.448226497883837, 39.164982136063792 ], [ -75.450073970402215, 39.168913680856491 ], [ -75.449297353482905, 39.16913525893424 ], [ -75.449618720385899, 39.169924545724768 ], [ -75.450343635667352, 39.169741303827216 ], [ -75.450444181402162, 39.170000573515729 ], [ -75.449679280310789, 39.170220974668602 ] ] ] ] } },
{ "type": "Feature", "properties": { "GEOID": "100010410003", "efa": "Not EFA", "pop": 2566, "sub_idx": 1, "neighborhoods": "" }, "geometry": { "type": "Polygon", "coordinates": [ [ [ -75.470877707317442, 39.13635116156005 ], [ -75.471718134266339, 39.13686555295449 ], [ -75.471013097803805, 39.138612716074043 ], [ -75.471559523228194, 39.138819804513147 ], [ -75.471713304923369, 39.139895931361792 ], [ -75.469495001567509, 39.139397886835127 ], [ -75.469936142643974, 39.136608121869621 ], [ -75.470262912015087, 39.136755408911768 ], [ -75.470877707317442, 39.13635116156005 ] ] ] } },
{ "type": "Feature", "properties": { "GEOID": "100010412001", "efa": "Moderate", "pop": 1650, "sub_idx": 0, "neighborhoods": "" }, "geometry": { "type": "MultiPolygon", "coordinates": [ [ [ [ -75.491230825929946, 39.126096887986336 ], [ -75.493319344286832, 39.12484739385534 ], [ -75.494592914611218, 39.125707148424425 ], [ -75.494297868346038, 39.126002571300752 ], [ -75.494498330994958, 39.12621450805166 ], [ -75.493856576352599, 39.12667881974226 ], [ -75.495173807494751, 39.12775091683649 ], [ -75.492988014169029, 39.129350771142938 ], [ -75.49208953718815, 39.12953727353645 ], [ -75.490232048454345, 39.12781899931533 ], [ -75.491220439608639, 39.127210295060799 ], [ -75.490594616587856, 39.126489191275759 ], [ -75.491230825929946, 39.126096887986336 ] ] ], [ [ [ -75.499708742000848, 39.116857016169817 ], [ -75.500185957622492, 39.117125465288403 ], [ -75.499499743560094, 39.11799517673078 ], [ -75.499025389970953, 39.117870390762839 ], [ -75.499708742000848, 39.116857016169817 ] ] ], [ [ [ -75.494550450349422, 39.135343680752101 ], [ -75.494396475516467, 39.135047319464398 ], [ -75.495113444300912, 39.13489773850344 ], [ -75.495393934265223, 39.135333686071164 ], [ -75.495687653718733, 39.135283438111735 ], [ -75.495545931007939, 39.135798319478361 ], [ -75.496768668365334, 39.137320389490299 ], [ -75.495737286536482, 39.137627938179122 ], [ -75.494550450349422, 39.135343680752101 ] ] ] ] } },
{ "type": "Feature", "properties": { "GEOID": "100010412001", "efa": "Not EFA", "pop": 1650, "sub_idx": 1, "neighborhoods": "" }, "geometry": { "type": "Polygon", "coordinates": [ [ [ -75.506244786990052, 39.118290229110144 ], [ -75.506154872816637, 39.119028782636654 ], [ -75.507571523206224, 39.118979395621146 ], [ -75.507591847589524, 39.118167994518913 ], [ -75.509976848617711, 39.118265881036933 ], [ -75.509851126698749, 39.119136678181725 ], [ -75.509447856798019, 39.119111141412212 ], [ -75.509534304372778, 39.119708081624999 ], [ -75.51282104596126, 39.119659777433334 ], [ -75.512849456080431, 39.120303236114751 ], [ -75.514446359719983, 39.11959878819539 ], [ -75.515080820042215, 39.120560463362516 ], [ -75.515859173404976, 39.120508800545466 ], [ -75.516258832976575, 39.122773886325383 ], [ -75.517320434131577, 39.125649338713323 ], [ -75.51541353626051, 39.125201241632531 ], [ -75.514722672518218, 39.125659412122488 ], [ -75.514630592506649, 39.127463512427205 ], [ -75.512895843285094, 39.127587696039555 ], [ -75.51198856550937, 39.127966975815141 ], [ -75.511224787312088, 39.127295920231141 ], [ -75.511103735734295, 39.12600905643928 ], [ -75.509528918074324, 39.125147989138348 ], [ -75.508333769775945, 39.125159392973636 ], [ -75.50763334706069, 39.125525629744409 ], [ -75.507508234199506, 39.126239543980738 ], [ -75.506736235519043, 39.126639655610944 ], [ -75.506457207113726, 39.12787914102519 ], [ -75.504953111121111, 39.127536393775692 ], [ -75.504395842132922, 39.128125010426587 ], [ -75.503475246833133, 39.128094263732315 ], [ -75.502836532988013, 39.128739533139658 ], [ -75.50214828693646, 39.128925934018255 ], [ -75.500907917446668, 39.127990214622727 ], [ -75.50064540546613, 39.127006197578588 ], [ -75.499617436337047, 39.12644667159671 ], [ -75.498014481645768, 39.126188576628849 ], [ -75.499367939148357, 39.124411136762724 ], [ -75.501121337395233, 39.124804443901589 ], [ -75.501406089865569, 39.123978382361152 ], [ -75.500807078861072, 39.123845542481654 ], [ -75.501761153473197, 39.122554503876401 ], [ -75.500908159991795, 39.12231686788185 ], [ -75.502720695232128, 39.119965002302663 ], [ -75.504879685524742, 39.118645484209658 ], [ -75.506244786990052, 39.118290229110144 ] ], [ [ -75.503664315250973, 39.124885882304753 ], [ -75.502722054383156, 39.125186168703372 ], [ -75.502190327193432, 39.125737094052148 ], [ -75.502090315057913, 39.126530795239439 ], [ -75.502375471770137, 39.127023921697557 ], [ -75.503918080335595, 39.127401716705819 ], [ -75.503664315250973, 39.124885882304753 ] ], [ [ -75.505540486247739, 39.122623826303638 ], [ -75.50504690691487, 39.122642208014888 ], [ -75.50452000816982, 39.123256825952808 ], [ -75.505404687027919, 39.123358766256189 ], [ -75.505540486247739, 39.122623826303638 ] ], [ [ -75.504339741445108, 39.121073071671461 ], [ -75.503051001270535, 39.121068676856424 ], [ -75.503025229503351, 39.121967778800872 ], [ -75.504099738550664, 39.121829938921749 ], [ -75.504699631700774, 39.121388583271568 ], [ -75.504339741445108, 39.121073071671461 ] ] ] } },
{ "type": "Feature", "properties": { "GEOID": "100010422052", "efa": "Not EFA", "pop": 1628, "sub_idx": 0, "neighborhoods": "" }, "geometry": { "type": "Polygon", "coordinates": [ [ [ -75.54779086905566, 39.084757095954103 ], [ -75.547213040325573, 39.083605544007263 ], [ -75.546800536642053, 39.083777602388864 ], [ -75.546949185363701, 39.084161234776033 ], [ -75.546593599834893, 39.084253113256523 ], [ -75.54721192821124, 39.085283376853106 ], [ -75.546795762096309, 39.085403722370728 ], [ -75.546981019860738, 39.085852983155888 ], [ -75.547526644886204, 39.085971196835295 ], [ -75.547038798601491, 39.08612963591974 ], [ -75.547108029065484, 39.08657498668876 ], [ -75.546309839104623, 39.084871878044197 ], [ -75.540012913965953, 39.079094714009052 ], [ -75.537556425007452, 39.076714335863983 ], [ -75.538618013586031, 39.07604828542555 ], [ -75.540047482036414, 39.07735004284558 ], [ -75.54116368638762, 39.078751595593488 ], [ -75.540306964897795, 39.079306620981313 ], [ -75.541763290280215, 39.080649240158216 ], [ -75.542816458949645, 39.079935567676429 ], [ -75.543950028633617, 39.08083206057654 ], [ -75.545586962998854, 39.079469851097805 ], [ -75.546011832890599, 39.079700761417357 ], [ -75.546732747974076, 39.079441215632798 ], [ -75.546660898921033, 39.078555598307631 ], [ -75.546998814588193, 39.078321355795097 ], [ -75.547810003171222, 39.07862849118596 ], [ -75.547892066069039, 39.079325248296122 ], [ -75.547290028640361, 39.079842480672262 ], [ -75.547360364930483, 39.080675360577629 ], [ -75.54847031880395, 39.081788347976463 ], [ -75.549555659736981, 39.081102520597639 ], [ -75.54964909171305, 39.081787876591953 ], [ -75.550044409726851, 39.081861662178916 ], [ -75.550119222322053, 39.080894782039159 ], [ -75.551355658987532, 39.080801739534635 ], [ -75.55060443115309, 39.08371930294701 ], [ -75.549734242120508, 39.084446173774488 ], [ -75.550484056006709, 39.084649470622253 ], [ -75.549999074449417, 39.085737987204155 ], [ -75.549240863111962, 39.085666284948843 ], [ -75.549548688810361, 39.084848595033257 ], [ -75.548798149983753, 39.085053926087731 ], [ -75.54779086905566, 39.084757095954103 ] ], [ [ -75.545150032326148, 39.082099873190565 ], [ -75.544924844447351, 39.082120739531184 ], [ -75.547017734006388, 39.08340860560439 ], [ -75.546704980150324, 39.082946598592592 ], [ -75.545150032326148, 39.082099873190565 ] ], [ [ -75.545859956522136, 39.080717032730767 ], [ -75.54558433003676, 39.080917101260056 ], [ -75.54576712102741, 39.081202595877116 ], [ -75.546493349645814, 39.081517399673395 ], [ -75.545859956522136, 39.080717032730767 ] ] ] } },
{ "type": "Feature", "properties": { "GEOID": "100010422052", "efa": "Significant", "pop": 1628, "sub_idx": 1, "neighborhoods": "" }, "geometry": { "type": "MultiPolygon", "coordinates": [ [ [ [ -75.537546396215618, 39.073451554647107 ], [ -75.537235513550286, 39.072372984614105 ], [ -75.53823655298379, 39.071530528826223 ], [ -75.5377724770198, 39.070357649173452 ], [ -75.538154122674996, 39.069878636302917 ], [ -75.537480682655939, 39.069393144480024 ], [ -75.53765446444261, 39.068818546203403 ], [ -75.537259078156822, 39.068715180256703 ], [ -75.537099330749854, 39.06919786048514 ], [ -75.536435794656811, 39.06881437828649 ], [ -75.536279738427353, 39.069456997588397 ], [ -75.533513207626626, 39.069950110502681 ], [ -75.533955364697661, 39.071098412178557 ], [ -75.535147500046605, 39.070875868579606 ], [ -75.535466638229394, 39.071649804955122 ], [ -75.534303239088089, 39.071901958237667 ], [ -75.533896835863644, 39.071027875080318 ], [ -75.533496834932265, 39.069934874414898 ], [ -75.533513834650691, 39.069074875410962 ], [ -75.53368203969606, 39.068268923748406 ], [ -75.534174177232899, 39.068357318252765 ], [ -75.53453114706555, 39.067553845521417 ], [ -75.533922111760788, 39.067430260560059 ], [ -75.534020834813887, 39.065972873634834 ], [ -75.533205043263351, 39.06395067348128 ], [ -75.534068174232729, 39.063757538748199 ], [ -75.53407421719966, 39.062673586505916 ], [ -75.534666882504979, 39.062553172923145 ], [ -75.534697112610928, 39.062348179547172 ], [ -75.53551843329204, 39.061743378833235 ], [ -75.536014042817442, 39.061968093978138 ], [ -75.536262298534425, 39.062346585047329 ], [ -75.537405064271965, 39.062213020095271 ], [ -75.537266331154441, 39.063323777941335 ], [ -75.537917284545287, 39.063321093275825 ], [ -75.538908472155057, 39.061104812339359 ], [ -75.539870924455514, 39.060823763325175 ], [ -75.540657297078823, 39.061853794972151 ], [ -75.540319749720922, 39.062873010784152 ], [ -75.540591340075707, 39.063130621265657 ], [ -75.540851917085135, 39.063011867814843 ], [ -75.54089121298891, 39.061885719363652 ], [ -75.542846754632592, 39.062482925817285 ], [ -75.54262612300893, 39.065197136892394 ], [ -75.541579981859954, 39.065722586531891 ], [ -75.541196678813066, 39.066521308748825 ], [ -75.541566519707104, 39.066613974621227 ], [ -75.540997936437918, 39.06722468083489 ], [ -75.542057021411807, 39.06814426178255 ], [ -75.542836913588658, 39.067687447795286 ], [ -75.5442108266286, 39.068499866537493 ], [ -75.544857045897899, 39.068990095943974 ], [ -75.544467074656666, 39.069403044596029 ], [ -75.544984843823485, 39.069919437463533 ], [ -75.545768484670006, 39.07002879955013 ], [ -75.545712126165711, 39.070500052538158 ], [ -75.5439697754002, 39.070379055308187 ], [ -75.54397476374497, 39.071936471759258 ], [ -75.543174796916475, 39.072087490534955 ], [ -75.542847247807686, 39.071590547704581 ], [ -75.542103852384201, 39.071903284715482 ], [ -75.541574477882222, 39.071185710980856 ], [ -75.540536160161068, 39.071869036194357 ], [ -75.541233188142854, 39.072702442609611 ], [ -75.540328301682408, 39.073209854639103 ], [ -75.539585879134393, 39.072495454834616 ], [ -75.53927678321817, 39.07269286027541 ], [ -75.539955093902691, 39.073391570129161 ], [ -75.53943326974067, 39.073723679046225 ], [ -75.538699685716722, 39.073061423529424 ], [ -75.537659379125529, 39.073749772738964 ], [ -75.537546396215618, 39.073451554647107 ] ], [ [ -75.539796339134114, 39.068145821976486 ], [ -75.53995567601099, 39.067473566305189 ], [ -75.539097673523571, 39.067213499879671 ], [ -75.538942625203845, 39.067717728440684 ], [ -75.539796339134114, 39.068145821976486 ] ], [ [ -75.536417309124886, 39.067244287780461 ], [ -75.536508868113614, 39.067151244015314 ], [ -75.537818463575832, 39.063569101809399 ], [ -75.537393021457277, 39.063573599253402 ], [ -75.536354745058617, 39.066164665956734 ], [ -75.536417309124886, 39.067244287780461 ] ], [ [ -75.534148839352, 39.064009489357524 ], [ -75.533720923273137, 39.064054606489442 ], [ -75.533552320274097, 39.064646204960532 ], [ -75.534411645081605, 39.064631455966648 ], [ -75.535080661796201, 39.065944970616918 ], [ -75.534917666979482, 39.066740559405723 ], [ -75.535983391401629, 39.066961204303524 ], [ -75.536122545829045, 39.066490277814665 ], [ -75.535385452985594, 39.0656594428633 ], [ -75.535536239697592, 39.065105940143781 ], [ -75.534148839352, 39.064009489357524 ] ], [ [ -75.535297333646113, 39.062362947153318 ], [ -75.535895864950234, 39.062209966405902 ], [ -75.535977513724731, 39.062162602815697 ], [ -75.535534471813136, 39.061874054187491 ], [ -75.534798359929965, 39.062406024435248 ], [ -75.535297333646113, 39.062362947153318 ] ] ], [ [ [ -75.553742856396596, 39.062277267513011 ], [ -75.553814067645803, 39.06183380499052 ], [ -75.55470356237214, 39.061159407113706 ], [ -75.554260162032747, 39.063961117705794 ], [ -75.552924214491654, 39.06380055310234 ], [ -75.553742856396596, 39.062277267513011 ] ] ], [ [ [ -75.547944131524602, 39.065156199086012 ], [ -75.548060003416467, 39.064293912687781 ], [ -75.54863240452562, 39.064199996660776 ], [ -75.547550907483711, 39.064034441363532 ], [ -75.547624747203443, 39.063658759082713 ], [ -75.546699020726734, 39.063438645118822 ], [ -75.546002135577083, 39.062667829313533 ], [ -75.546387914380915, 39.062575048055194 ], [ -75.546379584303281, 39.062199689324196 ], [ -75.547455240499218, 39.061149839952755 ], [ -75.548913466716769, 39.060969649111968 ], [ -75.549008933376953, 39.061957310468706 ], [ -75.550319556511866, 39.062212492081834 ], [ -75.550203566940709, 39.06264051507727 ], [ -75.55127982949945, 39.062935934442457 ], [ -75.551080142994962, 39.064434659900272 ], [ -75.550353977258624, 39.064378890999173 ], [ -75.550421608721408, 39.063768095297561 ], [ -75.55010426986415, 39.063679085436938 ], [ -75.549474539171868, 39.064099859602941 ], [ -75.54916250756132, 39.064806263360893 ], [ -75.548518720929778, 39.064839922449643 ], [ -75.548411452203396, 39.065600309616045 ], [ -75.547944131524602, 39.065156199086012 ] ], [ [ -75.548880351222138, 39.06309359453364 ], [ -75.549031755076754, 39.06231885288021 ], [ -75.5480803700206, 39.062376531785816 ], [ -75.548042937222704, 39.062796629466092 ], [ -75.547600048923016, 39.063002685924978 ], [ -75.548880351222138, 39.06309359453364 ] ] ], [ [ [ -75.549255868570469, 39.065073115367426 ], [ -75.54981437903038, 39.065566696225694 ], [ -75.54960315186942, 39.065750618670144 ], [ -75.548751820271278, 39.065349969578769 ], [ -75.549255868570469, 39.065073115367426 ] ] ], [ [ [ -75.547358149684982, 39.069946593356107 ], [ -75.547269503932753, 39.068420468574708 ], [ -75.547718754101282, 39.06832673658446 ], [ -75.547850514495593, 39.067661651068853 ], [ -75.54839642249037, 39.067648684002855 ], [ -75.548395858348371, 39.066333014496195 ], [ -75.549541467253803, 39.066432272368687 ], [ -75.549332370896693, 39.069054127961643 ], [ -75.549735925563354, 39.069048901344289 ], [ -75.549997595822475, 39.068381282531988 ], [ -75.550596341823947, 39.068127967274229 ], [ -75.551405024107353, 39.068951653689901 ], [ -75.553471074700653, 39.068979590391272 ], [ -75.552112446495272, 39.069336103883302 ], [ -75.551654588669678, 39.07108022625124 ], [ -75.546572024996706, 39.070587443443273 ], [ -75.546674313463171, 39.070078438458971 ], [ -75.547358149684982, 39.069946593356107 ] ] ], [ [ [ -75.542132611049709, 39.0734343401027 ], [ -75.542864738904584, 39.073162888973357 ], [ -75.54328308253578, 39.073870340175212 ], [ -75.542470144932892, 39.07411619227473 ], [ -75.542132611049709, 39.0734343401027 ] ] ], [ [ [ -75.54299923287229, 39.075279523718308 ], [ -75.543863007933751, 39.07496312507233 ], [ -75.54314025938875, 39.075545437210899 ], [ -75.54299923287229, 39.075279523718308 ] ] ], [ [ [ -75.55125919699401, 39.075479450059269 ], [ -75.551458651733171, 39.074440621643106 ], [ -75.55251235939177, 39.074944933864487 ], [ -75.552330985942632, 39.076014163745569 ], [ -75.55125919699401, 39.075479450059269 ] ] ], [ [ [ -75.536426500686886, 39.075715823419337 ], [ -75.53571662140665, 39.075045407713937 ], [ -75.537455374419451, 39.073884755279742 ], [ -75.538318291589789, 39.074700577752338 ], [ -75.537916277533867, 39.074934800205469 ], [ -75.537552476013445, 39.074515124155731 ], [ -75.53682650521155, 39.074629080468192 ], [ -75.537080133752227, 39.075442114590551 ], [ -75.537446874560231, 39.07534342589647 ], [ -75.53804580112309, 39.075848349538305 ], [ -75.537223437497929, 39.076380137063197 ], [ -75.536426500686886, 39.075715823419337 ] ] ], [ [ [ -75.550955534088615, 39.078223957040656 ], [ -75.551992218672595, 39.078188348267958 ], [ -75.551883776746436, 39.078902177194664 ], [ -75.55087178415468, 39.078595065310253 ], [ -75.550955534088615, 39.078223957040656 ] ] ], [ [ [ -75.548760441403076, 39.078530496624147 ], [ -75.549511299131609, 39.078499484219691 ], [ -75.54901724279334, 39.080434409139286 ], [ -75.548342653829039, 39.080056412541339 ], [ -75.548009439045757, 39.079385050646195 ], [ -75.548059485986869, 39.078832677873116 ], [ -75.548760441403076, 39.078530496624147 ] ] ], [ [ [ -75.547647325459778, 39.086939956948015 ], [ -75.549563542453583, 39.086666442968358 ], [ -75.547814923244019, 39.090417189000597 ], [ -75.545705664583863, 39.089293390375929 ], [ -75.547265502836467, 39.086993204150041 ], [ -75.547647325459778, 39.086939956948015 ] ] ] ] } },
{ "type": "Feature", "properties": { "GEOID": "100010428023", "efa": "Moderate", "pop": 821, "sub_idx": 0, "neighborhoods": "" }, "geometry": { "type": "MultiPolygon", "coordinates": [ [ [ [ -75.580511765226163, 39.003121893478351 ], [ -75.579623267629785, 39.001060845955514 ], [ -75.578270675204806, 39.00123137347736 ], [ -75.578283912778844, 39.000383463604194 ], [ -75.577931599812601, 39.000023454943019 ], [ -75.578093930774344, 38.999621573667746 ], [ -75.579483820351612, 38.999364799729406 ], [ -75.58005250602875, 39.000999285747298 ], [ -75.581221640913142, 39.000823928811911 ], [ -75.580482629268246, 38.999170837064298 ], [ -75.579848076419538, 38.999297352119882 ], [ -75.579723205205156, 38.998786305165105 ], [ -75.578976396183577, 38.998769471754386 ], [ -75.579422293839471, 38.997424659750564 ], [ -75.579205779194751, 38.996903014578798 ], [ -75.579511863059835, 38.996527215462379 ], [ -75.578882895037253, 38.995941794970449 ], [ -75.578834291688779, 38.99471922012804 ], [ -75.579190017354776, 38.994018030533979 ], [ -75.579610944540732, 38.993785068756281 ], [ -75.581090228166858, 38.994133793755367 ], [ -75.58030861751287, 38.994370389796181 ], [ -75.579729260748479, 38.995436545098379 ], [ -75.579705193983699, 38.996124378096432 ], [ -75.580980171968122, 38.996094976464185 ], [ -75.580834968285615, 38.996699352684978 ], [ -75.579790418053022, 38.996690091662749 ], [ -75.580201354176367, 38.998319672908238 ], [ -75.581159022947944, 38.998257313039936 ], [ -75.581106100499611, 38.997561458829324 ], [ -75.582363103195206, 38.997494703458791 ], [ -75.582866477757946, 38.997990013850824 ], [ -75.583316528325369, 38.99779870594881 ], [ -75.583016037371266, 38.997226993669564 ], [ -75.583597077578517, 38.996626638443352 ], [ -75.585247585487693, 38.996958949150823 ], [ -75.586066100730164, 38.996591110005383 ], [ -75.586271062142032, 38.997310858823191 ], [ -75.585173637071804, 38.997534469191997 ], [ -75.584943176082291, 38.997205348240534 ], [ -75.58438314567293, 38.997453239111088 ], [ -75.584657862164917, 38.997993976504276 ], [ -75.583415807435628, 38.998130440771234 ], [ -75.583267098526875, 39.000781600055191 ], [ -75.581310580414481, 39.000900395985695 ], [ -75.581799326811108, 39.002103180371591 ], [ -75.5827425084521, 39.001911986909867 ], [ -75.582957550758067, 39.002438988659861 ], [ -75.582110130424695, 39.002517651698305 ], [ -75.582209502959728, 39.002999138904954 ], [ -75.580511765226163, 39.003121893478351 ] ], [ [ -75.582691221835887, 38.999356899010273 ], [ -75.582590717423571, 38.998830006948161 ], [ -75.581583457156754, 38.99890651816483 ], [ -75.581966594015327, 39.000147825941852 ], [ -75.582874831191774, 39.000060053972256 ], [ -75.582691221835887, 38.999356899010273 ] ], [ [ -75.579240285281443, 38.994421031394864 ], [ -75.579084476986992, 38.994416851408197 ], [ -75.578955311825553, 38.994977754957191 ], [ -75.579152922323445, 38.994952782749365 ], [ -75.579240285281443, 38.994421031394864 ] ] ], [ [ [ -75.586515049963083, 38.954166676139209 ], [ -75.586718935193232, 38.953560672390829 ], [ -75.587678704225937, 38.953633143050745 ], [ -75.587704256804187, 38.954105005292078 ], [ -75.587301301313829, 38.954086527988636 ], [ -75.587278394274065, 38.954358834752547 ], [ -75.586515049963083, 38.954166676139209 ] ] ], [ [ [ -75.592946375644672, 38.951047642499944 ], [ -75.593097303392199, 38.950660251082503 ], [ -75.594170846750572, 38.950920848401545 ], [ -75.593561443136565, 38.954749223769809 ], [ -75.591839777877084, 38.954699386488393 ], [ -75.59204791213854, 38.953569753232657 ], [ -75.593192289453697, 38.952055421726875 ], [ -75.592946375644672, 38.951047642499944 ] ] ], [ [ [ -75.592449489613244, 38.956244061862208 ], [ -75.592652523240503, 38.955028255873117 ], [ -75.593526689114839, 38.955099789653957 ], [ -75.593060966538943, 38.958218604447318 ], [ -75.593139148714741, 38.957395959742364 ], [ -75.59224208568213, 38.957236437656071 ], [ -75.59217495637759, 38.956318954455213 ], [ -75.592449489613244, 38.956244061862208 ] ] ], [ [ [ -75.56660096228444, 38.96236065193839 ], [ -75.568291450613657, 38.962197786157859 ], [ -75.56849487231311, 38.96347906573456 ], [ -75.566603775807891, 38.963570349628959 ], [ -75.566673700669611, 38.964723332573087 ], [ -75.565882902945233, 38.964834591078663 ], [ -75.565597504586194, 38.963005516901326 ], [ -75.566867196883507, 38.962915271629058 ], [ -75.56660096228444, 38.96236065193839 ] ] ], [ [ [ -75.577330841584896, 38.968869610822729 ], [ -75.577957748872223, 38.969032571616808 ], [ -75.577795372096404, 38.969525901400644 ], [ -75.577388561036841, 38.969353070211987 ], [ -75.577330841584896, 38.968869610822729 ] ] ], [ [ [ -75.591909035290556, 38.968935600473401 ], [ -75.591182245225085, 38.968862806725596 ], [ -75.592117497437059, 38.968046306136486 ], [ -75.591835716593692, 38.967677313083655 ], [ -75.591888758517953, 38.964968022267527 ], [ -75.591170039815324, 38.963262889323971 ], [ -75.591510895668421, 38.962213713237524 ], [ -75.592814716759989, 38.960976955977564 ], [ -75.59292423307123, 38.959841855600878 ], [ -75.591323940088117, 38.959749179643737 ], [ -75.591298770192168, 38.959128667068413 ], [ -75.592926725896149, 38.959286831854662 ], [ -75.593023227415543, 38.958768950131756 ], [ -75.592529406435872, 38.969563801297213 ], [ -75.591903412735192, 38.969475950891429 ], [ -75.591909035290556, 38.968935600473401 ] ] ], [ [ [ -75.588168311208619, 38.973409304404427 ], [ -75.586795397095273, 38.973291843735538 ], [ -75.586691527593928, 38.973601364040491 ], [ -75.585963245426768, 38.973520143506853 ], [ -75.586133396223033, 38.972918983092526 ], [ -75.587379664051014, 38.97305795891927 ], [ -75.587553877028995, 38.972321225045235 ], [ -75.588427112248709, 38.972436505541168 ], [ -75.58829612530387, 38.973102376372637 ], [ -75.588973070549159, 38.973165715892307 ], [ -75.588720979025908, 38.9737577002807 ], [ -75.588160126658053, 38.973699072572408 ], [ -75.588168311208619, 38.973409304404427 ] ] ], [ [ [ -75.589417522815751, 38.973196053109518 ], [ -75.589961344024132, 38.973089592389897 ], [ -75.590878563455107, 38.972361312215135 ], [ -75.591194163173967, 38.971576726351778 ], [ -75.591821639094874, 38.971324307889134 ], [ -75.591338731747584, 38.971071553291331 ], [ -75.591541799510836, 38.97055485212352 ], [ -75.592330613755081, 38.970647639659852 ], [ -75.590354294977175, 38.973857774708321 ], [ -75.58965447682813, 38.973707330235143 ], [ -75.589747453358342, 38.973331871691705 ], [ -75.589417522815751, 38.973196053109518 ] ] ], [ [ [ -75.592289679324196, 38.976310249223424 ], [ -75.591994917824977, 38.975121162823513 ], [ -75.593962848134751, 38.974988853484284 ], [ -75.595819849981652, 38.974363853940666 ], [ -75.596421849681093, 38.974226854288112 ], [ -75.597230849069774, 38.974285853793766 ], [ -75.596205401511696, 38.976634487387145 ], [ -75.595349109416574, 38.976399242739404 ], [ -75.596255316400459, 38.974296685600684 ], [ -75.594577070311942, 38.97482459345796 ], [ -75.594491173404478, 38.975900151175495 ], [ -75.59334598850387, 38.975693523661505 ], [ -75.592738477640154, 38.977188836797623 ], [ -75.592011403707062, 38.977035015901869 ], [ -75.592289679324196, 38.976310249223424 ] ] ], [ [ [ -75.585298996071401, 38.977062703324613 ], [ -75.587006471542637, 38.976063993183978 ], [ -75.589697840303529, 38.975498852231915 ], [ -75.589962210898378, 38.976242839701492 ], [ -75.586801686200559, 38.976603558741289 ], [ -75.587042016081796, 38.976895926366808 ], [ -75.585608422567631, 38.977621103263211 ], [ -75.58512323349953, 38.977181955284792 ], [ -75.585298996071401, 38.977062703324613 ] ] ], [ [ [ -75.594022611253962, 38.97722765161793 ], [ -75.59428321341619, 38.976622894034968 ], [ -75.595967460250833, 38.977148768422239 ], [ -75.595845559765081, 38.97738320608633 ], [ -75.594596082256629, 38.977189614057963 ], [ -75.594399987216619, 38.977902319784071 ], [ -75.59384297334995, 38.977697172312382 ], [ -75.594022611253962, 38.97722765161793 ] ] ], [ [ [ -75.584238342639026, 38.977095214924908 ], [ -75.584743156302821, 38.977439828590647 ], [ -75.583770943806812, 38.978117371887677 ], [ -75.583259631730229, 38.977697213514588 ], [ -75.584238342639026, 38.977095214924908 ] ] ], [ [ [ -75.570421923887537, 38.982683575540207 ], [ -75.569996753958534, 38.981505820712826 ], [ -75.570695148277849, 38.981530033720233 ], [ -75.571008993586986, 38.982233700991017 ], [ -75.570421923887537, 38.982683575540207 ] ] ], [ [ [ -75.591806068596043, 38.982705986549675 ], [ -75.591737428325189, 38.980629225220284 ], [ -75.594290289445695, 38.981087669134325 ], [ -75.593855343151432, 38.982399687475215 ], [ -75.593279132287151, 38.982599903239723 ], [ -75.593418990095429, 38.983103499027898 ], [ -75.591806068596043, 38.982705986549675 ] ] ], [ [ [ -75.573906190633977, 38.983318057008141 ], [ -75.574309725537702, 38.980675864844116 ], [ -75.57576848715118, 38.980367712036575 ], [ -75.575473155221729, 38.982317956103572 ], [ -75.575752237526004, 38.982332771161168 ], [ -75.575677637831532, 38.982963559024967 ], [ -75.573906190633977, 38.983318057008141 ] ] ], [ [ [ -75.571670921695656, 38.983170502597751 ], [ -75.571953559531806, 38.98374407553181 ], [ -75.570829023306331, 38.983978750421159 ], [ -75.570646703032892, 38.983358953551374 ], [ -75.571670921695656, 38.983170502597751 ] ] ], [ [ [ -75.582445977271746, 38.986663152359959 ], [ -75.582108912309153, 38.986167900247871 ], [ -75.580317449748748, 38.986635174726402 ], [ -75.580087987685829, 38.985119703055872 ], [ -75.580728117275825, 38.984888116910774 ], [ -75.580678541051938, 38.984313311709442 ], [ -75.579645843191201, 38.984563052776373 ], [ -75.579250736281466, 38.984336456790018 ], [ -75.579311843280351, 38.983109856248689 ], [ -75.578342340103234, 38.98342389065234 ], [ -75.578570590338842, 38.982303603315295 ], [ -75.579348726309306, 38.982522042745828 ], [ -75.579361886628206, 38.981211477755238 ], [ -75.581116421243919, 38.981747969966705 ], [ -75.580977312630594, 38.982451515663001 ], [ -75.581323516154569, 38.983606939706355 ], [ -75.582753084317943, 38.983053576250548 ], [ -75.583256210047324, 38.983860807314677 ], [ -75.581905709798619, 38.984470071196668 ], [ -75.583291111392739, 38.986455197448628 ], [ -75.582445977271746, 38.986663152359959 ] ] ], [ [ [ -75.597876792556278, 38.985862758507373 ], [ -75.597314982584351, 38.985892229328805 ], [ -75.596907974793723, 38.985069500297747 ], [ -75.596651473440758, 38.985072280108099 ], [ -75.596105217797955, 38.983277207924822 ], [ -75.59583712009298, 38.983269434592764 ], [ -75.595331220365992, 38.981490902831382 ], [ -75.595721602137345, 38.981304405655258 ], [ -75.59547624258883, 38.980875783813175 ], [ -75.595890928280184, 38.980641581172684 ], [ -75.595761733474333, 38.980265213873032 ], [ -75.59491344447008, 38.98049531376428 ], [ -75.594814658534915, 38.980066465657167 ], [ -75.595801037462962, 38.97976961742264 ], [ -75.59865630564407, 38.987445083920939 ], [ -75.597855470144708, 38.987591077224302 ], [ -75.597491113465466, 38.987215077139965 ], [ -75.598293406032226, 38.986882549606982 ], [ -75.597876792556278, 38.985862758507373 ] ] ], [ [ [ -75.597702531967585, 38.990131023159016 ], [ -75.597231639587221, 38.990318265122276 ], [ -75.596479331977818, 38.989904729870169 ], [ -75.597543934404172, 38.989431185955439 ], [ -75.598303495011194, 38.990292767606896 ], [ -75.597702531967585, 38.990131023159016 ] ] ], [ [ [ -75.580454271251355, 38.989859147848705 ], [ -75.580944098321268, 38.98975289651267 ], [ -75.583453131537382, 38.991163870724158 ], [ -75.582593088077616, 38.992060155592654 ], [ -75.582276914335267, 38.991954424229824 ], [ -75.580454271251355, 38.989859147848705 ] ] ], [ [ [ -75.598782329396983, 38.991244704460023 ], [ -75.59981585909766, 38.991384689534954 ], [ -75.599553582475735, 38.992227060208556 ], [ -75.59849803237249, 38.991954069543453 ], [ -75.598782329396983, 38.991244704460023 ] ] ], [ [ [ -75.597610068375388, 38.99141728392916 ], [ -75.598108614493455, 38.99231025333745 ], [ -75.597914374474513, 38.992801515588106 ], [ -75.597304156088526, 38.993031259150975 ], [ -75.59689335111922, 38.991734428982291 ], [ -75.597610068375388, 38.99141728392916 ] ] ], [ [ [ -75.59317985048196, 38.993350502007701 ], [ -75.596258234128513, 38.991955009322623 ], [ -75.596464817897754, 38.992308844373923 ], [ -75.596550273732433, 38.992889647053865 ], [ -75.596211072576097, 38.993110625253081 ], [ -75.595226729230475, 38.993341530295211 ], [ -75.594706455560626, 38.992907371359998 ], [ -75.593322026841975, 38.993442741619198 ], [ -75.593671284637921, 38.994189979068146 ], [ -75.593001534898065, 38.994719331137745 ], [ -75.592250101349421, 38.993769087336126 ], [ -75.59317985048196, 38.993350502007701 ] ] ], [ [ [ -75.590715787827293, 38.9944807150424 ], [ -75.591776074747031, 38.993993374263603 ], [ -75.5922146412519, 38.994868446327139 ], [ -75.591364031000936, 38.995161679660306 ], [ -75.590715787827293, 38.9944807150424 ] ] ], [ [ [ -75.587710765098436, 38.995848776673547 ], [ -75.588455483740304, 38.995508067396443 ], [ -75.589474288256866, 38.996079368383597 ], [ -75.588518613745237, 38.996894681428266 ], [ -75.587214728873278, 38.996075707926522 ], [ -75.587710765098436, 38.995848776673547 ] ] ], [ [ [ -75.584463207124301, 38.999337280900214 ], [ -75.585324600751946, 38.999371788692066 ], [ -75.585416204656397, 39.000096584566677 ], [ -75.584206580905516, 39.00016555750566 ], [ -75.584168634271293, 38.999573753428507 ], [ -75.584463207124301, 38.999337280900214 ] ] ], [ [ [ -75.603700814885002, 38.99976918523901 ], [ -75.604261474115063, 39.000594547738224 ], [ -75.603614889231437, 39.000882446096554 ], [ -75.603134984952149, 38.999927817767997 ], [ -75.603700814885002, 38.99976918523901 ] ] ], [ [ [ -75.579205249188732, 39.004836401667283 ], [ -75.578788959106305, 39.004533799042946 ], [ -75.578515722139585, 39.004720840945083 ], [ -75.578678968484596, 39.003436936489827 ], [ -75.578274957473766, 39.0027984614592 ], [ -75.579327095775582, 39.00265582455647 ], [ -75.579633715036564, 39.003167809720011 ], [ -75.579340330654645, 39.00343336227823 ], [ -75.579813502959198, 39.003847877470321 ], [ -75.579478969449056, 39.004067599806255 ], [ -75.579795967844845, 39.004358913694553 ], [ -75.579205249188732, 39.004836401667283 ] ] ], [ [ [ -75.606414164522576, 39.005586258713066 ], [ -75.606225518312911, 39.005289842799691 ], [ -75.604766918396194, 39.006015875746442 ], [ -75.604585498234684, 39.005704373640512 ], [ -75.605887726613261, 39.00472663427356 ], [ -75.605804544414582, 39.004459837708133 ], [ -75.604553233444619, 39.004852724738434 ], [ -75.604799417646547, 39.004387580306343 ], [ -75.604104770200266, 39.003904886487611 ], [ -75.604036138014251, 39.003361600867365 ], [ -75.603287629380176, 39.003298450318795 ], [ -75.605237289753703, 39.002776466592948 ], [ -75.606992380426576, 39.006718057753503 ], [ -75.605618868035236, 39.007275398669307 ], [ -75.604919306804362, 39.006245745336976 ], [ -75.606414164522576, 39.005586258713066 ] ] ], [ [ [ -75.578017072715269, 39.008908429414738 ], [ -75.578428484945718, 39.008505143898759 ], [ -75.579508947128431, 39.008882847155149 ], [ -75.579413595452579, 39.009251755999188 ], [ -75.578017072715269, 39.008908429414738 ] ] ], [ [ [ -75.591706216360649, 39.01219947026734 ], [ -75.582852594295218, 39.010081108754129 ], [ -75.582788047647099, 39.009619054664562 ], [ -75.586023220548398, 39.009567457174917 ], [ -75.585829496162418, 39.01063741174449 ], [ -75.588729305510284, 39.011258134011854 ], [ -75.588875613222285, 39.010920159070388 ], [ -75.590315431163063, 39.011256936922955 ], [ -75.590258275853088, 39.011619286074946 ], [ -75.590781051330993, 39.011782955366982 ], [ -75.591039757149687, 39.011394088275587 ], [ -75.592983516490108, 39.011755814103452 ], [ -75.593170985906738, 39.011099750252633 ], [ -75.593507324132247, 39.011104378075785 ], [ -75.593426589842736, 39.011805193130876 ], [ -75.594040671882766, 39.012384056578448 ], [ -75.591706216360649, 39.01219947026734 ] ] ] ] } },
{ "type": "Feature", "properties": { "GEOID": "100010428023", "efa": "Not EFA", "pop": 821, "sub_idx": 1, "neighborhoods": "" }, "geometry": { "type": "MultiPolygon", "coordinates": [ [ [ [ -75.571569305169049, 38.972937482722202 ], [ -75.572732230898183, 38.972788166988302 ], [ -75.572910602177629, 38.971984747256769 ], [ -75.572589312529743, 38.971661043731856 ], [ -75.56814107083845, 38.971454364738797 ], [ -75.567828734699006, 38.972379476062692 ], [ -75.567621643381614, 38.971949539586198 ], [ -75.567480350963834, 38.970675361008389 ], [ -75.571190732650436, 38.970861562815564 ], [ -75.570898225024237, 38.967688346353803 ], [ -75.575757445059708, 38.967454132226308 ], [ -75.577101487319794, 38.967897623353167 ], [ -75.575005344961113, 38.970396778841575 ], [ -75.575068641154346, 38.970912710817494 ], [ -75.57614327686413, 38.970696124076248 ], [ -75.576445684823042, 38.971103856024826 ], [ -75.575210457289941, 38.971674559897224 ], [ -75.576451032493935, 38.971786076369327 ], [ -75.576885253847777, 38.971410106884818 ], [ -75.576871717134736, 38.970483606326738 ], [ -75.576286806985266, 38.97003157647287 ], [ -75.576656436775224, 38.969786777854729 ], [ -75.576980940595206, 38.969839956938522 ], [ -75.577299508347778, 38.970643892681423 ], [ -75.577848302629576, 38.970716987709132 ], [ -75.578062187905473, 38.971232255962221 ], [ -75.57897820628888, 38.971195496058947 ], [ -75.578963000506064, 38.972012850804141 ], [ -75.577035214109728, 38.9719074198416 ], [ -75.576979297576543, 38.972497371248707 ], [ -75.575376111119894, 38.972368479141423 ], [ -75.575129528964297, 38.972907771849506 ], [ -75.574530583536813, 38.972929940818595 ], [ -75.573683634818963, 38.972740740669607 ], [ -75.574154253213166, 38.972135735249985 ], [ -75.574913351187803, 38.971931170997458 ], [ -75.57396032401131, 38.971890848921944 ], [ -75.573687811985025, 38.97248610895619 ], [ -75.57199483622081, 38.973460771823085 ], [ -75.571501468890361, 38.973472867132443 ], [ -75.571569305169049, 38.972937482722202 ] ], [ [ -75.574754529943888, 38.970402299804753 ], [ -75.573486294713987, 38.970338060350869 ], [ -75.573362663174692, 38.970609701930599 ], [ -75.574611100434069, 38.970744282301624 ], [ -75.574754529943888, 38.970402299804753 ] ] ], [ [ [ -75.589936176823116, 38.950698865268642 ], [ -75.589958830537967, 38.950375459894239 ], [ -75.590397461721537, 38.950171736811939 ], [ -75.590569318418545, 38.950795544205754 ], [ -75.589936176823116, 38.950698865268642 ] ] ], [ [ [ -75.566557765895681, 38.954103062555795 ], [ -75.566466226669917, 38.953133353163544 ], [ -75.573439840135705, 38.95209484971415 ], [ -75.575699656437479, 38.95088930563071 ], [ -75.57643468764735, 38.952370594216461 ], [ -75.566557765895681, 38.954103062555795 ] ], [ [ -75.575661658599259, 38.95151760150317 ], [ -75.575404338881086, 38.9513778310235 ], [ -75.574967858264301, 38.951788548187736 ], [ -75.575166565605159, 38.951873001594343 ], [ -75.575661658599259, 38.95151760150317 ] ] ], [ [ [ -75.566687407164224, 38.956191522926105 ], [ -75.567408559402963, 38.956557628617858 ], [ -75.567396529164654, 38.957381360207471 ], [ -75.56634464418778, 38.957268992585767 ], [ -75.566134412360157, 38.956728243791808 ], [ -75.566687407164224, 38.956191522926105 ] ] ], [ [ [ -75.580003480472101, 38.972052864118417 ], [ -75.580144053339339, 38.97144491813021 ], [ -75.582608734034935, 38.971618710104622 ], [ -75.583196270858295, 38.971969385981545 ], [ -75.582707002540488, 38.972947246898705 ], [ -75.582195995891112, 38.973064608968038 ], [ -75.582273904080765, 38.972437169713835 ], [ -75.580003480472101, 38.972052864118417 ] ] ], [ [ [ -75.593487827097348, 38.978274743567987 ], [ -75.593951708126909, 38.97818108961085 ], [ -75.593692230655407, 38.977944469483589 ], [ -75.594326793385591, 38.978223156042333 ], [ -75.593743422948506, 38.979003058602132 ], [ -75.593127394259241, 38.978834719159856 ], [ -75.593487827097348, 38.978274743567987 ] ] ] ] } },
{ "type": "Feature", "properties": { "GEOID": "100010418031", "efa": "Not EFA", "pop": 2598, "sub_idx": 0, "neighborhoods": "" }, "geometry": { "type": "MultiPolygon", "coordinates": [ [ [ [ -75.57928155658054, 39.227896073515303 ], [ -75.578791304607492, 39.227969301054799 ], [ -75.577276724377228, 39.224813460345153 ], [ -75.57781321353626, 39.224689967475371 ], [ -75.577663404191284, 39.223757267715982 ], [ -75.580084421374153, 39.222633780450707 ], [ -75.579732990553524, 39.222179052928333 ], [ -75.580295732976751, 39.221939023235635 ], [ -75.579676968019172, 39.220500318549753 ], [ -75.580961563367026, 39.219829343034817 ], [ -75.582966374909105, 39.22074451000487 ], [ -75.583699295078048, 39.220448002535704 ], [ -75.584304445169195, 39.221216379330137 ], [ -75.583792862699738, 39.221144961831151 ], [ -75.584816930445527, 39.222508374833716 ], [ -75.585148245291975, 39.22418757824795 ], [ -75.582767710687378, 39.225444595023625 ], [ -75.581351407047521, 39.22514369751935 ], [ -75.581415183839411, 39.226211290842144 ], [ -75.582263023686039, 39.225979453002047 ], [ -75.58237910219043, 39.226972555315321 ], [ -75.581696143622622, 39.227139745857684 ], [ -75.581373155260536, 39.226583133046951 ], [ -75.580184977888749, 39.226885093944766 ], [ -75.580601672213078, 39.228169192113931 ], [ -75.579731089718393, 39.228672630033465 ], [ -75.57928155658054, 39.227896073515303 ] ], [ [ -75.579727771341737, 39.225279442195962 ], [ -75.579336626900727, 39.225051341023949 ], [ -75.578648999788399, 39.225440725862477 ], [ -75.579642468220669, 39.225840097322916 ], [ -75.579957054639905, 39.225661794495679 ], [ -75.579727771341737, 39.225279442195962 ] ] ], [ [ [ -75.612968360870397, 39.223938186425279 ], [ -75.613513567280975, 39.223789065182842 ], [ -75.614132473274069, 39.225368199232577 ], [ -75.612788411251017, 39.225696552110797 ], [ -75.612588006094271, 39.224674154543472 ], [ -75.612968360870397, 39.223938186425279 ] ] ], [ [ [ -75.584674496269031, 39.232671669568305 ], [ -75.583769698741818, 39.231958739280969 ], [ -75.583019908211824, 39.232486459272543 ], [ -75.579886627619956, 39.230116495309019 ], [ -75.579389661638459, 39.229196103578886 ], [ -75.580782183279524, 39.229546850540466 ], [ -75.582366145789081, 39.230670374668975 ], [ -75.582529845783313, 39.230487783808101 ], [ -75.581933785744525, 39.229992906001236 ], [ -75.582071516342197, 39.229835730648901 ], [ -75.583547009976158, 39.229362685519277 ], [ -75.58433413538765, 39.229791184486409 ], [ -75.584513861326556, 39.229427393595103 ], [ -75.585291446629739, 39.229703515785886 ], [ -75.585122584017583, 39.230022652765768 ], [ -75.586549765357233, 39.230458506238634 ], [ -75.5867024178701, 39.230225919086685 ], [ -75.58890135085349, 39.230353765851149 ], [ -75.589663239893724, 39.229989195743983 ], [ -75.590032737631347, 39.231246986756958 ], [ -75.590648110550418, 39.231246068950938 ], [ -75.586805861569999, 39.231380905591337 ], [ -75.584674496269031, 39.232671669568305 ] ] ] ] } },
{ "type": "Feature", "properties": { "GEOID": "100010418031", "efa": "Significant", "pop": 2598, "sub_idx": 1, "neighborhoods": "" }, "geometry": { "type": "MultiPolygon", "coordinates": [ [ [ [ -75.58761378118372, 39.222118769821741 ], [ -75.585653314975659, 39.220009566178426 ], [ -75.585115225917093, 39.22045616871641 ], [ -75.584426760676607, 39.220121243177189 ], [ -75.584140991313376, 39.219674008674232 ], [ -75.585698167857771, 39.219067026054319 ], [ -75.585770954751993, 39.218663254479246 ], [ -75.582320797935211, 39.214855093259082 ], [ -75.581698985892189, 39.215466647372665 ], [ -75.581954428131425, 39.215914496091031 ], [ -75.581285988135264, 39.215956493310927 ], [ -75.578726459718723, 39.21503990534201 ], [ -75.576739943265721, 39.215734505334893 ], [ -75.576294114780111, 39.213772779959719 ], [ -75.574110954416469, 39.214404692505155 ], [ -75.573848605929328, 39.213841933886521 ], [ -75.572416719214203, 39.214240015522059 ], [ -75.572086337717323, 39.213512825370181 ], [ -75.573503785810885, 39.213135132833912 ], [ -75.573117883039544, 39.212422335403232 ], [ -75.572866783256387, 39.212470337196322 ], [ -75.572560270894925, 39.21193721588407 ], [ -75.572135807041718, 39.212077739947873 ], [ -75.571314700159618, 39.210653676903121 ], [ -75.570685892935472, 39.210918702261182 ], [ -75.570357840770129, 39.210513663667363 ], [ -75.571145820479472, 39.210113511752368 ], [ -75.571843257194701, 39.210286077614946 ], [ -75.572884861851477, 39.21182559338186 ], [ -75.573569758983666, 39.211635821983457 ], [ -75.573098150646018, 39.210655904923613 ], [ -75.572707353853033, 39.210771665837434 ], [ -75.572369175877782, 39.210135549901977 ], [ -75.573648931102909, 39.209894024295856 ], [ -75.572828562636005, 39.20885529748513 ], [ -75.571953220866945, 39.208797130785136 ], [ -75.571721504930991, 39.207893503389066 ], [ -75.571506272182177, 39.207673385316959 ], [ -75.571122981711696, 39.207864950745581 ], [ -75.570139913075465, 39.206787849824956 ], [ -75.56914146438325, 39.207267130064871 ], [ -75.567919442983126, 39.206665924138782 ], [ -75.567467990145516, 39.207134315137353 ], [ -75.56633706420341, 39.206531647002983 ], [ -75.56579919074052, 39.206162454382344 ], [ -75.566552411936598, 39.205703793085441 ], [ -75.566180643257923, 39.205175192345052 ], [ -75.567149637090296, 39.204544771323377 ], [ -75.567624597940593, 39.205017229131293 ], [ -75.566986787800644, 39.205422011939724 ], [ -75.567594539412866, 39.206000350987146 ], [ -75.568349657850803, 39.205525559538536 ], [ -75.567749579647739, 39.204940113623323 ], [ -75.56940721658701, 39.203928772128513 ], [ -75.569772228138092, 39.204326149120078 ], [ -75.569212498664356, 39.20470939168726 ], [ -75.569808518278947, 39.205477691520393 ], [ -75.570059812996533, 39.204261687993373 ], [ -75.574359290981818, 39.209084285155619 ], [ -75.576027558584158, 39.209525427767787 ], [ -75.575438327538166, 39.208556265312993 ], [ -75.576299381602624, 39.208059592257342 ], [ -75.586406859565216, 39.219249902738568 ], [ -75.587529735704038, 39.218757181110753 ], [ -75.588060247473194, 39.219488250464487 ], [ -75.587134724015741, 39.219892557349809 ], [ -75.58874019488816, 39.22175958031017 ], [ -75.58761378118372, 39.222118769821741 ] ], [ [ -75.579531782302936, 39.21432249535038 ], [ -75.578871874505339, 39.214400125341754 ], [ -75.578904479756886, 39.214638377476454 ], [ -75.579687435188845, 39.214813295131677 ], [ -75.579531782302936, 39.21432249535038 ] ], [ [ -75.577035975881088, 39.212364576742495 ], [ -75.576676531189804, 39.211918215063015 ], [ -75.577508281311367, 39.211924219682189 ], [ -75.577449176657268, 39.211322681245818 ], [ -75.579380545534974, 39.211478233844268 ], [ -75.57811594758364, 39.210104662941298 ], [ -75.576980849865365, 39.210614585259719 ], [ -75.576521402021726, 39.210019758705627 ], [ -75.57580757913739, 39.210329520400535 ], [ -75.57664396007425, 39.21173951772343 ], [ -75.575968990224268, 39.211972808565527 ], [ -75.576108327009663, 39.21262681365431 ], [ -75.577035975881088, 39.212364576742495 ] ] ], [ [ [ -75.562179856901253, 39.200663195498947 ], [ -75.563122783420695, 39.200095288076042 ], [ -75.5635630288768, 39.200559696423333 ], [ -75.562324429068113, 39.201397743847281 ], [ -75.561889940016343, 39.200837804072414 ], [ -75.562179856901253, 39.200663195498947 ] ] ], [ [ [ -75.561104278858735, 39.202461016859083 ], [ -75.560727332290796, 39.202368537940231 ], [ -75.560214019666091, 39.20185663513886 ], [ -75.560796880758417, 39.201496105643841 ], [ -75.561521807717966, 39.202178084543448 ], [ -75.561104278858735, 39.202461016859083 ] ] ], [ [ [ -75.569351149136878, 39.20952728830963 ], [ -75.569701465148214, 39.209161309106776 ], [ -75.570162983608597, 39.209470239327509 ], [ -75.570483482739021, 39.209818867250817 ], [ -75.57025253845589, 39.210403452562375 ], [ -75.569351149136878, 39.20952728830963 ] ] ], [ [ [ -75.614685782488479, 39.214141606147656 ], [ -75.614503097499039, 39.212907726497491 ], [ -75.614093758580267, 39.212779726152434 ], [ -75.614083007542931, 39.212284069926824 ], [ -75.616865354082535, 39.212377019525562 ], [ -75.616685836552804, 39.21308188215167 ], [ -75.61602725916012, 39.213036444200931 ], [ -75.615875211213464, 39.213435895977241 ], [ -75.615255381752235, 39.213627611337316 ], [ -75.615273806198729, 39.214729822690032 ], [ -75.614747446442834, 39.214717046244552 ], [ -75.614685782488479, 39.214141606147656 ] ] ], [ [ [ -75.612056645417212, 39.213930685200573 ], [ -75.611711474955797, 39.213864724641702 ], [ -75.611625782864209, 39.213337784761165 ], [ -75.61213198712008, 39.2131900295484 ], [ -75.612186708893915, 39.212224076221503 ], [ -75.611261419896763, 39.212182727551308 ], [ -75.611319649591806, 39.2133698716165 ], [ -75.610946068112909, 39.213465659502944 ], [ -75.606519340174358, 39.213146438889325 ], [ -75.606510433378318, 39.21220480194075 ], [ -75.605892344852123, 39.212388400177318 ], [ -75.606014915481069, 39.213540493176353 ], [ -75.605368115900092, 39.21368752797855 ], [ -75.60517302876984, 39.212454615474705 ], [ -75.60245944557029, 39.21336164962652 ], [ -75.601367514596348, 39.213146207116566 ], [ -75.605247865619532, 39.212023901018348 ], [ -75.606541866328413, 39.212027901075707 ], [ -75.611371867760951, 39.212181900675112 ], [ -75.613811374967327, 39.212274038846459 ], [ -75.613765392004566, 39.212958594848928 ], [ -75.613213190412893, 39.212715889456739 ], [ -75.612864574014068, 39.212940500517313 ], [ -75.612951282100227, 39.213804842952023 ], [ -75.612546775219371, 39.213915563067552 ], [ -75.612396269680033, 39.214878640234126 ], [ -75.612056645417212, 39.213930685200573 ] ] ], [ [ [ -75.623280255865794, 39.215097314500689 ], [ -75.621950604616544, 39.214673382061527 ], [ -75.622720218269905, 39.213360463622024 ], [ -75.624988167918275, 39.214296882452579 ], [ -75.624452798060062, 39.21499725264173 ], [ -75.623280255865794, 39.215097314500689 ] ] ], [ [ [ -75.595638162122171, 39.216134879253559 ], [ -75.595209127640786, 39.215525361860891 ], [ -75.600554327261818, 39.213466205871619 ], [ -75.601076993145256, 39.214437595282597 ], [ -75.598911428083099, 39.215285784085275 ], [ -75.599007298985157, 39.21597303342422 ], [ -75.598011229930137, 39.215788918393443 ], [ -75.597727966866543, 39.215241216856533 ], [ -75.597141096593106, 39.21576643728158 ], [ -75.596919660078939, 39.215433128428991 ], [ -75.59579616140762, 39.215739395350177 ], [ -75.595913806573833, 39.216057374369562 ], [ -75.595638162122171, 39.216134879253559 ] ] ], [ [ [ -75.591529862697342, 39.217023902733388 ], [ -75.592466860335904, 39.216662047303664 ], [ -75.592716045809198, 39.216996698427906 ], [ -75.591581429587904, 39.217593740312083 ], [ -75.591279271360619, 39.217133127691127 ], [ -75.591529862697342, 39.217023902733388 ] ] ], [ [ [ -75.618720591638237, 39.218267019954176 ], [ -75.619166721957797, 39.218113981604986 ], [ -75.620379845545017, 39.21959160333558 ], [ -75.619266275054201, 39.219918645626002 ], [ -75.618720591638237, 39.218267019954176 ] ] ], [ [ [ -75.624640337545301, 39.221093603208679 ], [ -75.624918961708786, 39.220599583369562 ], [ -75.626884257259817, 39.221211545371069 ], [ -75.626364872023771, 39.222288901764244 ], [ -75.624914289570981, 39.222629318210636 ], [ -75.625548054597175, 39.221399782803516 ], [ -75.624640337545301, 39.221093603208679 ] ] ], [ [ [ -75.62076649391804, 39.22361690829748 ], [ -75.619732886063929, 39.222519676596043 ], [ -75.620437283824288, 39.222322609509646 ], [ -75.620646830237362, 39.222736924090626 ], [ -75.620292144820482, 39.222990166512524 ], [ -75.620925016022966, 39.223575331118781 ], [ -75.622137473958574, 39.223272911988644 ], [ -75.621805636292606, 39.222954146555701 ], [ -75.621359034357539, 39.223207553821574 ], [ -75.621044644669354, 39.222564633791649 ], [ -75.621405703633187, 39.222397174859793 ], [ -75.621892556381198, 39.222866727500119 ], [ -75.622924012770213, 39.221976072292961 ], [ -75.623552597212168, 39.222073975187193 ], [ -75.624241087605498, 39.22279203042423 ], [ -75.62076649391804, 39.22361690829748 ] ] ], [ [ [ -75.610255415474711, 39.225249952293588 ], [ -75.611976654034407, 39.22500075283358 ], [ -75.612269558715951, 39.225822196984588 ], [ -75.610070574528578, 39.22636071243118 ], [ -75.609804073129879, 39.225471149571774 ], [ -75.610255415474711, 39.225249952293588 ] ] ], [ [ [ -75.608931955414391, 39.22588965638603 ], [ -75.609598163097075, 39.225805141450564 ], [ -75.609796831810357, 39.226428934698163 ], [ -75.608852845278889, 39.226662910189319 ], [ -75.608931955414391, 39.22588965638603 ] ] ], [ [ [ -75.60484996135601, 39.226992325181612 ], [ -75.606536860017357, 39.226566957987508 ], [ -75.606780792142857, 39.227182398835446 ], [ -75.598287509490717, 39.229368187632041 ], [ -75.598029374102239, 39.228716723901172 ], [ -75.60484996135601, 39.226992325181612 ] ] ] ] } },
{ "type": "Feature", "properties": { "GEOID": "100010418032", "efa": "Moderate", "pop": 1690, "sub_idx": 0, "neighborhoods": "" }, "geometry": { "type": "MultiPolygon", "coordinates": [ [ [ [ -75.586550860403577, 39.21918190385481 ], [ -75.580997200432662, 39.213268058911169 ], [ -75.582034335072592, 39.212708987737408 ], [ -75.582203477959126, 39.213736409357338 ], [ -75.583666323313878, 39.213084197792952 ], [ -75.583334031998689, 39.211112388006676 ], [ -75.584114682353643, 39.210889628124143 ], [ -75.585650898507524, 39.211487983841948 ], [ -75.585972079459268, 39.21128732627799 ], [ -75.586006695140426, 39.210393565293906 ], [ -75.586346321199898, 39.210221477877134 ], [ -75.586824485442477, 39.210335175742443 ], [ -75.58743436067202, 39.211057435377221 ], [ -75.58757293029619, 39.210685692596904 ], [ -75.588792192071736, 39.210774240480958 ], [ -75.590880814633195, 39.215503385258025 ], [ -75.590189137017248, 39.21632261666317 ], [ -75.588651192504742, 39.215841804413252 ], [ -75.589137604179967, 39.216702832377059 ], [ -75.588186563178567, 39.217037000995823 ], [ -75.587878517392909, 39.216653992038289 ], [ -75.586799437717403, 39.217095047426717 ], [ -75.586390718636167, 39.216578753838789 ], [ -75.585835329821876, 39.216723364448661 ], [ -75.585399674756857, 39.216358989405897 ], [ -75.584963673840463, 39.216599134223024 ], [ -75.585989245366036, 39.217876250016161 ], [ -75.587747537634584, 39.217122964372244 ], [ -75.58794577156327, 39.217380061853646 ], [ -75.58832866318177, 39.217243537025951 ], [ -75.588909203027384, 39.218150111919925 ], [ -75.586550860403577, 39.21918190385481 ] ], [ [ -75.585141254602448, 39.214832396785042 ], [ -75.584452577359556, 39.214185493382601 ], [ -75.584069338093045, 39.214450751099612 ], [ -75.58465451504216, 39.214992212935698 ], [ -75.585105620231758, 39.214851281978021 ], [ -75.586108789570787, 39.215988559481943 ], [ -75.586863659175393, 39.215545646504204 ], [ -75.585787340921087, 39.214489975631658 ], [ -75.585141254602448, 39.214832396785042 ] ] ], [ [ [ -75.594952189706603, 39.215037859115441 ], [ -75.595528502080498, 39.214556660835377 ], [ -75.595678745311758, 39.214950137187415 ], [ -75.596000144554125, 39.214839418703242 ], [ -75.595718457135533, 39.213999763803209 ], [ -75.596278412984745, 39.213734006040461 ], [ -75.596130635628924, 39.213448246001022 ], [ -75.596681767327084, 39.213328235471877 ], [ -75.597258456993416, 39.213618096191901 ], [ -75.597524657456475, 39.214185669471554 ], [ -75.59782313618436, 39.214099409480816 ], [ -75.597858043817993, 39.213373261890723 ], [ -75.598751814525102, 39.213054682582943 ], [ -75.598130256705275, 39.212590922711883 ], [ -75.599370988216137, 39.212594941529474 ], [ -75.599860207126596, 39.212295530636254 ], [ -75.596796704072744, 39.210950822239525 ], [ -75.596423358850771, 39.209986329039822 ], [ -75.597123450087679, 39.210015330466035 ], [ -75.59770840425459, 39.210836804497887 ], [ -75.600365760103898, 39.212078978175953 ], [ -75.601862502487563, 39.211934639195128 ], [ -75.602538149667268, 39.212572268685612 ], [ -75.603750245581807, 39.212174712837474 ], [ -75.603125277757186, 39.211544610782816 ], [ -75.603801546571049, 39.210865063597645 ], [ -75.603099222122367, 39.21033989769159 ], [ -75.603771221243704, 39.208532993945717 ], [ -75.602343462287322, 39.206964094961414 ], [ -75.602549446880275, 39.206665862187847 ], [ -75.604345060555616, 39.20629596583764 ], [ -75.604935757652157, 39.207253070791907 ], [ -75.604780999488284, 39.207711999702731 ], [ -75.605355158600432, 39.207633616827806 ], [ -75.606094362484811, 39.207032086883785 ], [ -75.605743057428313, 39.206637989810204 ], [ -75.606309245788978, 39.20644640989768 ], [ -75.606361639129602, 39.206137221354233 ], [ -75.605653425325897, 39.205593005031425 ], [ -75.606231139969964, 39.204834590335466 ], [ -75.606740397599481, 39.205117148590155 ], [ -75.606375908867889, 39.205606211927758 ], [ -75.606828918485874, 39.206046371240689 ], [ -75.607115237618089, 39.205535984873549 ], [ -75.607763390061876, 39.205557094484121 ], [ -75.608858631327635, 39.206431728860331 ], [ -75.610459877423267, 39.205335613799157 ], [ -75.61095030726274, 39.205761266956067 ], [ -75.605039866105386, 39.2102229005894 ], [ -75.604109865444556, 39.212189901467625 ], [ -75.595209127640786, 39.215525361860891 ], [ -75.594952189706603, 39.215037859115441 ] ], [ [ -75.607470306615582, 39.208178314328421 ], [ -75.607350023995679, 39.208081173041094 ], [ -75.605969060079076, 39.208100520148228 ], [ -75.606616210003025, 39.208673801852889 ], [ -75.607470306615582, 39.208178314328421 ] ], [ [ -75.604792043376378, 39.20999903813361 ], [ -75.604612683051812, 39.20913053099811 ], [ -75.6036403663512, 39.209667147597088 ], [ -75.604033897615935, 39.210051049409671 ], [ -75.604792043376378, 39.20999903813361 ] ] ], [ [ [ -75.600293315467795, 39.199671580428429 ], [ -75.599158192596676, 39.200154045350317 ], [ -75.597608673291745, 39.199088313413696 ], [ -75.597444022879955, 39.19937932307927 ], [ -75.596763578696638, 39.199194483705696 ], [ -75.594595801982237, 39.199636395024733 ], [ -75.594058095605988, 39.19900474640022 ], [ -75.5955777962334, 39.198421760667195 ], [ -75.596065296666723, 39.198715378114073 ], [ -75.596866253438677, 39.198621158045889 ], [ -75.597002895278209, 39.19815621615394 ], [ -75.598457007211778, 39.197862008806297 ], [ -75.599359193336468, 39.197336286895684 ], [ -75.601572231666452, 39.197386418142372 ], [ -75.602520392669035, 39.196884430167955 ], [ -75.604726667583265, 39.197274124378559 ], [ -75.604513823454781, 39.198331791660614 ], [ -75.603441912335271, 39.198121808997811 ], [ -75.601831648950835, 39.198339749476666 ], [ -75.601492435218077, 39.19966253398804 ], [ -75.601041081195149, 39.199241417592738 ], [ -75.600293315467795, 39.199671580428429 ] ] ], [ [ [ -75.57338895686307, 39.203482098574661 ], [ -75.572665070152595, 39.203890604651122 ], [ -75.571528129989673, 39.202622729546782 ], [ -75.573369185841955, 39.201488560294145 ], [ -75.572891220127062, 39.200936104000867 ], [ -75.573128036697213, 39.20043556360379 ], [ -75.573642235060788, 39.200263277752157 ], [ -75.574274675071948, 39.200920198701958 ], [ -75.574932721560288, 39.20051207980805 ], [ -75.574474775699812, 39.199999998492125 ], [ -75.574780687088349, 39.199827991423078 ], [ -75.57435083963162, 39.199366225700089 ], [ -75.574591838757726, 39.199191990783717 ], [ -75.575067949451579, 39.199536845778553 ], [ -75.575612766891609, 39.199364511080773 ], [ -75.576146675190842, 39.199787997117333 ], [ -75.57752969175786, 39.199156922093508 ], [ -75.577973698460085, 39.200408564498552 ], [ -75.576521230443504, 39.200173567980585 ], [ -75.575768712628317, 39.200700789024289 ], [ -75.578495170482526, 39.202168294270351 ], [ -75.578021821209859, 39.202954083950203 ], [ -75.576109192087287, 39.20160673308893 ], [ -75.575784045073576, 39.201971535527306 ], [ -75.574097256006709, 39.20102530044381 ], [ -75.573650672936253, 39.201302357875548 ], [ -75.574598368611518, 39.202315112024891 ], [ -75.574199414217446, 39.20287931765688 ], [ -75.573140178326597, 39.20314766775298 ], [ -75.57338895686307, 39.203482098574661 ] ] ], [ [ [ -75.595736268930978, 39.196901013062842 ], [ -75.595406597103178, 39.196734692436891 ], [ -75.593618243611957, 39.197216408953715 ], [ -75.592882572801599, 39.195514724534853 ], [ -75.594228820425755, 39.195914085909543 ], [ -75.596612730000871, 39.195170087198854 ], [ -75.596638930264447, 39.195530224483335 ], [ -75.598776214564836, 39.195486487106479 ], [ -75.599603065274849, 39.196173282055895 ], [ -75.598526137962779, 39.196176946063744 ], [ -75.598557268180642, 39.195634645759164 ], [ -75.596648821614053, 39.195666196284023 ], [ -75.596751513424053, 39.197061821688919 ], [ -75.595515210607559, 39.197294586247978 ], [ -75.595736268930978, 39.196901013062842 ] ] ], [ [ [ -75.596175862210217, 39.191718897665162 ], [ -75.601203679854819, 39.189710398842919 ], [ -75.601226045210453, 39.189744125708138 ], [ -75.601489663915416, 39.190850389385346 ], [ -75.600052734058295, 39.191454168167617 ], [ -75.599822061964701, 39.191053789312313 ], [ -75.598764849079856, 39.190812356834513 ], [ -75.599417240673489, 39.191716689930765 ], [ -75.598092796957928, 39.192256301033886 ], [ -75.597292284852045, 39.191378045911826 ], [ -75.596493726581926, 39.191683143638791 ], [ -75.596669278049674, 39.192068958100698 ], [ -75.596307034207996, 39.192334055671473 ], [ -75.595943524640077, 39.191810190309745 ], [ -75.596175862210217, 39.191718897665162 ] ] ], [ [ [ -75.576971038465828, 39.20483308746298 ], [ -75.575570734719463, 39.207111002230576 ], [ -75.573817383184988, 39.205170208317625 ], [ -75.576168744102432, 39.2042273102794 ], [ -75.576971038465828, 39.20483308746298 ] ] ], [ [ [ -75.62249067535862, 39.189772761608019 ], [ -75.621351075284124, 39.189464539177195 ], [ -75.621690400407957, 39.187891969717391 ], [ -75.623805869121696, 39.188112895471164 ], [ -75.623022602872638, 39.190637575046509 ], [ -75.622297979543646, 39.19036453185219 ], [ -75.62249067535862, 39.189772761608019 ] ] ], [ [ [ -75.591935489777342, 39.194767282385598 ], [ -75.5909061111916, 39.19368238500617 ], [ -75.592782095338777, 39.19309683621151 ], [ -75.593989097805661, 39.194676271365452 ], [ -75.591961234595075, 39.195401107803256 ], [ -75.591668527542893, 39.194859115494666 ], [ -75.591935489777342, 39.194767282385598 ] ] ], [ [ [ -75.601641848406018, 39.205228736509177 ], [ -75.60125773867199, 39.204701749925079 ], [ -75.600828882057058, 39.204696470022405 ], [ -75.60070414738658, 39.203850619619338 ], [ -75.602121445461492, 39.203402614604727 ], [ -75.602555727002439, 39.204306359644683 ], [ -75.602139159340567, 39.20489687285226 ], [ -75.602908984098036, 39.206088495481218 ], [ -75.602335884099574, 39.206319350015313 ], [ -75.601641848406018, 39.205228736509177 ] ] ], [ [ [ -75.593645860518748, 39.192751898086385 ], [ -75.595170844138323, 39.192114177774123 ], [ -75.596062885588495, 39.193250011928711 ], [ -75.594330418986075, 39.194031330785279 ], [ -75.593420837929969, 39.192841759362558 ], [ -75.593645860518748, 39.192751898086385 ] ] ], [ [ [ -75.58027204619934, 39.210968571850053 ], [ -75.579359312056596, 39.211447236805199 ], [ -75.577631706238165, 39.209539654333931 ], [ -75.578561148146875, 39.208951989441829 ], [ -75.579228665573254, 39.209918950409985 ], [ -75.580206965951959, 39.209759154034742 ], [ -75.579566435713346, 39.21026404577696 ], [ -75.58027204619934, 39.210968571850053 ] ] ], [ [ [ -75.599110275561131, 39.201079043384922 ], [ -75.597340668113247, 39.202077303975159 ], [ -75.59660339650506, 39.201239546591772 ], [ -75.598230473656685, 39.200288495486866 ], [ -75.599110275561131, 39.201079043384922 ] ] ], [ [ [ -75.612150601111082, 39.203620437069276 ], [ -75.613540092734681, 39.202681248723152 ], [ -75.614187031554522, 39.203118335621291 ], [ -75.612369110914059, 39.204684930109877 ], [ -75.611594671510971, 39.204183811511406 ], [ -75.612150601111082, 39.203620437069276 ] ] ], [ [ [ -75.621932971585835, 39.191223140852578 ], [ -75.62278573150526, 39.191361241704762 ], [ -75.622012334147911, 39.193472483828451 ], [ -75.621338246443557, 39.193178337628716 ], [ -75.621932971585835, 39.191223140852578 ] ] ], [ [ [ -75.603500355829354, 39.202323190514839 ], [ -75.602587348598746, 39.202255116764604 ], [ -75.602218595564509, 39.201908173510425 ], [ -75.602738486552042, 39.201045387396697 ], [ -75.603728566539061, 39.200310451093969 ], [ -75.60341945445316, 39.201134637303163 ], [ -75.603984909788537, 39.202084089094441 ], [ -75.603500355829354, 39.202323190514839 ] ] ], [ [ [ -75.613564867371906, 39.187759895886934 ], [ -75.614075880309485, 39.188550717043327 ], [ -75.612534609335455, 39.189071672694027 ], [ -75.612199361664693, 39.188751781421324 ], [ -75.612172848787409, 39.188163285345126 ], [ -75.613564867371906, 39.187759895886934 ] ] ], [ [ [ -75.615615683436317, 39.201720854223396 ], [ -75.61421843486022, 39.20154091479921 ], [ -75.61374023558335, 39.200992078817897 ], [ -75.61646826908256, 39.201176385097014 ], [ -75.615615683436317, 39.201720854223396 ] ] ], [ [ [ -75.609562866492922, 39.188691896423528 ], [ -75.610028854970153, 39.188865161037597 ], [ -75.608677302794277, 39.189122806174225 ], [ -75.608596523588986, 39.189938368353083 ], [ -75.608045385602594, 39.189980981964673 ], [ -75.607543130340744, 39.189299838529969 ], [ -75.607485637264233, 39.18896650224373 ], [ -75.609562866492922, 39.188691896423528 ] ] ], [ [ [ -75.587768453109348, 39.195992300158323 ], [ -75.58873631955602, 39.195586156266771 ], [ -75.589506054481944, 39.196886146936357 ], [ -75.588876294145265, 39.197113618377493 ], [ -75.588424738001393, 39.196459351174703 ], [ -75.587743260755516, 39.196363973117542 ], [ -75.587768453109348, 39.195992300158323 ] ] ], [ [ [ -75.599971472457682, 39.201857009654653 ], [ -75.599110275561131, 39.201079043384922 ], [ -75.599579906706808, 39.200692766038728 ], [ -75.599897653399225, 39.200958239704512 ], [ -75.59956094147455, 39.201234438373525 ], [ -75.599845198973156, 39.201591477429943 ], [ -75.600642311854003, 39.201680746134215 ], [ -75.601460462380473, 39.202460966738471 ], [ -75.600783929461912, 39.202806792083528 ], [ -75.599971472457682, 39.201857009654653 ] ] ], [ [ [ -75.586365099582608, 39.19774342454317 ], [ -75.585556618521835, 39.197123511692418 ], [ -75.587108258749154, 39.196271976284109 ], [ -75.587176491184891, 39.196551168844863 ], [ -75.586365099582608, 39.19774342454317 ] ] ], [ [ [ -75.590044607071206, 39.194182751428478 ], [ -75.58854388065923, 39.19431325439465 ], [ -75.588047852518898, 39.193809373758597 ], [ -75.590382667367123, 39.193725635465157 ], [ -75.590654313417446, 39.194193556484556 ], [ -75.590044607071206, 39.194182751428478 ] ] ], [ [ [ -75.580011098185722, 39.198999874015804 ], [ -75.579471279870248, 39.198911706703235 ], [ -75.579634843320548, 39.198229302065968 ], [ -75.578510856864, 39.198341898525392 ], [ -75.579371702519296, 39.197833374810543 ], [ -75.580451249318727, 39.198608405123721 ], [ -75.580011098185722, 39.198999874015804 ] ] ], [ [ [ -75.606902712391516, 39.189628706809309 ], [ -75.605860335183621, 39.189576241775214 ], [ -75.605363424897675, 39.188970099090753 ], [ -75.606804266019552, 39.188993375546517 ], [ -75.606902712391516, 39.189628706809309 ] ] ], [ [ [ -75.607800828249651, 39.204243995160311 ], [ -75.609215442158472, 39.203879524732244 ], [ -75.609557467618089, 39.204157750105672 ], [ -75.608578235686423, 39.204867716171158 ], [ -75.607800828249651, 39.204243995160311 ] ] ], [ [ [ -75.597690840394165, 39.194560863352066 ], [ -75.596557213217991, 39.194597476415012 ], [ -75.596465120630015, 39.194160328147049 ], [ -75.598289547768104, 39.194071095139975 ], [ -75.597690840394165, 39.194560863352066 ] ] ], [ [ [ -75.573892615293403, 39.193854547058649 ], [ -75.573326048742032, 39.193944252367309 ], [ -75.573166679525784, 39.193819777857549 ], [ -75.573765532426791, 39.193411367081026 ], [ -75.574217854833591, 39.193796898445406 ], [ -75.573892615293403, 39.193854547058649 ] ] ], [ [ [ -75.591293862695778, 39.217126902893398 ], [ -75.591010411884284, 39.216720426026377 ], [ -75.59151013389706, 39.216518543176925 ], [ -75.591789113793382, 39.216912458135596 ], [ -75.591293862695778, 39.217126902893398 ] ] ] ] } },
{ "type": "Feature", "properties": { "GEOID": "100010418032", "efa": "Not EFA", "pop": 1690, "sub_idx": 1, "neighborhoods": "" }, "geometry": { "type": "MultiPolygon", "coordinates": [ [ [ [ -75.575570734719463, 39.207111002230576 ], [ -75.577849514456901, 39.203247694288216 ], [ -75.57880554919295, 39.20326521125579 ], [ -75.578719318112221, 39.203648639903591 ], [ -75.579684587529385, 39.20336523692751 ], [ -75.579930963970796, 39.203687403380883 ], [ -75.580185965137247, 39.202843192014441 ], [ -75.581736956780929, 39.204387412299759 ], [ -75.582336595707815, 39.20409980366064 ], [ -75.581345767424153, 39.202956667233686 ], [ -75.581687097587718, 39.202303505589533 ], [ -75.582725488970723, 39.202309179676888 ], [ -75.58450498686986, 39.203106949290571 ], [ -75.585928151841884, 39.201174422002445 ], [ -75.58653025664421, 39.201902815431673 ], [ -75.587571517246232, 39.201505935689994 ], [ -75.587485984156444, 39.202021162256862 ], [ -75.586498631454631, 39.201994154711358 ], [ -75.586335076089171, 39.202406928307227 ], [ -75.587670297791504, 39.202632581711086 ], [ -75.588912498946172, 39.202173430265617 ], [ -75.589063826443976, 39.202489486772791 ], [ -75.588026529208989, 39.203123575964128 ], [ -75.586957603191166, 39.203136858505047 ], [ -75.587214144968314, 39.203382478205889 ], [ -75.586875899619457, 39.203593826920731 ], [ -75.587909552389348, 39.204552864871147 ], [ -75.588639084113026, 39.204270652397526 ], [ -75.589197171466452, 39.20468567632696 ], [ -75.590175222113501, 39.204631050011706 ], [ -75.590741412270788, 39.205087515176082 ], [ -75.590704639734611, 39.205438991679273 ], [ -75.590286030202122, 39.205393656677423 ], [ -75.589592686211304, 39.206076488724825 ], [ -75.588368784637296, 39.206054788294644 ], [ -75.58621092442533, 39.204029332159763 ], [ -75.583488788365955, 39.205511489475626 ], [ -75.581943662721059, 39.20433642288296 ], [ -75.583139888099495, 39.205505966002377 ], [ -75.582900599365686, 39.205957307860942 ], [ -75.577490887232543, 39.20938416287018 ], [ -75.575570734719463, 39.207111002230576 ] ], [ [ -75.577628970868105, 39.205225998080593 ], [ -75.576850710930159, 39.205661701330278 ], [ -75.577049065233084, 39.206676685510345 ], [ -75.577968965236863, 39.207080564995785 ], [ -75.579046542929177, 39.206778781330478 ], [ -75.57920936796431, 39.206601996963762 ], [ -75.578711395869718, 39.206354360139528 ], [ -75.578717450514731, 39.206038253502058 ], [ -75.577628970868105, 39.205225998080593 ] ] ], [ [ [ -75.567451851911443, 39.193338899265662 ], [ -75.567616784394232, 39.193311437934106 ], [ -75.567962306096916, 39.193907727382047 ], [ -75.567294961147084, 39.194010068723514 ], [ -75.566884715828166, 39.193555317352725 ], [ -75.567451851911443, 39.193338899265662 ] ] ], [ [ [ -75.617475023597891, 39.199184428478851 ], [ -75.617786230555026, 39.198759677367867 ], [ -75.617136097326025, 39.198479576044996 ], [ -75.617489804477586, 39.197921290072252 ], [ -75.618231520051467, 39.198096369105436 ], [ -75.618432783099308, 39.197786199805421 ], [ -75.616537575903365, 39.196955334199281 ], [ -75.615488083140079, 39.197312461139688 ], [ -75.615107783161179, 39.1971319841171 ], [ -75.616684577114768, 39.195851874097322 ], [ -75.616340550208719, 39.195499745332434 ], [ -75.615109727115453, 39.195286444512575 ], [ -75.615454451114175, 39.195267270012337 ], [ -75.615562935261124, 39.194637909495199 ], [ -75.616786994938622, 39.19427356188573 ], [ -75.61806747779913, 39.19338961609224 ], [ -75.618817238684713, 39.194050339926328 ], [ -75.620715236946225, 39.193892146315918 ], [ -75.621196871380775, 39.193319646258395 ], [ -75.621976661149674, 39.193539573991863 ], [ -75.618751869179803, 39.198865898279756 ], [ -75.618238869168806, 39.199575898338097 ], [ -75.617899868336792, 39.199926898410844 ], [ -75.617719474949638, 39.200086129611101 ], [ -75.618134153454463, 39.199670364258331 ], [ -75.617475023597891, 39.199184428478851 ] ] ] ] } },
{ "type": "Feature", "properties": { "GEOID": "100010430002", "efa": "Moderate", "pop": 1132, "sub_idx": 0, "neighborhoods": "" }, "geometry": { "type": "MultiPolygon", "coordinates": [ [ [ [ -75.568523736081502, 38.936333196358689 ], [ -75.567895139961436, 38.936348312412669 ], [ -75.56782387660995, 38.935840753484293 ], [ -75.568285053710511, 38.935789589947497 ], [ -75.568036172766085, 38.935223192084848 ], [ -75.568270266542612, 38.934501054068654 ], [ -75.5689652086363, 38.934435479561749 ], [ -75.568422925343668, 38.93198610884528 ], [ -75.567202190331045, 38.933375437649396 ], [ -75.566575014447437, 38.933027560853169 ], [ -75.567015373989619, 38.932539681864569 ], [ -75.566289059132956, 38.932453865150379 ], [ -75.566590087279607, 38.930569833401776 ], [ -75.567462054976446, 38.930372354563637 ], [ -75.567670164085058, 38.929585580483085 ], [ -75.567709301885344, 38.928256815596562 ], [ -75.567055128034198, 38.92818888025905 ], [ -75.56733778653161, 38.926649637862333 ], [ -75.568562389689845, 38.926776611642651 ], [ -75.568690325955998, 38.925870822260663 ], [ -75.569253344161993, 38.925950299964619 ], [ -75.56971967220241, 38.924717020665781 ], [ -75.568934408100148, 38.924632298694171 ], [ -75.569032688283826, 38.923019347157862 ], [ -75.567994502615008, 38.923011869829438 ], [ -75.568182324171246, 38.921983750283879 ], [ -75.570457499867743, 38.921663080095684 ], [ -75.57045454171552, 38.919984413782814 ], [ -75.57008924989006, 38.91991438427241 ], [ -75.570259866911982, 38.919233146968786 ], [ -75.571406661593571, 38.919318035439751 ], [ -75.571733794782389, 38.919824092523676 ], [ -75.571522419399415, 38.921417778227685 ], [ -75.571903746152685, 38.922634969941996 ], [ -75.573103995983587, 38.922475485647666 ], [ -75.572878954530182, 38.92134017058828 ], [ -75.573936286890927, 38.921202333178591 ], [ -75.573882737418543, 38.920724071542352 ], [ -75.574859352557766, 38.920888607243967 ], [ -75.575236526399479, 38.918007300752684 ], [ -75.575862787798116, 38.918725942231916 ], [ -75.575549850685746, 38.918931479204566 ], [ -75.575779779872605, 38.919431670244897 ], [ -75.575272735691954, 38.919847062279075 ], [ -75.57646448476531, 38.920696292214323 ], [ -75.576589485337095, 38.92133605058703 ], [ -75.57696160346039, 38.921353465016438 ], [ -75.577067221981622, 38.923418679660273 ], [ -75.575477936953988, 38.923153973179957 ], [ -75.575711086601146, 38.922369158392279 ], [ -75.574281105212762, 38.921959704228435 ], [ -75.574270733264484, 38.922197017318467 ], [ -75.573278522473601, 38.922461621138339 ], [ -75.573457786678446, 38.923122560627391 ], [ -75.574687849796987, 38.923071540971016 ], [ -75.574632103943713, 38.923735878294586 ], [ -75.573923842529311, 38.923659237637899 ], [ -75.573717001841885, 38.923945517110688 ], [ -75.57366974327141, 38.925225350370781 ], [ -75.57058147815674, 38.92481508663392 ], [ -75.569358561136283, 38.927217914886548 ], [ -75.571401990354104, 38.928297899766619 ], [ -75.571366921922049, 38.929009374025163 ], [ -75.572173759964144, 38.929605329030011 ], [ -75.572543803877451, 38.9292902349275 ], [ -75.57246489226965, 38.928786263565769 ], [ -75.571909834933663, 38.928211424514316 ], [ -75.57288714986052, 38.926045931526993 ], [ -75.574055362175102, 38.926793468456935 ], [ -75.574354281975801, 38.925909479998907 ], [ -75.573708426524178, 38.92572109356103 ], [ -75.574432717476526, 38.924742973685596 ], [ -75.574579874096472, 38.925066786708186 ], [ -75.576251569669935, 38.925272877678587 ], [ -75.576506277985601, 38.924140590858514 ], [ -75.577082799666954, 38.924193545614557 ], [ -75.577095853086334, 38.924819249762635 ], [ -75.576670050743346, 38.925335945466017 ], [ -75.577590421464336, 38.925667476731881 ], [ -75.577581026883095, 38.925258890716741 ], [ -75.578493530158795, 38.92525823169273 ], [ -75.578765120513609, 38.933820652808066 ], [ -75.577791242541039, 38.933829306432294 ], [ -75.577805384718545, 38.934365185506813 ], [ -75.576770733022087, 38.934363976636007 ], [ -75.576794674022736, 38.935464844816266 ], [ -75.575481669454007, 38.934452134009426 ], [ -75.574900313039791, 38.934572026491857 ], [ -75.57484193512272, 38.933222601940066 ], [ -75.57305361127591, 38.933240855482005 ], [ -75.572071116663153, 38.933644520159845 ], [ -75.572663871800017, 38.932610803694509 ], [ -75.574712427703162, 38.932985568908514 ], [ -75.574613781905171, 38.931821305386904 ], [ -75.575391622329917, 38.931702274760866 ], [ -75.575360177701711, 38.929964409903377 ], [ -75.572582103549593, 38.929982903277683 ], [ -75.571723059016421, 38.930638275888519 ], [ -75.57087408280097, 38.930779433854049 ], [ -75.571058706354805, 38.931166479687214 ], [ -75.570342685292971, 38.93151240478641 ], [ -75.569855963698984, 38.930790891452922 ], [ -75.568232819371673, 38.931366935293653 ], [ -75.569710455487581, 38.932656049409132 ], [ -75.569383489385416, 38.933626021451268 ], [ -75.569611038036783, 38.934436060238397 ], [ -75.56904370342582, 38.934551203924784 ], [ -75.56924752846885, 38.935752920662097 ], [ -75.570561399911838, 38.935864133812906 ], [ -75.570459376448383, 38.936432376144893 ], [ -75.569420631129162, 38.936583889894436 ], [ -75.569470113029936, 38.936826026412007 ], [ -75.568766416853819, 38.936853554863347 ], [ -75.568523736081502, 38.936333196358689 ] ], [ [ -75.577536006914301, 38.928370593321809 ], [ -75.577475079578491, 38.927062219528835 ], [ -75.57852077246811, 38.926754080908253 ], [ -75.578515362813476, 38.926383152289944 ], [ -75.577426964015245, 38.926146645698218 ], [ -75.577475079578491, 38.927062219528835 ], [ -75.576809916636464, 38.927060752661163 ], [ -75.576815946128647, 38.928385495833851 ], [ -75.577536006914301, 38.928370593321809 ] ], [ [ -75.577671319247258, 38.932174766547114 ], [ -75.578711439887158, 38.932390565404212 ], [ -75.57865551976073, 38.93079799759515 ], [ -75.578016015398177, 38.930778904858983 ], [ -75.578012799429459, 38.930490590082307 ], [ -75.577607311588309, 38.930496429316833 ], [ -75.577671319247258, 38.932174766547114 ] ] ], [ [ [ -75.57949820687088, 38.918925924876916 ], [ -75.580078080166558, 38.918924908645252 ], [ -75.580056851179776, 38.918364645487422 ], [ -75.581545117958754, 38.918365528232059 ], [ -75.58143948865775, 38.916911891549717 ], [ -75.582107389664742, 38.916886716382997 ], [ -75.581923491949695, 38.914849626554648 ], [ -75.583363161668416, 38.914757803924452 ], [ -75.583421877352023, 38.915610319041157 ], [ -75.582940966959598, 38.915616139230842 ], [ -75.582984127415756, 38.91622690422254 ], [ -75.58515863700319, 38.91623861159934 ], [ -75.585184645925608, 38.918048053275172 ], [ -75.584894054405936, 38.918049328123473 ], [ -75.584864036302392, 38.918822464873273 ], [ -75.582151840101631, 38.918879843580122 ], [ -75.579109032435298, 38.922532585340655 ], [ -75.578580932642708, 38.922235865059598 ], [ -75.578999235849693, 38.921705170298338 ], [ -75.577576224489576, 38.920962813824843 ], [ -75.578180187906241, 38.920180905325367 ], [ -75.577915240592958, 38.920063640183152 ], [ -75.578070559305601, 38.919447592256681 ], [ -75.578561081671538, 38.919422125143484 ], [ -75.57852347100723, 38.918928348037149 ], [ -75.57949820687088, 38.918925924876916 ] ] ], [ [ [ -75.622619780332926, 38.894831874405384 ], [ -75.620641152884758, 38.894010705091304 ], [ -75.620532082137913, 38.895074796643904 ], [ -75.618184198598954, 38.894208706022148 ], [ -75.618204280437112, 38.893538918434182 ], [ -75.617418924706712, 38.89325925215082 ], [ -75.617626021414011, 38.891770970423501 ], [ -75.624158198257575, 38.894371262335014 ], [ -75.623419413886467, 38.895033046518904 ], [ -75.622309849881816, 38.895254956384278 ], [ -75.622619780332926, 38.894831874405384 ] ] ], [ [ [ -75.58077737369949, 38.91424276462665 ], [ -75.578318007437133, 38.914108451610318 ], [ -75.578355708831282, 38.913186080112865 ], [ -75.579442396338905, 38.913148985347512 ], [ -75.57929749538863, 38.911477696821692 ], [ -75.580079095262832, 38.911434897363478 ], [ -75.580036244725477, 38.910889403671071 ], [ -75.578811810450489, 38.910900905723182 ], [ -75.578783539570196, 38.91020679495508 ], [ -75.580210391228135, 38.910182180809819 ], [ -75.580261794625315, 38.91092976744288 ], [ -75.581061538671634, 38.910849596281004 ], [ -75.581152570349261, 38.91214927586622 ], [ -75.580295556906961, 38.912266790344439 ], [ -75.580382995323447, 38.912593375856403 ], [ -75.58086718007506, 38.913366765662865 ], [ -75.58213726403784, 38.913189410742383 ], [ -75.582375856577301, 38.914069111539128 ], [ -75.581696763460158, 38.914400917022974 ], [ -75.58077737369949, 38.91424276462665 ] ] ], [ [ [ -75.573433025515953, 38.91647346676082 ], [ -75.572056163306939, 38.915837428402035 ], [ -75.572134514365999, 38.914995950496674 ], [ -75.577193118173739, 38.915248216611822 ], [ -75.577218639310956, 38.915705128592705 ], [ -75.575489921378193, 38.915647025299748 ], [ -75.575353257080764, 38.917006414194795 ], [ -75.574166254705361, 38.916949149997308 ], [ -75.573433025515953, 38.91647346676082 ] ] ], [ [ [ -75.5673343118481, 38.945376750709698 ], [ -75.567653109569392, 38.944593411457404 ], [ -75.569079081776664, 38.945022189280522 ], [ -75.569643797798562, 38.944265494152333 ], [ -75.568841698369567, 38.943812515204279 ], [ -75.567426732321152, 38.943621301955787 ], [ -75.567425702851835, 38.943135101421881 ], [ -75.569569853874242, 38.943940264530248 ], [ -75.569747896370316, 38.943315079793877 ], [ -75.570531176094093, 38.943383827880233 ], [ -75.57036140798013, 38.94436907145576 ], [ -75.57058779331318, 38.944615949799569 ], [ -75.569509911091984, 38.945612824286194 ], [ -75.568968526114659, 38.945376624252098 ], [ -75.568059922425576, 38.946286120294531 ], [ -75.566495158710268, 38.945642040078887 ], [ -75.5673343118481, 38.945376750709698 ] ] ], [ [ [ -75.569837685677911, 38.942068253624839 ], [ -75.568837442151775, 38.941891198222798 ], [ -75.569190370463943, 38.940821862482821 ], [ -75.569936083540867, 38.940898519531466 ], [ -75.569967053858619, 38.939889252729898 ], [ -75.569088921023976, 38.939864524509616 ], [ -75.568945973011125, 38.938163956737682 ], [ -75.56970909094666, 38.937994199640109 ], [ -75.569925230993931, 38.939214439136244 ], [ -75.570695874116595, 38.93913193126297 ], [ -75.570924989429813, 38.939891404072753 ], [ -75.570734196246605, 38.941598278785918 ], [ -75.569972323376064, 38.941515123896643 ], [ -75.569883311111184, 38.942321957107481 ], [ -75.570579890833642, 38.942364699506797 ], [ -75.570550363210245, 38.942714012415216 ], [ -75.569776360388403, 38.94266359724103 ], [ -75.569837685677911, 38.942068253624839 ] ] ], [ [ [ -75.577278167969894, 38.896952480955633 ], [ -75.578133223084876, 38.897207595850929 ], [ -75.578579924732935, 38.899844162651561 ], [ -75.576694961924488, 38.900394790846327 ], [ -75.576588333696904, 38.898248573977256 ], [ -75.577270278965059, 38.898186284712651 ], [ -75.577278167969894, 38.896952480955633 ] ] ], [ [ [ -75.579233418559426, 38.948894698991843 ], [ -75.576840968700893, 38.950212943118757 ], [ -75.576489151604704, 38.94863069888823 ], [ -75.578203094047666, 38.948792454993495 ], [ -75.578128891408568, 38.946965513970397 ], [ -75.57916454382827, 38.946946104908818 ], [ -75.579233418559426, 38.948894698991843 ] ] ], [ [ [ -75.566375584861106, 38.947765607580294 ], [ -75.566885750687376, 38.947293492143842 ], [ -75.570091928666244, 38.94740359731469 ], [ -75.570207636166415, 38.946995551510554 ], [ -75.569189363452523, 38.946760033072593 ], [ -75.570081525276933, 38.946323997690342 ], [ -75.571014710465448, 38.947326512744397 ], [ -75.570422594030759, 38.947884041156946 ], [ -75.569204930358069, 38.94753248803422 ], [ -75.568993563958259, 38.947913557824307 ], [ -75.566840305815475, 38.94771329290932 ], [ -75.56673824731773, 38.947946037392171 ], [ -75.567138893239502, 38.948019019604594 ], [ -75.56691125655324, 38.948503753754011 ], [ -75.566075641879308, 38.948383991717712 ], [ -75.566375584861106, 38.947765607580294 ] ], [ [ -75.567772631316245, 38.947628996630506 ], [ -75.567720771574898, 38.947468726672405 ], [ -75.567010561714639, 38.947559245223054 ], [ -75.5674683413868, 38.947671914681649 ], [ -75.567772631316245, 38.947628996630506 ] ] ], [ [ [ -75.5872072665682, 38.918790765242584 ], [ -75.587206473355806, 38.918459957381621 ], [ -75.586807301569408, 38.918450480644275 ], [ -75.586831559675346, 38.918040814456923 ], [ -75.591471584493277, 38.918167074661824 ], [ -75.591526818306832, 38.91873639393031 ], [ -75.5872072665682, 38.918790765242584 ] ] ], [ [ [ -75.585278856741027, 38.887206063162282 ], [ -75.583724690451135, 38.887126976994288 ], [ -75.583732646829617, 38.886034563720372 ], [ -75.585456163516866, 38.885968947919757 ], [ -75.585046702427221, 38.887039562846283 ], [ -75.586418067845017, 38.886661006334847 ], [ -75.586443177553832, 38.886961273622013 ], [ -75.585791486646116, 38.887338789474157 ], [ -75.585278856741027, 38.887206063162282 ] ] ], [ [ [ -75.565333622674856, 38.939238016789361 ], [ -75.565059671547502, 38.939212602197472 ], [ -75.565335289948024, 38.937740394028864 ], [ -75.566854059920786, 38.938056355450215 ], [ -75.566618668078689, 38.938475130678711 ], [ -75.566236567875947, 38.938401757833603 ], [ -75.566047447355814, 38.939392334096411 ], [ -75.565333622674856, 38.939238016789361 ] ] ], [ [ [ -75.610081966963023, 38.906290170465297 ], [ -75.609756010567239, 38.906045768260675 ], [ -75.609837626104053, 38.90550720271721 ], [ -75.610622510218931, 38.90558157288195 ], [ -75.609743722512448, 38.904493132403502 ], [ -75.610159189738098, 38.904235987030802 ], [ -75.610713090043987, 38.904399873779262 ], [ -75.610443210081485, 38.904704198926801 ], [ -75.610801975646396, 38.904837667098569 ], [ -75.610641970422932, 38.905234238581734 ], [ -75.61111363086286, 38.905711955189275 ], [ -75.611678057627216, 38.905049618304126 ], [ -75.612041719010449, 38.90535944712245 ], [ -75.610081966963023, 38.906290170465297 ] ] ], [ [ [ -75.613330850850488, 38.905867839302587 ], [ -75.612500459879953, 38.905187201173113 ], [ -75.612933455931739, 38.904772029520807 ], [ -75.613770317467271, 38.904616893095209 ], [ -75.614870090733632, 38.905094659994631 ], [ -75.613330850850488, 38.905867839302587 ] ] ], [ [ [ -75.586989079260405, 38.915556090674571 ], [ -75.585865864456707, 38.915561921353046 ], [ -75.585835096259913, 38.914568677729171 ], [ -75.587985458234201, 38.914422540927966 ], [ -75.588070066059231, 38.914720334637586 ], [ -75.587078676328531, 38.914751578266163 ], [ -75.586989079260405, 38.915556090674571 ] ] ], [ [ [ -75.5641314818903, 38.944293234906276 ], [ -75.564245599372398, 38.943664184704659 ], [ -75.564818511622946, 38.943769638833224 ], [ -75.564805273150597, 38.94576517008209 ], [ -75.56400127917469, 38.945597739550834 ], [ -75.5641314818903, 38.944293234906276 ] ] ], [ [ [ -75.572565023881083, 38.889869903972361 ], [ -75.573406373399791, 38.889873811842627 ], [ -75.573876072817441, 38.890532395737637 ], [ -75.573470045088797, 38.891079026116259 ], [ -75.57242742443745, 38.890962788958056 ], [ -75.572565023881083, 38.889869903972361 ] ] ], [ [ [ -75.608158832941527, 38.907156427604754 ], [ -75.609297320901689, 38.90671149179655 ], [ -75.609954664907477, 38.90752432296609 ], [ -75.60886667933427, 38.908056472204308 ], [ -75.608158832941527, 38.907156427604754 ] ] ], [ [ [ -75.569732831623, 38.918839507394047 ], [ -75.569236586090383, 38.919614341585081 ], [ -75.56873501085316, 38.919536801165748 ], [ -75.568988996025027, 38.918143402637845 ], [ -75.570217744908319, 38.91827096825731 ], [ -75.570153585434085, 38.918855172335419 ], [ -75.569732831623, 38.918839507394047 ] ] ], [ [ [ -75.608926614930027, 38.888780943664607 ], [ -75.609266593129078, 38.888418480631927 ], [ -75.611053374568556, 38.889239704112242 ], [ -75.610322592389963, 38.88965085732606 ], [ -75.608926614930027, 38.888780943664607 ] ] ], [ [ [ -75.566754109769022, 38.934824868666112 ], [ -75.566608046398756, 38.935405072996645 ], [ -75.565785265056988, 38.935307307461464 ], [ -75.566116280764462, 38.933489814402101 ], [ -75.56628818956375, 38.933338370209043 ], [ -75.567054642943944, 38.933705276640758 ], [ -75.566830883386459, 38.934038471699957 ], [ -75.566135294505756, 38.93391856713518 ], [ -75.565995361239018, 38.9347291853515 ], [ -75.566754109769022, 38.934824868666112 ] ] ], [ [ [ -75.590617523813307, 38.900711821140774 ], [ -75.589787718544329, 38.899920172564912 ], [ -75.59103970774234, 38.899571053000777 ], [ -75.591059593747772, 38.900523820128029 ], [ -75.590617523813307, 38.900711821140774 ] ] ], [ [ [ -75.572758602739981, 38.921378979660332 ], [ -75.572106192281737, 38.921459534503398 ], [ -75.572047367003677, 38.920622097934995 ], [ -75.572676851557546, 38.920560619461192 ], [ -75.572758602739981, 38.921378979660332 ] ] ], [ [ [ -75.578487849212934, 38.924955531467653 ], [ -75.578166913501292, 38.924952234935787 ], [ -75.578166425716077, 38.92465235821723 ], [ -75.578483893032441, 38.924674540186736 ], [ -75.578487849212934, 38.924955531467653 ] ] ] ] } },
{ "type": "Feature", "properties": { "GEOID": "100010430002", "efa": "Not EFA", "pop": 1132, "sub_idx": 1, "neighborhoods": "" }, "geometry": { "type": "Polygon", "coordinates": [ [ [ -75.572791651759275, 38.95221983026002 ], [ -75.568847840151165, 38.952832850208104 ], [ -75.565684810950358, 38.953189941262558 ], [ -75.565657307231305, 38.952694005157788 ], [ -75.566331439851425, 38.952244717641655 ], [ -75.568711562129309, 38.951940745183535 ], [ -75.56875280558063, 38.951601066015861 ], [ -75.569397520171847, 38.951567453596851 ], [ -75.569810649082797, 38.952067413107521 ], [ -75.569919342537233, 38.951769037752868 ], [ -75.572538513698746, 38.951361579452865 ], [ -75.572791651759275, 38.95221983026002 ] ] ] } },
{ "type": "Feature", "properties": { "GEOID": "100010434003", "efa": "Not EFA", "pop": 2036, "sub_idx": 0, "neighborhoods": "" }, "geometry": { "type": "Polygon", "coordinates": [ [ [ -75.43713040778141, 38.939834650242318 ], [ -75.437688414286455, 38.939710586235869 ], [ -75.437662406262334, 38.938502594206852 ], [ -75.437965757452318, 38.938135466640958 ], [ -75.43871518057135, 38.937979130752133 ], [ -75.43989434963747, 38.938270388885257 ], [ -75.442614543539207, 38.93745487735201 ], [ -75.442419788785614, 38.936968120257433 ], [ -75.440664787944257, 38.937054265508351 ], [ -75.439378190251631, 38.937564833599545 ], [ -75.438516191159508, 38.937204109335063 ], [ -75.438810757724326, 38.936968985302016 ], [ -75.43862110180828, 38.936256754480944 ], [ -75.438938662549418, 38.935818721744994 ], [ -75.439536160790965, 38.935700703337787 ], [ -75.440352638654403, 38.936218126838128 ], [ -75.441179704061753, 38.934248717348517 ], [ -75.440155263515109, 38.934583969121192 ], [ -75.439886677126637, 38.934394960756876 ], [ -75.439502703936526, 38.934820503482776 ], [ -75.438960006520574, 38.934641661404939 ], [ -75.438949254584927, 38.934049235590159 ], [ -75.442814080025059, 38.932733873172687 ], [ -75.444464485526296, 38.933053737936689 ], [ -75.44464250556446, 38.932511684948643 ], [ -75.442967081982573, 38.932176396127296 ], [ -75.443299130752607, 38.931089822599965 ], [ -75.444487821960749, 38.931312491859387 ], [ -75.444555892699711, 38.930792760056001 ], [ -75.445906557340095, 38.931062012390598 ], [ -75.446215468203377, 38.930306045284908 ], [ -75.44732072119298, 38.930842492553133 ], [ -75.447001459940992, 38.931626304470591 ], [ -75.447892488989851, 38.931872025956132 ], [ -75.447673759099629, 38.932339498606432 ], [ -75.448103541877629, 38.932404905245704 ], [ -75.44647706030905, 38.934631743810975 ], [ -75.448772195672845, 38.935446958694953 ], [ -75.449058309989169, 38.936137264532732 ], [ -75.445824341728652, 38.936273173022094 ], [ -75.445663735532278, 38.936793343305936 ], [ -75.44420153337127, 38.936556304739881 ], [ -75.44392646473969, 38.93770348119449 ], [ -75.444137461033634, 38.938825986669535 ], [ -75.44484532179942, 38.938853016153551 ], [ -75.444932515874157, 38.939489496595336 ], [ -75.444480523149068, 38.939810360097646 ], [ -75.44351106129443, 38.939822403158558 ], [ -75.443108425604308, 38.938378351091174 ], [ -75.440597497841296, 38.939004554776275 ], [ -75.440732380779494, 38.939922224375593 ], [ -75.44018038580036, 38.940096209659572 ], [ -75.439916404176017, 38.939146739981311 ], [ -75.438839844274909, 38.939417698316063 ], [ -75.43898375528174, 38.940081612849475 ], [ -75.437308196054232, 38.940513838138244 ], [ -75.43713040778141, 38.939834650242318 ] ] ] } },
{ "type": "Feature", "properties": { "GEOID": "100010432021", "efa": "Moderate", "pop": 1238, "sub_idx": 0, "neighborhoods": "" }, "geometry": { "type": "MultiPolygon", "coordinates": [ [ [ [ -75.404090447988295, 39.109383874414412 ], [ -75.403799356106987, 39.108672675149684 ], [ -75.403348946213427, 39.108785790012021 ], [ -75.400591453362779, 39.099481639544038 ], [ -75.400566354433735, 39.097467115408307 ], [ -75.400856370133326, 39.097223445927561 ], [ -75.40192668943817, 39.101467791209238 ], [ -75.402640699172053, 39.102479563460513 ], [ -75.403070398406754, 39.102763819877204 ], [ -75.403660760431691, 39.102637574380154 ], [ -75.403726955488366, 39.103071893800248 ], [ -75.40445724089858, 39.103042181828492 ], [ -75.404132447821084, 39.101910090049103 ], [ -75.406644370019137, 39.102261866181159 ], [ -75.408208748357183, 39.101459719258166 ], [ -75.409435021483546, 39.101600753447066 ], [ -75.40983958136502, 39.101120070463715 ], [ -75.409380820732565, 39.100720844960037 ], [ -75.409679098237817, 39.100128655206909 ], [ -75.410718455309748, 39.100467839609415 ], [ -75.410208678453998, 39.100952747434235 ], [ -75.410737968514354, 39.101780659291073 ], [ -75.410558278508077, 39.102218206044192 ], [ -75.409775250312578, 39.102137131126696 ], [ -75.409548947624515, 39.101708127742441 ], [ -75.409059537372883, 39.101865393082896 ], [ -75.409142054818261, 39.10249934952607 ], [ -75.407518480197936, 39.102451806632978 ], [ -75.406371547175766, 39.102849718048844 ], [ -75.406356268629423, 39.103157792293622 ], [ -75.40543249868341, 39.103293554390298 ], [ -75.405156542516337, 39.102993424944991 ], [ -75.40324937155745, 39.103424720939294 ], [ -75.402774116958057, 39.104835246435286 ], [ -75.403101066890557, 39.106646574639811 ], [ -75.404143860018451, 39.108343582409567 ], [ -75.404039764141643, 39.108841675073421 ], [ -75.404564239232059, 39.109705191016722 ], [ -75.404124623494951, 39.109871973979011 ], [ -75.404090447988295, 39.109383874414412 ] ] ], [ [ [ -75.421170518032184, 39.09440712162057 ], [ -75.421335627483089, 39.093752905799157 ], [ -75.423360087875366, 39.093786850178283 ], [ -75.423321909475789, 39.094329048189003 ], [ -75.422872445508219, 39.09468191141314 ], [ -75.421170518032184, 39.09440712162057 ] ] ], [ [ [ -75.422486593042549, 39.099281889978954 ], [ -75.422456574939019, 39.098647177477993 ], [ -75.423090044419496, 39.098167191726802 ], [ -75.423657717695306, 39.098428864632695 ], [ -75.424038069776486, 39.099090794883011 ], [ -75.425345626961345, 39.099147905539368 ], [ -75.42552907192551, 39.098583054498228 ], [ -75.426698301133015, 39.098581879106085 ], [ -75.426992295470995, 39.099313356148386 ], [ -75.425087938933885, 39.099900883337419 ], [ -75.422539747256224, 39.100136682693787 ], [ -75.422486593042549, 39.099281889978954 ] ] ], [ [ [ -75.417195174659284, 39.100000068196543 ], [ -75.416573540482659, 39.100110374980972 ], [ -75.414919618077093, 39.100094042541144 ], [ -75.414974162882842, 39.099497895440422 ], [ -75.418005799998625, 39.099846881819886 ], [ -75.417918732586344, 39.100197119915975 ], [ -75.417195174659284, 39.100000068196543 ] ] ], [ [ [ -75.413769538256517, 39.099576754401198 ], [ -75.413350507414123, 39.099564827057009 ], [ -75.412826378175083, 39.100238206796206 ], [ -75.411805877639267, 39.099984230696613 ], [ -75.411622078738887, 39.099636382726196 ], [ -75.414469353710615, 39.099447596821037 ], [ -75.414405700886206, 39.10051101353703 ], [ -75.413775617156034, 39.100544365588945 ], [ -75.413769538256517, 39.099576754401198 ] ] ], [ [ [ -75.434126984053734, 39.100774369670567 ], [ -75.433345874659679, 39.100536553561319 ], [ -75.433192647225042, 39.100859381430851 ], [ -75.432203779963658, 39.100803881825769 ], [ -75.431778728612244, 39.101628112555169 ], [ -75.43134723005204, 39.101417428465915 ], [ -75.430836079672204, 39.101731386365493 ], [ -75.429883376787544, 39.100859863841947 ], [ -75.429062253735793, 39.101446416117604 ], [ -75.428720169885693, 39.101279124536021 ], [ -75.429224252320864, 39.100210136770905 ], [ -75.428704024465105, 39.099483648699966 ], [ -75.428061061588693, 39.099758804922857 ], [ -75.428249833562504, 39.099039694257762 ], [ -75.429332477753036, 39.098972368256028 ], [ -75.429477568247833, 39.098272019677381 ], [ -75.430005630311186, 39.098381333634769 ], [ -75.430126195900414, 39.099043779520592 ], [ -75.439611669580501, 39.101796909777555 ], [ -75.439562237087031, 39.102265689143167 ], [ -75.439225508992692, 39.102749161109308 ], [ -75.438859605414535, 39.102622721092743 ], [ -75.438951247048237, 39.102236612597977 ], [ -75.434126984053734, 39.100774369670567 ] ] ], [ [ [ -75.41615268426365, 39.104016148964966 ], [ -75.417185037171294, 39.104681082791167 ], [ -75.417230923116009, 39.105085048346616 ], [ -75.416752350139973, 39.10513303699144 ], [ -75.415913775517197, 39.104193401783306 ], [ -75.41615268426365, 39.104016148964966 ] ] ], [ [ [ -75.439342865799716, 39.104940960226116 ], [ -75.438585783644569, 39.10488450185553 ], [ -75.438260822582109, 39.105197640577664 ], [ -75.437649013279753, 39.104887056675885 ], [ -75.439911771564084, 39.102492031268746 ], [ -75.44056798908251, 39.102837474075038 ], [ -75.439682164872423, 39.103980083370629 ], [ -75.439071054459362, 39.103871517015932 ], [ -75.438945077418865, 39.104506088375921 ], [ -75.440650356509224, 39.104446169300459 ], [ -75.43986679920603, 39.105265577552288 ], [ -75.439342865799716, 39.104940960226116 ] ] ], [ [ [ -75.443965715727714, 39.130638203815138 ], [ -75.444619955155886, 39.131075974173065 ], [ -75.444757865416619, 39.131606216383865 ], [ -75.444222402133633, 39.131701675319874 ], [ -75.443460908352137, 39.130864731458921 ], [ -75.443965715727714, 39.130638203815138 ] ] ], [ [ [ -75.434126984053734, 39.134154179729698 ], [ -75.43324970102536, 39.133724632639556 ], [ -75.433691570635517, 39.133035170698122 ], [ -75.436017184040296, 39.133669825754765 ], [ -75.4352772507239, 39.134626987320686 ], [ -75.434126984053734, 39.134154179729698 ] ] ], [ [ [ -75.43775693148811, 39.135153167005825 ], [ -75.437147685977578, 39.134382388576974 ], [ -75.437125694321097, 39.133653216797093 ], [ -75.439382794117478, 39.133601443732587 ], [ -75.439393812852742, 39.134211470315073 ], [ -75.438284570444964, 39.13437553072766 ], [ -75.438751342253113, 39.134706121227168 ], [ -75.43875533616287, 39.135245333002047 ], [ -75.438143352587346, 39.135406317491167 ], [ -75.43775693148811, 39.135153167005825 ] ] ], [ [ [ -75.446322105414112, 39.133900913254884 ], [ -75.447180259716845, 39.133425229957496 ], [ -75.446796864143465, 39.133142913790643 ], [ -75.442088892554068, 39.133494828768931 ], [ -75.442042164887937, 39.132816346996712 ], [ -75.442554713944659, 39.132786444097029 ], [ -75.442650521066327, 39.133277970092905 ], [ -75.443104465830544, 39.133252292120673 ], [ -75.44308159741837, 39.132754142066617 ], [ -75.443437772241992, 39.132776552877822 ], [ -75.443549397797497, 39.133227122110448 ], [ -75.443564536206665, 39.132801109159573 ], [ -75.44432189863619, 39.132797954004317 ], [ -75.444398187163372, 39.132255742512832 ], [ -75.444841889336715, 39.132249678129135 ], [ -75.444945318663585, 39.132633002178359 ], [ -75.445863320527167, 39.132601792678592 ], [ -75.445973688441299, 39.133102250241286 ], [ -75.446958856440332, 39.133029471508692 ], [ -75.446153778197868, 39.132013053174809 ], [ -75.447273625217576, 39.131733922784242 ], [ -75.447277554448618, 39.132270910089652 ], [ -75.446845495339687, 39.132370366444434 ], [ -75.447899747377349, 39.133104530890265 ], [ -75.450151436620743, 39.133353314202608 ], [ -75.449509175328586, 39.134118523946697 ], [ -75.448255050835144, 39.133857546561494 ], [ -75.448096091250676, 39.134229378665225 ], [ -75.449515860590935, 39.134654964900527 ], [ -75.448204812552888, 39.134883890514537 ], [ -75.448223563087808, 39.135732501586524 ], [ -75.446242079895356, 39.135230834283568 ], [ -75.446322105414112, 39.133900913254884 ] ] ], [ [ [ -75.424724315279903, 39.13742890779541 ], [ -75.423370048395256, 39.136338650271284 ], [ -75.4242230095373, 39.135659369517029 ], [ -75.424498468037712, 39.136043652584831 ], [ -75.423821414994592, 39.136195628718802 ], [ -75.424460321977477, 39.13701781298947 ], [ -75.425206217412409, 39.13670793651 ], [ -75.425236761928687, 39.136231282753286 ], [ -75.425581022396699, 39.136138904833864 ], [ -75.425982796602483, 39.137065366704107 ], [ -75.425267522040656, 39.137530157997716 ], [ -75.424724315279903, 39.13742890779541 ] ] ], [ [ [ -75.408412631790696, 39.132558280248119 ], [ -75.408874156539284, 39.132586457938174 ], [ -75.409416977024435, 39.135863480245511 ], [ -75.409837743411927, 39.135976710321891 ], [ -75.410197027304775, 39.139128595223475 ], [ -75.409792166487676, 39.139175629132851 ], [ -75.408700325345279, 39.135938917744291 ], [ -75.408412631790696, 39.132558280248119 ] ] ], [ [ [ -75.445168091870897, 39.159641365795231 ], [ -75.445041230888151, 39.159375687303026 ], [ -75.444159686252078, 39.159587532657156 ], [ -75.443645172579849, 39.158259670372004 ], [ -75.442989786003068, 39.158156629877787 ], [ -75.443130136088115, 39.157387070844095 ], [ -75.442508598031239, 39.154894095796649 ], [ -75.442685011881665, 39.153961241803437 ], [ -75.442059584119605, 39.153289667684092 ], [ -75.442129852137754, 39.152966356254247 ], [ -75.442818585974535, 39.153031743551075 ], [ -75.443410160725108, 39.151141686571748 ], [ -75.444094279916243, 39.151195150689524 ], [ -75.444296018172864, 39.150483701274126 ], [ -75.443602496315634, 39.149840384574183 ], [ -75.443687092462582, 39.149305081305165 ], [ -75.444702556144591, 39.149495962899742 ], [ -75.443568811289111, 39.153956894319798 ], [ -75.443604451049708, 39.155828761074403 ], [ -75.445168091870897, 39.159641365795231 ] ] ], [ [ [ -75.446694314267262, 39.16456503610592 ], [ -75.44616241280437, 39.164615816180138 ], [ -75.445909703240247, 39.164273287473613 ], [ -75.446319084379809, 39.164076565412884 ], [ -75.445828855762969, 39.163099556040166 ], [ -75.445996868568884, 39.161533220663308 ], [ -75.44787434661437, 39.165891724206674 ], [ -75.447314883940251, 39.16601567775681 ], [ -75.446882330757902, 39.165741718465249 ], [ -75.446694314267262, 39.16456503610592 ] ] ], [ [ [ -75.436861604000626, 39.171104099645234 ], [ -75.435445648008752, 39.171426076244664 ], [ -75.4349251147258, 39.171274226323526 ], [ -75.434638677015982, 39.170650677904192 ], [ -75.436976137402709, 39.170129927684329 ], [ -75.437661786424783, 39.172146630610747 ], [ -75.43730586492606, 39.172170526183571 ], [ -75.436861604000626, 39.171104099645234 ] ] ], [ [ [ -75.439624088789316, 39.169830864408056 ], [ -75.439370269805778, 39.169833366728945 ], [ -75.439609338452328, 39.170630517494594 ], [ -75.438346326027485, 39.170419840589894 ], [ -75.437753350803391, 39.168614639570009 ], [ -75.438139109844272, 39.168603843814324 ], [ -75.438636834902155, 39.169832218990329 ], [ -75.440747914447385, 39.169536375512088 ], [ -75.440642174653618, 39.169200359588942 ], [ -75.441092209051391, 39.169128768714273 ], [ -75.441340516870653, 39.170033160013332 ], [ -75.440697592621817, 39.170108365886982 ], [ -75.440542859610744, 39.169675559461687 ], [ -75.439768523513933, 39.169785967477559 ], [ -75.440656983381089, 39.172238998181101 ], [ -75.440151812187793, 39.172296298856892 ], [ -75.439624088789316, 39.169830864408056 ] ] ], [ [ [ -75.445517492498979, 39.171853905702356 ], [ -75.44642394831618, 39.171668998108117 ], [ -75.446654504527118, 39.172249943805355 ], [ -75.445213824203705, 39.172583841284755 ], [ -75.444985547018646, 39.17193100807679 ], [ -75.445517492498979, 39.171853905702356 ] ] ], [ [ [ -75.45094187232408, 39.173421976517083 ], [ -75.450550959648425, 39.172451348001864 ], [ -75.449534305698648, 39.172740615510939 ], [ -75.449323397439613, 39.172185855086205 ], [ -75.450318424448909, 39.17194121554121 ], [ -75.449998968262534, 39.171196138477221 ], [ -75.449424359094394, 39.171322847500392 ], [ -75.449285114835476, 39.170994831668345 ], [ -75.448319562448972, 39.171249652820443 ], [ -75.448104179681494, 39.170861938424743 ], [ -75.449138311253421, 39.170584489366298 ], [ -75.447731918726063, 39.167255688075542 ], [ -75.447997504741508, 39.167187434096292 ], [ -75.447878627985006, 39.166636339290605 ], [ -75.448157492896982, 39.166565850416411 ], [ -75.448393814495404, 39.167077898161068 ], [ -75.451234493137989, 39.173991357207456 ], [ -75.450443734939469, 39.174185556334926 ], [ -75.450191165512493, 39.173613649960146 ], [ -75.45094187232408, 39.173421976517083 ] ] ], [ [ [ -75.451506186799023, 39.176894315737442 ], [ -75.452329130735876, 39.176630277613256 ], [ -75.452692164196705, 39.177490032788228 ], [ -75.451791855550979, 39.177672677207156 ], [ -75.451506186799023, 39.176894315737442 ] ] ], [ [ [ -75.446571424736391, 39.184814675994986 ], [ -75.445934953984548, 39.184098810139375 ], [ -75.446390020744545, 39.183878639095319 ], [ -75.447247618091779, 39.184252586183689 ], [ -75.448597693437335, 39.183387106491942 ], [ -75.448980896771232, 39.18310513487156 ], [ -75.448488158261483, 39.182423320394811 ], [ -75.449941366489867, 39.182002066561672 ], [ -75.450310150965151, 39.182409787441173 ], [ -75.446571424736391, 39.184814675994986 ] ] ], [ [ [ -75.442601833276257, 39.188547826180368 ], [ -75.443410574848457, 39.188823714369363 ], [ -75.443242280869853, 39.189205071114621 ], [ -75.442373412360737, 39.189524024566389 ], [ -75.442601833276257, 39.188547826180368 ] ] ], [ [ [ -75.46257779870831, 39.196381533572463 ], [ -75.463237959830821, 39.195915055695167 ], [ -75.464014342289857, 39.196465442745613 ], [ -75.463008425004347, 39.19685593500887 ], [ -75.46257779870831, 39.196381533572463 ] ] ], [ [ [ -75.476714438112467, 39.197050062619795 ], [ -75.477238715573534, 39.19646557432354 ], [ -75.478249324759744, 39.196701728456048 ], [ -75.477450062210423, 39.197678855735361 ], [ -75.476714438112467, 39.197050062619795 ] ] ], [ [ [ -75.478475284291363, 39.202090826876635 ], [ -75.478185021555078, 39.20150054207798 ], [ -75.480020277883895, 39.201724998966 ], [ -75.479565536314027, 39.202369361451424 ], [ -75.478475284291363, 39.202090826876635 ] ] ], [ [ [ -75.495457033727419, 39.203951659379022 ], [ -75.496297474151035, 39.204474964348506 ], [ -75.495963481426728, 39.204866477119822 ], [ -75.495071501061972, 39.204330854070712 ], [ -75.495457033727419, 39.203951659379022 ] ] ], [ [ [ -75.479851397305438, 39.203943720993522 ], [ -75.481016985641077, 39.205133865976123 ], [ -75.479821853512377, 39.205666111049993 ], [ -75.479326922215009, 39.204153847054499 ], [ -75.479851397305438, 39.203943720993522 ] ] ], [ [ [ -75.482661617670004, 39.206112568851069 ], [ -75.48281598057514, 39.205446653547845 ], [ -75.48343347621325, 39.205555529675074 ], [ -75.48783044206813, 39.199216500916101 ], [ -75.486248767567616, 39.198204027899095 ], [ -75.484967055811794, 39.199846614723299 ], [ -75.484967679242601, 39.200490088064718 ], [ -75.484176220358165, 39.201628544881601 ], [ -75.483047017384777, 39.201939013954743 ], [ -75.482399268284524, 39.201209515442429 ], [ -75.483351459129494, 39.199966713032168 ], [ -75.484423390011955, 39.199855868591456 ], [ -75.486059827608841, 39.197990902368474 ], [ -75.488566032928432, 39.199572812310919 ], [ -75.484836381480662, 39.205075945395762 ], [ -75.488923255187686, 39.206513988153596 ], [ -75.488644150425529, 39.206922289352704 ], [ -75.488058089534164, 39.206714117111609 ], [ -75.48817642460655, 39.206353580528209 ], [ -75.484781875302502, 39.205156839149552 ], [ -75.483259554289418, 39.207361645504292 ], [ -75.482630738980419, 39.207003801878976 ], [ -75.482869977408569, 39.206150760180101 ], [ -75.482661617670004, 39.206112568851069 ] ] ], [ [ [ -75.480674939520256, 39.209039676403819 ], [ -75.480449338416435, 39.208186548758299 ], [ -75.48160836905052, 39.208067993060581 ], [ -75.482328558295265, 39.20840124081721 ], [ -75.481539932697217, 39.208598300344718 ], [ -75.481393125521919, 39.208999420057545 ], [ -75.480674939520256, 39.209039676403819 ] ] ], [ [ [ -75.481185649725589, 39.220550771491389 ], [ -75.481821152093545, 39.219331074553828 ], [ -75.48314656868456, 39.219715779549716 ], [ -75.482284284826477, 39.22155612035737 ], [ -75.481697339992877, 39.22072148625552 ], [ -75.481185649725589, 39.220550771491389 ] ] ], [ [ [ -75.508209204887066, 39.222428688310615 ], [ -75.510240860784762, 39.220523075130316 ], [ -75.510740813664569, 39.220134883002906 ], [ -75.511414214157739, 39.222266770695668 ], [ -75.509955465120669, 39.222222471653652 ], [ -75.508967241053043, 39.223174944654708 ], [ -75.507849894943092, 39.223531586847919 ], [ -75.507478724542409, 39.223054161582589 ], [ -75.508209204887066, 39.222428688310615 ] ] ], [ [ [ -75.50521623575267, 39.225263126265475 ], [ -75.506867421889893, 39.223686731736038 ], [ -75.507454301146481, 39.224083567553365 ], [ -75.507103843201307, 39.224940799221983 ], [ -75.506754898019082, 39.224844796648902 ], [ -75.504807408873603, 39.226222351928072 ], [ -75.504427321795433, 39.226002118732801 ], [ -75.50521623575267, 39.225263126265475 ] ] ], [ [ [ -75.510854908688799, 39.225521531439206 ], [ -75.511752656237661, 39.225404911059712 ], [ -75.51188806558865, 39.226591660372009 ], [ -75.51099587591645, 39.226667713154193 ], [ -75.510854908688799, 39.225521531439206 ] ] ], [ [ [ -75.502176792277055, 39.228129500644293 ], [ -75.502702196225485, 39.227655754406193 ], [ -75.503614104816492, 39.228023237703795 ], [ -75.503731458030259, 39.228761949904438 ], [ -75.502466195325624, 39.229001302855394 ], [ -75.502176792277055, 39.228129500644293 ] ] ], [ [ [ -75.504123096544689, 39.228294545169412 ], [ -75.504458686473569, 39.22829500791898 ], [ -75.504601391042968, 39.229132038260417 ], [ -75.504177156260155, 39.22916426263513 ], [ -75.504123096544689, 39.228294545169412 ] ] ], [ [ [ -75.51125060938493, 39.230112945102896 ], [ -75.510622342946576, 39.230081286886829 ], [ -75.510521741516229, 39.229274609904508 ], [ -75.511281606652133, 39.229226331516806 ], [ -75.511147749589952, 39.228129642600905 ], [ -75.512053127428828, 39.22805950557116 ], [ -75.512424313999176, 39.231025247533687 ], [ -75.511611046714592, 39.231072769701242 ], [ -75.51125060938493, 39.230112945102896 ] ] ], [ [ [ -75.482473057698598, 39.23172418303173 ], [ -75.482598952094094, 39.231178949394852 ], [ -75.482264966556301, 39.230383737220116 ], [ -75.481694094379762, 39.230223189287216 ], [ -75.481723766631916, 39.229171574683214 ], [ -75.482368350069066, 39.230344951599768 ], [ -75.482969879949636, 39.230520372181459 ], [ -75.483529907664078, 39.231357160272211 ], [ -75.482473057698598, 39.23172418303173 ] ] ], [ [ [ -75.492986673882612, 39.23173085812865 ], [ -75.493768979832623, 39.231420851288632 ], [ -75.494058213099592, 39.232365258726347 ], [ -75.493456967086672, 39.232490775459027 ], [ -75.492986673882612, 39.23173085812865 ] ] ], [ [ [ -75.511627287356617, 39.231976475230503 ], [ -75.512546833424153, 39.23188939862662 ], [ -75.512663303593996, 39.23279492086084 ], [ -75.511743620084218, 39.232864912602487 ], [ -75.511627287356617, 39.231976475230503 ] ] ], [ [ [ -75.511623481194746, 39.234339114965756 ], [ -75.511472488768533, 39.23343955351077 ], [ -75.512734356739728, 39.233347333874597 ], [ -75.512849030279, 39.234238850918274 ], [ -75.511623481194746, 39.234339114965756 ] ] ], [ [ [ -75.512889389788072, 39.234659461039719 ], [ -75.51304813018362, 39.235784960065864 ], [ -75.511807637624614, 39.235796908862014 ], [ -75.511666413478821, 39.23474063242994 ], [ -75.512889389788072, 39.234659461039719 ] ] ], [ [ [ -75.501572323108903, 39.235225978453713 ], [ -75.500915833400953, 39.234199032070194 ], [ -75.502592528098972, 39.233661773564179 ], [ -75.503148338223141, 39.234671266692587 ], [ -75.502351902672018, 39.234939968437011 ], [ -75.502857584108398, 39.234975344196023 ], [ -75.503140832798934, 39.235402129245138 ], [ -75.50339626785167, 39.236548219166892 ], [ -75.502828350234111, 39.236624801085355 ], [ -75.501572323108903, 39.235225978453713 ] ] ], [ [ [ -75.497803700947486, 39.237825809711588 ], [ -75.498517407949137, 39.237730736223959 ], [ -75.49876831639115, 39.238640958780493 ], [ -75.498024222078371, 39.238758154822648 ], [ -75.497803700947486, 39.237825809711588 ] ] ], [ [ [ -75.510732012869724, 39.23889544836323 ], [ -75.508792727139422, 39.238821168408926 ], [ -75.508738607236808, 39.238454417243737 ], [ -75.511222417556382, 39.238337336886829 ], [ -75.511269821653912, 39.238866414338695 ], [ -75.510732012869724, 39.23889544836323 ] ] ], [ [ [ -75.516690988205255, 39.241821850801522 ], [ -75.51648807585056, 39.241267109789668 ], [ -75.515748749795307, 39.241300509949603 ], [ -75.515626811580333, 39.241764262433868 ], [ -75.515309743115964, 39.241315778549051 ], [ -75.515275836205575, 39.2408376352058 ], [ -75.516159467628043, 39.240785979998002 ], [ -75.516057241145347, 39.239628127352681 ], [ -75.514811797072511, 39.239722421115502 ], [ -75.514880302596083, 39.240643667599251 ], [ -75.512302860874456, 39.240712129926116 ], [ -75.512107232060089, 39.238296368178148 ], [ -75.512377243176616, 39.238282598990793 ], [ -75.512349549014715, 39.23763617330367 ], [ -75.51329630056064, 39.237586724118486 ], [ -75.51312319430707, 39.23628781942368 ], [ -75.513717839499279, 39.23739391016133 ], [ -75.514664227227527, 39.238083397718498 ], [ -75.513355976543281, 39.238204719887278 ], [ -75.513557297981606, 39.239808323313284 ], [ -75.514121536099765, 39.239765302304647 ], [ -75.514079573996213, 39.239339932522732 ], [ -75.515408732968709, 39.239236335299495 ], [ -75.515227379282507, 39.23830131715323 ], [ -75.516339498095832, 39.238700602206706 ], [ -75.517079839247344, 39.239927910084965 ], [ -75.517178565893701, 39.241794347203019 ], [ -75.516690988205255, 39.241821850801522 ] ] ], [ [ [ -75.511735555009594, 39.243084714374412 ], [ -75.512226179783482, 39.242140559059727 ], [ -75.512242415035615, 39.241215118857703 ], [ -75.514890387981779, 39.240779282107383 ], [ -75.514931436498685, 39.241331288565164 ], [ -75.513726757075119, 39.241181749965236 ], [ -75.512830068639971, 39.242696598337126 ], [ -75.51233430909592, 39.243087121556378 ], [ -75.511735555009594, 39.243084714374412 ] ] ], [ [ [ -75.515627426926301, 39.248200623021823 ], [ -75.514784428999064, 39.248123882606151 ], [ -75.51462312301507, 39.247843991416552 ], [ -75.515768609749628, 39.24705586437932 ], [ -75.515976664060986, 39.247630948375154 ], [ -75.517754814487219, 39.247556146176791 ], [ -75.515627426926301, 39.248200623021823 ] ] ], [ [ [ -75.477906717191843, 39.258250413126667 ], [ -75.477796777774117, 39.257659868083273 ], [ -75.478690432598555, 39.25773804137512 ], [ -75.478773543830314, 39.258383963930449 ], [ -75.477906717191843, 39.258250413126667 ] ] ], [ [ [ -75.484204379847355, 39.259128699946487 ], [ -75.484281674487676, 39.258419591485598 ], [ -75.486473406575755, 39.258746523765325 ], [ -75.486459415315196, 39.25935849530029 ], [ -75.487034531133148, 39.259445520418652 ], [ -75.486918076234659, 39.260245447970611 ], [ -75.485780253926094, 39.260096248784954 ], [ -75.485873144218075, 39.259355784023285 ], [ -75.484204379847355, 39.259128699946487 ] ] ], [ [ [ -75.516105713339755, 39.261287020628259 ], [ -75.516764773127733, 39.26125070803527 ], [ -75.516965566356689, 39.262322980908287 ], [ -75.516204401358578, 39.262370975697245 ], [ -75.516105713339755, 39.261287020628259 ] ] ], [ [ [ -75.510362166585779, 39.267559425797351 ], [ -75.510347159330664, 39.266578962596306 ], [ -75.509659291469831, 39.266641215364558 ], [ -75.509593278771163, 39.26535194862322 ], [ -75.510684087749325, 39.265251089744403 ], [ -75.510800782497995, 39.268180986708643 ], [ -75.510519251386256, 39.26821702656521 ], [ -75.510781732824086, 39.269295692611813 ], [ -75.510390819250091, 39.269431479822046 ], [ -75.510362166585779, 39.267559425797351 ] ] ], [ [ [ -75.519244646131398, 39.275119010447582 ], [ -75.519595902678859, 39.274189250275363 ], [ -75.521286771893756, 39.273861998507272 ], [ -75.521246803151811, 39.274695682635091 ], [ -75.519244646131398, 39.275119010447582 ] ] ], [ [ [ -75.499886332644309, 39.311779472437259 ], [ -75.498992023846355, 39.311678663026093 ], [ -75.498643826960773, 39.311455366903871 ], [ -75.499730233295693, 39.311044362892304 ], [ -75.499886332644309, 39.311779472437259 ] ] ], [ [ [ -75.468057351261535, 39.328161872648337 ], [ -75.468241917323169, 39.327967776355337 ], [ -75.469574017379912, 39.328717431622209 ], [ -75.468817519129672, 39.329188679256262 ], [ -75.468057351261535, 39.328161872648337 ] ] ], [ [ [ -75.473781830375287, 39.333221930764843 ], [ -75.473036066094394, 39.332705573631017 ], [ -75.473706378179628, 39.331939337188366 ], [ -75.47332262328014, 39.331733974172536 ], [ -75.473579403110847, 39.331456804435049 ], [ -75.473268572547795, 39.331302048803856 ], [ -75.472762532683646, 39.331774192035702 ], [ -75.472433740306499, 39.331600905764738 ], [ -75.473225255784811, 39.33075724088615 ], [ -75.472103790000958, 39.330172092532138 ], [ -75.470903239234445, 39.331650197595501 ], [ -75.470646376758737, 39.331328092154713 ], [ -75.47162586920183, 39.329942873430639 ], [ -75.472182580336224, 39.329726293031378 ], [ -75.472381633528443, 39.328850429776935 ], [ -75.474037305852193, 39.330140815812385 ], [ -75.473947115895982, 39.330643337311777 ], [ -75.474446439056763, 39.330940188985615 ], [ -75.474342504876731, 39.331264504420872 ], [ -75.475250503101293, 39.331786050815147 ], [ -75.474888634755374, 39.332056591920754 ], [ -75.47492298902678, 39.331741319296675 ], [ -75.474354493792504, 39.33174174314739 ], [ -75.47443119554471, 39.332574872964706 ], [ -75.475463591571511, 39.332967379313743 ], [ -75.475851861403626, 39.332298880131134 ], [ -75.476928282964153, 39.331570614965607 ], [ -75.477255677562738, 39.332153478122677 ], [ -75.477254801705328, 39.333116648407085 ], [ -75.476877443708986, 39.33316810771187 ], [ -75.476665615575101, 39.333640127172352 ], [ -75.476859180060941, 39.334473290649385 ], [ -75.473781830375287, 39.333221930764843 ] ] ], [ [ [ -75.526075458908053, 39.334818606210213 ], [ -75.526162292758357, 39.33369822090669 ], [ -75.526793255939197, 39.332664725399788 ], [ -75.525196952374259, 39.332534417930489 ], [ -75.524895668207748, 39.33174292506537 ], [ -75.526968848729467, 39.332420927895861 ], [ -75.52898378428479, 39.333670385808183 ], [ -75.528516767236567, 39.333885653990819 ], [ -75.527245668177528, 39.33349364403427 ], [ -75.526979549461132, 39.334044412287533 ], [ -75.52630735899865, 39.333966401275099 ], [ -75.526252734242846, 39.334359677306196 ], [ -75.526830688737093, 39.334702633861077 ], [ -75.526481534247395, 39.335175960308419 ], [ -75.525932075212282, 39.335055440363689 ], [ -75.526075458908053, 39.334818606210213 ] ] ], [ [ [ -75.531343231836416, 39.335296924023787 ], [ -75.530372546476386, 39.335673226297963 ], [ -75.529902437426927, 39.33519885684413 ], [ -75.530262475904621, 39.334470182069232 ], [ -75.532739217381192, 39.33604674389526 ], [ -75.531997472162885, 39.336117116109442 ], [ -75.532098951247278, 39.335771622840866 ], [ -75.531343231836416, 39.335296924023787 ] ] ], [ [ [ -75.525887250177917, 39.336638733304547 ], [ -75.524761428463265, 39.336436636406106 ], [ -75.524679119427049, 39.336337987200224 ], [ -75.525429441759684, 39.335619792134857 ], [ -75.525849184966077, 39.336000638019264 ], [ -75.525887250177917, 39.336638733304547 ] ] ] ] } },
{ "type": "Feature", "properties": { "GEOID": "100010432021", "efa": "Not EFA", "pop": 1238, "sub_idx": 1, "neighborhoods": "" }, "geometry": { "type": "Polygon", "coordinates": [ [ [ -75.506526043217306, 39.226457964127029 ], [ -75.507095139424521, 39.226772397109812 ], [ -75.507100171786746, 39.226937325831337 ], [ -75.506652287057449, 39.22719256974429 ], [ -75.506186043458669, 39.22694778278133 ], [ -75.506526043217306, 39.226457964127029 ] ] ] } },
{ "type": "Feature", "properties": { "GEOID": "100010432023", "efa": "Moderate", "pop": 1483, "sub_idx": 0, "neighborhoods": "" }, "geometry": { "type": "MultiPolygon", "coordinates": [ [ [ [ -75.397212503303635, 39.061690139778278 ], [ -75.396161704389925, 39.059911708928276 ], [ -75.396158038365257, 39.059443360236074 ], [ -75.396963716682336, 39.058608198492422 ], [ -75.397251311422224, 39.058464452776683 ], [ -75.397804629619785, 39.059146010816534 ], [ -75.398874430596706, 39.058753165311614 ], [ -75.399204465343871, 39.059179825364808 ], [ -75.399131041544123, 39.059418143636471 ], [ -75.397278540256792, 39.059529865011072 ], [ -75.398439802306058, 39.060914745886727 ], [ -75.400206908844169, 39.060088006073258 ], [ -75.399533105007421, 39.059257632176411 ], [ -75.399927128548924, 39.05905411568714 ], [ -75.399186147796911, 39.058236556825989 ], [ -75.399500215888239, 39.05806426945162 ], [ -75.399000867574628, 39.057403544624421 ], [ -75.39959110473373, 39.05679343217426 ], [ -75.400790149923836, 39.058128382530235 ], [ -75.402121928383693, 39.058433891236547 ], [ -75.40331557200399, 39.059256333362441 ], [ -75.403852954986732, 39.058883072627793 ], [ -75.403467459152239, 39.058565846431428 ], [ -75.403701432554485, 39.058387115236705 ], [ -75.40337669517254, 39.05811597872718 ], [ -75.402890083173034, 39.058679191639136 ], [ -75.402272608196185, 39.058324457474583 ], [ -75.403110360860495, 39.057713982581419 ], [ -75.403082935294847, 39.057270686711696 ], [ -75.404051833007472, 39.056699461525398 ], [ -75.404565337871659, 39.056888987555347 ], [ -75.406234569366305, 39.055312599167308 ], [ -75.406161254262699, 39.054997996569263 ], [ -75.406587662070194, 39.054994459843002 ], [ -75.409878337381329, 39.052025767744723 ], [ -75.410606070677829, 39.052779016247932 ], [ -75.411177743253276, 39.052697124117088 ], [ -75.41088504698088, 39.052022334115691 ], [ -75.410299207075084, 39.051639318797513 ], [ -75.411892869593075, 39.050293744408798 ], [ -75.412617452497884, 39.05030761808748 ], [ -75.412803088453032, 39.051176342694752 ], [ -75.412174967541745, 39.05123709323837 ], [ -75.411688936752228, 39.051855539909262 ], [ -75.411890644466126, 39.052213042585045 ], [ -75.413555633217683, 39.051964210048197 ], [ -75.413687895770224, 39.052545573441492 ], [ -75.414215161926236, 39.052438336378941 ], [ -75.413774304717393, 39.050436202897956 ], [ -75.417775104548824, 39.051402069526425 ], [ -75.417312032901336, 39.050819357288809 ], [ -75.422929129202643, 39.051429003027295 ], [ -75.42545377783334, 39.051037176363877 ], [ -75.425569825795009, 39.051463929082196 ], [ -75.424585503110634, 39.051429674829919 ], [ -75.424069748864994, 39.051769329193149 ], [ -75.423928429497735, 39.051328212328428 ], [ -75.420955366131736, 39.051777387297491 ], [ -75.421392393822529, 39.053014916620633 ], [ -75.420596837722073, 39.053125368035104 ], [ -75.420455006315123, 39.051847015810196 ], [ -75.418251659010423, 39.052174017761907 ], [ -75.418736073730742, 39.053398912272847 ], [ -75.417825966261901, 39.053475984609619 ], [ -75.418071536016171, 39.052200738198245 ], [ -75.415208551306762, 39.052623028995761 ], [ -75.415566465268796, 39.053925336360457 ], [ -75.414293022505163, 39.052759509925039 ], [ -75.408121455467764, 39.053915205961893 ], [ -75.408341685544514, 39.054579456927044 ], [ -75.407928994113092, 39.05490117112619 ], [ -75.409223012788289, 39.055749368293078 ], [ -75.406969783832494, 39.057632850228323 ], [ -75.405718707322819, 39.056851116989044 ], [ -75.40520664155973, 39.057196645218134 ], [ -75.405898152987348, 39.05776870204933 ], [ -75.405623013388876, 39.057947422951116 ], [ -75.405049918780307, 39.057580936913325 ], [ -75.404683045919967, 39.057911581428932 ], [ -75.405534566164292, 39.058610716624209 ], [ -75.405503640762348, 39.059004790591281 ], [ -75.406106636693437, 39.05962489353891 ], [ -75.405338401954026, 39.060048657065792 ], [ -75.4053888055263, 39.060284607788667 ], [ -75.404306773088493, 39.059601685203518 ], [ -75.404549825763326, 39.059426537777597 ], [ -75.404291282539731, 39.059224911403952 ], [ -75.403518056760589, 39.059808944464088 ], [ -75.403024438800188, 39.059444840405767 ], [ -75.402634638238837, 39.059677165278089 ], [ -75.403165657556116, 39.060287946849847 ], [ -75.402877584912503, 39.060531010825329 ], [ -75.402107212182699, 39.060219299710802 ], [ -75.402130070713412, 39.060552964009155 ], [ -75.401346640072688, 39.060981857108125 ], [ -75.400616834362822, 39.060797053126876 ], [ -75.399254246383663, 39.061062745666284 ], [ -75.399286856126807, 39.061645911162316 ], [ -75.398862218898728, 39.061767505785717 ], [ -75.40088353788245, 39.064342576358399 ], [ -75.399974190388335, 39.064881910149069 ], [ -75.399550229591682, 39.064895484532087 ], [ -75.398946229344091, 39.064231882326894 ], [ -75.397212503303635, 39.061690139778278 ] ], [ [ -75.405986158240779, 39.056970305616431 ], [ -75.406375943530776, 39.056642638076859 ], [ -75.406177285597266, 39.056437061116782 ], [ -75.405691976154912, 39.056752803397515 ], [ -75.405986158240779, 39.056970305616431 ] ] ], [ [ [ -75.452454339716795, 39.025087159787205 ], [ -75.453407776525069, 39.025022504476951 ], [ -75.453032403805508, 39.028097124018991 ], [ -75.452321865161863, 39.027847096259229 ], [ -75.452155980464866, 39.026073965583436 ], [ -75.451520302925417, 39.025778627904145 ], [ -75.451695388167551, 39.025138619638128 ], [ -75.452454339716795, 39.025087159787205 ] ] ], [ [ [ -75.450903851129667, 39.027327959503026 ], [ -75.451515022628172, 39.027470778336578 ], [ -75.451700992756614, 39.028474590742611 ], [ -75.450525783464272, 39.029034518741184 ], [ -75.449688471872761, 39.028853626980144 ], [ -75.450903851129667, 39.027327959503026 ] ] ], [ [ [ -75.438894322605307, 39.032583872327471 ], [ -75.441372989171541, 39.029544659094455 ], [ -75.441235280133441, 39.028951244583048 ], [ -75.441936686503894, 39.029380090236216 ], [ -75.448979527738743, 39.028318130417929 ], [ -75.449704758328863, 39.027737241757642 ], [ -75.449873362226228, 39.027205932931352 ], [ -75.449822790668989, 39.026979139226135 ], [ -75.448997106870536, 39.027080640188537 ], [ -75.448909609165241, 39.026449170177607 ], [ -75.449730137532271, 39.026465541995982 ], [ -75.450011427895504, 39.026860533645177 ], [ -75.449977102370198, 39.027651605945259 ], [ -75.449059095116709, 39.029006335252149 ], [ -75.442105047856145, 39.030252677852502 ], [ -75.441372052228715, 39.031271698673748 ], [ -75.441953300845086, 39.031541089736095 ], [ -75.44139871871792, 39.032262372584263 ], [ -75.440713574549036, 39.032122536779923 ], [ -75.440067809827255, 39.032844614068189 ], [ -75.438894322605307, 39.032583872327471 ] ] ], [ [ [ -75.421944623261979, 39.035828710333469 ], [ -75.42324422317003, 39.035864909853224 ], [ -75.42321223955264, 39.036991023210653 ], [ -75.421882896425529, 39.036740843403365 ], [ -75.421944623261979, 39.035828710333469 ] ] ], [ [ [ -75.448889407851127, 39.04301241621615 ], [ -75.44778114191206, 39.041767619414557 ], [ -75.447093858854487, 39.042267191118235 ], [ -75.446324345812428, 39.040917596550429 ], [ -75.447077553533774, 39.040667328081049 ], [ -75.444800697089363, 39.036614695362395 ], [ -75.443975745417887, 39.036979537432309 ], [ -75.442527224598635, 39.036933393346104 ], [ -75.442577570678736, 39.036722459533117 ], [ -75.441972474486519, 39.036647517319423 ], [ -75.442008217553365, 39.03607275721594 ], [ -75.441463446825722, 39.036022010069694 ], [ -75.442042206210445, 39.037980885707277 ], [ -75.440652785553766, 39.03801343002425 ], [ -75.440469001026401, 39.036740783396077 ], [ -75.441438181708364, 39.036797570524961 ], [ -75.44129078793317, 39.036023754486003 ], [ -75.439854485100099, 39.03589364254163 ], [ -75.438906283673319, 39.037949427070416 ], [ -75.43938771329195, 39.03831397896473 ], [ -75.43924753568345, 39.038669007613372 ], [ -75.438438889332659, 39.038496483414853 ], [ -75.439079762727729, 39.037046469050622 ], [ -75.438360537375274, 39.036878035334901 ], [ -75.438901034817121, 39.035605249636397 ], [ -75.441749717448886, 39.035999087039805 ], [ -75.442091636907264, 39.035397102251856 ], [ -75.443305819608213, 39.035552471640329 ], [ -75.443447969018777, 39.035306580838721 ], [ -75.444398219502744, 39.035420504148988 ], [ -75.445871400873145, 39.036288162146327 ], [ -75.44681815241907, 39.037929775009303 ], [ -75.445853194717287, 39.038262192393411 ], [ -75.446094974479379, 39.038704334200766 ], [ -75.447230969614623, 39.03853644867548 ], [ -75.447405387408494, 39.03906447180799 ], [ -75.446458097771711, 39.039237506756962 ], [ -75.446809819646489, 39.039898782499243 ], [ -75.447539416947208, 39.039824113675515 ], [ -75.44986068340431, 39.042925905859093 ], [ -75.449152155190262, 39.043307524200664 ], [ -75.448889407851127, 39.04301241621615 ] ] ], [ [ [ -75.44486085367069, 39.047213018444509 ], [ -75.445409515900138, 39.046870527811585 ], [ -75.446010335213302, 39.047470970006174 ], [ -75.445529073579621, 39.04776066094491 ], [ -75.44486085367069, 39.047213018444509 ] ] ], [ [ [ -75.442622919430917, 39.049024730440934 ], [ -75.441532922529788, 39.048814482229922 ], [ -75.440830201924044, 39.048203837916176 ], [ -75.441884284180119, 39.047602063854626 ], [ -75.442581421756358, 39.048381249129335 ], [ -75.443814467281655, 39.047819701695744 ], [ -75.44466020327387, 39.048853984002157 ], [ -75.442622919430917, 39.049024730440934 ] ] ], [ [ [ -75.429213516554896, 39.050660953331594 ], [ -75.426519894819265, 39.050991156566276 ], [ -75.42613400552267, 39.05006541955693 ], [ -75.427226646165693, 39.049716767322977 ], [ -75.427579419967643, 39.050711281157007 ], [ -75.431671329630134, 39.050156216459762 ], [ -75.43198688084, 39.048736108589047 ], [ -75.432219932570774, 39.048742035746507 ], [ -75.432031430989881, 39.050236752561183 ], [ -75.431693024842559, 39.050273374436372 ], [ -75.431658733453219, 39.050723226528305 ], [ -75.431219362057874, 39.050726260483465 ], [ -75.431178650409194, 39.050343369289834 ], [ -75.430210493806683, 39.050477971738076 ], [ -75.430054189642178, 39.051375848977777 ], [ -75.429419937729094, 39.051256754852552 ], [ -75.429213516554896, 39.050660953331594 ] ] ], [ [ [ -75.453194772496474, 39.052561094416568 ], [ -75.452963509311431, 39.051774640105613 ], [ -75.455371772213894, 39.051220939931845 ], [ -75.455328777946093, 39.050849161021027 ], [ -75.456178390168759, 39.050672511531225 ], [ -75.45563658927145, 39.049218882165398 ], [ -75.454504166736072, 39.049197805177336 ], [ -75.454008661415244, 39.048511575276102 ], [ -75.454307392569717, 39.04821019068244 ], [ -75.453512473374801, 39.047505295943715 ], [ -75.454040418657172, 39.04730908631015 ], [ -75.453751457579727, 39.046464537711543 ], [ -75.452523361771654, 39.046601853085285 ], [ -75.451466046478885, 39.045604703490632 ], [ -75.452131836444991, 39.045524154433174 ], [ -75.452053072160865, 39.043861827119606 ], [ -75.451722967345091, 39.043794001937599 ], [ -75.451292501847448, 39.044734343363935 ], [ -75.45141645588194, 39.045095375353711 ], [ -75.449692455901044, 39.045414986013789 ], [ -75.449335265082823, 39.044972778061783 ], [ -75.449677442357711, 39.044789284286288 ], [ -75.448968405697215, 39.043975904081307 ], [ -75.449452233817667, 39.043621722584795 ], [ -75.450315472584876, 39.044527639167931 ], [ -75.451071612407304, 39.043949468678576 ], [ -75.450385383073566, 39.04350574802487 ], [ -75.451571276927893, 39.04234357092129 ], [ -75.451388946772994, 39.042222762654092 ], [ -75.45168568546417, 39.041944333735088 ], [ -75.450736202141456, 39.041301851239666 ], [ -75.451350714474501, 39.040831482025801 ], [ -75.452751374852028, 39.041676483804579 ], [ -75.453330719040011, 39.04135039051576 ], [ -75.453594025131252, 39.041632599183608 ], [ -75.455132521209322, 39.040214400564167 ], [ -75.455554174234038, 39.041248963073279 ], [ -75.455177718146231, 39.04127793358613 ], [ -75.455190205626977, 39.041764123888377 ], [ -75.455637178566278, 39.041742785127731 ], [ -75.455683911622302, 39.04257845331631 ], [ -75.455207164022909, 39.042602444485937 ], [ -75.455823949093627, 39.045902069465591 ], [ -75.456457064637874, 39.045872507132486 ], [ -75.456498753653591, 39.046184449716257 ], [ -75.456085290569348, 39.046232393319464 ], [ -75.456803538554752, 39.048955861665029 ], [ -75.457629525085466, 39.048854024465278 ], [ -75.457765664766768, 39.049222102454081 ], [ -75.457497126887318, 39.049473909595342 ], [ -75.45801531556738, 39.049677498344657 ], [ -75.457843343886026, 39.051129543749298 ], [ -75.458082688315372, 39.052192714325002 ], [ -75.457106200736931, 39.052346777834579 ], [ -75.456932197066379, 39.052736508613535 ], [ -75.45628019354497, 39.052009614618527 ], [ -75.453154892687763, 39.052696588358906 ], [ -75.451105804083639, 39.053176581447936 ], [ -75.45132846050997, 39.053760748944427 ], [ -75.450592644172545, 39.053906021493837 ], [ -75.450341672848452, 39.053219704097692 ], [ -75.453194772496474, 39.052561094416568 ] ] ], [ [ [ -75.400123785035973, 39.056242800185565 ], [ -75.400751570875656, 39.055476947186335 ], [ -75.401107068369569, 39.055680782313182 ], [ -75.40124752086254, 39.056395789677318 ], [ -75.400446519174835, 39.056977205178434 ], [ -75.399832816223864, 39.056543575709014 ], [ -75.400123785035973, 39.056242800185565 ] ] ], [ [ [ -75.403654226086317, 39.060398610794095 ], [ -75.403927456764805, 39.060140660412607 ], [ -75.404462430465983, 39.060574115033454 ], [ -75.404133905786793, 39.060762201440156 ], [ -75.403654226086317, 39.060398610794095 ] ] ] ] } },
{ "type": "Feature", "properties": { "GEOID": "100010432023", "efa": "Not EFA", "pop": 1483, "sub_idx": 1, "neighborhoods": "" }, "geometry": { "type": "Polygon", "coordinates": [ [ [ -75.448064483129087, 39.047742013439404 ], [ -75.448782547858187, 39.048353957272141 ], [ -75.449126960141484, 39.049200583863097 ], [ -75.448819686906972, 39.050077842912437 ], [ -75.447981790512245, 39.050307567858432 ], [ -75.449180276950244, 39.053503513064683 ], [ -75.447606195908804, 39.053863338745032 ], [ -75.447507557297342, 39.053399480115104 ], [ -75.446956052798328, 39.053198688994492 ], [ -75.447060862835784, 39.052581475588404 ], [ -75.44432201362055, 39.052669546515546 ], [ -75.443004227319577, 39.051165235238138 ], [ -75.441352690839381, 39.051355287473271 ], [ -75.440750070404079, 39.050138680209074 ], [ -75.441522277493661, 39.04980248452933 ], [ -75.441000922252229, 39.049031623105215 ], [ -75.441532922529788, 39.048814482229922 ], [ -75.442443026405371, 39.049461962617499 ], [ -75.442924778519213, 39.050455961704813 ], [ -75.445168550011701, 39.050340257184189 ], [ -75.445414376684127, 39.050220371599686 ], [ -75.444869938333156, 39.049184932389089 ], [ -75.445118654885874, 39.049212978069974 ], [ -75.445565886539953, 39.04842485677915 ], [ -75.446852151855936, 39.047745729127421 ], [ -75.447240917558091, 39.04803132444372 ], [ -75.448064483129087, 39.047742013439404 ] ] ] } },
{ "type": "Feature", "properties": { "GEOID": "100010433001", "efa": "Not EFA", "pop": 3111, "sub_idx": 0, "neighborhoods": "" }, "geometry": { "type": "MultiPolygon", "coordinates": [ [ [ [ -75.566088640501491, 39.19355883668581 ], [ -75.565072797730423, 39.192472952207538 ], [ -75.565090292420592, 39.192053478971665 ], [ -75.565860920271902, 39.191509116639672 ], [ -75.567032403352457, 39.190975758942002 ], [ -75.568268702575708, 39.192136175620405 ], [ -75.568769330090291, 39.19180026770141 ], [ -75.567868102468012, 39.190987976453307 ], [ -75.567104294626333, 39.190905944749836 ], [ -75.567188013119235, 39.190377864845949 ], [ -75.56843047478533, 39.188922849205689 ], [ -75.571201427992193, 39.191060150097805 ], [ -75.568196852624339, 39.192986899238434 ], [ -75.566231500479446, 39.193743583670283 ], [ -75.566088640501491, 39.19355883668581 ] ] ], [ [ [ -75.558176274089064, 39.180546926267347 ], [ -75.557189035473286, 39.179632704777255 ], [ -75.556613059069306, 39.180093257632819 ], [ -75.557063699829897, 39.18054136044384 ], [ -75.556821882338554, 39.180668535884287 ], [ -75.555510869334825, 39.179805490355186 ], [ -75.55649376010463, 39.17891691009995 ], [ -75.558504849073913, 39.180621896676215 ], [ -75.560098046264599, 39.182465241548435 ], [ -75.558176274089064, 39.180546926267347 ] ] ] ] } },
{ "type": "Feature", "properties": { "GEOID": "100010433001", "efa": "Significant", "pop": 3111, "sub_idx": 1, "neighborhoods": "" }, "geometry": { "type": "MultiPolygon", "coordinates": [ [ [ [ -75.547233845307545, 39.181126896865926 ], [ -75.549109892336801, 39.179746236979867 ], [ -75.550686051181486, 39.180892959048336 ], [ -75.54954275364129, 39.18192382908196 ], [ -75.548893357929146, 39.181810172272286 ], [ -75.547919798858501, 39.182171559680619 ], [ -75.547495107731535, 39.181928472863632 ], [ -75.547930507675005, 39.181598478105919 ], [ -75.547321854154248, 39.181080763498905 ], [ -75.546525470705419, 39.181669387116081 ], [ -75.547111515427105, 39.182139744065481 ], [ -75.545516899796596, 39.182482847255713 ], [ -75.546205845635754, 39.181871897251177 ], [ -75.547233845307545, 39.181126896865926 ] ] ], [ [ [ -75.553247046546886, 39.177916415216082 ], [ -75.55448149164738, 39.176947727555664 ], [ -75.555129759075541, 39.177627350054472 ], [ -75.554175954856319, 39.178298755209767 ], [ -75.553247046546886, 39.177916415216082 ] ] ], [ [ [ -75.529676650371854, 39.17982645101938 ], [ -75.529783869690903, 39.177960703905455 ], [ -75.531678322302014, 39.178553730946561 ], [ -75.531232720191852, 39.180241188307654 ], [ -75.529676650371854, 39.17982645101938 ] ] ], [ [ [ -75.554441460023384, 39.19442297764791 ], [ -75.555115316860721, 39.194451969487709 ], [ -75.556066207843472, 39.195183680352919 ], [ -75.553875845686207, 39.196852939365073 ], [ -75.552785850581714, 39.196162567111813 ], [ -75.554358167331927, 39.194899723865518 ], [ -75.55412027008849, 39.194625932110512 ], [ -75.554441460023384, 39.19442297764791 ] ] ], [ [ [ -75.559263437703777, 39.201593408490965 ], [ -75.560610722882075, 39.200802263527052 ], [ -75.560940559999892, 39.201134174374609 ], [ -75.559634101454634, 39.201930052037518 ], [ -75.559263437703777, 39.201593408490965 ] ] ] ] } },
{ "type": "Feature", "properties": { "GEOID": "100010433002", "efa": "Moderate", "pop": 1689, "sub_idx": 0, "neighborhoods": "" }, "geometry": { "type": "MultiPolygon", "coordinates": [ [ [ [ -75.539538928686085, 39.172884865095604 ], [ -75.53919218437629, 39.172125121663278 ], [ -75.539681601814436, 39.172034543746662 ], [ -75.539508743495901, 39.171509150251104 ], [ -75.541983642527839, 39.17094615315726 ], [ -75.542263098531237, 39.171232182193151 ], [ -75.541927743062644, 39.1714265727975 ], [ -75.542148957692945, 39.171860085066051 ], [ -75.542681086429582, 39.172462343735077 ], [ -75.543173692886995, 39.172351786012591 ], [ -75.543424060543188, 39.172649942281772 ], [ -75.544760100610773, 39.176128539005312 ], [ -75.544411349464625, 39.176194617867957 ], [ -75.544552930241622, 39.177209288195051 ], [ -75.544272426802564, 39.177872136944231 ], [ -75.542280363252686, 39.179119229703936 ], [ -75.539538928686085, 39.172884865095604 ] ] ], [ [ [ -75.545273961207783, 39.172124402957181 ], [ -75.544774129600555, 39.171649847807195 ], [ -75.544011766249838, 39.17151812858377 ], [ -75.543849230472233, 39.170008079763498 ], [ -75.546489844419568, 39.169387894406995 ], [ -75.547572846139573, 39.172057894756151 ], [ -75.549162111404272, 39.173370323237108 ], [ -75.546368361650437, 39.17467890679859 ], [ -75.545324127624809, 39.173497150910386 ], [ -75.546004088514508, 39.172905299245635 ], [ -75.545273961207783, 39.172124402957181 ] ] ], [ [ [ -75.531345109315353, 39.173167894467518 ], [ -75.52997958743849, 39.173036483115851 ], [ -75.533424840352126, 39.172319895615274 ], [ -75.534404311235633, 39.174224962826194 ], [ -75.535466103731807, 39.174328195667101 ], [ -75.535536354681966, 39.175497397048623 ], [ -75.53500969219381, 39.17576211492014 ], [ -75.533607121998003, 39.17535635412181 ], [ -75.533934405205457, 39.174229941388354 ], [ -75.531345109315353, 39.173167894467518 ] ] ], [ [ [ -75.537506907174048, 39.178447577517012 ], [ -75.536028311657418, 39.178065172178258 ], [ -75.535752856750264, 39.176799664603479 ], [ -75.537995765860074, 39.17607089883262 ], [ -75.538885265976333, 39.177984684547845 ], [ -75.537506907174048, 39.178447577517012 ] ] ], [ [ [ -75.54694995162663, 39.178085025450017 ], [ -75.54744415259367, 39.177718692339475 ], [ -75.547972058350155, 39.178176247366373 ], [ -75.547649936862314, 39.178414263046072 ], [ -75.547591038820713, 39.179140444740845 ], [ -75.546619018564158, 39.178366978906901 ], [ -75.54694995162663, 39.178085025450017 ] ] ] ] } },
{ "type": "Feature", "properties": { "GEOID": "100010433002", "efa": "Not EFA", "pop": 1689, "sub_idx": 1, "neighborhoods": "" }, "geometry": { "type": "MultiPolygon", "coordinates": [ [ [ [ -75.54978825332698, 39.175580784493881 ], [ -75.550459858986201, 39.175468844470444 ], [ -75.552295467454613, 39.1772398358628 ], [ -75.550186357016486, 39.178895854460549 ], [ -75.54833597126165, 39.176903789896691 ], [ -75.549388024223489, 39.176375925819777 ], [ -75.549602708101659, 39.175975007725725 ], [ -75.549364783010446, 39.175906113179664 ], [ -75.54978825332698, 39.175580784493881 ] ] ], [ [ [ -75.545539147472923, 39.181267037610603 ], [ -75.544819039076543, 39.180709748518431 ], [ -75.544401164365937, 39.180973898751027 ], [ -75.543628480270954, 39.180720003451945 ], [ -75.544196168818104, 39.180219825978725 ], [ -75.545633467882809, 39.181186569661413 ], [ -75.545969568953097, 39.180459771952435 ], [ -75.545509599188264, 39.180102795424425 ], [ -75.546275984296514, 39.179570303072133 ], [ -75.545884779668384, 39.179138774194449 ], [ -75.54618649502622, 39.178777973542218 ], [ -75.547692209782952, 39.179577656494793 ], [ -75.54829661966231, 39.180348162101879 ], [ -75.545516899796596, 39.182482847255713 ], [ -75.544857871449665, 39.181919601701445 ], [ -75.545539147472923, 39.181267037610603 ] ] ] ] } },
{ "type": "Feature", "properties": { "GEOID": "100010434003", "efa": "Moderate", "pop": 2036, "sub_idx": 1, "neighborhoods": "" }, "geometry": { "type": "MultiPolygon", "coordinates": [ [ [ [ -75.450493464775278, 38.94864066552411 ], [ -75.450132964563551, 38.948611133091084 ], [ -75.448967143564232, 38.945950531901474 ], [ -75.448264533451294, 38.946273719923063 ], [ -75.448038954805341, 38.945705627720713 ], [ -75.450961071118314, 38.943943727162932 ], [ -75.452678990403058, 38.941968624076502 ], [ -75.453489931051067, 38.942612635657035 ], [ -75.453790735517231, 38.942457952258451 ], [ -75.453179502933281, 38.940848031798396 ], [ -75.454888705864803, 38.94028710402101 ], [ -75.45575814929569, 38.940738949832806 ], [ -75.4570441873379, 38.940230859867924 ], [ -75.455311815956904, 38.937465686141742 ], [ -75.456272066486605, 38.937638573448822 ], [ -75.457409344416064, 38.93945614813881 ], [ -75.458454289009055, 38.938994006146331 ], [ -75.457557129856724, 38.93897906533725 ], [ -75.45736163938291, 38.938662148675256 ], [ -75.458172682438871, 38.93818827749179 ], [ -75.457701198068733, 38.937389010708287 ], [ -75.458036697267787, 38.937061965653015 ], [ -75.459510962006419, 38.937041035511911 ], [ -75.459708312891195, 38.93744523824963 ], [ -75.460461620325503, 38.937505130628828 ], [ -75.460790850182192, 38.937973417206969 ], [ -75.462414213698437, 38.938114845656358 ], [ -75.462474385551118, 38.938604401667888 ], [ -75.464068759534811, 38.938482340161578 ], [ -75.465371632903754, 38.939930167361453 ], [ -75.463680406159384, 38.942533525968052 ], [ -75.462764085043702, 38.943085225231997 ], [ -75.462969735463403, 38.943695335239269 ], [ -75.461502510821632, 38.943772157562236 ], [ -75.46199436628747, 38.944882507997903 ], [ -75.461079119556871, 38.945515165047702 ], [ -75.460326663725439, 38.945348911868521 ], [ -75.459312522363533, 38.94428785513621 ], [ -75.458469017786484, 38.944412175929479 ], [ -75.457425122425718, 38.945456595709693 ], [ -75.456888816523005, 38.94497692071451 ], [ -75.457216670160662, 38.944561965780551 ], [ -75.455271831943577, 38.94410431250671 ], [ -75.45491967258927, 38.944925092352541 ], [ -75.453572497903778, 38.945019139611055 ], [ -75.452898306893161, 38.944732236743818 ], [ -75.452568475165236, 38.944964237853533 ], [ -75.452594467019651, 38.944603414991661 ], [ -75.452134951802378, 38.944390236283162 ], [ -75.450041173809495, 38.945549493667684 ], [ -75.450834588326344, 38.947382074285471 ], [ -75.450482200799925, 38.94774366268399 ], [ -75.451120023516282, 38.948527973851853 ], [ -75.450493464775278, 38.94864066552411 ] ], [ [ -75.45911130423147, 38.94297557448575 ], [ -75.458772320467432, 38.942387221788898 ], [ -75.458122215086192, 38.942602395685313 ], [ -75.458401837277947, 38.943136705597674 ], [ -75.457630789913395, 38.943405950892235 ], [ -75.457700815386417, 38.943655813149029 ], [ -75.458352633854886, 38.943714446855736 ], [ -75.458462910140838, 38.943196266186291 ], [ -75.45911130423147, 38.94297557448575 ] ], [ [ -75.455885476504079, 38.942489579829022 ], [ -75.455234983948969, 38.942416177600855 ], [ -75.454933588391341, 38.942905842953579 ], [ -75.455763293049003, 38.94315587116327 ], [ -75.455885476504079, 38.942489579829022 ] ] ], [ [ [ -75.435815430512321, 38.924236899967838 ], [ -75.437133412646034, 38.922679392444188 ], [ -75.439158732726028, 38.923769171943484 ], [ -75.439032000202388, 38.924246306744323 ], [ -75.436657981078525, 38.924146422928217 ], [ -75.436571421214396, 38.925000016113259 ], [ -75.435621301884467, 38.924923606048971 ], [ -75.435815430512321, 38.924236899967838 ] ] ], [ [ [ -75.43891529826719, 38.927425875986764 ], [ -75.439019232447251, 38.926291032897453 ], [ -75.440590784731171, 38.926255375526573 ], [ -75.441247926616001, 38.926592695228905 ], [ -75.441274300254435, 38.926029030507387 ], [ -75.440281760680165, 38.925975395740821 ], [ -75.440277817076051, 38.925585122220909 ], [ -75.439301533415176, 38.925832588705354 ], [ -75.439239449049268, 38.92430302762321 ], [ -75.439835024896126, 38.924673556884095 ], [ -75.441514288775849, 38.924819567046576 ], [ -75.442611487470629, 38.925507111007668 ], [ -75.442396995831913, 38.928163084339019 ], [ -75.438916704130619, 38.927828883311456 ], [ -75.43891529826719, 38.927425875986764 ] ] ], [ [ [ -75.43520271840309, 38.928326888586142 ], [ -75.435236132138414, 38.927749636929875 ], [ -75.435757297835323, 38.927763555613708 ], [ -75.435744449231834, 38.928342310337001 ], [ -75.43520271840309, 38.928326888586142 ] ] ], [ [ [ -75.456008756802092, 38.931546318112609 ], [ -75.456102716987544, 38.930809191741773 ], [ -75.457027763439584, 38.930875107822501 ], [ -75.45706891975432, 38.927346244793853 ], [ -75.456034627383943, 38.926512972949546 ], [ -75.456697660420431, 38.926090439249784 ], [ -75.455740679758364, 38.925177839803794 ], [ -75.455041561396925, 38.925592005250799 ], [ -75.454292430230353, 38.925326424920158 ], [ -75.453661799426186, 38.925936326414543 ], [ -75.453094021945802, 38.925738557231618 ], [ -75.454272436427075, 38.924931591947605 ], [ -75.454833820597571, 38.925209333212898 ], [ -75.455400708745827, 38.924834761031704 ], [ -75.457902361403569, 38.927192501577728 ], [ -75.457813348240379, 38.931563758686472 ], [ -75.456008756802092, 38.931546318112609 ] ] ], [ [ [ -75.465999121401083, 38.931314762258346 ], [ -75.46686095071162, 38.93155928848288 ], [ -75.46659353482795, 38.932053331970906 ], [ -75.465768039675709, 38.931842390803276 ], [ -75.465999121401083, 38.931314762258346 ] ] ], [ [ [ -75.48248192227382, 38.933805312607355 ], [ -75.487727082809855, 38.933014258829644 ], [ -75.487861797763131, 38.933643013598044 ], [ -75.482666798254243, 38.93443131699734 ], [ -75.48248192227382, 38.933805312607355 ] ] ], [ [ [ -75.429898720910913, 38.934833311140899 ], [ -75.430246260229708, 38.933652123544867 ], [ -75.432402642713043, 38.93376675420555 ], [ -75.432377951619131, 38.934220736480171 ], [ -75.4304904438835, 38.934217876411779 ], [ -75.430335926468103, 38.934967772195364 ], [ -75.429898720910913, 38.934833311140899 ] ] ], [ [ [ -75.474715277871852, 38.935684176356872 ], [ -75.475286554290278, 38.934600659869922 ], [ -75.477123114972883, 38.934674976488537 ], [ -75.476981988743432, 38.935272543446047 ], [ -75.475983264268422, 38.935758614122271 ], [ -75.474715277871852, 38.935684176356872 ] ] ], [ [ [ -75.468318709805246, 38.936454750080401 ], [ -75.468651145749178, 38.934591769457789 ], [ -75.469282395492584, 38.934637426879704 ], [ -75.470161174215903, 38.932913469856203 ], [ -75.47301117916777, 38.934011807236445 ], [ -75.472561419654468, 38.934899679075905 ], [ -75.471624166894358, 38.934526890308533 ], [ -75.471468061257539, 38.934825730941782 ], [ -75.470317677806406, 38.934676263615835 ], [ -75.468318709805246, 38.936454750080401 ] ] ], [ [ [ -75.495689047005754, 38.935791411602331 ], [ -75.496629915484874, 38.935946662258523 ], [ -75.496083326567089, 38.936733320358819 ], [ -75.495364389573837, 38.936542715494141 ], [ -75.495689047005754, 38.935791411602331 ] ] ], [ [ [ -75.436145776076586, 38.936900003205096 ], [ -75.436063476023506, 38.936245793878086 ], [ -75.434849485562026, 38.936121221189914 ], [ -75.435072749249471, 38.935700260326428 ], [ -75.435871713558129, 38.935609848218228 ], [ -75.435661798835795, 38.934146021784663 ], [ -75.434659454150179, 38.933906090530606 ], [ -75.434719820038978, 38.933392516504796 ], [ -75.435677324418847, 38.933640595133049 ], [ -75.435813949190418, 38.933335505213577 ], [ -75.436740504812121, 38.933904271622495 ], [ -75.436592794829949, 38.934073137094664 ], [ -75.437168387653301, 38.934637987290451 ], [ -75.43590175052627, 38.934734719575275 ], [ -75.436047220110126, 38.935761959763596 ], [ -75.437788279996568, 38.935616607294172 ], [ -75.437876214283122, 38.935951019686215 ], [ -75.437460217051438, 38.936077071932168 ], [ -75.437488470863769, 38.936838084653409 ], [ -75.436145776076586, 38.936900003205096 ] ] ], [ [ [ -75.457036338757277, 38.936815601135883 ], [ -75.456126633733675, 38.936643999612706 ], [ -75.456408716410976, 38.936304277192576 ], [ -75.456193923836651, 38.935756304036495 ], [ -75.456668885585259, 38.93574723418903 ], [ -75.45634268035613, 38.933570159137297 ], [ -75.457731016746266, 38.93357455025231 ], [ -75.457861435057538, 38.93445281041727 ], [ -75.458992685291463, 38.934384087212358 ], [ -75.459480414795181, 38.936185497255764 ], [ -75.457036338757277, 38.936815601135883 ] ] ], [ [ [ -75.427782617986608, 38.942023877500752 ], [ -75.428339152152887, 38.939046353104352 ], [ -75.429773982647191, 38.935257253171429 ], [ -75.43035521239895, 38.935543985450842 ], [ -75.430485875950296, 38.936486944917391 ], [ -75.429854168964397, 38.93785572799603 ], [ -75.43023012109731, 38.938248039978184 ], [ -75.429482256555303, 38.93886292127879 ], [ -75.42942391906243, 38.939673459222284 ], [ -75.428934451318639, 38.939932912610303 ], [ -75.428797225574144, 38.940547828908933 ], [ -75.429388489507616, 38.941633934033213 ], [ -75.428333054388744, 38.941798732854828 ], [ -75.427756378197159, 38.94228004193284 ], [ -75.427782617986608, 38.942023877500752 ] ] ], [ [ [ -75.463385710237176, 38.945362947268144 ], [ -75.462804016954721, 38.944373797263985 ], [ -75.463035946689743, 38.944469308268197 ], [ -75.463664857220138, 38.943789142387139 ], [ -75.464056355597364, 38.944352197858464 ], [ -75.463385710237176, 38.945362947268144 ] ] ], [ [ [ -75.484662248452736, 38.94400199382757 ], [ -75.484088518735277, 38.944334024729095 ], [ -75.482908436082511, 38.943487379921962 ], [ -75.483565299489626, 38.942973659391747 ], [ -75.483147993412572, 38.942591301216424 ], [ -75.482775895950553, 38.942890084808354 ], [ -75.482152572941217, 38.942521022931615 ], [ -75.48166275485444, 38.943285443833396 ], [ -75.482406890489713, 38.943609244867893 ], [ -75.482061364295461, 38.94409576703336 ], [ -75.481284394338246, 38.943725562109123 ], [ -75.48183156266937, 38.942907157180237 ], [ -75.481072532068382, 38.942501223483418 ], [ -75.481446137801768, 38.942012358834148 ], [ -75.482122385954384, 38.942433572881463 ], [ -75.482478435912213, 38.942038335569606 ], [ -75.482203108565841, 38.941785290641263 ], [ -75.483106998794611, 38.941073920088527 ], [ -75.483504661411317, 38.941301118421926 ], [ -75.484634973804077, 38.943705395493069 ], [ -75.485319833207029, 38.943383797836987 ], [ -75.485727485988008, 38.943633254938625 ], [ -75.485306292900745, 38.944162922786276 ], [ -75.486228802510411, 38.944700815581839 ], [ -75.486194303610233, 38.945783785792962 ], [ -75.485091268561064, 38.945771953341684 ], [ -75.484759074263948, 38.944862211759094 ], [ -75.485165988629774, 38.94421718867406 ], [ -75.484662248452736, 38.94400199382757 ] ] ], [ [ [ -75.430292445313412, 38.945963664519809 ], [ -75.431014449155029, 38.945803350973222 ], [ -75.430530119774645, 38.944949899852993 ], [ -75.429724718138687, 38.944190435114507 ], [ -75.428097031929312, 38.944133405954645 ], [ -75.428156889371621, 38.943598126102877 ], [ -75.429020041900586, 38.943677975900783 ], [ -75.429602767347276, 38.943368840485903 ], [ -75.4295064131516, 38.943803751010094 ], [ -75.430320546412133, 38.944476548581747 ], [ -75.431394429333693, 38.944421254450049 ], [ -75.431556317425986, 38.944658266724566 ], [ -75.430788062923668, 38.945114521890474 ], [ -75.431409680032274, 38.946247277341143 ], [ -75.430678251965006, 38.946334293016633 ], [ -75.430292445313412, 38.945963664519809 ] ] ], [ [ [ -75.479506581678578, 38.945409482957622 ], [ -75.479769547308308, 38.944930634164557 ], [ -75.48029626459369, 38.945198382399262 ], [ -75.479437589268116, 38.946508322649862 ], [ -75.47888189143336, 38.9463218870644 ], [ -75.479506581678578, 38.945409482957622 ] ] ], [ [ [ -75.454316485317023, 38.945471962034965 ], [ -75.455923019794724, 38.945059110182157 ], [ -75.456646661265125, 38.94594419160633 ], [ -75.456238608733841, 38.947091582266836 ], [ -75.455565853231022, 38.9474371467347 ], [ -75.454316485317023, 38.945471962034965 ] ] ], [ [ [ -75.431512046652159, 38.948069740465343 ], [ -75.431228992896024, 38.947404537685131 ], [ -75.432857517233572, 38.947307010163648 ], [ -75.433046832688134, 38.947688318004111 ], [ -75.432309327517942, 38.948122006667539 ], [ -75.431512046652159, 38.948069740465343 ] ] ], [ [ [ -75.439654554253849, 38.948183772844324 ], [ -75.439189385938462, 38.947865973728391 ], [ -75.439333947325579, 38.947338525884312 ], [ -75.440589050982666, 38.947513347405533 ], [ -75.440198016136122, 38.948112637989283 ], [ -75.439654554253849, 38.948183772844324 ] ] ], [ [ [ -75.443397775652272, 38.948467327180701 ], [ -75.44398906923017, 38.948109849043149 ], [ -75.444380698761435, 38.948655986446987 ], [ -75.443792224995221, 38.948927368834973 ], [ -75.443397775652272, 38.948467327180701 ] ] ], [ [ [ -75.468089047418005, 38.948905091752408 ], [ -75.467576736414856, 38.948655516270016 ], [ -75.467145217193391, 38.949204584385015 ], [ -75.464105285034265, 38.947045231425001 ], [ -75.464722972911829, 38.946520643334196 ], [ -75.465994259718784, 38.94752215515539 ], [ -75.466611344826774, 38.946948619333085 ], [ -75.469279200185113, 38.948665036478893 ], [ -75.468899637723055, 38.949244358379111 ], [ -75.468089047418005, 38.948905091752408 ] ] ], [ [ [ -75.441559835157392, 38.950287486491639 ], [ -75.440970640942311, 38.949931778744023 ], [ -75.441576584245865, 38.949568318029279 ], [ -75.441968728511767, 38.950006640981066 ], [ -75.441559835157392, 38.950287486491639 ] ] ], [ [ [ -75.428690857857973, 38.94915072751666 ], [ -75.428180554589488, 38.949248019161566 ], [ -75.428407718761889, 38.949753264705798 ], [ -75.427833890229763, 38.949623666830256 ], [ -75.428002255175258, 38.94890864985436 ], [ -75.427578550398451, 38.94845621267077 ], [ -75.427989877288951, 38.947839008461678 ], [ -75.42883460447311, 38.947314588329917 ], [ -75.430103046315537, 38.94779876838691 ], [ -75.430370304994028, 38.950322923593589 ], [ -75.430099397358859, 38.950816721785209 ], [ -75.428812116048292, 38.950711055283541 ], [ -75.428730104354429, 38.95020892539489 ], [ -75.429204181262477, 38.949474633800968 ], [ -75.428690857857973, 38.94915072751666 ] ] ], [ [ [ -75.477242031255244, 38.949034661599548 ], [ -75.47756272711672, 38.948841942224902 ], [ -75.479883092563611, 38.950842223036396 ], [ -75.479293535429164, 38.951686939198105 ], [ -75.479483291058216, 38.951936534745045 ], [ -75.479002460615845, 38.952326924530681 ], [ -75.476477052908749, 38.950084834830861 ], [ -75.477242031255244, 38.949034661599548 ] ] ], [ [ [ -75.462226546652445, 38.953586413664759 ], [ -75.463377637077713, 38.952682558083723 ], [ -75.464047991383765, 38.953008103177453 ], [ -75.46348163503815, 38.953657888823138 ], [ -75.463517302646508, 38.954573616040904 ], [ -75.462226546652445, 38.953586413664759 ] ] ], [ [ [ -75.434382353529443, 38.953627473380436 ], [ -75.434127346973114, 38.953109707478639 ], [ -75.433054145872845, 38.952941196117521 ], [ -75.432742428672626, 38.951244302984065 ], [ -75.432983568834246, 38.95103755115224 ], [ -75.432385106700394, 38.94952998477099 ], [ -75.43187010524295, 38.949337301674156 ], [ -75.431928157969864, 38.948876702382137 ], [ -75.432767594975317, 38.948836594936822 ], [ -75.434926985018222, 38.952980694169199 ], [ -75.436068603607154, 38.952622545793439 ], [ -75.435391154407, 38.954968800230674 ], [ -75.434528280355778, 38.954960121243701 ], [ -75.434382353529443, 38.953627473380436 ] ] ], [ [ [ -75.427560216681826, 38.955280590594576 ], [ -75.427207092536889, 38.955219359414833 ], [ -75.426746361899021, 38.954178033556033 ], [ -75.428443248928005, 38.953978721035021 ], [ -75.428652356963212, 38.955192686151086 ], [ -75.427560216681826, 38.955280590594576 ] ] ], [ [ [ -75.481662171847816, 38.956623835110847 ], [ -75.480644613294587, 38.955684816484883 ], [ -75.481537524313936, 38.954849505981095 ], [ -75.482183094999627, 38.955248251306045 ], [ -75.482563651896683, 38.956046477091235 ], [ -75.482517070655945, 38.956515756788008 ], [ -75.481662171847816, 38.956623835110847 ] ] ], [ [ [ -75.452819891155372, 38.955037942881788 ], [ -75.454384361121569, 38.954868947806943 ], [ -75.454045167151762, 38.955563448716504 ], [ -75.4549778367073, 38.955820534519745 ], [ -75.454285119740561, 38.957189516450683 ], [ -75.453138793979548, 38.95656621310485 ], [ -75.452819891155372, 38.955037942881788 ] ] ], [ [ [ -75.459203465091392, 38.957145123247706 ], [ -75.459319058505542, 38.956744501117399 ], [ -75.461279910989177, 38.956814029730154 ], [ -75.460775376701434, 38.95756180465974 ], [ -75.459203465091392, 38.957145123247706 ] ] ], [ [ [ -75.455144856874824, 38.957240837783601 ], [ -75.455039482695369, 38.956566428956947 ], [ -75.455381544087558, 38.956439361119699 ], [ -75.456021795848429, 38.956489399058768 ], [ -75.45616201118618, 38.957105174859734 ], [ -75.456496712681258, 38.957205842826291 ], [ -75.456880242103622, 38.956365284563155 ], [ -75.457922932823564, 38.956663842448272 ], [ -75.456669909664683, 38.958248883102556 ], [ -75.45514680352403, 38.957571289443834 ], [ -75.455144856874824, 38.957240837783601 ] ] ], [ [ [ -75.480367060821237, 38.960103260870248 ], [ -75.479852351316268, 38.959423314858064 ], [ -75.478950463432255, 38.96007883098212 ], [ -75.478434515150511, 38.9596848334347 ], [ -75.47967958462587, 38.959245633617563 ], [ -75.479149202214145, 38.958723846815552 ], [ -75.478380521910367, 38.959376457967814 ], [ -75.4779712431787, 38.959104973090035 ], [ -75.477647895490506, 38.959367310113322 ], [ -75.477317803251154, 38.958883665221769 ], [ -75.478718431289309, 38.958313310946856 ], [ -75.478232693350577, 38.957867884945536 ], [ -75.476699066141336, 38.959124928561515 ], [ -75.476006393192051, 38.95848083368567 ], [ -75.476869396600662, 38.957758824279061 ], [ -75.475048310297126, 38.956383571964842 ], [ -75.474188495009471, 38.957316719857232 ], [ -75.473655424838398, 38.956953667243262 ], [ -75.475291507600744, 38.955156418096692 ], [ -75.477035548995616, 38.956717312898526 ], [ -75.477860682126803, 38.956065073336688 ], [ -75.481225789147416, 38.959204213225782 ], [ -75.480923957906896, 38.959400181193331 ], [ -75.481389177426252, 38.960112560207598 ], [ -75.480367060821237, 38.960103260870248 ] ] ], [ [ [ -75.431002647987142, 38.961478890828737 ], [ -75.430880496871453, 38.961255467620695 ], [ -75.430199286425179, 38.961453236940422 ], [ -75.429863636309179, 38.960689887193702 ], [ -75.430732049372438, 38.960462557513999 ], [ -75.431736446708456, 38.961064605276121 ], [ -75.431002647987142, 38.961478890828737 ] ] ], [ [ [ -75.472256443412149, 38.960818672724976 ], [ -75.470676762273229, 38.96119219568304 ], [ -75.473143103055435, 38.958461832925757 ], [ -75.473384768731506, 38.959727770729458 ], [ -75.473907854128171, 38.960294818730063 ], [ -75.470967243300137, 38.962468630542368 ], [ -75.470348428935182, 38.962175312778378 ], [ -75.472256443412149, 38.960818672724976 ] ] ], [ [ [ -75.468747520606115, 38.963343346302871 ], [ -75.469239975248243, 38.962787183508397 ], [ -75.469769582413875, 38.96296503048962 ], [ -75.470128052433054, 38.962742781239569 ], [ -75.470580700928323, 38.963201468068938 ], [ -75.470650252090877, 38.963807607298037 ], [ -75.471318146809679, 38.963939107034768 ], [ -75.471001540977682, 38.964622018724043 ], [ -75.469949239182483, 38.964384867854967 ], [ -75.470421948854678, 38.963751904269564 ], [ -75.468747520606115, 38.963343346302871 ] ] ], [ [ [ -75.432708286403624, 38.965659885989531 ], [ -75.433004335188656, 38.964507379977952 ], [ -75.43178637417364, 38.964833072607185 ], [ -75.43043578589004, 38.961977898215274 ], [ -75.431632304119248, 38.961684373759176 ], [ -75.431262222476704, 38.961958504440645 ], [ -75.431689768449658, 38.962759846035901 ], [ -75.432918412230052, 38.962417077603746 ], [ -75.432648508013045, 38.961600249164064 ], [ -75.433698740089795, 38.962199645551387 ], [ -75.433218952591517, 38.964038849589237 ], [ -75.435502881472146, 38.963915816289905 ], [ -75.435530974486014, 38.964502469019997 ], [ -75.434264753278981, 38.964653639199007 ], [ -75.433862042130357, 38.965722625901421 ], [ -75.434173426055608, 38.966514201766358 ], [ -75.433934807465008, 38.966714813068762 ], [ -75.433427041038883, 38.966318000634921 ], [ -75.433529969105805, 38.965824614284926 ], [ -75.432708286403624, 38.965659885989531 ] ] ], [ [ [ -75.479564820356757, 38.967555312114804 ], [ -75.476602522401109, 38.966886147633055 ], [ -75.476140083167579, 38.967473695615034 ], [ -75.474882149817347, 38.966975209565568 ], [ -75.475568139300904, 38.965870191525184 ], [ -75.480319296499275, 38.966965319543604 ], [ -75.479564820356757, 38.967555312114804 ] ] ], [ [ [ -75.485890753892576, 38.967155077812926 ], [ -75.485949784884852, 38.965822849977044 ], [ -75.486350388585791, 38.964973904063122 ], [ -75.483313923025349, 38.963693580499658 ], [ -75.483755361444182, 38.963238246090484 ], [ -75.484781462077464, 38.963816014889986 ], [ -75.484731425916138, 38.964220046806936 ], [ -75.486342283086998, 38.964754115537644 ], [ -75.48640453453956, 38.963209197503936 ], [ -75.484784846929443, 38.962246878460142 ], [ -75.485669536567343, 38.962242684000891 ], [ -75.485669250004761, 38.961947151064784 ], [ -75.48635880669832, 38.961589240790261 ], [ -75.486552927241334, 38.960316424453751 ], [ -75.482816558191885, 38.960295265080326 ], [ -75.482836485519826, 38.960054283036385 ], [ -75.48290059828166, 38.959670757562712 ], [ -75.48557016133735, 38.959672021883627 ], [ -75.485496128479838, 38.958770565130138 ], [ -75.486429512196011, 38.958768217375095 ], [ -75.486388823005214, 38.957741025510941 ], [ -75.483942316126175, 38.957766786222606 ], [ -75.483771274201118, 38.956385657143279 ], [ -75.486680158329975, 38.956642491978606 ], [ -75.486900156641369, 38.951654234299752 ], [ -75.487896758397355, 38.951642987555729 ], [ -75.4878898144202, 38.965360855432294 ], [ -75.491490815441168, 38.966553854991929 ], [ -75.49290061168513, 38.967277351166167 ], [ -75.491575146585106, 38.966884713019411 ], [ -75.490735549679528, 38.967505843538234 ], [ -75.489436248012126, 38.967058829087236 ], [ -75.488857327828967, 38.968174587295024 ], [ -75.489246558858426, 38.968294350809067 ], [ -75.488554621629376, 38.969110639010935 ], [ -75.486900207845338, 38.968658370611116 ], [ -75.486438269871712, 38.967551493033227 ], [ -75.485890753892576, 38.967155077812926 ] ] ], [ [ [ -75.433252842433916, 38.967915774376699 ], [ -75.433049461158632, 38.967491411617338 ], [ -75.435641685556575, 38.969091188521027 ], [ -75.436791291066697, 38.970421340664117 ], [ -75.434619259032814, 38.96939336370005 ], [ -75.433605349436235, 38.968651280835346 ], [ -75.433252842433916, 38.967915774376699 ] ] ], [ [ [ -75.461862509773425, 38.972968512140419 ], [ -75.46172446476541, 38.972483422934737 ], [ -75.462162215599975, 38.972439811039806 ], [ -75.462307183025587, 38.972871270521651 ], [ -75.461862509773425, 38.972968512140419 ] ] ], [ [ [ -75.436015053236432, 38.973695276170311 ], [ -75.437883491535217, 38.973283217975144 ], [ -75.438245675189791, 38.973921984431442 ], [ -75.436357588939117, 38.974416395463905 ], [ -75.436015053236432, 38.973695276170311 ] ] ], [ [ [ -75.466893292756794, 38.978416537839614 ], [ -75.467034776515717, 38.97764714306664 ], [ -75.467510559324495, 38.97748419161826 ], [ -75.467474841410493, 38.976630575215843 ], [ -75.469169184410589, 38.976850423961039 ], [ -75.46865197938574, 38.978316771535383 ], [ -75.467757878098624, 38.978223575044495 ], [ -75.4676761565606, 38.979183709158008 ], [ -75.467080078555526, 38.978997643058818 ], [ -75.466893292756794, 38.978416537839614 ] ] ], [ [ [ -75.477461877751367, 38.979643068854699 ], [ -75.476998785442603, 38.979060586241694 ], [ -75.476656634218884, 38.979570691139742 ], [ -75.475397074019668, 38.978983390855213 ], [ -75.47739687475908, 38.973883030916788 ], [ -75.478287675635869, 38.974078753656485 ], [ -75.478315700377777, 38.975493343538197 ], [ -75.477838876421586, 38.976894119735334 ], [ -75.477382831396255, 38.976920571832466 ], [ -75.477250960509167, 38.977234922803696 ], [ -75.477575587398334, 38.977631577008488 ], [ -75.477161111912778, 38.978551757016078 ], [ -75.478002927657087, 38.97875709405313 ], [ -75.478954342357667, 38.979546246317078 ], [ -75.477732329042382, 38.979900327055617 ], [ -75.477461877751367, 38.979643068854699 ] ] ], [ [ [ -75.462683171091129, 38.980088143562305 ], [ -75.462804927846435, 38.979501202318495 ], [ -75.463334234974766, 38.979146836761288 ], [ -75.46364667621711, 38.979721145502857 ], [ -75.466251779761265, 38.978491018720518 ], [ -75.466422995959462, 38.97891599644786 ], [ -75.465454063212562, 38.979733679685829 ], [ -75.4650378252324, 38.979207646421955 ], [ -75.463698853962072, 38.979860196667424 ], [ -75.464007115343392, 38.9802207017513 ], [ -75.46355892069532, 38.980446654494621 ], [ -75.462683171091129, 38.980088143562305 ] ] ], [ [ [ -75.459836859113395, 38.980583959148603 ], [ -75.460931231708273, 38.98001018882637 ], [ -75.462383772488408, 38.980424708546195 ], [ -75.46053104392729, 38.981026495872477 ], [ -75.459836859113395, 38.980583959148603 ] ] ], [ [ [ -75.465708592763477, 38.980794598856939 ], [ -75.466134062729807, 38.981283246266074 ], [ -75.46502053176485, 38.981698252931103 ], [ -75.464543173311085, 38.981330489494042 ], [ -75.465708592763477, 38.980794598856939 ] ] ], [ [ [ -75.448041887804749, 38.984740791314834 ], [ -75.448835797293285, 38.984906578500016 ], [ -75.447279607099048, 38.987355785887559 ], [ -75.446643103109551, 38.986864177909212 ], [ -75.448041887804749, 38.984740791314834 ] ] ], [ [ [ -75.442057832404814, 38.985191639378918 ], [ -75.442684988525485, 38.984850556195944 ], [ -75.445125777627752, 38.987206972572352 ], [ -75.44459258708244, 38.987622094635363 ], [ -75.442057832404814, 38.985191639378918 ] ] ], [ [ [ -75.455809733254256, 38.991132113366525 ], [ -75.457319210155404, 38.991859611897297 ], [ -75.456116222259524, 38.99359452098092 ], [ -75.456424331825559, 38.993687415171323 ], [ -75.454963213931109, 38.995123489062038 ], [ -75.45391238177973, 38.994395445292625 ], [ -75.455809733254256, 38.991132113366525 ] ] ], [ [ [ -75.456446528297931, 39.002662963284706 ], [ -75.455802076014777, 39.001009820260116 ], [ -75.455854524152628, 39.000557488228516 ], [ -75.456460584237163, 39.000148076567129 ], [ -75.456981354675364, 38.999174806632936 ], [ -75.456962649954519, 38.99850629211118 ], [ -75.456311621105172, 38.997662819804432 ], [ -75.457399337183801, 38.996639374890762 ], [ -75.457085691300676, 38.99635341550669 ], [ -75.457581894612474, 38.995735526856002 ], [ -75.458510698717333, 38.996341442792897 ], [ -75.458949518547101, 38.995978916241441 ], [ -75.459546060082886, 38.996353970542387 ], [ -75.45906390552382, 38.996838185490169 ], [ -75.459532455996211, 38.997163583518756 ], [ -75.459032787882364, 38.997637035204711 ], [ -75.460051221394693, 38.99831530954139 ], [ -75.461045231511079, 38.997546387946691 ], [ -75.460504925410419, 38.997054225903725 ], [ -75.46108208220069, 38.996561208687361 ], [ -75.461703840344796, 38.997259957486584 ], [ -75.460187238905135, 38.998529087671358 ], [ -75.460410562779714, 38.998668794442693 ], [ -75.460034032131745, 38.99929049998314 ], [ -75.460621962417207, 39.000420236278551 ], [ -75.459765741288976, 39.001282125354074 ], [ -75.459653471641403, 39.001907535803554 ], [ -75.458517423505555, 39.002232080478542 ], [ -75.457690992308784, 39.001836697134593 ], [ -75.457475763153241, 39.002022670392243 ], [ -75.457686757650535, 39.002437293677851 ], [ -75.456446528297931, 39.002662963284706 ] ] ] ] } },
{ "type": "Feature", "properties": { "GEOID": "100030019022", "efa": "Significant", "pop": 1532, "sub_idx": 0, "neighborhoods": "" }, "geometry": { "type": "Polygon", "coordinates": [ [ [ -75.542017186518862, 39.731926999096977 ], [ -75.546034009599992, 39.726070270802204 ], [ -75.547599843208815, 39.725862854736029 ], [ -75.5479966111035, 39.726111380162664 ], [ -75.546990763886612, 39.727621062147577 ], [ -75.547536114027622, 39.727883418263822 ], [ -75.5467519566498, 39.729182133317096 ], [ -75.5474964866455, 39.729489422395297 ], [ -75.547368749805344, 39.729676042848475 ], [ -75.546679144602749, 39.730200165028137 ], [ -75.545934178025846, 39.729912657167183 ], [ -75.545647618145154, 39.730312880953086 ], [ -75.545314713280646, 39.730214086563343 ], [ -75.543961391423665, 39.731489398766541 ], [ -75.54287200178365, 39.73144471401833 ], [ -75.542409568838323, 39.732070440861378 ], [ -75.542017186518862, 39.731926999096977 ] ], [ [ -75.546158122636285, 39.727390781634256 ], [ -75.545390131340312, 39.728530531078398 ], [ -75.546157726479237, 39.728856708112303 ], [ -75.546918418065204, 39.727715941549498 ], [ -75.546158122636285, 39.727390781634256 ] ] ] } },
{ "type": "Feature", "properties": { "GEOID": "100030019022", "efa": "Not EFA", "pop": 1532, "sub_idx": 1, "neighborhoods": "" }, "geometry": { "type": "MultiPolygon", "coordinates": [ [ [ [ -75.551874125247011, 39.733842203522421 ], [ -75.554935166018694, 39.735062449621616 ], [ -75.554969376559654, 39.735105218476377 ], [ -75.554342851056333, 39.735995933548303 ], [ -75.552579710580204, 39.735431260781283 ], [ -75.551229337892281, 39.73482737207997 ], [ -75.551874125247011, 39.733842203522421 ] ] ], [ [ [ -75.556368976925157, 39.727126820083974 ], [ -75.556339192383575, 39.726923075150793 ], [ -75.559584556671766, 39.728181981776395 ], [ -75.556060389455368, 39.727898167254835 ], [ -75.556368976925157, 39.727126820083974 ] ] ], [ [ [ -75.549787231044192, 39.733913124893398 ], [ -75.548997594841438, 39.733597330040929 ], [ -75.549493953561793, 39.73285555148 ], [ -75.550461865822555, 39.733271714974904 ], [ -75.549787231044192, 39.733913124893398 ] ] ] ] } },
{ "type": "Feature", "properties": { "GEOID": "100030028002", "efa": "Not EFA", "pop": 845, "sub_idx": 0, "neighborhoods": "" }, "geometry": { "type": "Polygon", "coordinates": [ [ [ -75.547104005511329, 39.741546259685002 ], [ -75.548905329776929, 39.742226394948524 ], [ -75.548392020745482, 39.743043626360382 ], [ -75.546577528076142, 39.742309452274718 ], [ -75.547104005511329, 39.741546259685002 ] ] ] } },
{ "type": "Feature", "properties": { "GEOID": "100030028002", "efa": "Significant", "pop": 845, "sub_idx": 1, "neighborhoods": "" }, "geometry": { "type": "MultiPolygon", "coordinates": [ [ [ [ -75.551847395875754, 39.740658988614214 ], [ -75.553572337291058, 39.741354354673049 ], [ -75.552053881728639, 39.743579009353446 ], [ -75.552826882030615, 39.743896010062684 ], [ -75.552300881600829, 39.744652009759413 ], [ -75.550542907335924, 39.743917608985001 ], [ -75.552065631692557, 39.741710287753243 ], [ -75.551348721298595, 39.741395300191577 ], [ -75.551847395875754, 39.740658988614214 ] ] ], [ [ [ -75.554674055410018, 39.739704090563976 ], [ -75.554691347979215, 39.739699051428865 ], [ -75.554731335585785, 39.73971038205655 ], [ -75.555467385485187, 39.740005370766546 ], [ -75.555747396647462, 39.739554818723725 ], [ -75.557226885987788, 39.740146507918944 ], [ -75.556423882853622, 39.740396008320445 ], [ -75.554700880901024, 39.739704009053646 ], [ -75.553955168722425, 39.740793484203714 ], [ -75.554674055410018, 39.739704090563976 ] ] ] ] } },
{ "type": "Feature", "properties": { "GEOID": "100030029001", "efa": "Not EFA", "pop": 836, "sub_idx": 0, "neighborhoods": "" }, "geometry": { "type": "Polygon", "coordinates": [ [ [ -75.530647968145857, 39.738374472809731 ], [ -75.527699873453173, 39.738030009521133 ], [ -75.526798461676265, 39.73662828319133 ], [ -75.527620666299612, 39.736569632478954 ], [ -75.527886824541909, 39.737420506064367 ], [ -75.530641371816728, 39.73691162657159 ], [ -75.530848261911487, 39.737301444424382 ], [ -75.530537322652307, 39.737740436401957 ], [ -75.531049086581461, 39.737940136605303 ], [ -75.530647968145857, 39.738374472809731 ] ] ] } },
{ "type": "Feature", "properties": { "GEOID": "100030029001", "efa": "Significant", "pop": 836, "sub_idx": 1, "neighborhoods": "" }, "geometry": { "type": "Polygon", "coordinates": [ [ [ -75.542674412845344, 39.736921876565745 ], [ -75.543916877206385, 39.737421008958393 ], [ -75.541043877179874, 39.741648009422804 ], [ -75.539790686036014, 39.741143375417749 ], [ -75.540202744155167, 39.740500287929443 ], [ -75.53867220265893, 39.739894760941468 ], [ -75.538814429324589, 39.739650737191496 ], [ -75.538455408638143, 39.73950329784217 ], [ -75.538720209526005, 39.739107763184059 ], [ -75.538369866565205, 39.738974211354275 ], [ -75.539910494345463, 39.738131468796176 ], [ -75.539961703706552, 39.738933020554249 ], [ -75.541153278506741, 39.739134895303906 ], [ -75.541859764850159, 39.738123907503201 ], [ -75.542814603928576, 39.738483088036233 ], [ -75.543094653718398, 39.738030202940173 ], [ -75.542174671967942, 39.737648628216476 ], [ -75.542674412845344, 39.736921876565745 ] ] ] } },
{ "type": "Feature", "properties": { "GEOID": "100030101051", "efa": "Not EFA", "pop": 591, "sub_idx": 0, "neighborhoods": "South Addicks Estates area" }, "geometry": { "type": "Polygon", "coordinates": [ [ [ -75.454717525599207, 39.805168455428202 ], [ -75.455678855005573, 39.806500025711863 ], [ -75.456191639420879, 39.807156227578837 ], [ -75.454847915164393, 39.807574274637027 ], [ -75.453853092072663, 39.806292625449728 ], [ -75.45468070185909, 39.805895083873416 ], [ -75.454283896235168, 39.805316718967063 ], [ -75.454717525599207, 39.805168455428202 ] ] ] } },
{ "type": "Feature", "properties": { "GEOID": "100030101051", "efa": "Significant", "pop": 591, "sub_idx": 1, "neighborhoods": "Aniline Village · Hickman Row · Knollwood / Worthland" }, "geometry": { "type": "MultiPolygon", "coordinates": [ [ [ [ -75.449526758951947, 39.811548053881786 ], [ -75.449282406414895, 39.811349426234301 ], [ -75.449363632981189, 39.809479562735497 ], [ -75.449822542733969, 39.809433127509791 ], [ -75.449871875514447, 39.808392684127561 ], [ -75.450464791449718, 39.808551632046388 ], [ -75.451914331856813, 39.807805603787862 ], [ -75.452555721783142, 39.808457769360956 ], [ -75.451711569520768, 39.809078205559892 ], [ -75.451726499520774, 39.809587065224299 ], [ -75.452540794478068, 39.810234411783583 ], [ -75.452480200417213, 39.811286358677478 ], [ -75.450251697589593, 39.811801501393909 ], [ -75.449526758951947, 39.811548053881786 ] ] ], [ [ [ -75.443501945190945, 39.816323937969223 ], [ -75.443818180018724, 39.81595053198096 ], [ -75.444606336696168, 39.81629530032874 ], [ -75.444147398197302, 39.815051274372543 ], [ -75.442762671237986, 39.815117478706476 ], [ -75.441788955860474, 39.815709609525342 ], [ -75.440380797245282, 39.815093101371069 ], [ -75.442133259447644, 39.813768197540305 ], [ -75.442459671289285, 39.813997508239702 ], [ -75.443574829103198, 39.813211181412072 ], [ -75.444132612826039, 39.813675936622012 ], [ -75.444823162157988, 39.813673965224666 ], [ -75.445629218665815, 39.81732118681461 ], [ -75.443501945190945, 39.816323937969223 ] ] ] ] } },
{ "type": "Feature", "properties": { "GEOID": "100030027001", "efa": "Moderate", "pop": 1489, "sub_idx": 0, "neighborhoods": "" }, "geometry": { "type": "MultiPolygon", "coordinates": [ [ [ [ -75.567115884690125, 39.73402000765941 ], [ -75.567331884600193, 39.733933008175939 ], [ -75.569120885776726, 39.736586007129034 ], [ -75.566916887193443, 39.737454009296918 ], [ -75.565549014425471, 39.735336974350005 ], [ -75.566633897217685, 39.734907654344575 ], [ -75.566427668282969, 39.734338762118078 ], [ -75.567115884690125, 39.73402000765941 ] ] ], [ [ [ -75.563211918754746, 39.73826582080072 ], [ -75.563558583114471, 39.738775930926536 ], [ -75.562868694044255, 39.739037008798789 ], [ -75.562828297704243, 39.738406850300244 ], [ -75.563211918754746, 39.73826582080072 ] ] ] ] } },
{ "type": "Feature", "properties": { "GEOID": "100030027001", "efa": "Not EFA", "pop": 1489, "sub_idx": 1, "neighborhoods": "" }, "geometry": { "type": "MultiPolygon", "coordinates": [ [ [ [ -75.560593801317069, 39.737389188471262 ], [ -75.55955779136788, 39.737098703577836 ], [ -75.560280897442354, 39.736005211028562 ], [ -75.559213733020812, 39.735437289466006 ], [ -75.559729063261628, 39.733946971788349 ], [ -75.561335498924663, 39.734475489639912 ], [ -75.560652976938101, 39.735395309720879 ], [ -75.56178617741449, 39.735801212558542 ], [ -75.560995105703938, 39.737475767047286 ], [ -75.560593801317069, 39.737389188471262 ] ] ], [ [ [ -75.566312515043336, 39.736644217099467 ], [ -75.566916887193443, 39.737454009296918 ], [ -75.565778233943263, 39.737879279264057 ], [ -75.565258663654291, 39.737076232120359 ], [ -75.566312515043336, 39.736644217099467 ] ] ], [ [ [ -75.5557566618713, 39.73712587310056 ], [ -75.556412570369261, 39.737198122246575 ], [ -75.555560501254277, 39.738564016063897 ], [ -75.5549164523147, 39.738342421351817 ], [ -75.5557566618713, 39.73712587310056 ] ] ], [ [ [ -75.561311787892748, 39.739314114989803 ], [ -75.561503600663784, 39.739594288452338 ], [ -75.561192064923247, 39.739712266464892 ], [ -75.560999182258712, 39.73943036310736 ], [ -75.561311787892748, 39.739314114989803 ] ] ] ] } },
{ "type": "Feature", "properties": { "GEOID": "100030108003", "efa": "Moderate", "pop": 827, "sub_idx": 0, "neighborhoods": "" }, "geometry": { "type": "Polygon", "coordinates": [ [ [ -75.517226393097744, 39.763966648927948 ], [ -75.517321406108721, 39.764440071478646 ], [ -75.517974701407496, 39.764842962448178 ], [ -75.518049203185598, 39.766231277017276 ], [ -75.517470715092074, 39.767028010221303 ], [ -75.518972280530519, 39.768520109166062 ], [ -75.518429839134427, 39.769225818957231 ], [ -75.517472196413991, 39.769558080403804 ], [ -75.516185232208713, 39.764332405203149 ], [ -75.517226393097744, 39.763966648927948 ] ] ] } },
{ "type": "Feature", "properties": { "GEOID": "100030108003", "efa": "Not EFA", "pop": 827, "sub_idx": 1, "neighborhoods": "" }, "geometry": { "type": "MultiPolygon", "coordinates": [ [ [ [ -75.535420878947136, 39.779006016570186 ], [ -75.534963878114326, 39.777185017572933 ], [ -75.529321876021754, 39.778479017411271 ], [ -75.527807853645271, 39.775968295683874 ], [ -75.528252969766868, 39.776445363160953 ], [ -75.528425890069158, 39.775979542330731 ], [ -75.528962234599447, 39.776259407194175 ], [ -75.529647741687697, 39.776155887304519 ], [ -75.53030398974883, 39.775421642912079 ], [ -75.531256007218943, 39.775532605796293 ], [ -75.532492668463249, 39.774860770195154 ], [ -75.536180107177501, 39.774066289348127 ], [ -75.536153938354957, 39.775748369171119 ], [ -75.535062555353349, 39.776618852846575 ], [ -75.536501649251989, 39.776654391632391 ], [ -75.537173342946105, 39.777489927529786 ], [ -75.537340696388611, 39.778473822325914 ], [ -75.536687076797975, 39.778921704211051 ], [ -75.535420878947136, 39.779006016570186 ] ], [ [ -75.530712808543072, 39.776674212872074 ], [ -75.530313400499764, 39.776275119983964 ], [ -75.52950472180963, 39.776452053799566 ], [ -75.53027078621929, 39.777749011907019 ], [ -75.53110050794497, 39.777524115470158 ], [ -75.530712808543072, 39.776674212872074 ] ] ], [ [ [ -75.518656904492147, 39.765821618949133 ], [ -75.518397871686716, 39.767637015616522 ], [ -75.519214568739059, 39.767987826937159 ], [ -75.518956789981758, 39.768241681485271 ], [ -75.518266517330929, 39.767869940154192 ], [ -75.518027603194582, 39.767143483800787 ], [ -75.518656904492147, 39.765821618949133 ] ] ], [ [ [ -75.522676214110007, 39.774273822693196 ], [ -75.522513751994239, 39.774046945819386 ], [ -75.522972346438365, 39.773202833724262 ], [ -75.523837931605087, 39.772374810222317 ], [ -75.525254631402021, 39.771806187994478 ], [ -75.524934761092283, 39.771316877089689 ], [ -75.523538293152185, 39.771856241001949 ], [ -75.52313075266062, 39.770632507240556 ], [ -75.522078257727642, 39.77086651325002 ], [ -75.521521318421179, 39.769375979356219 ], [ -75.520425581285366, 39.769060138510277 ], [ -75.519862947558323, 39.769391771049783 ], [ -75.51932214738423, 39.769158758447354 ], [ -75.519909493764757, 39.768175345711398 ], [ -75.522351873783407, 39.76895601605851 ], [ -75.52399987359631, 39.769928016036062 ], [ -75.524828873974784, 39.771061016382653 ], [ -75.525945875131683, 39.773015015878741 ], [ -75.530138140086137, 39.771658521951245 ], [ -75.529598981134086, 39.77196943838095 ], [ -75.529772219439977, 39.772528401435764 ], [ -75.52889089848442, 39.773119476716133 ], [ -75.525253467185408, 39.774871062181894 ], [ -75.523310201020081, 39.774786650860904 ], [ -75.522676214110007, 39.774273822693196 ] ], [ [ -75.519905169274992, 39.768814361380066 ], [ -75.519955847731737, 39.769166989542789 ], [ -75.520249223130492, 39.769049004660594 ], [ -75.520163776278977, 39.768889871543408 ], [ -75.519905169274992, 39.768814361380066 ] ] ], [ [ [ -75.517177872394299, 39.77542801744368 ], [ -75.517379872060658, 39.774170016744939 ], [ -75.517474708103506, 39.773846842815892 ], [ -75.517383240742973, 39.774536666756866 ], [ -75.517944284451971, 39.77463020015302 ], [ -75.517872283583657, 39.775152748712095 ], [ -75.51728004767304, 39.775228766968318 ], [ -75.517077447932053, 39.776204837342561 ], [ -75.517177872394299, 39.77542801744368 ] ] ] ] } },
{ "type": "Feature", "properties": { "GEOID": "100030119001", "efa": "Moderate", "pop": 1352, "sub_idx": 0, "neighborhoods": "" }, "geometry": { "type": "Polygon", "coordinates": [ [ [ -75.592410538662534, 39.755718380225332 ], [ -75.591429939495015, 39.755251863203405 ], [ -75.592246116422814, 39.753997377190906 ], [ -75.592770464850787, 39.754188213131251 ], [ -75.592347366436798, 39.754834116955202 ], [ -75.592832799846661, 39.755050336778716 ], [ -75.592410538662534, 39.755718380225332 ] ] ] } },
{ "type": "Feature", "properties": { "GEOID": "100030119001", "efa": "Not EFA", "pop": 1352, "sub_idx": 1, "neighborhoods": "" }, "geometry": { "type": "MultiPolygon", "coordinates": [ [ [ [ -75.592053212198707, 39.77022020673418 ], [ -75.5910473407273, 39.770843818742435 ], [ -75.590618613469758, 39.77003742319075 ], [ -75.592084855354585, 39.768939824481407 ], [ -75.5913579170671, 39.768965186220321 ], [ -75.590147594426938, 39.767825511690091 ], [ -75.588094462505723, 39.769346588195347 ], [ -75.586368279618696, 39.768062561215665 ], [ -75.588204628298925, 39.766433756064536 ], [ -75.585589098009251, 39.76750547799994 ], [ -75.584314936593415, 39.766707606861786 ], [ -75.582780028386551, 39.767953716427513 ], [ -75.583403337022858, 39.768332202591495 ], [ -75.580650628599415, 39.768853634132448 ], [ -75.576691202475047, 39.768256238862016 ], [ -75.577887646144077, 39.7664014538895 ], [ -75.579586162716978, 39.767000219308827 ], [ -75.582107737312768, 39.765059017580548 ], [ -75.580831904132182, 39.764067062539795 ], [ -75.581257957105123, 39.763728798101994 ], [ -75.582223540034349, 39.764397257303933 ], [ -75.582485787910201, 39.763987845888551 ], [ -75.583698988752545, 39.764380655867974 ], [ -75.585834351556542, 39.762030369481529 ], [ -75.586973612067865, 39.761752742828868 ], [ -75.588129784262705, 39.754869702899171 ], [ -75.592037217695065, 39.757173909571534 ], [ -75.591960646198572, 39.758193200399326 ], [ -75.592410465000668, 39.758511399693788 ], [ -75.593730373122369, 39.758172757840562 ], [ -75.596552059583217, 39.760241328673395 ], [ -75.597037324109806, 39.760929838786709 ], [ -75.597184636138294, 39.761544637253465 ], [ -75.596865275173329, 39.762429049150228 ], [ -75.595781830583874, 39.763721123609919 ], [ -75.594917800400907, 39.764409330319737 ], [ -75.594548967416586, 39.764257238753622 ], [ -75.594182840157941, 39.764514426371314 ], [ -75.594267472237476, 39.764891961271388 ], [ -75.593919681390389, 39.765177592091078 ], [ -75.593243738664967, 39.764605499957156 ], [ -75.592926154567621, 39.764728199693053 ], [ -75.593744924033331, 39.765419609960446 ], [ -75.595977595942173, 39.764456671519227 ], [ -75.597510998572602, 39.76807275893249 ], [ -75.596233476559277, 39.769208001387369 ], [ -75.594090760146372, 39.768870995391325 ], [ -75.593875365700796, 39.769384573611816 ], [ -75.593378637772872, 39.769299083955097 ], [ -75.594142477055584, 39.770050765666319 ], [ -75.591154519622165, 39.771654895042637 ], [ -75.592315649619053, 39.770731662098775 ], [ -75.592053212198707, 39.77022020673418 ] ], [ [ -75.59054081038299, 39.763531630227341 ], [ -75.590805428912873, 39.763787282758088 ], [ -75.591032901207427, 39.763670698018785 ], [ -75.590948041854105, 39.763557636148079 ], [ -75.59054081038299, 39.763531630227341 ] ], [ [ -75.591301005200592, 39.760307033324281 ], [ -75.590909771826375, 39.760841617159883 ], [ -75.590749754924815, 39.763167693389192 ], [ -75.591040767754365, 39.763152451311356 ], [ -75.591133763149202, 39.761668648955514 ], [ -75.591695634206587, 39.760462841909053 ], [ -75.591301005200592, 39.760307033324281 ] ], [ [ -75.589980184390583, 39.760325994000816 ], [ -75.588885641115795, 39.761650399220009 ], [ -75.588405505969476, 39.76267009197695 ], [ -75.588719383617956, 39.762771769085781 ], [ -75.589246598570014, 39.761694627957965 ], [ -75.590317128080613, 39.76073746432477 ], [ -75.589980184390583, 39.760325994000816 ] ] ], [ [ [ -75.581163031230744, 39.760102827121742 ], [ -75.582417227589389, 39.760621671323349 ], [ -75.581075482321467, 39.7622258981702 ], [ -75.58129006738497, 39.762364746935908 ], [ -75.58058482700487, 39.762874376883268 ], [ -75.579599386816284, 39.761817723728761 ], [ -75.581163031230744, 39.760102827121742 ] ] ], [ [ [ -75.579528408230743, 39.770002333240853 ], [ -75.578016619066048, 39.768965128911141 ], [ -75.578232136580823, 39.76864219706939 ], [ -75.580144583345373, 39.769906104894353 ], [ -75.581732875734602, 39.768960498604457 ], [ -75.581439091602405, 39.769465499864971 ], [ -75.581582377381778, 39.769995657165452 ], [ -75.582683221439979, 39.769832003700721 ], [ -75.582593535438633, 39.769404797416293 ], [ -75.58441319791244, 39.768708550345757 ], [ -75.585479624817154, 39.767835063839925 ], [ -75.586094777648995, 39.768271676596655 ], [ -75.584037892566528, 39.769604013655744 ], [ -75.579850112900289, 39.770396648627766 ], [ -75.579528408230743, 39.770002333240853 ] ] ], [ [ [ -75.589968379629454, 39.770604239987698 ], [ -75.589765615496759, 39.770433955435614 ], [ -75.590049765197548, 39.770255092887496 ], [ -75.590802074603602, 39.770923797360247 ], [ -75.590389813465194, 39.771086383554177 ], [ -75.589968379629454, 39.770604239987698 ] ] ] ] } },
{ "type": "Feature", "properties": { "GEOID": "100030123002", "efa": "Not EFA", "pop": 1518, "sub_idx": 0, "neighborhoods": "" }, "geometry": { "type": "Polygon", "coordinates": [ [ [ -75.599175895696007, 39.742535007351663 ], [ -75.599299895544561, 39.742895007589752 ], [ -75.597097894814453, 39.74435500815423 ], [ -75.591346760889607, 39.74291902301114 ], [ -75.591362984463643, 39.742546722253593 ], [ -75.597062895552682, 39.743877008254906 ], [ -75.599175895696007, 39.742535007351663 ] ] ] } },
{ "type": "Feature", "properties": { "GEOID": "100030123002", "efa": "Significant", "pop": 1518, "sub_idx": 1, "neighborhoods": "" }, "geometry": { "type": "MultiPolygon", "coordinates": [ [ [ [ -75.586339644022388, 39.744986652551454 ], [ -75.586279297896553, 39.74432385741283 ], [ -75.585119081486297, 39.743960431056152 ], [ -75.586225575049298, 39.741864480619768 ], [ -75.586178272461382, 39.740715923463867 ], [ -75.588039223302275, 39.740395915758761 ], [ -75.58993760963601, 39.742296013246374 ], [ -75.590857532097644, 39.743836384706952 ], [ -75.589256648921392, 39.744468215517202 ], [ -75.587855628319446, 39.743933025928321 ], [ -75.58729748167724, 39.744794069859729 ], [ -75.587781449036555, 39.744963778908293 ], [ -75.588104347567125, 39.744463122163808 ], [ -75.58904039658475, 39.744731305289953 ], [ -75.589552666265405, 39.745150309116354 ], [ -75.589579975948368, 39.746110402441019 ], [ -75.586594892225534, 39.74597800936742 ], [ -75.586875676837266, 39.745355187504671 ], [ -75.586339644022388, 39.744986652551454 ] ] ], [ [ [ -75.584242171258765, 39.741565426533278 ], [ -75.584402942745172, 39.742192681287932 ], [ -75.583957126835955, 39.744122062100736 ], [ -75.582191216853815, 39.743434762665593 ], [ -75.582018432197117, 39.742646695322456 ], [ -75.582547265014981, 39.741848795895685 ], [ -75.584242171258765, 39.741565426533278 ] ] ], [ [ [ -75.590968045538858, 39.743995970122377 ], [ -75.591872288805533, 39.745111053236954 ], [ -75.592379893534925, 39.745547008159711 ], [ -75.591876893569676, 39.745857008510512 ], [ -75.590526893682608, 39.745905008961451 ], [ -75.590479331481575, 39.744672235992546 ], [ -75.590968045538858, 39.743995970122377 ] ] ] ] } },
{ "type": "Feature", "properties": { "GEOID": "100030127003", "efa": "Moderate", "pop": 1145, "sub_idx": 0, "neighborhoods": "" }, "geometry": { "type": "MultiPolygon", "coordinates": [ [ [ [ -75.623197852506479, 39.714710209047539 ], [ -75.62174956794415, 39.714502984774633 ], [ -75.621929901144171, 39.711480000381975 ], [ -75.620128900272093, 39.711434000730293 ], [ -75.62022249753818, 39.710477815371696 ], [ -75.621496740700707, 39.71024296290971 ], [ -75.62161455564852, 39.711025483916899 ], [ -75.625227836639439, 39.711160026957181 ], [ -75.630089016798834, 39.710306812750417 ], [ -75.629797982409713, 39.710951275847258 ], [ -75.629265623704384, 39.711076111819352 ], [ -75.626826995050351, 39.71348499633153 ], [ -75.626242618500143, 39.714821498472226 ], [ -75.625284347857317, 39.714708300461197 ], [ -75.625198079047337, 39.714993583776163 ], [ -75.623197852506479, 39.714710209047539 ] ] ], [ [ [ -75.638958494129028, 39.714962579389116 ], [ -75.637784925160403, 39.714970293863445 ], [ -75.637761696523796, 39.714569931267761 ], [ -75.637226389547664, 39.71456406591146 ], [ -75.637204555994686, 39.71418208558277 ], [ -75.638268880841622, 39.714123984485234 ], [ -75.638334082361581, 39.713212303583305 ], [ -75.638947754769816, 39.713273732760321 ], [ -75.639451626999204, 39.71351313983574 ], [ -75.639351746017724, 39.714014526528167 ], [ -75.639742965917208, 39.714139265050939 ], [ -75.639581199995803, 39.71455955149402 ], [ -75.640005531796646, 39.714650342156368 ], [ -75.640035624460353, 39.71516364329608 ], [ -75.638856634158969, 39.715620434930621 ], [ -75.638958494129028, 39.714962579389116 ] ] ], [ [ [ -75.636903385015898, 39.71497197026202 ], [ -75.637152206671502, 39.714971497608815 ], [ -75.637215082453181, 39.715740044669026 ], [ -75.635807602066009, 39.715792123677332 ], [ -75.635762479689305, 39.715012561759963 ], [ -75.636903385015898, 39.71497197026202 ] ] ] ] } },
{ "type": "Feature", "properties": { "GEOID": "100030127003", "efa": "Not EFA", "pop": 1145, "sub_idx": 1, "neighborhoods": "" }, "geometry": { "type": "MultiPolygon", "coordinates": [ [ [ [ -75.634744710930278, 39.712160646522157 ], [ -75.63463447596682, 39.712376512369836 ], [ -75.632514216537686, 39.712183918034363 ], [ -75.632287826713053, 39.71105181302913 ], [ -75.632861058763837, 39.710186384357819 ], [ -75.633296627590596, 39.710151464327787 ], [ -75.633506779468149, 39.708675299274788 ], [ -75.635477506233414, 39.709640299987093 ], [ -75.636648372171351, 39.70951183400048 ], [ -75.6363385279585, 39.7104929350375 ], [ -75.636623039680345, 39.710643263546004 ], [ -75.635978495769038, 39.711629320575305 ], [ -75.63664431987111, 39.711761364308195 ], [ -75.636107249502075, 39.712441071314743 ], [ -75.634744710930278, 39.712160646522157 ] ] ], [ [ [ -75.636487164103741, 39.708747412377676 ], [ -75.636080589301088, 39.708288492313358 ], [ -75.635366130409537, 39.708429365446257 ], [ -75.634910353980459, 39.707429076697366 ], [ -75.640700196310917, 39.706328189443312 ], [ -75.640989982940098, 39.707400862984287 ], [ -75.641397068884146, 39.707501805480291 ], [ -75.63946362310152, 39.708625588051817 ], [ -75.639290637222189, 39.708195658734553 ], [ -75.637868527770621, 39.708460746643276 ], [ -75.638108137202991, 39.709330962580204 ], [ -75.637134475724423, 39.709554149469994 ], [ -75.636487164103741, 39.708747412377676 ] ] ] ] } },
{ "type": "Feature", "properties": { "GEOID": "100030145011", "efa": "Not EFA", "pop": 2001, "sub_idx": 0, "neighborhoods": "" }, "geometry": { "type": "MultiPolygon", "coordinates": [ [ [ [ -75.752060379614505, 39.688194572801656 ], [ -75.751867128640683, 39.688585780391634 ], [ -75.750858131032089, 39.688388347056488 ], [ -75.751569329039171, 39.687977530777786 ], [ -75.748516374901669, 39.687106047333536 ], [ -75.74840151091955, 39.686848267337488 ], [ -75.747934533397213, 39.686938692821961 ], [ -75.747785076191803, 39.686484909246289 ], [ -75.752568188261449, 39.685484324533704 ], [ -75.754297720067868, 39.684772861869874 ], [ -75.75457652209775, 39.68683645656013 ], [ -75.754010455908002, 39.689082720844745 ], [ -75.752060379614505, 39.688194572801656 ] ] ], [ [ [ -75.745927155368364, 39.685423357298433 ], [ -75.745394087892251, 39.685457627567942 ], [ -75.745122116651771, 39.684328719040124 ], [ -75.745657325711534, 39.684240933749805 ], [ -75.745805964551707, 39.684730180707128 ], [ -75.746394012516475, 39.684665716125053 ], [ -75.746328050123466, 39.684127123524135 ], [ -75.747211950142244, 39.683949804652073 ], [ -75.746941267085873, 39.684634272258769 ], [ -75.748568822141237, 39.684384469852006 ], [ -75.7485268851905, 39.683978350109335 ], [ -75.74893380584453, 39.683953329713518 ], [ -75.749218631976717, 39.68534428114279 ], [ -75.746054938920906, 39.685789792447238 ], [ -75.745927155368364, 39.685423357298433 ] ] ], [ [ [ -75.741146298070078, 39.685586860059978 ], [ -75.742870355543147, 39.68554622290717 ], [ -75.743428813002467, 39.686126366928789 ], [ -75.743334042536603, 39.686602180369206 ], [ -75.740955460869444, 39.686165632888468 ], [ -75.741146298070078, 39.685586860059978 ] ] ] ] } },
{ "type": "Feature", "properties": { "GEOID": "100030145011", "efa": "Significant", "pop": 2001, "sub_idx": 1, "neighborhoods": "" }, "geometry": { "type": "MultiPolygon", "coordinates": [ [ [ [ -75.738508401526474, 39.686121181470014 ], [ -75.737973708997998, 39.686112634207156 ], [ -75.737866866073063, 39.685158491294402 ], [ -75.739027634048895, 39.685039318682193 ], [ -75.738934515584873, 39.684249622273875 ], [ -75.739785168056656, 39.684133495441614 ], [ -75.740286095608539, 39.686094262842346 ], [ -75.738508401526474, 39.686121181470014 ] ] ], [ [ [ -75.738813330158081, 39.688772225333977 ], [ -75.738883260409708, 39.68780528407742 ], [ -75.737855366739112, 39.687545009759454 ], [ -75.737921839375176, 39.686724948481405 ], [ -75.739362364290059, 39.686837142324926 ], [ -75.739298612650998, 39.687448439509531 ], [ -75.739961254920317, 39.687519349831682 ], [ -75.739834111866585, 39.68879257787345 ], [ -75.738813330158081, 39.688772225333977 ] ] ], [ [ [ -75.746205991534239, 39.688772009655928 ], [ -75.746112661966109, 39.68815545523892 ], [ -75.747002665138908, 39.687080110034287 ], [ -75.74767066675723, 39.687824914508838 ], [ -75.746890143963057, 39.688709327501741 ], [ -75.748174527308507, 39.68842193978319 ], [ -75.748487335063487, 39.688968257741827 ], [ -75.746714971584339, 39.689242189669294 ], [ -75.746205991534239, 39.688772009655928 ] ] ], [ [ [ -75.752442621751044, 39.689195700980413 ], [ -75.752351572107116, 39.689562942865294 ], [ -75.751203775803958, 39.689502949081188 ], [ -75.750697941653996, 39.68865873365165 ], [ -75.753413586487142, 39.689000802906975 ], [ -75.753978629495791, 39.689235341937334 ], [ -75.753895675469195, 39.689918409183598 ], [ -75.753583030309272, 39.689902272307016 ], [ -75.75352190175083, 39.68939876101485 ], [ -75.752442621751044, 39.689195700980413 ] ] ] ] } },
{ "type": "Feature", "properties": { "GEOID": "100030145021", "efa": "Not EFA", "pop": 2911, "sub_idx": 0, "neighborhoods": "" }, "geometry": { "type": "MultiPolygon", "coordinates": [ [ [ [ -75.743839454478405, 39.682096550739274 ], [ -75.742481975218283, 39.682062882344113 ], [ -75.74227728689425, 39.680659508884474 ], [ -75.741644616914371, 39.680647952159319 ], [ -75.741259838833798, 39.678544863538093 ], [ -75.741824332971817, 39.678460926716298 ], [ -75.741978575502728, 39.679211009447258 ], [ -75.742488410748962, 39.67915635788853 ], [ -75.742607857037356, 39.67978148678251 ], [ -75.744472441563573, 39.679198700267342 ], [ -75.745191251894354, 39.682182699584338 ], [ -75.744452399251273, 39.682069262748215 ], [ -75.744733305135554, 39.683186281360861 ], [ -75.744422310180823, 39.683458162932531 ], [ -75.743839454478405, 39.682096550739274 ] ] ], [ [ [ -75.74942493816657, 39.65706598556018 ], [ -75.74978274612738, 39.657264098363648 ], [ -75.749231872245687, 39.657729764505007 ], [ -75.748514691458837, 39.657783975185176 ], [ -75.74942493816657, 39.65706598556018 ] ] ], [ [ [ -75.741020277910451, 39.670741413579307 ], [ -75.741774016536112, 39.671914011199569 ], [ -75.742201418778635, 39.672703806486865 ], [ -75.741269131905412, 39.672181348739151 ], [ -75.741020277910451, 39.670741413579307 ] ] ], [ [ [ -75.731798390595969, 39.680373106034025 ], [ -75.731671061590973, 39.680002040424704 ], [ -75.732617648745205, 39.679686012552978 ], [ -75.733760110852188, 39.681871353800481 ], [ -75.73275665045901, 39.682120668914706 ], [ -75.731798390595969, 39.680373106034025 ] ] ] ] } },
{ "type": "Feature", "properties": { "GEOID": "100030145021", "efa": "Significant", "pop": 2911, "sub_idx": 1, "neighborhoods": "" }, "geometry": { "type": "MultiPolygon", "coordinates": [ [ [ [ -75.743065516335264, 39.67463084610948 ], [ -75.742271366996533, 39.674547694130695 ], [ -75.742923477417477, 39.674216434177957 ], [ -75.743054009814799, 39.674517752258396 ], [ -75.743568068041185, 39.674408916675574 ], [ -75.743371733150994, 39.673797111329094 ], [ -75.743850104904411, 39.673656203461903 ], [ -75.744117772316343, 39.674300415568936 ], [ -75.744767953156071, 39.674168042950861 ], [ -75.744802160103774, 39.673338151777237 ], [ -75.747366581643661, 39.673311971454574 ], [ -75.747387263556448, 39.67239128539304 ], [ -75.748847092368479, 39.672388794826816 ], [ -75.748902809475652, 39.672813692972561 ], [ -75.749937281509077, 39.672819421516003 ], [ -75.749955877533779, 39.672381940583477 ], [ -75.750523911034009, 39.672330808584476 ], [ -75.750443285440625, 39.671079205757522 ], [ -75.752918888751736, 39.670264961197852 ], [ -75.753421939920969, 39.671911988032662 ], [ -75.753514638871764, 39.674438979593475 ], [ -75.744957937855503, 39.674159989266734 ], [ -75.743065516335264, 39.67463084610948 ] ] ], [ [ [ -75.743708049816959, 39.676369747928398 ], [ -75.743992937932902, 39.677179989278017 ], [ -75.744287145171612, 39.678433120136894 ], [ -75.743043502220914, 39.678583788120008 ], [ -75.742854616161054, 39.677703094383347 ], [ -75.744053425992561, 39.677519738405636 ], [ -75.743708049816959, 39.676369747928398 ] ] ], [ [ [ -75.73975750892906, 39.677407443691173 ], [ -75.740425120678523, 39.678582881723699 ], [ -75.736695680334876, 39.678788131444463 ], [ -75.736470261589034, 39.678383683040757 ], [ -75.73975750892906, 39.677407443691173 ] ] ], [ [ [ -75.737017673363624, 39.682543433181301 ], [ -75.736868179327303, 39.681521922314062 ], [ -75.738611752699924, 39.681327679411417 ], [ -75.739926930293308, 39.681712271698366 ], [ -75.739610331647839, 39.682166977087654 ], [ -75.739992650141176, 39.682382285521506 ], [ -75.740585363057221, 39.681665486882466 ], [ -75.741217168857801, 39.681572990127549 ], [ -75.741140169763213, 39.681062588908766 ], [ -75.742137898006575, 39.68100035604914 ], [ -75.742661646359934, 39.683197232746075 ], [ -75.741714495962029, 39.683299719818692 ], [ -75.741592984446797, 39.68293033535884 ], [ -75.740896737101011, 39.682965699864631 ], [ -75.740916214372987, 39.683556271437645 ], [ -75.739964112461237, 39.683626018796517 ], [ -75.739533985628469, 39.682527537932174 ], [ -75.739112588623641, 39.683704695259195 ], [ -75.737202607734531, 39.683925835750202 ], [ -75.737017673363624, 39.682543433181301 ] ] ] ] } },
{ "type": "Feature", "properties": { "GEOID": "100030147062", "efa": "Moderate", "pop": 2009, "sub_idx": 0, "neighborhoods": "" }, "geometry": { "type": "MultiPolygon", "coordinates": [ [ [ [ -75.716766000597829, 39.645300967381878 ], [ -75.716240626293796, 39.643939898711032 ], [ -75.71521696997641, 39.642702607658244 ], [ -75.717420283145131, 39.641528848208253 ], [ -75.718435646215823, 39.641487782540068 ], [ -75.718467402559426, 39.642388584694494 ], [ -75.718894595494476, 39.642507828117424 ], [ -75.719987190323408, 39.644902100840248 ], [ -75.719341659163618, 39.64511146946986 ], [ -75.716284385027919, 39.645951150411314 ], [ -75.716650656017038, 39.645849142617621 ], [ -75.716393542911362, 39.645424836087308 ], [ -75.716766000597829, 39.645300967381878 ] ] ], [ [ [ -75.727590461717924, 39.637748514463688 ], [ -75.728703062028231, 39.637960438757446 ], [ -75.728829345394246, 39.638407579702914 ], [ -75.727835951522138, 39.638585941065479 ], [ -75.727590461717924, 39.637748514463688 ] ] ], [ [ [ -75.729668973740857, 39.640893160138084 ], [ -75.72981900856297, 39.641339606283161 ], [ -75.728739282998788, 39.641471740186759 ], [ -75.728624793614159, 39.641087509114058 ], [ -75.729668973740857, 39.640893160138084 ] ] ], [ [ [ -75.726258124505961, 39.642281833910836 ], [ -75.726662237026417, 39.643051741591051 ], [ -75.724538482252527, 39.64367044244532 ], [ -75.724301697123423, 39.643100337918597 ], [ -75.726258124505961, 39.642281833910836 ] ] ], [ [ [ -75.710556115921989, 39.646356517726772 ], [ -75.710952396031473, 39.64472454294058 ], [ -75.712996499884071, 39.645007916532236 ], [ -75.712132882027802, 39.643337931847185 ], [ -75.713620920634696, 39.643202255691826 ], [ -75.714648475640431, 39.645168458278029 ], [ -75.714876231802606, 39.646344618405273 ], [ -75.710229925065917, 39.647218984477391 ], [ -75.71023371415977, 39.646629538218768 ], [ -75.710556115921989, 39.646356517726772 ] ] ] ] } },
{ "type": "Feature", "properties": { "GEOID": "100030147062", "efa": "Not EFA", "pop": 2009, "sub_idx": 1, "neighborhoods": "" }, "geometry": { "type": "MultiPolygon", "coordinates": [ [ [ [ -75.719729352277298, 39.641873863190646 ], [ -75.719833716750372, 39.640909317456881 ], [ -75.718610792543402, 39.640120183978659 ], [ -75.720462709027473, 39.638972070429091 ], [ -75.721759293291129, 39.639490194205429 ], [ -75.722904267985967, 39.643471895706654 ], [ -75.722020000556256, 39.643766305390692 ], [ -75.722210356259922, 39.644279413549697 ], [ -75.720761328790843, 39.644701914118755 ], [ -75.720390815058678, 39.643770019960421 ], [ -75.719401737591497, 39.642625417390107 ], [ -75.719729352277298, 39.641873863190646 ] ] ], [ [ [ -75.73125437804643, 39.638936609383791 ], [ -75.730287803377138, 39.638999373367042 ], [ -75.729867480757392, 39.638210615870385 ], [ -75.731090930478814, 39.638529982425212 ], [ -75.731422893010574, 39.6390731420218 ], [ -75.73125437804643, 39.638936609383791 ] ] ], [ [ [ -75.712896361984392, 39.642730493640876 ], [ -75.712495613654696, 39.641916523101173 ], [ -75.71522473501372, 39.641067340360038 ], [ -75.716022331188185, 39.64167189682977 ], [ -75.716280109945487, 39.641537551096889 ], [ -75.716072661996918, 39.641251678513072 ], [ -75.716546985941676, 39.641083925833328 ], [ -75.716870267154547, 39.641382407640279 ], [ -75.717323171669648, 39.641243592630751 ], [ -75.717420283145131, 39.641528848208253 ], [ -75.714612654420165, 39.642896901744315 ], [ -75.714308753461225, 39.642647526013228 ], [ -75.71321162663169, 39.642972477201873 ], [ -75.712896361984392, 39.642730493640876 ] ] ] ] } },
{ "type": "Feature", "properties": { "GEOID": "100030148091", "efa": "Moderate", "pop": 2718, "sub_idx": 0, "neighborhoods": "" }, "geometry": { "type": "MultiPolygon", "coordinates": [ [ [ [ -75.699613810209655, 39.604664467877107 ], [ -75.698805478269236, 39.6040417672288 ], [ -75.699612011782463, 39.603279048547897 ], [ -75.699502083144523, 39.603020162673587 ], [ -75.700713919445946, 39.602521976239203 ], [ -75.704181072387897, 39.602087264757557 ], [ -75.705306496148893, 39.603493581156215 ], [ -75.704814224763084, 39.60364718030926 ], [ -75.705011838854233, 39.604042460736451 ], [ -75.706126633748781, 39.604705324235724 ], [ -75.705602588053054, 39.605313754516764 ], [ -75.704747071204025, 39.604917838371762 ], [ -75.703929913315918, 39.603912101935897 ], [ -75.703491669306246, 39.604030661415401 ], [ -75.704515166621846, 39.605336153292193 ], [ -75.704475468272804, 39.606781748000117 ], [ -75.703940729031942, 39.606938587859077 ], [ -75.703220121172279, 39.606825373568277 ], [ -75.699613810209655, 39.604664467877107 ] ], [ [ -75.701376625495669, 39.604583345464221 ], [ -75.701805436296524, 39.604553740801911 ], [ -75.701772204919223, 39.60415243836858 ], [ -75.702324902380937, 39.603837135790116 ], [ -75.704620262323559, 39.603237841129264 ], [ -75.70150130806384, 39.603318951275774 ], [ -75.701042904960872, 39.604148437901486 ], [ -75.701112421987446, 39.604614199386354 ], [ -75.701376625495669, 39.604583345464221 ] ] ], [ [ [ -75.70164391920845, 39.594745974906616 ], [ -75.700937919751937, 39.594276015187582 ], [ -75.702932179682676, 39.593944619809641 ], [ -75.703510645318318, 39.59353002672438 ], [ -75.704376179281084, 39.593793581140517 ], [ -75.704471711518281, 39.594209846440513 ], [ -75.70389547729782, 39.594244982219919 ], [ -75.703781770345785, 39.59397553661821 ], [ -75.702680801421778, 39.594124917017652 ], [ -75.702883921287309, 39.594432202917801 ], [ -75.703620317936398, 39.594734423891772 ], [ -75.705093807428952, 39.594441003795481 ], [ -75.704721983054768, 39.596333152693347 ], [ -75.70164391920845, 39.594745974906616 ] ] ], [ [ [ -75.715118823641731, 39.600271401121809 ], [ -75.715893841559847, 39.600414040152202 ], [ -75.715635522016726, 39.601200902192289 ], [ -75.714964201123436, 39.601259875578776 ], [ -75.715118823641731, 39.600271401121809 ] ] ], [ [ [ -75.714164103140916, 39.600229161977182 ], [ -75.714275352302323, 39.601320456780954 ], [ -75.713637578095017, 39.601419112400144 ], [ -75.712819168853727, 39.600856155047481 ], [ -75.714164103140916, 39.600229161977182 ] ] ], [ [ [ -75.707081107212886, 39.603047654908359 ], [ -75.707500798317, 39.601838885349444 ], [ -75.708643174185696, 39.601870966283357 ], [ -75.708158386664522, 39.603031128145922 ], [ -75.707081107212886, 39.603047654908359 ] ] ], [ [ [ -75.695822394196242, 39.60214870487679 ], [ -75.697505918785367, 39.602294977241172 ], [ -75.697843317022929, 39.602842035623432 ], [ -75.697271471970936, 39.603422670436998 ], [ -75.69573445811308, 39.602454541140851 ], [ -75.695822394196242, 39.60214870487679 ] ] ], [ [ [ -75.708717552894612, 39.605827904355046 ], [ -75.70801468496515, 39.606122294988452 ], [ -75.706906062394935, 39.604924832882283 ], [ -75.711406765698811, 39.60332211223637 ], [ -75.711778387952066, 39.604018144360026 ], [ -75.709941379908443, 39.604553601686142 ], [ -75.711229668230445, 39.605950032505078 ], [ -75.709470493816298, 39.606162968464048 ], [ -75.708846470121031, 39.606522057852153 ], [ -75.708717552894612, 39.605827904355046 ] ] ], [ [ [ -75.706742359705757, 39.605519120071882 ], [ -75.707965406981941, 39.607066796165419 ], [ -75.707063275654491, 39.60775812045167 ], [ -75.705705997616974, 39.606236542352136 ], [ -75.706274911466195, 39.605554137992904 ], [ -75.706742359705757, 39.605519120071882 ] ] ] ] } },
{ "type": "Feature", "properties": { "GEOID": "100030148091", "efa": "Not EFA", "pop": 2718, "sub_idx": 1, "neighborhoods": "" }, "geometry": { "type": "MultiPolygon", "coordinates": [ [ [ [ -75.709426937203119, 39.598893779163163 ], [ -75.707627487721496, 39.598996126141543 ], [ -75.706989508698314, 39.59877283741767 ], [ -75.706980018895635, 39.598469995874225 ], [ -75.705879705741793, 39.598238566785511 ], [ -75.705691149363659, 39.596986023406451 ], [ -75.706126401085115, 39.596961537733591 ], [ -75.7057492856339, 39.594713612401293 ], [ -75.70538137881266, 39.594687787177634 ], [ -75.705238694006184, 39.593686153836174 ], [ -75.706457761745654, 39.593350460347658 ], [ -75.706382430822558, 39.592881345379176 ], [ -75.70045048309899, 39.593949807338596 ], [ -75.69959691828906, 39.593368974043855 ], [ -75.708294920706251, 39.59068297370596 ], [ -75.716849923008297, 39.589912973431943 ], [ -75.714946099172167, 39.590297868722772 ], [ -75.715586474002237, 39.5915309507157 ], [ -75.714240459041761, 39.591730999154045 ], [ -75.714000375298923, 39.593991817725438 ], [ -75.71733217997533, 39.593818226452889 ], [ -75.717793442415839, 39.597808654336426 ], [ -75.717623731794049, 39.596651078946124 ], [ -75.714554582828626, 39.597012962897253 ], [ -75.714286141967207, 39.595876339718458 ], [ -75.712199515462316, 39.596529664666242 ], [ -75.709844775981097, 39.599100741218997 ], [ -75.709426937203119, 39.598893779163163 ] ], [ [ -75.712054953176917, 39.590413986371026 ], [ -75.711706878462195, 39.59071108971537 ], [ -75.711809356473168, 39.591434395834092 ], [ -75.712333088656862, 39.591055308631589 ], [ -75.711909329082829, 39.590786277745636 ], [ -75.712054953176917, 39.590413986371026 ] ] ], [ [ [ -75.717041406995946, 39.591564715125784 ], [ -75.717268555896993, 39.593323482052 ], [ -75.714441305271279, 39.593518817467725 ], [ -75.714573319888814, 39.592011455315088 ], [ -75.717041406995946, 39.591564715125784 ] ] ] ] } },
{ "type": "Feature", "properties": { "GEOID": "100030147053", "efa": "Moderate", "pop": 2469, "sub_idx": 0, "neighborhoods": "" }, "geometry": { "type": "Polygon", "coordinates": [ [ [ -75.699629597202474, 39.662954199634946 ], [ -75.696651886851498, 39.662796154834226 ], [ -75.696714856057966, 39.661998162138254 ], [ -75.697589317478034, 39.662062261304719 ], [ -75.697150500343199, 39.661436893217406 ], [ -75.697523024505003, 39.660389205176322 ], [ -75.69895965701977, 39.660222632396632 ], [ -75.699188748976781, 39.660544703631459 ], [ -75.699054334060818, 39.661852935018402 ], [ -75.699726052009467, 39.66225866827687 ], [ -75.699629597202474, 39.662954199634946 ] ] ] } },
{ "type": "Feature", "properties": { "GEOID": "100030147053", "efa": "Not EFA", "pop": 2469, "sub_idx": 1, "neighborhoods": "" }, "geometry": { "type": "MultiPolygon", "coordinates": [ [ [ [ -75.705111515918162, 39.673205986127549 ], [ -75.705623132523613, 39.673104577922295 ], [ -75.704009112384625, 39.671445030408933 ], [ -75.704686392701518, 39.670928345774918 ], [ -75.705412999510656, 39.671506059768994 ], [ -75.706738042402506, 39.670623331409423 ], [ -75.706586247780734, 39.669883496277954 ], [ -75.706891544721628, 39.669288764757631 ], [ -75.710821259966295, 39.666305257382994 ], [ -75.709806694599578, 39.666188359780278 ], [ -75.708824005950703, 39.665223375996071 ], [ -75.709007976429319, 39.66473237754753 ], [ -75.709692004890627, 39.664584039502472 ], [ -75.709769704671132, 39.665274679218101 ], [ -75.710271060719393, 39.665076239471674 ], [ -75.710644173277714, 39.665589195696008 ], [ -75.71191453122664, 39.664452181427954 ], [ -75.711258121468759, 39.664012510011133 ], [ -75.710543383201156, 39.664191574989381 ], [ -75.710412388171463, 39.663504038402351 ], [ -75.711347600857579, 39.663310200548622 ], [ -75.712370410961967, 39.663904715910981 ], [ -75.712257410085755, 39.664193246397708 ], [ -75.713542709712812, 39.663937413958841 ], [ -75.710742406748977, 39.662188357863428 ], [ -75.708984669639278, 39.662074023070019 ], [ -75.708714353095559, 39.661527547681366 ], [ -75.709226629064432, 39.660641681483654 ], [ -75.710782926158188, 39.661259987730965 ], [ -75.710541926133757, 39.661658988109657 ], [ -75.713290927210025, 39.663121988460347 ], [ -75.714643928368446, 39.663043988383357 ], [ -75.715634927332019, 39.661915987320995 ], [ -75.71658292753618, 39.661712986860842 ], [ -75.717454085850946, 39.662565193928991 ], [ -75.716878632266472, 39.66205150020059 ], [ -75.71469919991128, 39.663596785483875 ], [ -75.715784863339465, 39.664132064666632 ], [ -75.716408053398141, 39.663677490882151 ], [ -75.718525927800201, 39.665585857787413 ], [ -75.71525430216299, 39.667128503438057 ], [ -75.714741655189911, 39.666654741650412 ], [ -75.713284632714817, 39.667545338683745 ], [ -75.713804422192737, 39.668008766365581 ], [ -75.705094641963839, 39.673849851880689 ], [ -75.704801673501919, 39.673449772741151 ], [ -75.705111515918162, 39.673205986127549 ] ] ], [ [ [ -75.707559231031283, 39.658992695084798 ], [ -75.707345926067049, 39.659876987670479 ], [ -75.708535950375094, 39.66035020879329 ], [ -75.707606075478395, 39.661909190128419 ], [ -75.706190790528041, 39.66182376909056 ], [ -75.703396357156294, 39.661027427660741 ], [ -75.703561138722108, 39.659534397948384 ], [ -75.707559231031283, 39.658992695084798 ] ] ], [ [ [ -75.702522497607475, 39.664145596376848 ], [ -75.702534783865602, 39.662961572772723 ], [ -75.702878342749386, 39.662717169641276 ], [ -75.70229101703012, 39.662519471486597 ], [ -75.702602612957762, 39.662273612480796 ], [ -75.702369334851525, 39.66151069049247 ], [ -75.701534411880374, 39.661306428144776 ], [ -75.701794025895808, 39.660641955340374 ], [ -75.701148921435774, 39.66038822385282 ], [ -75.700988384409655, 39.661843953227887 ], [ -75.700137093235696, 39.661453756648243 ], [ -75.70051548070137, 39.661081733954937 ], [ -75.700338605116869, 39.660771808257202 ], [ -75.700717823524172, 39.659939449105153 ], [ -75.702112864041268, 39.659741115753377 ], [ -75.70252319649677, 39.660386213488067 ], [ -75.702191888836822, 39.660655293406393 ], [ -75.70258780512863, 39.660989083773195 ], [ -75.703112643138425, 39.66083920866366 ], [ -75.703370095807273, 39.661249647656632 ], [ -75.702972724244717, 39.661710028424132 ], [ -75.704192264498019, 39.661711988958949 ], [ -75.70469679698914, 39.662148900545354 ], [ -75.704548540831269, 39.662414796667484 ], [ -75.706001805653514, 39.663017102253029 ], [ -75.7057182587223, 39.663722220217736 ], [ -75.70246952665012, 39.665067546461053 ], [ -75.702247463111874, 39.664808000362349 ], [ -75.702757575937554, 39.664494315683392 ], [ -75.702522497607475, 39.664145596376848 ] ], [ [ -75.703770330300642, 39.664090275260193 ], [ -75.704165386904705, 39.663928061782123 ], [ -75.704046124770969, 39.663180836473813 ], [ -75.703563194067485, 39.663039994778146 ], [ -75.702774333110852, 39.663924875237143 ], [ -75.703770330300642, 39.664090275260193 ] ] ], [ [ [ -75.696296666038691, 39.669761477508061 ], [ -75.696014922924562, 39.66908399020155 ], [ -75.696274138088, 39.665585049414688 ], [ -75.697732800886783, 39.665703516375338 ], [ -75.701455247845956, 39.664631719647822 ], [ -75.70241205423487, 39.665114210440734 ], [ -75.701802159242376, 39.669250735924734 ], [ -75.697899230861154, 39.667328305750239 ], [ -75.697826973972965, 39.667608272388343 ], [ -75.698466526844555, 39.667828950645408 ], [ -75.69941550441574, 39.668982164518447 ], [ -75.698179607637755, 39.669722025205786 ], [ -75.696606427606525, 39.670021822309778 ], [ -75.696296666038691, 39.669761477508061 ] ] ], [ [ [ -75.70027490827502, 39.670227362991284 ], [ -75.699580658782423, 39.670347345279382 ], [ -75.699333087581692, 39.669471489146126 ], [ -75.699697230461894, 39.669045748973595 ], [ -75.700759894323866, 39.668939754335447 ], [ -75.701510427760596, 39.669400108070469 ], [ -75.700839050273444, 39.67047599064901 ], [ -75.70027490827502, 39.670227362991284 ] ] ], [ [ [ -75.698564014714137, 39.670080184571667 ], [ -75.698884976476947, 39.670387040618394 ], [ -75.696463578408384, 39.670708435945492 ], [ -75.696690703953237, 39.671187338539717 ], [ -75.696288299130146, 39.670348287048228 ], [ -75.698564014714137, 39.670080184571667 ] ] ], [ [ [ -75.697181922513522, 39.673001990673725 ], [ -75.696794150348111, 39.671422303850576 ], [ -75.697168968807134, 39.672856876567693 ], [ -75.698816279612217, 39.672712268979808 ], [ -75.697715484961378, 39.67302355164707 ], [ -75.697815109923027, 39.673695513157853 ], [ -75.697323683851906, 39.673849584299141 ], [ -75.697181922513522, 39.673001990673725 ] ] ], [ [ [ -75.697735951278489, 39.675709891306191 ], [ -75.697495923231202, 39.675033991049474 ], [ -75.697341796582947, 39.67399499985487 ], [ -75.697511323948433, 39.675046151626361 ], [ -75.699892194522945, 39.674334840705129 ], [ -75.699668120555117, 39.673763517710498 ], [ -75.700175754030596, 39.673578235328023 ], [ -75.700953441741731, 39.672062887353874 ], [ -75.701710618219991, 39.671645467432846 ], [ -75.70164699503998, 39.671134464579382 ], [ -75.70213284616645, 39.670513854931855 ], [ -75.702595368943321, 39.670394134304772 ], [ -75.703341952487719, 39.670837652476351 ], [ -75.703209249760704, 39.671346865286218 ], [ -75.702212158422881, 39.671735054048163 ], [ -75.701957813924921, 39.672264932259893 ], [ -75.701203472529699, 39.672328294507103 ], [ -75.700660689773784, 39.673271877457601 ], [ -75.701060178665472, 39.674139817715592 ], [ -75.700021319260216, 39.674636502594907 ], [ -75.700084160905902, 39.675449704839551 ], [ -75.697931289937017, 39.676110292685685 ], [ -75.697735951278489, 39.675709891306191 ] ] ] ] } },
{ "type": "Feature", "properties": { "GEOID": "100030154001", "efa": "Not EFA", "pop": 1016, "sub_idx": 0, "neighborhoods": "" }, "geometry": { "type": "Polygon", "coordinates": [ [ [ -75.551194877619665, 39.714672002069364 ], [ -75.551819547203621, 39.71538908611808 ], [ -75.552725807188111, 39.716506691213262 ], [ -75.550477763308137, 39.716496699380897 ], [ -75.54991883423331, 39.715582173176038 ], [ -75.54946601685478, 39.71565700784398 ], [ -75.549828094508129, 39.715207737416328 ], [ -75.551194877619665, 39.714672002069364 ] ] ] } },
{ "type": "Feature", "properties": { "GEOID": "100030154001", "efa": "Significant", "pop": 1016, "sub_idx": 1, "neighborhoods": "" }, "geometry": { "type": "Polygon", "coordinates": [ [ [ -75.551194877619665, 39.714672002069364 ], [ -75.551949879276606, 39.714210004220682 ], [ -75.55143087941785, 39.713612003762684 ], [ -75.556598880959186, 39.710916003075766 ], [ -75.558309880521279, 39.709004002113097 ], [ -75.55773088038805, 39.707684002362093 ], [ -75.554068406753871, 39.703639339249975 ], [ -75.55588930441121, 39.701846449074417 ], [ -75.553019435013454, 39.700167670207328 ], [ -75.553120338277751, 39.699799537842331 ], [ -75.556539880509646, 39.702022001725929 ], [ -75.562474644451612, 39.708866933136953 ], [ -75.561916169026006, 39.708629685447114 ], [ -75.56115273039191, 39.709517514580085 ], [ -75.561463364223883, 39.70974969854268 ], [ -75.558697720958676, 39.712843040483826 ], [ -75.557270742638266, 39.712018175024383 ], [ -75.560262782016338, 39.708704493794905 ], [ -75.559644396147789, 39.707933849691592 ], [ -75.559197144730774, 39.708044688405373 ], [ -75.558815912300602, 39.70828564091569 ], [ -75.559206917502735, 39.708712130877565 ], [ -75.556995614717891, 39.711201091995164 ], [ -75.552248677804727, 39.713660609205256 ], [ -75.552549113063293, 39.714143700028423 ], [ -75.552109379646879, 39.714748708304185 ], [ -75.552331520440248, 39.715050150784215 ], [ -75.551819547203621, 39.71538908611808 ], [ -75.551194877619665, 39.714672002069364 ] ] ] } },
{ "type": "Feature", "properties": { "GEOID": "100030160002", "efa": "Not EFA", "pop": 1136, "sub_idx": 0, "neighborhoods": "" }, "geometry": { "type": "MultiPolygon", "coordinates": [ [ [ [ -75.569909634443945, 39.694741422854989 ], [ -75.566727987658865, 39.693027358594932 ], [ -75.56744929171289, 39.692253923751224 ], [ -75.566261701839295, 39.691626378493446 ], [ -75.56706657616418, 39.690818235930756 ], [ -75.568170853583382, 39.691461112833196 ], [ -75.56877574855298, 39.691054440927807 ], [ -75.568787535347823, 39.689709658790015 ], [ -75.574218610316748, 39.689695994525216 ], [ -75.574266609997323, 39.69076125227442 ], [ -75.57540624600442, 39.690763211293607 ], [ -75.57544068741241, 39.691393786541049 ], [ -75.576580802221571, 39.691604390606678 ], [ -75.575867772549614, 39.693036790471382 ], [ -75.575258791143796, 39.693096873809743 ], [ -75.574349268478187, 39.693784460790589 ], [ -75.573785851420197, 39.693578549208581 ], [ -75.573262253983799, 39.694005725214389 ], [ -75.574271963956434, 39.694032308970336 ], [ -75.573986944686439, 39.69464718930773 ], [ -75.572476873100584, 39.694671298260765 ], [ -75.571042999312056, 39.695540260758833 ], [ -75.569909634443945, 39.694741422854989 ] ] ], [ [ [ -75.571342759037535, 39.686548159593123 ], [ -75.572273463977538, 39.686594672186189 ], [ -75.57214088701464, 39.688397679331224 ], [ -75.570925148431627, 39.688297248780778 ], [ -75.57050856460009, 39.687932707232356 ], [ -75.570581782685636, 39.686941944669648 ], [ -75.571342759037535, 39.686548159593123 ] ] ] ] } },
{ "type": "Feature", "properties": { "GEOID": "100030160002", "efa": "Significant", "pop": 1136, "sub_idx": 1, "neighborhoods": "" }, "geometry": { "type": "Polygon", "coordinates": [ [ [ -75.575166851269415, 39.678291348513078 ], [ -75.575777487371994, 39.685307891950359 ], [ -75.567682796194575, 39.684975544319911 ], [ -75.567319883107999, 39.683662997194503 ], [ -75.569875883840425, 39.683030997016417 ], [ -75.571747883060993, 39.683018996852091 ], [ -75.572557883172891, 39.68263499740516 ], [ -75.572970884523087, 39.681137996813284 ], [ -75.572718883729706, 39.678473995161731 ], [ -75.575166851269415, 39.678291348513078 ] ] ] } },
{ "type": "Feature", "properties": { "GEOID": "100030164012", "efa": "Moderate", "pop": 3793, "sub_idx": 0, "neighborhoods": "" }, "geometry": { "type": "MultiPolygon", "coordinates": [ [ [ [ -75.688938034642149, 39.573426122554949 ], [ -75.684836074628251, 39.571236116811932 ], [ -75.685657278528396, 39.570894009068397 ], [ -75.686939482560959, 39.571492336438489 ], [ -75.687578831514983, 39.570865733370837 ], [ -75.686209539408864, 39.570354402015127 ], [ -75.685043995090652, 39.570674006886108 ], [ -75.683738704355278, 39.570408078031591 ], [ -75.683107347712337, 39.569841076743444 ], [ -75.683263774946028, 39.568909575393015 ], [ -75.682935014009928, 39.5681811985651 ], [ -75.682114096672379, 39.567751252650709 ], [ -75.682900633687368, 39.567685545392649 ], [ -75.685481012001659, 39.566438478579904 ], [ -75.686850724519317, 39.567640121022883 ], [ -75.689830126397965, 39.569279355755256 ], [ -75.690188675468889, 39.57040010782265 ], [ -75.691651393262859, 39.571605600169924 ], [ -75.690567284818428, 39.572707854971306 ], [ -75.68942448853818, 39.57260851449788 ], [ -75.688938034642149, 39.573426122554949 ] ] ], [ [ [ -75.682997797265131, 39.563333581674449 ], [ -75.685239885314772, 39.563926672321884 ], [ -75.685283787779355, 39.564964707771722 ], [ -75.682531688413647, 39.564122737418167 ], [ -75.682997797265131, 39.563333581674449 ] ] ], [ [ [ -75.696211735718478, 39.570840248256104 ], [ -75.696651037045228, 39.570883307181468 ], [ -75.69629131297792, 39.572111199261016 ], [ -75.695656399006467, 39.571493307251458 ], [ -75.696211735718478, 39.570840248256104 ] ] ], [ [ [ -75.691371038944169, 39.57337330541079 ], [ -75.692221038340733, 39.574119476959822 ], [ -75.691999697946315, 39.574321451432432 ], [ -75.691103409261459, 39.573594350824905 ], [ -75.691371038944169, 39.57337330541079 ] ] ] ] } },
{ "type": "Feature", "properties": { "GEOID": "100030164012", "efa": "Not EFA", "pop": 3793, "sub_idx": 1, "neighborhoods": "" }, "geometry": { "type": "MultiPolygon", "coordinates": [ [ [ [ -75.656030140670524, 39.566429789100482 ], [ -75.655578304252288, 39.566645952389038 ], [ -75.655195882452674, 39.566252016710237 ], [ -75.65570130158099, 39.565726625309267 ], [ -75.654416081904003, 39.565372371460974 ], [ -75.654325730251031, 39.564881146924826 ], [ -75.655592653042305, 39.565067856245257 ], [ -75.656439081635625, 39.564569868501266 ], [ -75.656871955516536, 39.564945164336073 ], [ -75.657106026835166, 39.56480026254966 ], [ -75.656721538910418, 39.564365499279511 ], [ -75.657294832944942, 39.564028131197858 ], [ -75.657210941975521, 39.563274697198352 ], [ -75.656862872650677, 39.562642676250164 ], [ -75.655582476028457, 39.562108555708903 ], [ -75.654954231149688, 39.558864891258615 ], [ -75.655705906345133, 39.558802951501278 ], [ -75.656524303010002, 39.559402742719321 ], [ -75.657349410090035, 39.559211355756972 ], [ -75.657341551627951, 39.5579452511734 ], [ -75.65620162097342, 39.557405293327932 ], [ -75.656078968597797, 39.557964864454853 ], [ -75.65556760441892, 39.557884164551567 ], [ -75.655660362658551, 39.557263364316725 ], [ -75.655193268355205, 39.557206235253823 ], [ -75.655390603968613, 39.556835213099099 ], [ -75.656753553070502, 39.556891507198678 ], [ -75.658261237832662, 39.554196528987141 ], [ -75.659862377927084, 39.554687345063485 ], [ -75.659273359781807, 39.556027528336642 ], [ -75.662257953024493, 39.558361472087 ], [ -75.662440105312967, 39.559563082732467 ], [ -75.661953866114288, 39.559532791196659 ], [ -75.661916496198472, 39.55993206039048 ], [ -75.662803004924811, 39.56001014140692 ], [ -75.663036834596639, 39.560483227711643 ], [ -75.662813662537346, 39.562900585559994 ], [ -75.662419577910413, 39.564801172514962 ], [ -75.659362967629704, 39.565120017674865 ], [ -75.658070584786643, 39.564868063936551 ], [ -75.657092137982559, 39.565468805455666 ], [ -75.657651619521289, 39.56593362688298 ], [ -75.657267152257774, 39.566532365468724 ], [ -75.656030140670524, 39.566429789100482 ] ] ], [ [ [ -75.669709649884481, 39.560116502428023 ], [ -75.666737783972749, 39.559944302844791 ], [ -75.666635854832407, 39.560679367643466 ], [ -75.665756630544706, 39.56066238130505 ], [ -75.665843431157342, 39.559900175425106 ], [ -75.672130692220179, 39.560171362339489 ], [ -75.67074488728251, 39.560116248257657 ], [ -75.670553782383919, 39.560992845766044 ], [ -75.669484832111578, 39.560824539133726 ], [ -75.669709649884481, 39.560116502428023 ] ] ], [ [ [ -75.673996708660965, 39.562022055729848 ], [ -75.674234019304535, 39.561579704111914 ], [ -75.675195456508717, 39.561811540278235 ], [ -75.675160473416611, 39.562254222144531 ], [ -75.673996708660965, 39.562022055729848 ] ] ], [ [ [ -75.672988554570424, 39.562502532239506 ], [ -75.67389379317045, 39.562843646047085 ], [ -75.673408073198019, 39.563559063575063 ], [ -75.672488094142494, 39.563219835586381 ], [ -75.672988554570424, 39.562502532239506 ] ] ], [ [ [ -75.672017932990784, 39.561373184021996 ], [ -75.671012507083759, 39.56143864309594 ], [ -75.670725942711485, 39.561059074625192 ], [ -75.671302898279137, 39.560898821869586 ], [ -75.670914429021039, 39.560567506499638 ], [ -75.6730723880477, 39.560539586721163 ], [ -75.672898589193025, 39.56100613240357 ], [ -75.673609098192287, 39.561319766258137 ], [ -75.67194040209354, 39.563379732558928 ], [ -75.670801695842769, 39.564129080229073 ], [ -75.669634019822396, 39.564083648681816 ], [ -75.669487156053222, 39.563180674317834 ], [ -75.671243858303711, 39.56257810337582 ], [ -75.672017932990784, 39.561373184021996 ] ] ], [ [ [ -75.655045754205759, 39.563667041051296 ], [ -75.655092372277437, 39.563913499817829 ], [ -75.654763782021249, 39.563977823525327 ], [ -75.654864166957609, 39.564676892193198 ], [ -75.654296858397799, 39.564735705534595 ], [ -75.654112540271171, 39.563731299197435 ], [ -75.655045754205759, 39.563667041051296 ] ] ], [ [ [ -75.6772567981333, 39.565828137644708 ], [ -75.676936426563628, 39.566150820776251 ], [ -75.676365703507443, 39.565964550649191 ], [ -75.676448834502125, 39.564144723610767 ], [ -75.675724468989628, 39.563819328910526 ], [ -75.675146854956893, 39.563007611828141 ], [ -75.675467580462779, 39.561797664438799 ], [ -75.67583341217572, 39.561801413879813 ], [ -75.676044571064722, 39.561368633970289 ], [ -75.678315601036189, 39.562275956844687 ], [ -75.679088567202186, 39.564143634273606 ], [ -75.679093798092097, 39.564972898132332 ], [ -75.678315891192028, 39.566402671518922 ], [ -75.677639573869129, 39.566497335439578 ], [ -75.677184140596495, 39.56623274440539 ], [ -75.6772567981333, 39.565828137644708 ] ] ], [ [ [ -75.680695773619732, 39.567288941221278 ], [ -75.680691421282177, 39.567080880024719 ], [ -75.68101629610635, 39.566877110286356 ], [ -75.681194256855733, 39.567196483966953 ], [ -75.681657607879274, 39.56699213633614 ], [ -75.682023318319651, 39.565898895020851 ], [ -75.681593974817801, 39.565637540559031 ], [ -75.681837156850051, 39.565227936627238 ], [ -75.68235740446876, 39.565454183823363 ], [ -75.682208674000435, 39.565802717158824 ], [ -75.682721824030068, 39.566141159680377 ], [ -75.682440162662616, 39.566717303785076 ], [ -75.681808766493816, 39.566751482625477 ], [ -75.681907422173282, 39.567118576546996 ], [ -75.681091601876645, 39.56756735859377 ], [ -75.680695773619732, 39.567288941221278 ] ] ], [ [ [ -75.655775905767015, 39.567575529257297 ], [ -75.656098030848113, 39.568531860028806 ], [ -75.655180769196349, 39.569087946883407 ], [ -75.654807190412413, 39.56772155122718 ], [ -75.655775905767015, 39.567575529257297 ] ] ], [ [ [ -75.691640909025196, 39.571367456676136 ], [ -75.690188675468889, 39.57040010782265 ], [ -75.689830126397965, 39.569279355755256 ], [ -75.686850724519317, 39.567640121022883 ], [ -75.685118141135902, 39.566159297692558 ], [ -75.687038225376995, 39.565300776302379 ], [ -75.686848234389359, 39.565026968892333 ], [ -75.687534885032974, 39.564652008678451 ], [ -75.696141805466866, 39.56958415646934 ], [ -75.695100464016477, 39.569842359188847 ], [ -75.695230025334951, 39.570345103661523 ], [ -75.695000350371316, 39.570525343866095 ], [ -75.692264924635623, 39.571528673363751 ], [ -75.691640909025196, 39.571367456676136 ] ] ], [ [ [ -75.665577398679204, 39.569998563217005 ], [ -75.66500958616453, 39.570154104207091 ], [ -75.664223287203086, 39.568493918444943 ], [ -75.66488400168781, 39.567032149988904 ], [ -75.665602084383224, 39.566506193187664 ], [ -75.665840932044219, 39.565151433487422 ], [ -75.666583793868426, 39.564887307535031 ], [ -75.666569438790191, 39.565419344382136 ], [ -75.667284523807496, 39.565332658784854 ], [ -75.666888282325559, 39.566518851365451 ], [ -75.66762428820752, 39.567317635949202 ], [ -75.66821371688286, 39.566409300816055 ], [ -75.668110435778019, 39.565600583522098 ], [ -75.668467919447025, 39.565341552692232 ], [ -75.668829709639496, 39.565846729329557 ], [ -75.669449840934632, 39.565801737956079 ], [ -75.669383295535013, 39.566769139193433 ], [ -75.667543552121344, 39.569675945079311 ], [ -75.666485354682962, 39.570379937858 ], [ -75.666659610780087, 39.571260436386233 ], [ -75.666411655100418, 39.571808318036233 ], [ -75.665296473031987, 39.571449934333067 ], [ -75.665173741604619, 39.570519385262187 ], [ -75.665738705561523, 39.570313368208005 ], [ -75.665577398679204, 39.569998563217005 ] ] ], [ [ [ -75.655929213151708, 39.572061997744704 ], [ -75.655518786373122, 39.57042421579763 ], [ -75.656697658096903, 39.570745696210388 ], [ -75.656691280956693, 39.571176865814927 ], [ -75.657223044079018, 39.571187253283462 ], [ -75.657694023595965, 39.571674416953989 ], [ -75.657486023183509, 39.572045971150757 ], [ -75.658661175881988, 39.572333935483854 ], [ -75.656115791439589, 39.57279767431357 ], [ -75.655929213151708, 39.572061997744704 ] ] ], [ [ [ -75.66075179360169, 39.57292865184607 ], [ -75.66022304522545, 39.571842614160097 ], [ -75.659605693317815, 39.571411065078955 ], [ -75.659782598546713, 39.571013379139373 ], [ -75.659306301003269, 39.57112173762863 ], [ -75.658581130600282, 39.570304160561257 ], [ -75.65794173403556, 39.570277862291171 ], [ -75.656774591614464, 39.56940138284196 ], [ -75.657602078331692, 39.568107168075947 ], [ -75.658360949930881, 39.567681003372542 ], [ -75.660377726134229, 39.568179450741219 ], [ -75.659396082226039, 39.567126491041321 ], [ -75.659598300183006, 39.566415851860135 ], [ -75.660648413682154, 39.566707237657674 ], [ -75.662448864785304, 39.566063950502617 ], [ -75.661506096369351, 39.573332757399193 ], [ -75.66075179360169, 39.57292865184607 ] ] ], [ [ [ -75.692453446877778, 39.573910713369422 ], [ -75.692221038340733, 39.574119476959822 ], [ -75.691716905599904, 39.573684810205783 ], [ -75.693392917578336, 39.572305837638396 ], [ -75.694424787192375, 39.572633717833071 ], [ -75.694942511443429, 39.572159381467856 ], [ -75.695724872190681, 39.572646169238361 ], [ -75.693605616179724, 39.574642526019886 ], [ -75.692453446877778, 39.573910713369422 ] ] ], [ [ [ -75.663602893599887, 39.580158264492788 ], [ -75.664075854800345, 39.580131780253559 ], [ -75.664984082095302, 39.57525325674245 ], [ -75.66440344074006, 39.575083609589967 ], [ -75.665653515628179, 39.574601144387493 ], [ -75.665379403702389, 39.574205773509711 ], [ -75.66352794895235, 39.573986517883256 ], [ -75.663422376245208, 39.573652826314799 ], [ -75.663795307343847, 39.573191924558579 ], [ -75.664900761556069, 39.573221447068754 ], [ -75.664918516757666, 39.572839967574794 ], [ -75.663661871591543, 39.572637044993918 ], [ -75.664082310093974, 39.572365540526228 ], [ -75.663601258666063, 39.572043357870442 ], [ -75.664262816668852, 39.571747928454407 ], [ -75.665262209490407, 39.571896437899959 ], [ -75.665268128489828, 39.572370749059097 ], [ -75.666198541477371, 39.572444114408952 ], [ -75.666122852126477, 39.573448324605252 ], [ -75.665736554994737, 39.573996626576502 ], [ -75.666415428024621, 39.573802089885788 ], [ -75.665115864947481, 39.580716708339565 ], [ -75.663602893599887, 39.580158264492788 ] ] ] ] } },
{ "type": "Feature", "properties": { "GEOID": "100050504072", "efa": "Not EFA", "pop": 1517, "sub_idx": 0, "neighborhoods": "" }, "geometry": { "type": "MultiPolygon", "coordinates": [ [ [ [ -75.554432310682202, 38.668385073557062 ], [ -75.556270982405735, 38.667020047001095 ], [ -75.557107475632023, 38.667136699539597 ], [ -75.556653962059144, 38.667025264683872 ], [ -75.558130931625087, 38.665844517719883 ], [ -75.557216177171284, 38.665447826626043 ], [ -75.557240371496832, 38.665921755243026 ], [ -75.556588444332206, 38.665990997358293 ], [ -75.556123983889279, 38.665617255093863 ], [ -75.554405772652089, 38.665981147515616 ], [ -75.554375936008242, 38.665561518268639 ], [ -75.556480818974649, 38.665372792427853 ], [ -75.56232882003323, 38.664670791425571 ], [ -75.562910820539514, 38.664637791769678 ], [ -75.565142254569892, 38.665510510309986 ], [ -75.564642059144944, 38.666271232986851 ], [ -75.563496333458545, 38.665853285310114 ], [ -75.563840815810437, 38.665030288679567 ], [ -75.563366757767014, 38.664850374743779 ], [ -75.562493836957671, 38.664833084812628 ], [ -75.561235333177223, 38.665792623383403 ], [ -75.561617328277066, 38.665270172288857 ], [ -75.561469826704041, 38.664777411907437 ], [ -75.56043648475125, 38.664912159734961 ], [ -75.557861919435169, 38.666636150336771 ], [ -75.558127163192481, 38.666853679945206 ], [ -75.558919552731552, 38.666691473201467 ], [ -75.559195799952775, 38.667168668397125 ], [ -75.558914848254418, 38.667335844128267 ], [ -75.557686750649722, 38.666915826531323 ], [ -75.557086477512243, 38.667375700053292 ], [ -75.557978954645336, 38.668290835057839 ], [ -75.557530476129628, 38.668677227476643 ], [ -75.556811472661067, 38.668123176899421 ], [ -75.556379016496763, 38.668500870290693 ], [ -75.556020347949897, 38.668165356774537 ], [ -75.554775603664666, 38.668930879525206 ], [ -75.554432310682202, 38.668385073557062 ] ] ], [ [ [ -75.539974687057352, 38.67417385044547 ], [ -75.539805688799589, 38.673831580962457 ], [ -75.540022698416038, 38.673605440570569 ], [ -75.539981578932213, 38.673865124118826 ], [ -75.540499322946218, 38.67416171330246 ], [ -75.541554080735381, 38.674010533954608 ], [ -75.541451871320675, 38.675148721545106 ], [ -75.540418185313129, 38.675138443055445 ], [ -75.539974687057352, 38.67417385044547 ] ] ] ] } },
{ "type": "Feature", "properties": { "GEOID": "100050504072", "efa": "Significant", "pop": 1517, "sub_idx": 1, "neighborhoods": "" }, "geometry": { "type": "MultiPolygon", "coordinates": [ [ [ [ -75.550230101377579, 38.695104414332562 ], [ -75.549168625986709, 38.694784331051046 ], [ -75.547996076605912, 38.693011464548739 ], [ -75.545760041404648, 38.69434747637348 ], [ -75.545430005759158, 38.693944685633696 ], [ -75.545560595648652, 38.693565384179244 ], [ -75.544787189308153, 38.691010856047122 ], [ -75.546947922332407, 38.690699052721591 ], [ -75.5478847277315, 38.691675488772077 ], [ -75.548538892599495, 38.691594099452018 ], [ -75.549654864287064, 38.691196611498683 ], [ -75.550318793842195, 38.690419347445413 ], [ -75.550367921806782, 38.68985441468763 ], [ -75.551075619079171, 38.689710775250489 ], [ -75.551181292397629, 38.690114648595866 ], [ -75.554035710772482, 38.688980025412498 ], [ -75.554192386839503, 38.689694973604674 ], [ -75.557081378674695, 38.691548994840545 ], [ -75.557276000477628, 38.692269243283114 ], [ -75.555351921428453, 38.69384706626893 ], [ -75.554940025904386, 38.694605706246897 ], [ -75.555427840748067, 38.694764898003108 ], [ -75.555043544164462, 38.695587344538197 ], [ -75.555670956304965, 38.696043066264657 ], [ -75.555536969885409, 38.696346524141418 ], [ -75.552511983895982, 38.695326496726999 ], [ -75.550230101377579, 38.695104414332562 ] ], [ [ -75.554645045216233, 38.693874037443301 ], [ -75.555146659080975, 38.693701203839012 ], [ -75.555766550525945, 38.692853336730522 ], [ -75.553606089691215, 38.690262938770786 ], [ -75.55140408806281, 38.691190005880848 ], [ -75.551210969141351, 38.691833076501766 ], [ -75.550159545898509, 38.692686362226304 ], [ -75.549972719675623, 38.693423530276597 ], [ -75.550280769952863, 38.694105015393319 ], [ -75.551827987774018, 38.694008837773254 ], [ -75.554044416345903, 38.694817907155468 ], [ -75.554645045216233, 38.693874037443301 ] ] ], [ [ [ -75.531193945310932, 38.704204807082832 ], [ -75.529828729759558, 38.702789420610245 ], [ -75.530178954142755, 38.702461810212817 ], [ -75.531492077289101, 38.703351339093722 ], [ -75.532064723638314, 38.703122460479058 ], [ -75.532954205788243, 38.703541360561672 ], [ -75.53457363558185, 38.701816199881875 ], [ -75.534010725173687, 38.701457470664216 ], [ -75.534725989854053, 38.701070077430956 ], [ -75.534113093590207, 38.700579159132467 ], [ -75.534510637629282, 38.700212438517177 ], [ -75.535602695265695, 38.700922739269686 ], [ -75.536500821903616, 38.700139590947508 ], [ -75.536189959899531, 38.69976332574857 ], [ -75.536655491134269, 38.699713708558676 ], [ -75.536736418561588, 38.70021053160545 ], [ -75.537668544636375, 38.700600454737035 ], [ -75.537603932411244, 38.700160777315865 ], [ -75.537051363408636, 38.699843753715058 ], [ -75.537266735396315, 38.699398492459565 ], [ -75.536101053635861, 38.698769770245313 ], [ -75.537244046647174, 38.697793154801253 ], [ -75.540141445815109, 38.699160298553039 ], [ -75.533138391862536, 38.705949321224111 ], [ -75.532688137377505, 38.705131547686548 ], [ -75.531193945310932, 38.704204807082832 ] ] ], [ [ [ -75.54092499054191, 38.679428133934216 ], [ -75.540481079061109, 38.679499571998235 ], [ -75.53991462929072, 38.679109739319365 ], [ -75.542480734273454, 38.677143027792361 ], [ -75.542355201899014, 38.676328093393657 ], [ -75.543278646654883, 38.675659488247035 ], [ -75.544030400003791, 38.675867531884791 ], [ -75.545802235273555, 38.674453327475327 ], [ -75.544971881133932, 38.67355773319894 ], [ -75.545355835459418, 38.673317241947231 ], [ -75.546025980457998, 38.673869790058411 ], [ -75.546040730794957, 38.671853180212352 ], [ -75.546491049958675, 38.671909076255204 ], [ -75.546717558360939, 38.67090052532987 ], [ -75.546327991361565, 38.670757363345096 ], [ -75.546456360615679, 38.670192210131994 ], [ -75.547105000844667, 38.670185557687773 ], [ -75.54737102523795, 38.669621430975063 ], [ -75.54786357959307, 38.66964479080923 ], [ -75.546289508433105, 38.675622314540817 ], [ -75.545568492738298, 38.675221181489121 ], [ -75.545474267549835, 38.675738812099837 ], [ -75.543920077903749, 38.67681159356377 ], [ -75.543112938926015, 38.676836607521345 ], [ -75.543307318183821, 38.677258546673059 ], [ -75.541847972665423, 38.678387300835332 ], [ -75.54176135171582, 38.679069409551659 ], [ -75.54092499054191, 38.679428133934216 ] ] ], [ [ [ -75.569065868457145, 38.672413417225414 ], [ -75.568214226940256, 38.67179466108071 ], [ -75.567626704489911, 38.67190973341819 ], [ -75.566736819894729, 38.67140307724069 ], [ -75.566752910518119, 38.670576906217789 ], [ -75.569608623365284, 38.671886447964582 ], [ -75.570471673486296, 38.671268094751895 ], [ -75.57138031310798, 38.669664025178449 ], [ -75.570936532781204, 38.668999629169846 ], [ -75.571101526349437, 38.66873391434914 ], [ -75.570625291688089, 38.668467336544332 ], [ -75.57001614948382, 38.669730771710029 ], [ -75.569570655171489, 38.669539725501032 ], [ -75.56938994288241, 38.669318001424898 ], [ -75.569980282449478, 38.668595593868645 ], [ -75.569483151177977, 38.668422596101479 ], [ -75.569245138950194, 38.668833918293736 ], [ -75.568890769740293, 38.668637879373783 ], [ -75.56913534505955, 38.668203772296145 ], [ -75.568666472990245, 38.667879635995305 ], [ -75.568883506861212, 38.667405248300398 ], [ -75.571446823473309, 38.668839792334104 ], [ -75.572758824623875, 38.670323792335644 ], [ -75.570386603028894, 38.673260515922358 ], [ -75.569080859542609, 38.672710311194642 ], [ -75.569065868457145, 38.672413417225414 ] ] ], [ [ [ -75.56168082209966, 38.698876798444857 ], [ -75.561465210261801, 38.699456156139632 ], [ -75.560840779629714, 38.699307575144942 ], [ -75.560980879084795, 38.698936913531668 ], [ -75.561566183594692, 38.699101744261071 ], [ -75.561934860272117, 38.698141451941048 ], [ -75.560975839536042, 38.69798076385662 ], [ -75.560484779079246, 38.697179679324634 ], [ -75.561374439095587, 38.697273911337334 ], [ -75.561826525245493, 38.696177069551659 ], [ -75.561055724019312, 38.695970832127927 ], [ -75.560827472885393, 38.696564126817137 ], [ -75.55910288091475, 38.695922773684615 ], [ -75.559194590820425, 38.69498336997367 ], [ -75.559338507217149, 38.694733735844366 ], [ -75.562031094991866, 38.695025378371383 ], [ -75.56238216289313, 38.693800447928808 ], [ -75.563553345936356, 38.693951220182903 ], [ -75.56168082209966, 38.698876798444857 ] ] ], [ [ [ -75.546972554137483, 38.682312382161783 ], [ -75.545383979677254, 38.682200780189106 ], [ -75.545431250824151, 38.681812070200252 ], [ -75.546156242462416, 38.681686138064272 ], [ -75.546054617850928, 38.680974791455469 ], [ -75.54475471521063, 38.680948773338351 ], [ -75.544587548617727, 38.680429470723396 ], [ -75.544585302829518, 38.680160945573341 ], [ -75.545967447132398, 38.680129073682295 ], [ -75.545354811379994, 38.676994608738489 ], [ -75.545632482430932, 38.676560193968221 ], [ -75.545177480349622, 38.676295885273319 ], [ -75.54542502190597, 38.676026410472808 ], [ -75.547090910769427, 38.676460580922658 ], [ -75.54735071971929, 38.677111793438819 ], [ -75.547298806079013, 38.677522959812265 ], [ -75.546360355864621, 38.677657845650508 ], [ -75.546972554137483, 38.682312382161783 ] ] ], [ [ [ -75.564973426992026, 38.669374999900917 ], [ -75.564181790241136, 38.66913495329711 ], [ -75.564389735856366, 38.668779378420098 ], [ -75.565109364552399, 38.669117670011538 ], [ -75.565553092776867, 38.668598228954416 ], [ -75.56508292893021, 38.668053372230631 ], [ -75.567009616686974, 38.667160809273625 ], [ -75.56716282256204, 38.666536791416462 ], [ -75.568716122875998, 38.667318521130412 ], [ -75.567641189823874, 38.668246825346529 ], [ -75.568828701544035, 38.668745487802376 ], [ -75.568646616629209, 38.669061163696462 ], [ -75.567062147469827, 38.669318861308462 ], [ -75.565664706654289, 38.668729789539363 ], [ -75.565122738670325, 38.6700883877458 ], [ -75.565379285837381, 38.670458484136937 ], [ -75.565054862865779, 38.670738398591617 ], [ -75.564316566279842, 38.670231807767607 ], [ -75.564973426992026, 38.669374999900917 ] ] ], [ [ [ -75.56301422381523, 38.691678991738172 ], [ -75.558623529099364, 38.691072783232201 ], [ -75.558446499902942, 38.690675814749468 ], [ -75.56201109669702, 38.691154692704387 ], [ -75.562224709783379, 38.690317061207423 ], [ -75.56389613496394, 38.690528741952342 ], [ -75.564765757159577, 38.688956964981926 ], [ -75.565642025091677, 38.689204291358209 ], [ -75.564176058989631, 38.692327213503262 ], [ -75.562814350461153, 38.692093960891242 ], [ -75.56301422381523, 38.691678991738172 ] ] ], [ [ [ -75.549593804000565, 38.67144545857569 ], [ -75.550366754895222, 38.670425018638305 ], [ -75.551982656106389, 38.670588200932869 ], [ -75.553013152196357, 38.669980389271579 ], [ -75.553643358995728, 38.670588513739794 ], [ -75.549493457691753, 38.673178314549347 ], [ -75.548946285767357, 38.672509259878041 ], [ -75.549640968247942, 38.672034637749611 ], [ -75.549312863980305, 38.671703322943081 ], [ -75.549593804000565, 38.67144545857569 ] ] ], [ [ [ -75.511957808092362, 38.704761801654783 ], [ -75.511030806007966, 38.704383801191327 ], [ -75.508613059591028, 38.703424045287036 ], [ -75.509121948911272, 38.702795038786441 ], [ -75.511838527992296, 38.703960064003944 ], [ -75.512418499204344, 38.703235571405571 ], [ -75.513360171675657, 38.703969073689017 ], [ -75.513098870624134, 38.704441605964576 ], [ -75.51469556765116, 38.705083404265864 ], [ -75.514266414592171, 38.705682057644111 ], [ -75.511957808092362, 38.704761801654783 ] ] ], [ [ [ -75.502433107678755, 38.700947704838249 ], [ -75.500527803419018, 38.700186801767238 ], [ -75.498205821004646, 38.699256657836813 ], [ -75.498872642236677, 38.698480847781113 ], [ -75.501739362141038, 38.699901497659518 ], [ -75.502554407191582, 38.698662314223363 ], [ -75.503481621278397, 38.698951789108868 ], [ -75.502433107678755, 38.700947704838249 ] ] ], [ [ [ -75.495820682534216, 38.682637499367729 ], [ -75.49545170941272, 38.683060972991782 ], [ -75.494504027212159, 38.6826903590255 ], [ -75.495339187338558, 38.681893605989409 ], [ -75.494171718828994, 38.681985204611301 ], [ -75.494011254566431, 38.681011965888082 ], [ -75.495424801276698, 38.680808796238757 ], [ -75.500648801996235, 38.681149797444206 ], [ -75.501250017466432, 38.681237372507525 ], [ -75.501137568155798, 38.681725040011521 ], [ -75.499906504314012, 38.681674465021587 ], [ -75.499841822918611, 38.681115658126359 ], [ -75.496312022367064, 38.680945983728883 ], [ -75.495820682534216, 38.682637499367729 ] ] ], [ [ [ -75.533923478098345, 38.674333823351773 ], [ -75.535068099755264, 38.674669042860856 ], [ -75.534845817926424, 38.676003152306698 ], [ -75.535852324506735, 38.67685180748672 ], [ -75.533496662455718, 38.676807925765608 ], [ -75.533453817308256, 38.675655001959775 ], [ -75.533923478098345, 38.674333823351773 ] ] ], [ [ [ -75.486044720640692, 38.687741311885112 ], [ -75.484790453315156, 38.687405318478071 ], [ -75.488101355093193, 38.684728952606399 ], [ -75.488866284032369, 38.685272439850806 ], [ -75.487954731174213, 38.686020407894354 ], [ -75.488334016056839, 38.686249345444779 ], [ -75.4877079253381, 38.686893180608919 ], [ -75.486419991850653, 38.686198060524028 ], [ -75.485657932130508, 38.686865574319064 ], [ -75.486312466206073, 38.687447754848016 ], [ -75.486044720640692, 38.687741311885112 ] ] ], [ [ [ -75.528914718212491, 38.6674633978797 ], [ -75.528496344936897, 38.666626713707146 ], [ -75.52770645630757, 38.666955301130493 ], [ -75.527741619961049, 38.666333171761949 ], [ -75.53109112953338, 38.666213567109281 ], [ -75.530788509572048, 38.667195961747943 ], [ -75.529335784637297, 38.667393545574384 ], [ -75.529170439827794, 38.668396409999488 ], [ -75.528624838158493, 38.668514133408678 ], [ -75.528429413261705, 38.668309109597303 ], [ -75.528914718212491, 38.6674633978797 ] ] ], [ [ [ -75.544899293665722, 38.666595293803823 ], [ -75.542673745397096, 38.666452580523902 ], [ -75.542308836253937, 38.665487417767267 ], [ -75.545538679450658, 38.665319302737714 ], [ -75.544899293665722, 38.666595293803823 ] ] ], [ [ [ -75.497738117643536, 38.693037188708665 ], [ -75.49727310204176, 38.694215610206555 ], [ -75.494620510856748, 38.693058304262316 ], [ -75.495749423674297, 38.693075137244001 ], [ -75.49612559679278, 38.692327541640438 ], [ -75.496985103958323, 38.692403971614453 ], [ -75.496969625087658, 38.692954749225429 ], [ -75.497738117643536, 38.693037188708665 ] ] ], [ [ [ -75.535007340404391, 38.668095204259821 ], [ -75.535133952553807, 38.667823017182407 ], [ -75.53568536632298, 38.667974646560793 ], [ -75.53577750113179, 38.668418544918879 ], [ -75.536390505193452, 38.668640889696249 ], [ -75.535690003426481, 38.670247599684096 ], [ -75.53455920145187, 38.669987670159372 ], [ -75.534729284874501, 38.669648606963499 ], [ -75.534483140198461, 38.669370421339927 ], [ -75.535007340404391, 38.668095204259821 ] ] ], [ [ [ -75.534716543170532, 38.672462255222335 ], [ -75.532781791237454, 38.67225620051925 ], [ -75.531977244797645, 38.671932694841566 ], [ -75.531989293900537, 38.671491906324206 ], [ -75.534943852870015, 38.671792913319038 ], [ -75.535185822176629, 38.671126770352274 ], [ -75.534458550614175, 38.671010438522451 ], [ -75.534369076615263, 38.670720415736362 ], [ -75.53547304231904, 38.670878460612236 ], [ -75.534882318273063, 38.672297477433624 ], [ -75.535494821074792, 38.672698937562913 ], [ -75.535313040688848, 38.672925811612615 ], [ -75.534605800658923, 38.672731111533416 ], [ -75.534716543170532, 38.672462255222335 ] ] ], [ [ [ -75.532216832670443, 38.708229160537073 ], [ -75.531615075516115, 38.709680644137251 ], [ -75.530697317095985, 38.709480577824891 ], [ -75.531578739561184, 38.707047784572957 ], [ -75.532604306595189, 38.7072945100292 ], [ -75.532216832670443, 38.708229160537073 ] ] ], [ [ [ -75.492269405060853, 38.684905046123191 ], [ -75.491712556484217, 38.685558228647501 ], [ -75.48979912336948, 38.683517602673589 ], [ -75.490238215388771, 38.683228161398453 ], [ -75.490973807147384, 38.683894917521066 ], [ -75.49139613840012, 38.683638364201428 ], [ -75.492270873806333, 38.684326352438831 ], [ -75.492269405060853, 38.684905046123191 ] ] ], [ [ [ -75.566283174269529, 38.681876424660494 ], [ -75.566108202215105, 38.68140668647046 ], [ -75.56651543368622, 38.681418443707344 ], [ -75.566581753608702, 38.681141878846226 ], [ -75.566347593356866, 38.681063581312053 ], [ -75.566410508664418, 38.680547179954935 ], [ -75.566081007516516, 38.680485447727364 ], [ -75.566252167120865, 38.679898035883966 ], [ -75.56729556391663, 38.680053425132115 ], [ -75.567277753019496, 38.682437579693804 ], [ -75.566195044150248, 38.682292083894481 ], [ -75.566283174269529, 38.681876424660494 ] ] ], [ [ [ -75.510768893203718, 38.675150443977458 ], [ -75.510495508913309, 38.674795195635923 ], [ -75.509338812102328, 38.675182388918458 ], [ -75.508989166234187, 38.674536897767574 ], [ -75.511455136910499, 38.673717373648984 ], [ -75.511517274277026, 38.674926976969466 ], [ -75.510768893203718, 38.675150443977458 ] ] ], [ [ [ -75.551663819757536, 38.707803800199223 ], [ -75.551359042941201, 38.707812120320924 ], [ -75.551223787202133, 38.707060391418231 ], [ -75.552390517296516, 38.707012645363385 ], [ -75.552249323693431, 38.705896888844933 ], [ -75.552837957359756, 38.706376914796699 ], [ -75.552908216394769, 38.707733915765175 ], [ -75.553599655957157, 38.707700367455217 ], [ -75.553360930467036, 38.706992009911197 ], [ -75.553763231085554, 38.706988765664512 ], [ -75.554045228422922, 38.707604041980836 ], [ -75.554030716139508, 38.707753753970209 ], [ -75.551663819757536, 38.707803800199223 ] ] ], [ [ [ -75.51556209964221, 38.703997497793864 ], [ -75.515167281990003, 38.704492274221153 ], [ -75.513919337007408, 38.704012851124141 ], [ -75.514914919175553, 38.702938579742579 ], [ -75.516099155638202, 38.70338547831733 ], [ -75.51556209964221, 38.703997497793864 ] ] ], [ [ [ -75.534225252745003, 38.673622360885844 ], [ -75.533923478098345, 38.674333823351773 ], [ -75.533297334379014, 38.674141842636359 ], [ -75.533609105478149, 38.673293226161128 ], [ -75.532855670483059, 38.673102857130779 ], [ -75.532936941066808, 38.672820885075247 ], [ -75.536106715717111, 38.673721175559585 ], [ -75.535703860838055, 38.6740627309185 ], [ -75.534225252745003, 38.673622360885844 ] ] ], [ [ [ -75.568619087757327, 38.673975715852855 ], [ -75.568256976866309, 38.673833177888632 ], [ -75.56867044713708, 38.67333421843734 ], [ -75.569233595598789, 38.673586718530871 ], [ -75.569795640031032, 38.673219820268599 ], [ -75.570261619525098, 38.673439929715116 ], [ -75.569194747954327, 38.675035343887409 ], [ -75.569336733871509, 38.67478926878394 ], [ -75.568555325338465, 38.674549775442927 ], [ -75.568619087757327, 38.673975715852855 ] ] ], [ [ [ -75.547437706283191, 38.685739533637403 ], [ -75.546846579791946, 38.685725506584475 ], [ -75.546958058023748, 38.684258835545073 ], [ -75.546334344247256, 38.684264840150277 ], [ -75.546330724036665, 38.683785512871005 ], [ -75.547254841630689, 38.68383885062152 ], [ -75.547163843190731, 38.684669178294122 ], [ -75.547904809569673, 38.684757761615025 ], [ -75.548028371938699, 38.685812299105642 ], [ -75.547437706283191, 38.685739533637403 ] ] ], [ [ [ -75.544510844170546, 38.708130199341063 ], [ -75.543270681293279, 38.707029591427577 ], [ -75.542460667706635, 38.707126288506338 ], [ -75.542321548313538, 38.706246069048788 ], [ -75.543221038594041, 38.705853629211425 ], [ -75.54369016308992, 38.706453286295435 ], [ -75.543632630487537, 38.707012489740571 ], [ -75.544867757409349, 38.708061234228573 ], [ -75.544074914221056, 38.708343527271872 ], [ -75.544510844170546, 38.708130199341063 ] ] ], [ [ [ -75.492763563807074, 38.696387879708126 ], [ -75.493250182993108, 38.695553578792442 ], [ -75.494198288300169, 38.695922402796072 ], [ -75.493241575336057, 38.697267248790503 ], [ -75.492307332830464, 38.696892626588713 ], [ -75.492763563807074, 38.696387879708126 ] ] ], [ [ [ -75.497447531513757, 38.698953081204557 ], [ -75.496541195172469, 38.698590279737118 ], [ -75.497524624931444, 38.697197742468184 ], [ -75.498368699938695, 38.697561398625041 ], [ -75.497447531513757, 38.698953081204557 ] ] ], [ [ [ -75.517862476675688, 38.669142587062503 ], [ -75.519572807891223, 38.667628793496874 ], [ -75.520376032010944, 38.667484001249207 ], [ -75.520239413527591, 38.667858363615906 ], [ -75.519605906317864, 38.667666412527993 ], [ -75.519106089981989, 38.668080871451487 ], [ -75.519406783955347, 38.668396529935855 ], [ -75.519058504424763, 38.668556551522926 ], [ -75.51908738526113, 38.669314305889223 ], [ -75.51844093422649, 38.669646643127464 ], [ -75.517862476675688, 38.669142587062503 ] ] ], [ [ [ -75.547676641979095, 38.707823345368595 ], [ -75.546157039268053, 38.707947133420248 ], [ -75.546327588018002, 38.706985879630771 ], [ -75.547667520485689, 38.706992131885869 ], [ -75.547676641979095, 38.707823345368595 ] ] ], [ [ [ -75.549883818801845, 38.707849800947628 ], [ -75.548645852305413, 38.707880705033233 ], [ -75.548603468892011, 38.70730019444651 ], [ -75.548084227386411, 38.706927814037599 ], [ -75.548925389157233, 38.706848678981402 ], [ -75.548746002781513, 38.707710391712624 ], [ -75.549550232116033, 38.707719935084782 ], [ -75.549480208439633, 38.706861839655986 ], [ -75.550278620284374, 38.706860735572597 ], [ -75.5502173731483, 38.707841665893177 ], [ -75.549883818801845, 38.707849800947628 ] ] ], [ [ [ -75.526319771020923, 38.688511565134718 ], [ -75.526400589752086, 38.688459944565132 ], [ -75.527488534002799, 38.688941783714725 ], [ -75.526874332486841, 38.689484390537324 ], [ -75.525870502886093, 38.689131933919903 ], [ -75.525794069730125, 38.688825026473111 ], [ -75.526319771020923, 38.688511565134718 ] ] ], [ [ [ -75.501082515801912, 38.695834073780119 ], [ -75.498987423573794, 38.695239022340601 ], [ -75.498988100903517, 38.695127679612057 ], [ -75.500054800896066, 38.6952162899481 ], [ -75.500161268325229, 38.694840785508212 ], [ -75.500701292354904, 38.694888696040479 ], [ -75.501147404708149, 38.695337662036202 ], [ -75.501082515801912, 38.695834073780119 ] ] ], [ [ [ -75.491668799546716, 38.68233879738947 ], [ -75.492433017020161, 38.682880176626696 ], [ -75.491980683833589, 38.683434764437848 ], [ -75.491124545350374, 38.682677200915343 ], [ -75.491668799546716, 38.68233879738947 ] ] ], [ [ [ -75.560897717547363, 38.707791255873651 ], [ -75.561668154057514, 38.707560772164243 ], [ -75.561351024507715, 38.708884179075838 ], [ -75.560651683364085, 38.708150111040361 ], [ -75.560897717547363, 38.707791255873651 ] ] ], [ [ [ -75.560581437803805, 38.702435462704791 ], [ -75.559902153345533, 38.702358559725575 ], [ -75.560050676303021, 38.702010028640977 ], [ -75.560388068252394, 38.702051540071857 ], [ -75.560669132240164, 38.701308324566916 ], [ -75.559895003654191, 38.701128867070153 ], [ -75.560058481764543, 38.700668633438873 ], [ -75.560961725206298, 38.700869908505602 ], [ -75.560581437803805, 38.702435462704791 ] ] ], [ [ [ -75.495423192394028, 38.695951690363934 ], [ -75.49586986619434, 38.695181979958264 ], [ -75.496767010075317, 38.695371745490355 ], [ -75.495778169763398, 38.696257577270792 ], [ -75.495423192394028, 38.695951690363934 ] ] ], [ [ [ -75.561330265339819, 38.703721106439517 ], [ -75.561406937447629, 38.703704085982395 ], [ -75.561955109196944, 38.704630199347065 ], [ -75.560295998122285, 38.704072208984655 ], [ -75.561330265339819, 38.703721106439517 ] ] ], [ [ [ -75.484524619364677, 38.689008763292698 ], [ -75.484115221157111, 38.689512291011596 ], [ -75.48321661571714, 38.689087653745538 ], [ -75.483653237369424, 38.688531881270919 ], [ -75.484524619364677, 38.689008763292698 ] ] ], [ [ [ -75.553591978954742, 38.7060767185313 ], [ -75.552876398965722, 38.706087748969843 ], [ -75.552604350470119, 38.70537880481902 ], [ -75.553563752990186, 38.705381198801696 ], [ -75.553591978954742, 38.7060767185313 ] ] ], [ [ [ -75.5218918105938, 38.708659801688576 ], [ -75.521479911476476, 38.708510151881541 ], [ -75.526916751832886, 38.709647419190667 ], [ -75.52329181070958, 38.70905280163133 ], [ -75.5218918105938, 38.708659801688576 ] ] ], [ [ [ -75.55161863270213, 38.665615495257434 ], [ -75.551613522186472, 38.665555011287474 ], [ -75.550456284589686, 38.665496340412993 ], [ -75.552709713869788, 38.665582829206521 ], [ -75.551529141635186, 38.666147325816873 ], [ -75.55161863270213, 38.665615495257434 ] ] ], [ [ [ -75.56367736464955, 38.680003778141639 ], [ -75.563156986775141, 38.679929245178464 ], [ -75.563250619973829, 38.679394528166277 ], [ -75.563800256875368, 38.679512637423286 ], [ -75.56367736464955, 38.680003778141639 ] ] ] ] } },
{ "type": "Feature", "properties": { "GEOID": "100050504073", "efa": "Not EFA", "pop": 2366, "sub_idx": 0, "neighborhoods": "" }, "geometry": { "type": "MultiPolygon", "coordinates": [ [ [ [ -75.563645821206663, 38.664771792148521 ], [ -75.562717583938749, 38.66464323337869 ], [ -75.562412249268604, 38.664262141586512 ], [ -75.562864268044848, 38.662677173743056 ], [ -75.557012529994694, 38.658956888334721 ], [ -75.557864272122899, 38.658310051361227 ], [ -75.55830075543463, 38.658359827036975 ], [ -75.561738574789288, 38.660446995248684 ], [ -75.562617227748447, 38.659603426252765 ], [ -75.562223364107084, 38.659195118575745 ], [ -75.562471595569548, 38.659004012689763 ], [ -75.563828117225583, 38.659857030477568 ], [ -75.564086731416083, 38.65923657277618 ], [ -75.566755417716067, 38.656893129081084 ], [ -75.566251144838063, 38.656523501325509 ], [ -75.567089182268305, 38.65659110330656 ], [ -75.567905099583001, 38.655840892274909 ], [ -75.56618815676697, 38.654692938494883 ], [ -75.566754180735913, 38.653717961443441 ], [ -75.567413079725455, 38.653383759975618 ], [ -75.566549266036446, 38.652835669167644 ], [ -75.56577824831632, 38.653350087964085 ], [ -75.566171470560562, 38.653889439455533 ], [ -75.565728107052081, 38.654385335483205 ], [ -75.564241988144971, 38.653462866481007 ], [ -75.564505790106253, 38.653207264104822 ], [ -75.56352421087675, 38.65255781740322 ], [ -75.562498638452851, 38.65320332851558 ], [ -75.562254743158277, 38.653004075875636 ], [ -75.561583232720466, 38.650597196303011 ], [ -75.56219951114133, 38.649409068790334 ], [ -75.563459827722028, 38.64898363725549 ], [ -75.564468963671175, 38.649519699700349 ], [ -75.56348657775456, 38.650297606456746 ], [ -75.56288296827411, 38.650006173827137 ], [ -75.562461748237396, 38.650626397888701 ], [ -75.56260625842053, 38.651443745611545 ], [ -75.563764016141846, 38.650713792107709 ], [ -75.564069598746997, 38.650803215115985 ], [ -75.564905473932356, 38.649831149233684 ], [ -75.565305601526205, 38.650106760964448 ], [ -75.565665913990017, 38.649698139573509 ], [ -75.567560439364669, 38.649410742732108 ], [ -75.567819173929436, 38.649702819014529 ], [ -75.570389828879087, 38.647596213900762 ], [ -75.570983115818592, 38.647907033354947 ], [ -75.57120787879424, 38.647727291790929 ], [ -75.570834185025959, 38.647558336666904 ], [ -75.571263117099392, 38.645856954835473 ], [ -75.572028837454312, 38.645996457232386 ], [ -75.572264891354777, 38.645531368905033 ], [ -75.569814264801821, 38.645233518213601 ], [ -75.569016797984744, 38.644871294754708 ], [ -75.56900110262012, 38.644277236853192 ], [ -75.570006441390532, 38.644482807965417 ], [ -75.570037331758215, 38.643647960196574 ], [ -75.571133975294131, 38.643897945110794 ], [ -75.574447613340553, 38.643674069047805 ], [ -75.574889688664911, 38.644068980751193 ], [ -75.574668231489497, 38.64556068270754 ], [ -75.573962233829604, 38.645341017278106 ], [ -75.573194812963862, 38.645557434272099 ], [ -75.572475202234145, 38.648075228545785 ], [ -75.571834325245831, 38.647751778495767 ], [ -75.571096103220071, 38.648100023827382 ], [ -75.571502976263403, 38.648526663111738 ], [ -75.569713503471334, 38.65032112763916 ], [ -75.572201270869726, 38.652089164337333 ], [ -75.574037684228642, 38.650546832238994 ], [ -75.574851477925989, 38.650466132081895 ], [ -75.575232077043864, 38.650953125245643 ], [ -75.574238701138086, 38.651701888263347 ], [ -75.574350076961949, 38.652246954986431 ], [ -75.573344096794386, 38.653336950417412 ], [ -75.574088093190795, 38.653714921731108 ], [ -75.575120207146597, 38.653461593206735 ], [ -75.575857572179586, 38.654461378051757 ], [ -75.57546203767177, 38.654881341021813 ], [ -75.574586590799854, 38.654023488708141 ], [ -75.573795709532135, 38.653954106642786 ], [ -75.572188018024335, 38.655054903951559 ], [ -75.571111344935503, 38.655059388022089 ], [ -75.569452983055797, 38.656568200799633 ], [ -75.56969830128179, 38.657215567697207 ], [ -75.570449206621049, 38.656550194743652 ], [ -75.570802658651047, 38.656591440025551 ], [ -75.570336145557704, 38.658148457300463 ], [ -75.569414526178477, 38.658958879119943 ], [ -75.567034279933083, 38.659929996222765 ], [ -75.565588855606649, 38.659262511802588 ], [ -75.564569267759168, 38.659662649801724 ], [ -75.564428045409983, 38.662927211505306 ], [ -75.564197370621443, 38.663983279201936 ], [ -75.563581527883443, 38.664621004003358 ], [ -75.56411896656175, 38.664664942294323 ], [ -75.564468120153109, 38.663977362677642 ], [ -75.564981301623789, 38.663865462769223 ], [ -75.565255290480394, 38.664040584238926 ], [ -75.565354401605703, 38.665063614312544 ], [ -75.565142254569892, 38.665510510309986 ], [ -75.563645821206663, 38.664771792148521 ] ], [ [ -75.567732545793334, 38.654415997490794 ], [ -75.568325049401906, 38.653786722887617 ], [ -75.568727805466267, 38.654051405812126 ], [ -75.570502236867213, 38.652586030425503 ], [ -75.569770944445565, 38.651736094925667 ], [ -75.568744064074593, 38.651236907826643 ], [ -75.568312340037266, 38.651539572134887 ], [ -75.567156164249155, 38.651034568499632 ], [ -75.567669307990585, 38.651387717837473 ], [ -75.567134571444655, 38.651915296065852 ], [ -75.568141312485253, 38.651668365592187 ], [ -75.569260755263102, 38.652303786053245 ], [ -75.569386443046071, 38.652806532322188 ], [ -75.56734327074642, 38.654224619992185 ], [ -75.567732545793334, 38.654415997490794 ] ] ], [ [ [ -75.57268055531145, 38.643107471441496 ], [ -75.571562301004761, 38.643046033892048 ], [ -75.571614523665474, 38.642599065083076 ], [ -75.57051938929925, 38.642102962582008 ], [ -75.570172589293918, 38.641585014446264 ], [ -75.569341060157925, 38.64154848680684 ], [ -75.569209719276856, 38.640843043644949 ], [ -75.571894098246531, 38.640770681525744 ], [ -75.571512349285072, 38.642051676906732 ], [ -75.573047135321048, 38.641972670765966 ], [ -75.573103084193562, 38.642295274766958 ], [ -75.574284707457039, 38.641993806295886 ], [ -75.574747154775423, 38.642518053569304 ], [ -75.57268055531145, 38.643107471441496 ] ] ], [ [ [ -75.581922400496609, 38.645206528709153 ], [ -75.580106678931955, 38.645295479392423 ], [ -75.579587998873421, 38.644329089947888 ], [ -75.579749158432023, 38.643772350418985 ], [ -75.579520327884751, 38.643377014701294 ], [ -75.578394141454098, 38.643215286621889 ], [ -75.577450004005641, 38.642315639101945 ], [ -75.575493378095416, 38.642700869429284 ], [ -75.575899360908281, 38.641919862435294 ], [ -75.574979636075994, 38.6418942293597 ], [ -75.575059823291525, 38.640902786489704 ], [ -75.588893827462982, 38.641840785984883 ], [ -75.591864000948732, 38.64131977466662 ], [ -75.592099248162071, 38.642361921915054 ], [ -75.593319368727052, 38.642106181705202 ], [ -75.593390873725355, 38.642937285286997 ], [ -75.59206988133711, 38.643044364011331 ], [ -75.591413023319916, 38.642174655395614 ], [ -75.591746108745781, 38.643144909001492 ], [ -75.590177876635167, 38.64365960225323 ], [ -75.589024182892189, 38.643292886031695 ], [ -75.588449123668113, 38.64360902422834 ], [ -75.587446975713547, 38.643559940630084 ], [ -75.585817364414524, 38.6443671246479 ], [ -75.585298518167676, 38.643433556717461 ], [ -75.583275945135796, 38.644075221665396 ], [ -75.583238603966066, 38.64369868763989 ], [ -75.582667653636094, 38.643875876283019 ], [ -75.582754113787246, 38.644466851100397 ], [ -75.584686886731745, 38.644406888814117 ], [ -75.585496053207066, 38.644725107995001 ], [ -75.584967774649712, 38.645226355485782 ], [ -75.583387289518626, 38.645077471055956 ], [ -75.5827821052915, 38.645621201804552 ], [ -75.581922400496609, 38.645206528709153 ] ] ], [ [ [ -75.592326895628105, 38.646809063784602 ], [ -75.593182530156454, 38.646964726206754 ], [ -75.593238885067478, 38.647636777485836 ], [ -75.592122605257771, 38.647495104766051 ], [ -75.592063285007995, 38.646901714783802 ], [ -75.592326895628105, 38.646809063784602 ] ] ], [ [ [ -75.573887538913723, 38.649702142003996 ], [ -75.575780079011594, 38.64766217698412 ], [ -75.575525629410734, 38.647096793793693 ], [ -75.576849461373598, 38.646011659535176 ], [ -75.576444897000542, 38.645652966276664 ], [ -75.575734111320202, 38.645615760855108 ], [ -75.57602575746202, 38.645424487540474 ], [ -75.575985733922849, 38.644935899920952 ], [ -75.576959474453176, 38.645018554681386 ], [ -75.576639286139823, 38.645507636369871 ], [ -75.576893009003612, 38.645774515031306 ], [ -75.577457110577853, 38.645380537446037 ], [ -75.578888263369379, 38.645196730733531 ], [ -75.579201848167074, 38.646499350195086 ], [ -75.578554278729911, 38.646737597311258 ], [ -75.578058570389828, 38.647278135860972 ], [ -75.578177601656535, 38.647499632106573 ], [ -75.579103477253568, 38.64768068550444 ], [ -75.579543106465422, 38.647287401747512 ], [ -75.582346346021907, 38.647016538769257 ], [ -75.583633446771103, 38.647255435942249 ], [ -75.584408569792103, 38.647856531994307 ], [ -75.583878944660157, 38.64909278429753 ], [ -75.583247685035261, 38.649327902211404 ], [ -75.57997495536857, 38.648997490502651 ], [ -75.577584188952898, 38.648202288312419 ], [ -75.57686156257877, 38.648579825079217 ], [ -75.57709972123196, 38.649725083187505 ], [ -75.576852407847724, 38.649902990764083 ], [ -75.575105375961257, 38.649673569345957 ], [ -75.574516958788905, 38.650184503746793 ], [ -75.573887538913723, 38.649702142003996 ] ] ], [ [ [ -75.557495720311294, 38.647869581444922 ], [ -75.557108745849831, 38.648031545976686 ], [ -75.556869075332031, 38.647475295455244 ], [ -75.555857177063373, 38.647573033496229 ], [ -75.556182713047619, 38.647102254275246 ], [ -75.556279161566422, 38.64587505759404 ], [ -75.557552527973215, 38.645252501648883 ], [ -75.557756944107695, 38.645933827331163 ], [ -75.55712051737332, 38.645904682767515 ], [ -75.556951012465717, 38.646287551162885 ], [ -75.558101479460191, 38.646546488358346 ], [ -75.558512911453576, 38.646117136121433 ], [ -75.559214209127902, 38.646245195631231 ], [ -75.559050925951965, 38.646625005355681 ], [ -75.559626837677257, 38.64711486115948 ], [ -75.561038062242517, 38.645881102603809 ], [ -75.56213748786088, 38.645691238117919 ], [ -75.562074665079805, 38.645323185907003 ], [ -75.559199651928736, 38.645803970458253 ], [ -75.558696245924963, 38.645808579291703 ], [ -75.55853188117743, 38.645396279415671 ], [ -75.559386588644415, 38.644945251707021 ], [ -75.560900863447486, 38.645102861638961 ], [ -75.561163714092885, 38.644266502791318 ], [ -75.562676180587289, 38.644906969644758 ], [ -75.563492744688986, 38.644234440919817 ], [ -75.565682005511718, 38.644602419440311 ], [ -75.565802966359655, 38.644100829404131 ], [ -75.567332968866737, 38.64426166934075 ], [ -75.567974003060229, 38.643981828204254 ], [ -75.568565200518378, 38.644335035458326 ], [ -75.568321294444004, 38.644735149495197 ], [ -75.568872756722214, 38.645023428072747 ], [ -75.568399127175169, 38.645582468970943 ], [ -75.567923170991563, 38.64571901884954 ], [ -75.567621852689072, 38.644991232532135 ], [ -75.567060747894615, 38.645668058500384 ], [ -75.564101930910695, 38.645478404633629 ], [ -75.564034144937693, 38.645921608926848 ], [ -75.564909129177238, 38.646201090986693 ], [ -75.564817536052558, 38.646866858944421 ], [ -75.566181898204405, 38.646827154375551 ], [ -75.566828553156611, 38.646486683566806 ], [ -75.567203345564508, 38.646947401087836 ], [ -75.567581697097552, 38.646929038309345 ], [ -75.567646120676471, 38.64632897003564 ], [ -75.568174370487711, 38.646367385343446 ], [ -75.56814844600693, 38.646932332286148 ], [ -75.568638708759764, 38.646930887005624 ], [ -75.568658634291083, 38.646410268404253 ], [ -75.569047775489011, 38.64639282879083 ], [ -75.569702195478541, 38.647155794755179 ], [ -75.568932898930484, 38.647206160501284 ], [ -75.56906492163283, 38.647712978760111 ], [ -75.56841869338038, 38.647731472533998 ], [ -75.567533462956689, 38.649090079038444 ], [ -75.564911623798778, 38.649521422047656 ], [ -75.564491868015978, 38.649364645476417 ], [ -75.564357026400259, 38.648833688627754 ], [ -75.564862669209063, 38.647446205540774 ], [ -75.564692019847797, 38.64722714294431 ], [ -75.564152023665883, 38.647417787033973 ], [ -75.563892195851423, 38.647022516329891 ], [ -75.562987635479445, 38.647083822780566 ], [ -75.56342627654449, 38.646720869895951 ], [ -75.562563309068466, 38.646663033224307 ], [ -75.560740671374447, 38.647954736067604 ], [ -75.559833114222684, 38.647817697236171 ], [ -75.560102342906589, 38.648896016422555 ], [ -75.559547294553781, 38.648999917942625 ], [ -75.559173639413046, 38.648410911253876 ], [ -75.559547025059203, 38.647774497200032 ], [ -75.558452554547969, 38.6473398476111 ], [ -75.557963643759635, 38.647689681228655 ], [ -75.557310677244217, 38.64949236453446 ], [ -75.557858177053703, 38.649701450260558 ], [ -75.5575068118101, 38.650309348457618 ], [ -75.556695484886518, 38.649981281687971 ], [ -75.557495720311294, 38.647869581444922 ] ] ], [ [ [ -75.578243847917165, 38.655820263808778 ], [ -75.578351409494346, 38.650811306144462 ], [ -75.579139293982252, 38.650838595206118 ], [ -75.579818157130688, 38.651620852664976 ], [ -75.580533322996359, 38.651718944943759 ], [ -75.581252144106926, 38.651153920688564 ], [ -75.584351813334138, 38.650237945809714 ], [ -75.58594007607897, 38.650126744938014 ], [ -75.586500955396275, 38.650395145614517 ], [ -75.587051630750281, 38.650088062947667 ], [ -75.586883931456398, 38.650871673480374 ], [ -75.588621701712285, 38.650800527460376 ], [ -75.588719849843599, 38.651220598884251 ], [ -75.589972689746162, 38.649481041235532 ], [ -75.591244457151774, 38.649062420985729 ], [ -75.592530883266207, 38.649218250397105 ], [ -75.579577825452844, 38.656817789186704 ], [ -75.579174046207342, 38.656479286559296 ], [ -75.580016207803055, 38.656006342796758 ], [ -75.579367277418214, 38.65540225654 ], [ -75.578833078064847, 38.655764410625061 ], [ -75.578858588422278, 38.656277579360179 ], [ -75.577848776041733, 38.656958468394166 ], [ -75.577363961571109, 38.65670293811818 ], [ -75.577315458833951, 38.656383839140126 ], [ -75.578243847917165, 38.655820263808778 ] ] ], [ [ [ -75.573315901372581, 38.659797003208723 ], [ -75.572355569096203, 38.659349455663552 ], [ -75.572216307769267, 38.659758662442719 ], [ -75.571661943034385, 38.65953900967984 ], [ -75.571737218261944, 38.658949231036203 ], [ -75.571202205933218, 38.658234193159203 ], [ -75.571684369475463, 38.65812319480159 ], [ -75.573021872898622, 38.655696102849589 ], [ -75.574437930400109, 38.656175237311174 ], [ -75.573778501404561, 38.657920853179064 ], [ -75.575260246414558, 38.658068214655998 ], [ -75.575903041306006, 38.657724881186766 ], [ -75.576910993275618, 38.658399235503211 ], [ -75.573711863478451, 38.66029198922714 ], [ -75.573315901372581, 38.659797003208723 ] ] ], [ [ [ -75.541601886379851, 38.661690828982501 ], [ -75.541815143733359, 38.661482329589624 ], [ -75.542464950873907, 38.661883425286426 ], [ -75.542050575101328, 38.662267072466022 ], [ -75.541394618094344, 38.661893827730779 ], [ -75.541601886379851, 38.661690828982501 ] ] ], [ [ [ -75.565645372214419, 38.664125505705059 ], [ -75.566438951122947, 38.664502841416812 ], [ -75.566492508680184, 38.664925152771048 ], [ -75.565496807934423, 38.66451305199292 ], [ -75.565645372214419, 38.664125505705059 ] ] ], [ [ [ -75.556872750339849, 38.665269053535326 ], [ -75.555617502054005, 38.663932693078912 ], [ -75.555461260771565, 38.663310798381382 ], [ -75.554672875922037, 38.663517881173533 ], [ -75.55451239548978, 38.663104558815633 ], [ -75.55478952216167, 38.662567955509928 ], [ -75.553796306156002, 38.662691275456957 ], [ -75.552986869287778, 38.662263199802943 ], [ -75.553171985118368, 38.661772573575263 ], [ -75.552564805732999, 38.662057731614709 ], [ -75.551800279239089, 38.661721149765057 ], [ -75.551769218191509, 38.66136843366133 ], [ -75.553116427911306, 38.660051202291065 ], [ -75.558418140089429, 38.663425217995197 ], [ -75.558451254685735, 38.663906625980189 ], [ -75.557814030247386, 38.6640402910433 ], [ -75.557751223635961, 38.664836072148269 ], [ -75.557462478154207, 38.664866212737834 ], [ -75.557476551161457, 38.665196025192749 ], [ -75.558434382528077, 38.665132218970697 ], [ -75.556872750339849, 38.665269053535326 ] ] ], [ [ [ -75.53766043284935, 38.665681266396476 ], [ -75.540641304371803, 38.66263161110323 ], [ -75.544613993223052, 38.665340031575582 ], [ -75.537625594386014, 38.665783361994606 ], [ -75.53766043284935, 38.665681266396476 ] ] ], [ [ [ -75.567319683682015, 38.664054256412371 ], [ -75.56894897068922, 38.664018912309544 ], [ -75.570347827249662, 38.662248950000382 ], [ -75.567947039228656, 38.661212949139077 ], [ -75.567395692833145, 38.661994678753992 ], [ -75.567856237519734, 38.662237220478247 ], [ -75.567492248251455, 38.662626852542694 ], [ -75.566923500590576, 38.662391830885412 ], [ -75.566365071877343, 38.662926827819895 ], [ -75.565732834885424, 38.662559367085933 ], [ -75.566132572610456, 38.662068103871597 ], [ -75.567080769545669, 38.661939681939913 ], [ -75.568046860921342, 38.660929508405999 ], [ -75.56884130580579, 38.661220852405407 ], [ -75.569330048609174, 38.661016217360398 ], [ -75.569095973697273, 38.661377845731622 ], [ -75.569752177740966, 38.661779482829374 ], [ -75.570007840067433, 38.661412420945155 ], [ -75.570514735127759, 38.661675069549702 ], [ -75.570277402924631, 38.662016885796895 ], [ -75.570919822320306, 38.662341790762618 ], [ -75.567454821741762, 38.666679792102165 ], [ -75.56716282256204, 38.666536791416462 ], [ -75.567627715094616, 38.665893163102581 ], [ -75.567319683682015, 38.664054256412371 ] ] ] ] } },
{ "type": "Feature", "properties": { "GEOID": "100050504073", "efa": "Significant", "pop": 2366, "sub_idx": 1, "neighborhoods": "" }, "geometry": { "type": "MultiPolygon", "coordinates": [ [ [ [ -75.557936044819158, 38.663126895279639 ], [ -75.55431693915196, 38.660674632728401 ], [ -75.554138217529555, 38.660005255682428 ], [ -75.553384038729405, 38.659520716066829 ], [ -75.553354672802769, 38.65901219328213 ], [ -75.552150473977875, 38.66064229340747 ], [ -75.551272402228676, 38.66080705242554 ], [ -75.551875622738592, 38.659277489625445 ], [ -75.552510297758189, 38.658609321496186 ], [ -75.55157036712022, 38.657508057604844 ], [ -75.55094141796225, 38.658537571471307 ], [ -75.549466118364393, 38.658289462187646 ], [ -75.549229918936859, 38.658892338601447 ], [ -75.549939970693615, 38.658973509074933 ], [ -75.550348030411428, 38.659702900013485 ], [ -75.549620926833938, 38.659752981963777 ], [ -75.549178907205132, 38.659212993492972 ], [ -75.549042252789164, 38.6596301521935 ], [ -75.549695796022988, 38.659901430449956 ], [ -75.549783072742741, 38.660248124010991 ], [ -75.55068627037042, 38.660443727847309 ], [ -75.550454034309908, 38.660612027583369 ], [ -75.548926965700559, 38.659982087009119 ], [ -75.548800063395305, 38.660369466325804 ], [ -75.549391489923863, 38.661051097179687 ], [ -75.550084866254011, 38.660932327555223 ], [ -75.550818770976505, 38.661491003719647 ], [ -75.550386917581761, 38.662206535163875 ], [ -75.549497719299467, 38.662195631233232 ], [ -75.548948818118149, 38.662670561985479 ], [ -75.546645849445056, 38.661264595674581 ], [ -75.546894243502592, 38.660917054064221 ], [ -75.547589394005428, 38.660886432718115 ], [ -75.547507483821192, 38.660270838050941 ], [ -75.548271651887305, 38.659951353028887 ], [ -75.548248127704952, 38.659210080278818 ], [ -75.548850510985034, 38.658110882372853 ], [ -75.548579228752374, 38.658032728704988 ], [ -75.549009697843275, 38.657463145464476 ], [ -75.548758538771295, 38.65714029969422 ], [ -75.548135847277607, 38.657262522034038 ], [ -75.548052079377342, 38.657838875505561 ], [ -75.547403997002149, 38.657505032784549 ], [ -75.546823077169165, 38.657987229049866 ], [ -75.547471371546763, 38.658800714637607 ], [ -75.546941466140453, 38.658971471291302 ], [ -75.546510156226446, 38.658388299426257 ], [ -75.545218061742602, 38.658032541408836 ], [ -75.545877762029363, 38.658425931729674 ], [ -75.545421998176721, 38.65900548718863 ], [ -75.545603308743765, 38.659254235838596 ], [ -75.545124839073992, 38.659421604011641 ], [ -75.54424255242948, 38.659002484878805 ], [ -75.545163613954912, 38.659856542257295 ], [ -75.544551791177824, 38.659957918039353 ], [ -75.543783118958885, 38.659422159576017 ], [ -75.545722404689201, 38.656867603780256 ], [ -75.552136816890624, 38.650658788736081 ], [ -75.55325881627374, 38.648365788548929 ], [ -75.553419930916576, 38.645367046230817 ], [ -75.5547104075346, 38.645321102832149 ], [ -75.554722780929339, 38.645679886154127 ], [ -75.55359680200948, 38.64629868272845 ], [ -75.553579274081685, 38.646670523453359 ], [ -75.554592550365967, 38.646252297919652 ], [ -75.555526460494903, 38.646369336487481 ], [ -75.555461371264371, 38.646882787912872 ], [ -75.554513293805073, 38.64714137426683 ], [ -75.554919386212418, 38.647487149470948 ], [ -75.554805942466743, 38.647762573073386 ], [ -75.553524146269325, 38.647381533882218 ], [ -75.553981165966732, 38.647970905436949 ], [ -75.553641366532432, 38.649086763412122 ], [ -75.555471660567619, 38.648755059694054 ], [ -75.556333527607407, 38.649085107703677 ], [ -75.556251426082014, 38.649847913105766 ], [ -75.555628481263398, 38.65007861010632 ], [ -75.555972318624924, 38.650530770789288 ], [ -75.554872804073355, 38.650450560301572 ], [ -75.555191067297059, 38.650785060985953 ], [ -75.555121526015952, 38.65132476502513 ], [ -75.556295579176535, 38.651631274138509 ], [ -75.55593404859718, 38.652459388833094 ], [ -75.554920688769585, 38.652212767509646 ], [ -75.554400799578673, 38.653985767102796 ], [ -75.554680699349845, 38.65431163029934 ], [ -75.55457879087075, 38.655028268903287 ], [ -75.550651165107425, 38.65471684968027 ], [ -75.55057354527699, 38.65509644753579 ], [ -75.552493544178148, 38.656212827985748 ], [ -75.552164546985111, 38.656430383645016 ], [ -75.55287865822865, 38.657220675258671 ], [ -75.553291651494007, 38.657280056508917 ], [ -75.553293528972944, 38.65681549529581 ], [ -75.555044846721628, 38.657770754900824 ], [ -75.554590960347923, 38.658270598652571 ], [ -75.554885014873008, 38.658512426256671 ], [ -75.554778173744694, 38.658856074420754 ], [ -75.555180958555155, 38.658567081276708 ], [ -75.555515688796319, 38.658751402242906 ], [ -75.555212178604549, 38.65929054190601 ], [ -75.555576085227827, 38.659092987630054 ], [ -75.556068818347697, 38.659382081066745 ], [ -75.556686923043557, 38.658778558506668 ], [ -75.557603095038885, 38.659442542191826 ], [ -75.556284437372071, 38.660716812080999 ], [ -75.5567865785479, 38.661025489887585 ], [ -75.557036956085568, 38.6608142535787 ], [ -75.557241706393327, 38.659884741882905 ], [ -75.557597543450427, 38.660188346790697 ], [ -75.557321576503568, 38.660543334419643 ], [ -75.557823692526583, 38.660856581557766 ], [ -75.558153292489152, 38.660550083158149 ], [ -75.558313779209612, 38.660716903270448 ], [ -75.557352610601697, 38.661551868502023 ], [ -75.557682196191223, 38.661764700532103 ], [ -75.558443706142413, 38.661072115550645 ], [ -75.558623527302714, 38.661533492632124 ], [ -75.558989354524087, 38.661221610675632 ], [ -75.559155830312534, 38.661418171437589 ], [ -75.558273143917731, 38.662375771390067 ], [ -75.557776945097515, 38.661979524033804 ], [ -75.557462834785369, 38.662280058266219 ], [ -75.558392141048458, 38.662889531765096 ], [ -75.558939905860953, 38.662155005747309 ], [ -75.559608415027412, 38.6625339974198 ], [ -75.558418140089429, 38.663425217995197 ], [ -75.557936044819158, 38.663126895279639 ] ], [ [ -75.551226701336915, 38.657334827513822 ], [ -75.551351885165033, 38.657085825973624 ], [ -75.550819188693126, 38.656717298457728 ], [ -75.550185992300484, 38.657847780865666 ], [ -75.549552079052248, 38.65807005324401 ], [ -75.550548996116902, 38.658360391728827 ], [ -75.551226701336915, 38.657334827513822 ] ] ], [ [ [ -75.556153335442872, 38.643847925745774 ], [ -75.555099391527349, 38.643196426835274 ], [ -75.554373860001633, 38.643118411956145 ], [ -75.556036817662317, 38.639547786375275 ], [ -75.557639316009457, 38.639927672293723 ], [ -75.557404036456759, 38.640468042594456 ], [ -75.558738834154283, 38.640809647803856 ], [ -75.558596806016283, 38.641641550158205 ], [ -75.560066359989577, 38.641269967504712 ], [ -75.558778284568291, 38.640710096586808 ], [ -75.55896631992357, 38.640235703644159 ], [ -75.563494102043379, 38.640998803225216 ], [ -75.563470254467546, 38.64157236729698 ], [ -75.562689851149287, 38.64148591756949 ], [ -75.562001960830571, 38.642011492554182 ], [ -75.562436683444346, 38.642678798829564 ], [ -75.561452564677552, 38.643252766223256 ], [ -75.561118324916521, 38.642679242262361 ], [ -75.560430712177237, 38.642899367702306 ], [ -75.560701079026629, 38.643512773138752 ], [ -75.560484365854208, 38.643632540590239 ], [ -75.559235013211577, 38.643401688122381 ], [ -75.55656433175335, 38.644032617855501 ], [ -75.556153335442872, 38.643847925745774 ] ], [ [ -75.559081726488117, 38.643197009889015 ], [ -75.559515748415961, 38.642307414504558 ], [ -75.558781977542438, 38.642153068764976 ], [ -75.558508854661753, 38.641653383388025 ], [ -75.557723460303805, 38.641759043905054 ], [ -75.557221212228455, 38.642903710102424 ], [ -75.559081726488117, 38.643197009889015 ] ] ], [ [ [ -75.558348156837212, 38.664415584665441 ], [ -75.559908002276345, 38.663448997903608 ], [ -75.5601326116401, 38.66299641653444 ], [ -75.55986728344115, 38.66259280048763 ], [ -75.560281736468824, 38.662259527050772 ], [ -75.560694873464627, 38.66316714985733 ], [ -75.561883973406225, 38.66388717262209 ], [ -75.561693862942633, 38.664170673895704 ], [ -75.562183469925316, 38.664688195727138 ], [ -75.558434382528077, 38.665132218970697 ], [ -75.557945195956961, 38.664760999432495 ], [ -75.558348156837212, 38.664415584665441 ] ] ], [ [ [ -75.550456284589686, 38.665496340412993 ], [ -75.550500169087954, 38.66467180357288 ], [ -75.551795297182508, 38.664790040932303 ], [ -75.551917163532281, 38.664461726245214 ], [ -75.552414639756847, 38.664714727581746 ], [ -75.553078483073719, 38.664119958843074 ], [ -75.55322199702519, 38.663820085360754 ], [ -75.552258177488881, 38.663169725521065 ], [ -75.552504570099927, 38.662902388388133 ], [ -75.553922903034049, 38.663801679210081 ], [ -75.554381757091292, 38.66346364307428 ], [ -75.555375427644478, 38.664122267229921 ], [ -75.554818023909021, 38.66451089302118 ], [ -75.553978624632791, 38.664325972432195 ], [ -75.554386429229069, 38.664745697298478 ], [ -75.554060162016185, 38.665026137002613 ], [ -75.55356127543665, 38.664703780545061 ], [ -75.552709713869788, 38.665582829206521 ], [ -75.550456284589686, 38.665496340412993 ] ] ] ] } },
{ "type": "Feature", "properties": { "GEOID": "100050505032", "efa": "Not EFA", "pop": 2794, "sub_idx": 0, "neighborhoods": "" }, "geometry": { "type": "MultiPolygon", "coordinates": [ [ [ [ -75.407583152610172, 38.740625106670777 ], [ -75.407654608201128, 38.740223476319997 ], [ -75.408433289448993, 38.740444975733595 ], [ -75.408827704655948, 38.740792961372549 ], [ -75.408642103735076, 38.741508242811143 ], [ -75.408135400914247, 38.7414724542109 ], [ -75.40815374900393, 38.740732402923683 ], [ -75.407583152610172, 38.740625106670777 ] ] ], [ [ [ -75.421837452451939, 38.739477990186145 ], [ -75.422339579254739, 38.739328522623396 ], [ -75.42265870935266, 38.739865347642727 ], [ -75.422214312781634, 38.74003390270817 ], [ -75.421837452451939, 38.739477990186145 ] ] ], [ [ [ -75.415656001251477, 38.74161143044217 ], [ -75.415201391733945, 38.741307020511059 ], [ -75.415828661940665, 38.740905228636976 ], [ -75.416447757478267, 38.742214135968545 ], [ -75.415656001251477, 38.74161143044217 ] ] ], [ [ [ -75.377178076411198, 38.751164686929862 ], [ -75.376789997021959, 38.751179451456295 ], [ -75.376619024267185, 38.750759314542549 ], [ -75.377269707265114, 38.750583759414539 ], [ -75.377490217616227, 38.750866864587664 ], [ -75.377178076411198, 38.751164686929862 ] ] ] ] } },
{ "type": "Feature", "properties": { "GEOID": "100050505032", "efa": "Significant", "pop": 2794, "sub_idx": 1, "neighborhoods": "" }, "geometry": { "type": "MultiPolygon", "coordinates": [ [ [ [ -75.388461644913434, 38.720555804797534 ], [ -75.387145280645555, 38.720503317949927 ], [ -75.387103096658109, 38.71991677999236 ], [ -75.386213403404099, 38.719822945779853 ], [ -75.386182866074321, 38.720485499690888 ], [ -75.385772278497313, 38.720533996491788 ], [ -75.385706965586266, 38.719294394754613 ], [ -75.384704528374201, 38.719267907665802 ], [ -75.384666688639484, 38.719831795768307 ], [ -75.384023243367778, 38.7197994411247 ], [ -75.384025342730581, 38.719228927310539 ], [ -75.384457157497778, 38.719228734567402 ], [ -75.384665872969208, 38.718718514406937 ], [ -75.385175194379102, 38.718588199392592 ], [ -75.385399547722997, 38.719172970810781 ], [ -75.387498385027541, 38.719178474857138 ], [ -75.38814180873969, 38.718120812666953 ], [ -75.388908914296778, 38.718026036895992 ], [ -75.389153051238182, 38.716396521746816 ], [ -75.388602280662752, 38.716292394213838 ], [ -75.388593975737933, 38.715140797085837 ], [ -75.389276960356881, 38.714949990567675 ], [ -75.389687997091542, 38.714192492336288 ], [ -75.391558037086497, 38.71291630199142 ], [ -75.391360269383426, 38.712281235851151 ], [ -75.393928698307789, 38.711912874030233 ], [ -75.394139675737122, 38.712476130425593 ], [ -75.394765611945616, 38.712455404024816 ], [ -75.39483261099447, 38.71306592575263 ], [ -75.394043342202664, 38.713091395266005 ], [ -75.394232601063365, 38.713519846131028 ], [ -75.393271178232226, 38.713699681877507 ], [ -75.39178952125711, 38.71343014327698 ], [ -75.39005952771663, 38.715079618300116 ], [ -75.389459415377615, 38.715167849246924 ], [ -75.38926507384906, 38.715968175038078 ], [ -75.390117346881595, 38.715942503984905 ], [ -75.396978351136624, 38.716942927368088 ], [ -75.396788638626703, 38.718921917721097 ], [ -75.397558011531586, 38.718908625397191 ], [ -75.397623752939012, 38.719507842862861 ], [ -75.39672232678906, 38.719614371833202 ], [ -75.396598395212465, 38.720884719301907 ], [ -75.395818794089763, 38.720827976322568 ], [ -75.39648434600231, 38.720738715076514 ], [ -75.396533341914548, 38.720462195703064 ], [ -75.395783605283469, 38.720439485346333 ], [ -75.395782287454949, 38.720687120570425 ], [ -75.394286084060425, 38.7202898034284 ], [ -75.394139840128815, 38.719621876858461 ], [ -75.393833958384675, 38.72028786130754 ], [ -75.393018233309462, 38.720361622613005 ], [ -75.392578368739009, 38.720763879080437 ], [ -75.392072622623957, 38.720552503694989 ], [ -75.39142950254238, 38.720799436957989 ], [ -75.391212828895846, 38.720531253982621 ], [ -75.391861746704279, 38.72049842516563 ], [ -75.391677286643841, 38.72004594104493 ], [ -75.391153246337993, 38.720223334645972 ], [ -75.39132124387254, 38.719403944845951 ], [ -75.388790909804428, 38.719295689987085 ], [ -75.388602870855877, 38.720793207637385 ], [ -75.389706835661386, 38.720896975375823 ], [ -75.389619164581205, 38.721620497028489 ], [ -75.388381433443399, 38.721474347826174 ], [ -75.388461644913434, 38.720555804797534 ] ], [ [ -75.391832423896773, 38.718047688966386 ], [ -75.39192265068391, 38.717775312003155 ], [ -75.392116255593933, 38.716298838406018 ], [ -75.39088996539958, 38.716620166932543 ], [ -75.390828849417545, 38.717370935306647 ], [ -75.391186284577515, 38.717454434443226 ], [ -75.391355552329884, 38.717983903933103 ], [ -75.391832423896773, 38.718047688966386 ] ], [ [ -75.394008186634039, 38.716817446080242 ], [ -75.393254448008364, 38.717142476555544 ], [ -75.393133181733219, 38.717919611393533 ], [ -75.392692152946168, 38.717609675529772 ], [ -75.392611083585038, 38.717050894214076 ], [ -75.392258374461775, 38.718360366925083 ], [ -75.392813575528166, 38.718420067525081 ], [ -75.392912605805094, 38.717949359552975 ], [ -75.393932412841508, 38.718469923354363 ], [ -75.394008186634039, 38.716817446080242 ] ] ], [ [ [ -75.363810500891447, 38.717475899546194 ], [ -75.366960690471913, 38.716831445307875 ], [ -75.36682459301143, 38.718212779830061 ], [ -75.367650576847197, 38.718499589981349 ], [ -75.367328432003148, 38.718954867113901 ], [ -75.368366000529335, 38.719884840306776 ], [ -75.368373001998677, 38.720781608960621 ], [ -75.369262750049927, 38.721017336680362 ], [ -75.370345306205564, 38.720653426951422 ], [ -75.369336957180607, 38.722601264767086 ], [ -75.368717216652612, 38.722930304419769 ], [ -75.365521776236335, 38.722321656929978 ], [ -75.365784014230712, 38.72123822001867 ], [ -75.365508176641242, 38.720367788191822 ], [ -75.364199601665177, 38.719952509305344 ], [ -75.363634767065676, 38.719214206641873 ], [ -75.363810500891447, 38.717475899546194 ] ] ], [ [ [ -75.398269611085581, 38.704327971874243 ], [ -75.39784918965114, 38.703921451055038 ], [ -75.398605448051185, 38.703319279138547 ], [ -75.397709989409663, 38.70259099509439 ], [ -75.398284800698733, 38.701667921739272 ], [ -75.396861681540784, 38.700242484288459 ], [ -75.395107946425682, 38.702383524792879 ], [ -75.392678309009327, 38.701312500779672 ], [ -75.392885124543923, 38.700974446190678 ], [ -75.392673621600181, 38.7007835710154 ], [ -75.393774360555483, 38.699761948136441 ], [ -75.394987599127063, 38.700858131329916 ], [ -75.395657880669575, 38.700195067390723 ], [ -75.395343420912781, 38.699999708879496 ], [ -75.394969741517528, 38.700238809278446 ], [ -75.394733127966632, 38.69998500037557 ], [ -75.395071084057989, 38.699653379595517 ], [ -75.394267759326951, 38.699008143527429 ], [ -75.39238274621286, 38.700645208716466 ], [ -75.39215926064152, 38.700441379025811 ], [ -75.392597115680687, 38.700117297581123 ], [ -75.392197467787199, 38.699780234971669 ], [ -75.393619340981829, 38.698548411547243 ], [ -75.393283720510226, 38.697725789432617 ], [ -75.394252065758948, 38.697570329191294 ], [ -75.400268846784698, 38.703525835375814 ], [ -75.39953025555134, 38.704050636103929 ], [ -75.399144282711418, 38.703719871213906 ], [ -75.398269611085581, 38.704327971874243 ] ] ], [ [ [ -75.371958492707947, 38.726466627943509 ], [ -75.371874451719862, 38.726142685492661 ], [ -75.374001199680279, 38.726229285299986 ], [ -75.37366983003659, 38.725708262916939 ], [ -75.374805135265703, 38.725187468007007 ], [ -75.374772804898612, 38.72451129496752 ], [ -75.376494100052199, 38.723360660770936 ], [ -75.375735594965633, 38.721788197347074 ], [ -75.376243805159518, 38.720744145411025 ], [ -75.376504030029338, 38.720736490517581 ], [ -75.377077046484473, 38.722346152463189 ], [ -75.379682498574951, 38.721916368209698 ], [ -75.379873171383892, 38.721217929993784 ], [ -75.380508799516008, 38.721507743892808 ], [ -75.377642671601421, 38.724015345122957 ], [ -75.37276637279578, 38.727145669801423 ], [ -75.373153485597797, 38.727736936995228 ], [ -75.372460676104595, 38.728130706644706 ], [ -75.371958492707947, 38.726466627943509 ] ] ], [ [ [ -75.390224767423263, 38.695721804403334 ], [ -75.391343769128298, 38.694918804344766 ], [ -75.39383338256458, 38.697184141827343 ], [ -75.393021389091047, 38.697767903487133 ], [ -75.391671779971119, 38.697982284525914 ], [ -75.390994143023079, 38.699212128035214 ], [ -75.389205399663041, 38.696444466110108 ], [ -75.390224767423263, 38.695721804403334 ] ] ], [ [ [ -75.366173396177118, 38.72873151606457 ], [ -75.364714241101566, 38.728557234780737 ], [ -75.364085362910501, 38.728772160519149 ], [ -75.364108512495392, 38.728325279083968 ], [ -75.364790077776163, 38.728077633187318 ], [ -75.364931509432822, 38.727544909669859 ], [ -75.364176505080906, 38.727490732012612 ], [ -75.3640807437733, 38.72795939878452 ], [ -75.362939285084508, 38.727831142751654 ], [ -75.362777802132399, 38.728465374135787 ], [ -75.361217392551268, 38.728590315684556 ], [ -75.361810653439633, 38.726894677658692 ], [ -75.363478330848835, 38.727069289574295 ], [ -75.363528994932551, 38.726664917111123 ], [ -75.365448113484717, 38.726291726520223 ], [ -75.365538117489677, 38.726566447478106 ], [ -75.365058684825897, 38.726614584139853 ], [ -75.364998777976226, 38.727206075080851 ], [ -75.365399738308355, 38.727235302880942 ], [ -75.365262882669768, 38.727843637307643 ], [ -75.366864693805695, 38.727978436671172 ], [ -75.366617251962381, 38.728907743715396 ], [ -75.366173396177118, 38.72873151606457 ] ] ], [ [ [ -75.363921146384982, 38.717385122267572 ], [ -75.362752510065576, 38.716847827617791 ], [ -75.365191762150417, 38.714433808583784 ], [ -75.365269761968221, 38.714738808966345 ], [ -75.370671367704247, 38.715797823509192 ], [ -75.370558606678202, 38.716573597782102 ], [ -75.370167962598799, 38.71667589623371 ], [ -75.368998948986956, 38.716257275669193 ], [ -75.369278142682319, 38.715983624626901 ], [ -75.370161721104211, 38.716399643607907 ], [ -75.370007313283281, 38.715799531645516 ], [ -75.368541653506739, 38.715520932455753 ], [ -75.367961664328391, 38.715905172474606 ], [ -75.366727996270598, 38.715848696796598 ], [ -75.365701149137323, 38.715500870709619 ], [ -75.364339760409095, 38.71616621717807 ], [ -75.364617426968437, 38.716472834880207 ], [ -75.365694430637305, 38.716392272819334 ], [ -75.365663835815369, 38.716934386121679 ], [ -75.36519520539288, 38.717023324095486 ], [ -75.364550386597116, 38.716628920592072 ], [ -75.363921146384982, 38.717385122267572 ] ] ], [ [ [ -75.398823099963053, 38.711443046369077 ], [ -75.398216323921247, 38.710467018275665 ], [ -75.398689652532667, 38.71013161738999 ], [ -75.399385748961478, 38.710309809470516 ], [ -75.399654477283775, 38.709821067348003 ], [ -75.398954477675048, 38.709387545151664 ], [ -75.399908360047689, 38.709233766681848 ], [ -75.400421779571914, 38.707037394999773 ], [ -75.401348239073883, 38.707177471499094 ], [ -75.400811422029776, 38.708265856050943 ], [ -75.402923307363821, 38.709190233581211 ], [ -75.402996248768261, 38.709576412889867 ], [ -75.402169966691829, 38.709635574764746 ], [ -75.402088965602658, 38.709187194822171 ], [ -75.401540088675858, 38.709892848684802 ], [ -75.400016878330632, 38.709294407210102 ], [ -75.39952339871077, 38.710331546593011 ], [ -75.400210997077025, 38.710540099261792 ], [ -75.399356398306196, 38.71173067015976 ], [ -75.399429498712436, 38.712090946013468 ], [ -75.398857962680921, 38.712443053276857 ], [ -75.398520815971636, 38.711920810251009 ], [ -75.398823099963053, 38.711443046369077 ] ] ], [ [ [ -75.384768400387529, 38.698531054739369 ], [ -75.384293765625699, 38.698329906998218 ], [ -75.384500727585689, 38.698010582009395 ], [ -75.384120759983432, 38.697540939224979 ], [ -75.382734729568639, 38.69737113831799 ], [ -75.382940766263886, 38.695492803915464 ], [ -75.383456118064302, 38.695892116130452 ], [ -75.383147997718453, 38.696116373027742 ], [ -75.383325956671186, 38.697031444852598 ], [ -75.383877836665988, 38.6972113094536 ], [ -75.385027767366253, 38.695967804024917 ], [ -75.385571767339385, 38.696377804084769 ], [ -75.386526768114564, 38.695369804094767 ], [ -75.387284701872602, 38.69586536726873 ], [ -75.38589343427968, 38.697055573262261 ], [ -75.385085643125066, 38.698670539360066 ], [ -75.384768400387529, 38.698531054739369 ] ] ], [ [ [ -75.380791702355168, 38.727780361389087 ], [ -75.381073954814084, 38.72724022533864 ], [ -75.382289207408519, 38.727056574829454 ], [ -75.382896687729541, 38.725799452918388 ], [ -75.383448616233352, 38.725919512322662 ], [ -75.383718222209666, 38.725558898995025 ], [ -75.383416796109358, 38.725359190392908 ], [ -75.383682896859455, 38.725117395225659 ], [ -75.384044944868407, 38.725271719106658 ], [ -75.384812036052452, 38.724609646889817 ], [ -75.384469963880477, 38.72427876967285 ], [ -75.384846017523017, 38.724060786684042 ], [ -75.384688603939153, 38.723803203526032 ], [ -75.385753419266251, 38.723145615028749 ], [ -75.386282521578693, 38.723479586105093 ], [ -75.383674408678317, 38.726048214703503 ], [ -75.382880650106756, 38.728150050033044 ], [ -75.380791702355168, 38.727780361389087 ] ] ], [ [ [ -75.410359307062535, 38.723012503297738 ], [ -75.409574033977137, 38.721864715681818 ], [ -75.408933869352836, 38.721981059445746 ], [ -75.408123055367298, 38.719405813398133 ], [ -75.408754923151619, 38.7191115683896 ], [ -75.411077393351206, 38.722882748381693 ], [ -75.410359307062535, 38.723012503297738 ] ] ], [ [ [ -75.363574416448259, 38.733519493490483 ], [ -75.363378358239189, 38.732808567793533 ], [ -75.363039631393306, 38.732840672685498 ], [ -75.363007044108073, 38.73319914001074 ], [ -75.36149308281702, 38.733137920624578 ], [ -75.361541748149222, 38.733456688594188 ], [ -75.360847922661435, 38.733500213922206 ], [ -75.360789877121022, 38.733035921132888 ], [ -75.361717914962966, 38.732947979932646 ], [ -75.362371961253331, 38.730643657101176 ], [ -75.363205545734701, 38.730627618529113 ], [ -75.363360853667572, 38.731279793426452 ], [ -75.362679756409023, 38.731282949675688 ], [ -75.362403532544008, 38.731956453907706 ], [ -75.363058449301903, 38.732271611948988 ], [ -75.363251139726955, 38.732745692196943 ], [ -75.364150679414806, 38.732757019142433 ], [ -75.364221726272319, 38.733155383953331 ], [ -75.363972827361593, 38.733655439771198 ], [ -75.362961245299928, 38.734182028316233 ], [ -75.361720044868491, 38.734169342866771 ], [ -75.362620366090653, 38.733633460277879 ], [ -75.363574416448259, 38.733519493490483 ] ] ], [ [ [ -75.405006512185793, 38.713889661123616 ], [ -75.403718339746462, 38.713879729555309 ], [ -75.404272218492778, 38.713519032339683 ], [ -75.404418406728837, 38.712965998339513 ], [ -75.403262075532183, 38.713053293330461 ], [ -75.403088377288853, 38.712751816428806 ], [ -75.404305268410383, 38.712380135225196 ], [ -75.404116728201927, 38.711993999099917 ], [ -75.405153959859902, 38.711665335278248 ], [ -75.406070978068229, 38.713730409601744 ], [ -75.405006512185793, 38.713889661123616 ] ] ], [ [ [ -75.400891991927608, 38.717514746985508 ], [ -75.400713363729992, 38.716777846888512 ], [ -75.402181038427699, 38.716133630975122 ], [ -75.402176413002294, 38.715340544058208 ], [ -75.403094479544578, 38.715205027640089 ], [ -75.403234010366077, 38.716146602796343 ], [ -75.403556536994103, 38.716129165449452 ], [ -75.403603653630768, 38.715651463338432 ], [ -75.404347924013322, 38.71564425017953 ], [ -75.404313132262374, 38.717430144700188 ], [ -75.403926766858675, 38.71741468491048 ], [ -75.40391536723773, 38.716268924144146 ], [ -75.403516619456155, 38.71622996247968 ], [ -75.402089490218785, 38.716683264189392 ], [ -75.401466656791257, 38.717611933829225 ], [ -75.400891991927608, 38.717514746985508 ] ] ], [ [ [ -75.362435761401443, 38.721059809877616 ], [ -75.362522507216866, 38.719747268416285 ], [ -75.363527609730369, 38.719850706859042 ], [ -75.363755417994852, 38.720862654578831 ], [ -75.364271427362041, 38.720865141258464 ], [ -75.364231827827695, 38.721204058481923 ], [ -75.362636553732059, 38.720940961816972 ], [ -75.362609521628542, 38.721432178348785 ], [ -75.363040189247116, 38.721454540762366 ], [ -75.36299631822358, 38.721872522540579 ], [ -75.363486313278457, 38.721906869485096 ], [ -75.363474707044986, 38.72287509021308 ], [ -75.362337553981334, 38.722704128587068 ], [ -75.362435761401443, 38.721059809877616 ] ] ], [ [ [ -75.409991097509035, 38.725956336816225 ], [ -75.410358967499363, 38.725768304284429 ], [ -75.409514332841681, 38.725905235949497 ], [ -75.409271772443589, 38.72555717357141 ], [ -75.408154578148938, 38.725881298086428 ], [ -75.407756068420909, 38.725297328640416 ], [ -75.41047723250314, 38.724298205212484 ], [ -75.410632117329484, 38.724533903110398 ], [ -75.410244161907727, 38.724570832041174 ], [ -75.410251893707368, 38.725070024960566 ], [ -75.409757391804732, 38.725331235923711 ], [ -75.41057833429511, 38.725829662440908 ], [ -75.41013606134139, 38.726141220085985 ], [ -75.410558180591707, 38.726695389772594 ], [ -75.410459261705881, 38.727043961699408 ], [ -75.409846944855403, 38.726841336274731 ], [ -75.409588724126976, 38.726212960505009 ], [ -75.409991097509035, 38.725956336816225 ] ] ], [ [ [ -75.411284685891218, 38.746403349353294 ], [ -75.4106839815624, 38.74623896399342 ], [ -75.410802971506627, 38.745678749598746 ], [ -75.413139774326567, 38.745742899454889 ], [ -75.413215602916338, 38.745300508022893 ], [ -75.413926026575623, 38.745072170803518 ], [ -75.414281954362551, 38.7442837812712 ], [ -75.413691178214265, 38.744296378045071 ], [ -75.413690852125811, 38.743925690472487 ], [ -75.414584726139168, 38.743665915157329 ], [ -75.41360674017082, 38.746154975833115 ], [ -75.41250970946102, 38.74605780399294 ], [ -75.411284685891218, 38.746403349353294 ] ] ], [ [ [ -75.416562800225137, 38.733740958337307 ], [ -75.418039398786874, 38.733129025334009 ], [ -75.417473668567013, 38.732087319865457 ], [ -75.417784183821396, 38.73191616164457 ], [ -75.419009180441748, 38.733441766239117 ], [ -75.41789483829811, 38.73385076517522 ], [ -75.417713928379655, 38.733580339754219 ], [ -75.417138536778936, 38.733719247955207 ], [ -75.417277352541475, 38.734100927030894 ], [ -75.418102061667838, 38.734335675327181 ], [ -75.417508383062867, 38.734809725759654 ], [ -75.416983767835262, 38.734800452983073 ], [ -75.417075056431074, 38.73434640919811 ], [ -75.416562800225137, 38.733740958337307 ] ] ], [ [ [ -75.400543539920477, 38.703937447249807 ], [ -75.40187189400244, 38.70513392555398 ], [ -75.400990142753855, 38.705973370915586 ], [ -75.400581998594419, 38.705561468622349 ], [ -75.400942387415043, 38.705251449030669 ], [ -75.400037838721161, 38.704355176745494 ], [ -75.400543539920477, 38.703937447249807 ] ] ], [ [ [ -75.418970684038555, 38.740564669296319 ], [ -75.420687676261906, 38.739911530953201 ], [ -75.421033920210078, 38.740480716502177 ], [ -75.418734214218105, 38.741351184267607 ], [ -75.418572144666129, 38.740892753181697 ], [ -75.418970684038555, 38.740564669296319 ] ] ], [ [ [ -75.375842887048222, 38.719035965968445 ], [ -75.37564574636923, 38.718281771595741 ], [ -75.377009781534298, 38.718468474611711 ], [ -75.378080236484735, 38.719279200302132 ], [ -75.375923310520662, 38.719273048647104 ], [ -75.375842887048222, 38.719035965968445 ] ] ], [ [ [ -75.382833923338922, 38.71904892534787 ], [ -75.382695402223817, 38.718973936136095 ], [ -75.381370512943874, 38.718294626678833 ], [ -75.38184405176105, 38.717802610584144 ], [ -75.382567311447445, 38.717778958075904 ], [ -75.382502472846866, 38.718227996236983 ], [ -75.383512304990361, 38.718634652284436 ], [ -75.383410569886124, 38.719278493811522 ], [ -75.383081631083598, 38.719381394655016 ], [ -75.382833923338922, 38.71904892534787 ] ] ], [ [ [ -75.358635197843483, 38.74394852998887 ], [ -75.359625199677069, 38.742045869816465 ], [ -75.35964273928299, 38.742052164547459 ], [ -75.359373094679114, 38.742555242361824 ], [ -75.35998320436893, 38.743620245044895 ], [ -75.359829287028163, 38.743932712303838 ], [ -75.358784386452598, 38.743662479898212 ], [ -75.358668714885056, 38.743884264315881 ], [ -75.359400451972775, 38.74413071897569 ], [ -75.358888865910046, 38.744497514150837 ], [ -75.358427257618146, 38.744347221233468 ], [ -75.358635197843483, 38.74394852998887 ] ] ], [ [ [ -75.386140131419637, 38.72162387447549 ], [ -75.385384380567729, 38.721589358487449 ], [ -75.385648645161396, 38.720911723031705 ], [ -75.387319823305262, 38.721495563616742 ], [ -75.38690299153869, 38.722202297241253 ], [ -75.386321953128089, 38.722028158424592 ], [ -75.386140131419637, 38.72162387447549 ] ] ], [ [ [ -75.410217905948613, 38.748332264649001 ], [ -75.41123006652532, 38.748496267567475 ], [ -75.41111451892526, 38.749122152179268 ], [ -75.410073431698081, 38.74944017624199 ], [ -75.409961604919943, 38.748409359168768 ], [ -75.410217905948613, 38.748332264649001 ] ] ], [ [ [ -75.360311886253299, 38.735918322261135 ], [ -75.360280749747233, 38.735297794582749 ], [ -75.36189637876889, 38.735452155334464 ], [ -75.361494754581756, 38.735942026924953 ], [ -75.360311886253299, 38.735918322261135 ] ] ], [ [ [ -75.407172447353858, 38.717060168593527 ], [ -75.40575427072659, 38.716942302860467 ], [ -75.405761282975703, 38.716388267808995 ], [ -75.407298483683149, 38.716513484906088 ], [ -75.407507284494528, 38.716899675119372 ], [ -75.407172447353858, 38.717060168593527 ] ] ], [ [ [ -75.384517649150695, 38.729644991061996 ], [ -75.383014062502866, 38.72965271297695 ], [ -75.382872841052006, 38.728898922181735 ], [ -75.384580964208553, 38.72925170769448 ], [ -75.384517649150695, 38.729644991061996 ] ] ], [ [ [ -75.362261762222488, 38.751632286230219 ], [ -75.362631220434238, 38.751031813760967 ], [ -75.363231779235974, 38.751232735433319 ], [ -75.362877591485727, 38.752172838909431 ], [ -75.362045898856337, 38.751983120480283 ], [ -75.362261762222488, 38.751632286230219 ] ] ], [ [ [ -75.38213818982949, 38.702488282497633 ], [ -75.381361684301268, 38.702910821909697 ], [ -75.381321711067756, 38.702910029729907 ], [ -75.381580364784128, 38.701875421458091 ], [ -75.382536244111662, 38.702147687247788 ], [ -75.38213818982949, 38.702488282497633 ] ] ], [ [ [ -75.39726418248361, 38.725325340590494 ], [ -75.39644205062379, 38.72513326193075 ], [ -75.396529982215384, 38.724564580622754 ], [ -75.397618208537082, 38.724928723433358 ], [ -75.39726418248361, 38.725325340590494 ] ] ], [ [ [ -75.380410286668692, 38.717865768476095 ], [ -75.380080940031021, 38.718147082903542 ], [ -75.379337885069035, 38.717719034755454 ], [ -75.380109846918543, 38.717360036976764 ], [ -75.380410286668692, 38.717865768476095 ] ] ] ] } },
{ "type": "Feature", "properties": { "GEOID": "100050507012", "efa": "Moderate", "pop": 1452, "sub_idx": 0, "neighborhoods": "" }, "geometry": { "type": "MultiPolygon", "coordinates": [ [ [ [ -75.296852293062045, 38.641967310228182 ], [ -75.296774256413315, 38.641518991741812 ], [ -75.291709434467194, 38.641910115230104 ], [ -75.292061325225234, 38.641402812487165 ], [ -75.293143126796025, 38.641349386988757 ], [ -75.292970331359555, 38.640706864771147 ], [ -75.293625911972441, 38.640404864077681 ], [ -75.294531688663312, 38.640405465397187 ], [ -75.294955388050212, 38.640738232882647 ], [ -75.294836506802156, 38.639847675871508 ], [ -75.295709414136752, 38.639419501590361 ], [ -75.295633837075272, 38.637628304042025 ], [ -75.295383297840857, 38.637635643651826 ], [ -75.295258572153543, 38.637106552693304 ], [ -75.294660943656282, 38.637121271313511 ], [ -75.294765724049341, 38.638610297859742 ], [ -75.294098739323914, 38.638650117845778 ], [ -75.293987841403776, 38.639063165923233 ], [ -75.293951084138996, 38.638658932268605 ], [ -75.293386833444401, 38.638794150234396 ], [ -75.293738372961158, 38.639366553150083 ], [ -75.293190335060842, 38.639964225317371 ], [ -75.292298231626901, 38.639773915737194 ], [ -75.291804730447481, 38.635184935647708 ], [ -75.293020377402343, 38.635150473381145 ], [ -75.293102296569742, 38.635785757537519 ], [ -75.293763388346875, 38.635697073626517 ], [ -75.293870171983016, 38.636124769132365 ], [ -75.294526934778816, 38.63625210269948 ], [ -75.295326906997218, 38.636177000727258 ], [ -75.295310222587432, 38.635116245468538 ], [ -75.296237115975686, 38.635043108494592 ], [ -75.296965908385914, 38.642297938885925 ], [ -75.296097149471265, 38.642348190171504 ], [ -75.296128276994196, 38.641987824105897 ], [ -75.296852293062045, 38.641967310228182 ] ] ], [ [ [ -75.20430289918157, 38.617746649200875 ], [ -75.204054001169169, 38.61754385034363 ], [ -75.20445330051632, 38.617143069343385 ], [ -75.204079145013964, 38.616384626254678 ], [ -75.204505252784159, 38.616076932509131 ], [ -75.203635950388758, 38.615889515904243 ], [ -75.203932470789326, 38.615534999121884 ], [ -75.205647466057798, 38.616736147391116 ], [ -75.20430289918157, 38.617746649200875 ] ] ], [ [ [ -75.200026340812443, 38.621720574667521 ], [ -75.198284004419961, 38.621475371959257 ], [ -75.197862178020415, 38.621748259414197 ], [ -75.198398167716164, 38.619742725017595 ], [ -75.199779559230834, 38.620855662033591 ], [ -75.199639910730028, 38.621290691910815 ], [ -75.200777399763609, 38.62160183038241 ], [ -75.200744326489783, 38.622098427795102 ], [ -75.199965763819563, 38.621995500726612 ], [ -75.200026340812443, 38.621720574667521 ] ] ], [ [ [ -75.217598641817958, 38.625312978152174 ], [ -75.217568862666283, 38.624975709249107 ], [ -75.218523095381897, 38.624954911183259 ], [ -75.218536005070831, 38.624605837539079 ], [ -75.219570296542884, 38.624568966483103 ], [ -75.219975197784166, 38.624203200398256 ], [ -75.219263293701275, 38.62359210222769 ], [ -75.218786050231856, 38.623905814106443 ], [ -75.218255137814111, 38.623602208448773 ], [ -75.217986138200587, 38.622943091061089 ], [ -75.21758664391902, 38.622912710354029 ], [ -75.217334032271225, 38.623616132573261 ], [ -75.216486300222428, 38.62372362756566 ], [ -75.216709449823853, 38.622714435358809 ], [ -75.216348911882875, 38.622676375834153 ], [ -75.216261571382759, 38.623112148427957 ], [ -75.215696467288666, 38.623081900437619 ], [ -75.215855973947143, 38.622504508008127 ], [ -75.219107710883961, 38.622981795423129 ], [ -75.221941795892363, 38.624647195251605 ], [ -75.221115313491609, 38.625310896601135 ], [ -75.217598641817958, 38.625312978152174 ] ] ], [ [ [ -75.209557473163457, 38.62558047239785 ], [ -75.208817432947569, 38.625385504658382 ], [ -75.208291989473267, 38.624301036848593 ], [ -75.207980119559451, 38.624308855056356 ], [ -75.20805891528461, 38.625287181231776 ], [ -75.207327957036213, 38.625272290345137 ], [ -75.206002367968679, 38.624646075863616 ], [ -75.207054195453395, 38.623781823832857 ], [ -75.206547175527248, 38.623399885842261 ], [ -75.205621891919989, 38.624065261338927 ], [ -75.205290224933933, 38.623667940258578 ], [ -75.205806259453936, 38.623117389661793 ], [ -75.20616715133113, 38.623461133193494 ], [ -75.206654111876986, 38.623032844892307 ], [ -75.206215237249978, 38.622666159295314 ], [ -75.208581348504381, 38.620486492682325 ], [ -75.21004363870027, 38.621341657660743 ], [ -75.210551258701031, 38.620892353220249 ], [ -75.211101305234322, 38.621231935656006 ], [ -75.211553561165815, 38.620813800313002 ], [ -75.210987930658945, 38.620347816547181 ], [ -75.20996862937406, 38.620648210982736 ], [ -75.210461543055303, 38.620026949124998 ], [ -75.210285999672365, 38.619927687689326 ], [ -75.209594867333806, 38.620554871219468 ], [ -75.209107306713335, 38.620272212231754 ], [ -75.210273941586308, 38.619800655703663 ], [ -75.213631229670682, 38.622003882760417 ], [ -75.212627076676426, 38.623068204302875 ], [ -75.211453081008031, 38.622287320275227 ], [ -75.210765965037083, 38.623107375311491 ], [ -75.209148832235655, 38.621854594260917 ], [ -75.208718909320453, 38.622386537037038 ], [ -75.210247373013459, 38.62372540527489 ], [ -75.20947094294371, 38.624201085127893 ], [ -75.208720104978113, 38.623620469123431 ], [ -75.208213842331759, 38.624087019045412 ], [ -75.208963322044653, 38.624701556780799 ], [ -75.209021573299253, 38.624399435317656 ], [ -75.209372190246228, 38.624391463422704 ], [ -75.209227544417487, 38.624918203126249 ], [ -75.209853755510466, 38.625566100203514 ], [ -75.209557473163457, 38.62558047239785 ] ] ], [ [ [ -75.201161522074031, 38.626880090322878 ], [ -75.201726963934689, 38.626781025048565 ], [ -75.201908920390423, 38.626035587120306 ], [ -75.201311935985217, 38.62591399436301 ], [ -75.201645961947193, 38.62550626667614 ], [ -75.200714775510193, 38.624839036335096 ], [ -75.20092774719943, 38.624546175154293 ], [ -75.202318802789947, 38.625470012265815 ], [ -75.202952272270423, 38.627015657540426 ], [ -75.202586066858345, 38.627551268145254 ], [ -75.201452023762201, 38.62727747220562 ], [ -75.201161522074031, 38.626880090322878 ] ] ], [ [ [ -75.270464663375023, 38.626926117827011 ], [ -75.271230953261835, 38.627042408269574 ], [ -75.270868576469482, 38.627640389518156 ], [ -75.270470215861806, 38.627545593534073 ], [ -75.270718653936783, 38.626969719922634 ], [ -75.270464663375023, 38.626926117827011 ] ] ], [ [ [ -75.235582110712144, 38.627496585956393 ], [ -75.235506609109152, 38.626709923886708 ], [ -75.234355457598426, 38.626681960339184 ], [ -75.234057188178014, 38.627710064440855 ], [ -75.233415381433389, 38.6276326615016 ], [ -75.233719605785822, 38.625676400177007 ], [ -75.238172953501177, 38.625974261261085 ], [ -75.237946020195778, 38.628164032278221 ], [ -75.237083306943006, 38.627655700981713 ], [ -75.235841107584989, 38.627485310412105 ], [ -75.236154701365834, 38.628293524609894 ], [ -75.235461174118711, 38.628292661426684 ], [ -75.235582110712144, 38.627496585956393 ] ] ], [ [ [ -75.259562376710292, 38.625618246151767 ], [ -75.25985649950735, 38.625028380578307 ], [ -75.260481280482409, 38.625272797749808 ], [ -75.260600768991623, 38.625031208860044 ], [ -75.259668529729097, 38.624586152438546 ], [ -75.259393362282836, 38.625040847475034 ], [ -75.258831752635203, 38.624874910684262 ], [ -75.259313528105238, 38.623881726308824 ], [ -75.266321220957948, 38.625914564924955 ], [ -75.265728922165238, 38.626545460510854 ], [ -75.26154261393944, 38.625355149549186 ], [ -75.259452798415296, 38.628700941704125 ], [ -75.259034817703494, 38.62767067558714 ], [ -75.259453958140341, 38.627027633542319 ], [ -75.258883548596174, 38.626776317442769 ], [ -75.259562376710292, 38.625618246151767 ] ] ], [ [ [ -75.275050827005145, 38.630487798125422 ], [ -75.275581584912658, 38.629444481021181 ], [ -75.276031803465088, 38.629579254609311 ], [ -75.27578045844183, 38.630646375988285 ], [ -75.275050827005145, 38.630487798125422 ] ] ], [ [ [ -75.199942707659474, 38.631215069275235 ], [ -75.198920606325842, 38.630573423225499 ], [ -75.195714783181515, 38.629817968503772 ], [ -75.196507991085809, 38.626823260848568 ], [ -75.198557776782579, 38.627149134582559 ], [ -75.199264039445481, 38.626280077354338 ], [ -75.200238838191211, 38.626602275467732 ], [ -75.20023797850348, 38.626888290724295 ], [ -75.199719187952169, 38.626908698736763 ], [ -75.199512806303844, 38.627301591846432 ], [ -75.199962855972984, 38.627397428898313 ], [ -75.199824521707441, 38.627865344471424 ], [ -75.200340351411569, 38.627958601734875 ], [ -75.200573625026237, 38.629703091699206 ], [ -75.202087592605494, 38.630641007585922 ], [ -75.200666043702654, 38.631672322931593 ], [ -75.199942707659474, 38.631215069275235 ] ] ], [ [ [ -75.279534063466642, 38.631400450070515 ], [ -75.279267535118478, 38.628886787255432 ], [ -75.281614730547929, 38.62931679430406 ], [ -75.286160731400031, 38.62896279372525 ], [ -75.289225930473151, 38.630320519552491 ], [ -75.288688581626388, 38.631056158638181 ], [ -75.286327240426147, 38.629687854357741 ], [ -75.283676478211035, 38.62971406583921 ], [ -75.281913755451512, 38.630035358692879 ], [ -75.28187489612894, 38.630469546217121 ], [ -75.281421112163187, 38.630453679565413 ], [ -75.281090854633817, 38.631064879960654 ], [ -75.281149520910077, 38.632114849114267 ], [ -75.279764019602979, 38.632485136813955 ], [ -75.279534063466642, 38.631400450070515 ] ] ], [ [ [ -75.292907789751155, 38.632191897048067 ], [ -75.295279624172224, 38.632156143549793 ], [ -75.295287090968884, 38.632451172884309 ], [ -75.292902237264371, 38.632449481704711 ], [ -75.292907789751155, 38.632191897048067 ] ] ], [ [ [ -75.294480458640948, 38.633092119346962 ], [ -75.296038264006086, 38.633161778445867 ], [ -75.296162259363072, 38.634334906713939 ], [ -75.295373215150107, 38.634372838653761 ], [ -75.295356687047189, 38.633748638299274 ], [ -75.294279079710464, 38.63370034440247 ], [ -75.294480458640948, 38.633092119346962 ] ] ], [ [ [ -75.199060570135302, 38.635423856826023 ], [ -75.199428601822376, 38.634841741621671 ], [ -75.199779448738056, 38.634956265652875 ], [ -75.199867564484279, 38.635430143402232 ], [ -75.19897833925252, 38.636033071842853 ], [ -75.199060570135302, 38.635423856826023 ] ] ], [ [ [ -75.196297240031953, 38.636495952532762 ], [ -75.194115179206236, 38.635763297468898 ], [ -75.1942603972618, 38.635222034913113 ], [ -75.195766080577499, 38.635499025547581 ], [ -75.196170551525753, 38.63584479447632 ], [ -75.195985328795629, 38.636266705715173 ], [ -75.196482498694692, 38.636243574273074 ], [ -75.1966700893839, 38.635745837020153 ], [ -75.196282937056012, 38.635401958008345 ], [ -75.196765216480884, 38.633314299412838 ], [ -75.194895014789211, 38.63284217744058 ], [ -75.195414230243642, 38.630927969531989 ], [ -75.196149775289868, 38.631102843805863 ], [ -75.19600652184981, 38.63169308115495 ], [ -75.197030912989121, 38.631969354213233 ], [ -75.19685386762302, 38.633082547776716 ], [ -75.197322985830695, 38.632921215399762 ], [ -75.198688462791807, 38.633298654434419 ], [ -75.19855079148293, 38.634370338441634 ], [ -75.198049174923227, 38.634785291768452 ], [ -75.198317242983777, 38.635043527414766 ], [ -75.19787447326172, 38.635751469581912 ], [ -75.197842160860944, 38.636553899857489 ], [ -75.196297240031953, 38.636495952532762 ] ] ], [ [ [ -75.216106479943903, 38.636602683017323 ], [ -75.2163097749809, 38.635893951423498 ], [ -75.217514102264872, 38.636022067093641 ], [ -75.217393966968672, 38.636682346950487 ], [ -75.216106479943903, 38.636602683017323 ] ] ], [ [ [ -75.270602064290983, 38.634750299517378 ], [ -75.272416389873698, 38.635649520637301 ], [ -75.273493354915004, 38.636596990176869 ], [ -75.273127323776066, 38.636971725191898 ], [ -75.272241576821088, 38.636550425068272 ], [ -75.272041637889984, 38.636108460960536 ], [ -75.270103248678353, 38.635054904921553 ], [ -75.270602064290983, 38.634750299517378 ] ] ], [ [ [ -75.206318799527509, 38.637514245286781 ], [ -75.206189642450909, 38.637013318556185 ], [ -75.204608729721727, 38.637225980006953 ], [ -75.204334471370544, 38.636345026975313 ], [ -75.203958286573965, 38.636389033834831 ], [ -75.203677473216146, 38.635695928448079 ], [ -75.204600611646498, 38.635527015829531 ], [ -75.204848749684174, 38.636255864497222 ], [ -75.205643050838177, 38.636117271485723 ], [ -75.205695498077745, 38.635519357430141 ], [ -75.206293672750689, 38.635372788110324 ], [ -75.206498025104793, 38.63590462919997 ], [ -75.207032376273446, 38.635779487833375 ], [ -75.206395935166015, 38.633615767902356 ], [ -75.206883122087305, 38.633500871921029 ], [ -75.206775628782097, 38.633134009688007 ], [ -75.209213773244187, 38.632793485051707 ], [ -75.209280106641387, 38.633200575534062 ], [ -75.208922769397788, 38.633301238189311 ], [ -75.209081115432923, 38.633712666640115 ], [ -75.210547201909208, 38.633745052502064 ], [ -75.210299712455182, 38.632810601669824 ], [ -75.211864444729443, 38.632833238797893 ], [ -75.211682614936166, 38.633994654435348 ], [ -75.210993193888214, 38.63399014238108 ], [ -75.211574211637554, 38.634737370477353 ], [ -75.211476661784232, 38.635401847840569 ], [ -75.20975160718119, 38.635257486551801 ], [ -75.207068602633925, 38.635858868492512 ], [ -75.20720849637479, 38.636455717349882 ], [ -75.20650115124198, 38.636606353576539 ], [ -75.20671139564601, 38.637455243403814 ], [ -75.206318799527509, 38.637514245286781 ] ] ], [ [ [ -75.203069920131611, 38.637249614241803 ], [ -75.201762790544848, 38.637529009432754 ], [ -75.201210845871344, 38.6370140721708 ], [ -75.203081687163518, 38.636493142947316 ], [ -75.203254750297958, 38.637173700058291 ], [ -75.203557444819452, 38.637212782667099 ], [ -75.204292453571455, 38.638506541256483 ], [ -75.203515215017944, 38.638372112835583 ], [ -75.203580942052341, 38.637851196990326 ], [ -75.203069920131611, 38.637249614241803 ] ] ], [ [ [ -75.265959833210729, 38.638239568166973 ], [ -75.267271232490032, 38.637118553673766 ], [ -75.26785339828632, 38.637833403751429 ], [ -75.268463201650647, 38.637192633002009 ], [ -75.268262375184037, 38.63628077192984 ], [ -75.269535425383864, 38.636989644247159 ], [ -75.269330242088159, 38.637019179067444 ], [ -75.269635381823861, 38.638264922580404 ], [ -75.268776553784676, 38.638427703819765 ], [ -75.268957425075556, 38.639164738829955 ], [ -75.266803243464679, 38.639127066938336 ], [ -75.265959833210729, 38.638239568166973 ] ] ], [ [ [ -75.202576911228959, 38.64036051797688 ], [ -75.198452704437059, 38.637773798684563 ], [ -75.197394973224306, 38.637174435427333 ], [ -75.197873035957272, 38.63669614012516 ], [ -75.198416686485743, 38.637249950349997 ], [ -75.19998895023538, 38.63773663899179 ], [ -75.20141030240714, 38.637569584329988 ], [ -75.203374925120031, 38.639501266686914 ], [ -75.203284343498353, 38.640286459464207 ], [ -75.202576911228959, 38.64036051797688 ] ] ], [ [ [ -75.206190102388319, 38.640130219804291 ], [ -75.205770673592298, 38.640112303639135 ], [ -75.205642862191979, 38.639653257039058 ], [ -75.205178101711738, 38.639782022044358 ], [ -75.204839435053003, 38.639008270786967 ], [ -75.207030347877534, 38.638542674701817 ], [ -75.206861948796075, 38.637932206060952 ], [ -75.207531732671896, 38.637834749576697 ], [ -75.207809242026102, 38.638799564336573 ], [ -75.20658528924811, 38.639013802051842 ], [ -75.20637762570388, 38.639361414144048 ], [ -75.207020131337813, 38.639963199489401 ], [ -75.206916114512751, 38.640722145377971 ], [ -75.206376377943968, 38.640828433141799 ], [ -75.206190102388319, 38.640130219804291 ] ] ], [ [ [ -75.262753834894923, 38.642534508327863 ], [ -75.263100077046445, 38.642060269192939 ], [ -75.263382279199689, 38.642180191327633 ], [ -75.26304050886165, 38.64266147197273 ], [ -75.262753834894923, 38.642534508327863 ] ] ], [ [ [ -75.21575885438682, 38.64019978225155 ], [ -75.215875972241989, 38.639265967073946 ], [ -75.217135068910522, 38.639363896640447 ], [ -75.216994438551112, 38.638022958565109 ], [ -75.217518628875595, 38.638029811168799 ], [ -75.217681350604465, 38.636880066877183 ], [ -75.218365303607285, 38.636919435935759 ], [ -75.21847790473322, 38.636123407837687 ], [ -75.218941357266374, 38.636180273445603 ], [ -75.218170381767052, 38.6427344776857 ], [ -75.215398434125149, 38.642518887814148 ], [ -75.21575885438682, 38.64019978225155 ] ] ], [ [ [ -75.246013446606028, 38.641913409437578 ], [ -75.245222284165635, 38.641634117639953 ], [ -75.245940379437457, 38.640375002277167 ], [ -75.244847505232457, 38.639887175914154 ], [ -75.244599280956535, 38.640770740464589 ], [ -75.243756610914375, 38.641110668692278 ], [ -75.243500093391731, 38.641625116945583 ], [ -75.244301590949462, 38.641964752044743 ], [ -75.244179159559408, 38.642326858287589 ], [ -75.24348620633576, 38.642344901597113 ], [ -75.243355954212817, 38.641795737726547 ], [ -75.242607467138299, 38.641451418338569 ], [ -75.245446915088962, 38.635956163465536 ], [ -75.24638032305964, 38.636390125673358 ], [ -75.245832577111784, 38.636541698799597 ], [ -75.245656699555568, 38.636933504127434 ], [ -75.246327733886275, 38.637598431261139 ], [ -75.245977304687216, 38.637800057029075 ], [ -75.24536948570136, 38.637318169757791 ], [ -75.245161867072895, 38.637727821648809 ], [ -75.245902520838115, 38.638317335753442 ], [ -75.246122109517756, 38.637985161174285 ], [ -75.246595761522642, 38.638161036368366 ], [ -75.246362195057216, 38.638621897230998 ], [ -75.24584925882661, 38.638545698919373 ], [ -75.246779643068052, 38.638873775244967 ], [ -75.245957557920633, 38.641460694099962 ], [ -75.2462430470095, 38.641537381165861 ], [ -75.246627450492625, 38.64090870632328 ], [ -75.247307617994821, 38.641152806239333 ], [ -75.247884005827203, 38.640215799005951 ], [ -75.248632219813871, 38.64049747353971 ], [ -75.246701018022804, 38.643723478822984 ], [ -75.246012199744413, 38.643416399135184 ], [ -75.246434866068753, 38.642661157640575 ], [ -75.245780929372842, 38.642407474294359 ], [ -75.246013446606028, 38.641913409437578 ] ] ], [ [ [ -75.259809526601146, 38.645400830041922 ], [ -75.254682900563495, 38.642528484084892 ], [ -75.254721643105057, 38.642301780353129 ], [ -75.255801873522429, 38.641751019212137 ], [ -75.256870651318224, 38.642303688807964 ], [ -75.256486733823664, 38.642658259189197 ], [ -75.257202912988987, 38.643131163375401 ], [ -75.258254776406318, 38.642940238454337 ], [ -75.258616789380994, 38.643262803719978 ], [ -75.257986213374039, 38.643719354677629 ], [ -75.258623709103617, 38.644049135412146 ], [ -75.259143198544209, 38.643583014984159 ], [ -75.259579534532222, 38.643847260607451 ], [ -75.259421653824404, 38.644278513798781 ], [ -75.260035440318703, 38.644726744860648 ], [ -75.260478634045583, 38.644269712696229 ], [ -75.259817266485641, 38.643931238479226 ], [ -75.260522217608226, 38.643243527880124 ], [ -75.261350019634108, 38.643592449738598 ], [ -75.259809526601146, 38.645400830041922 ] ] ], [ [ [ -75.296290263002845, 38.643734131577872 ], [ -75.297095493958921, 38.643675062547956 ], [ -75.297291607863542, 38.645650542932948 ], [ -75.296189913100761, 38.645637496586183 ], [ -75.296290263002845, 38.643734131577872 ] ] ], [ [ [ -75.275227518435017, 38.645399188982005 ], [ -75.274977472375667, 38.645051289046904 ], [ -75.273654329420651, 38.645360667913941 ], [ -75.273173849321282, 38.644246625232498 ], [ -75.272867872355718, 38.644331693652127 ], [ -75.272636835546109, 38.643998944957112 ], [ -75.273009687592975, 38.64388417086262 ], [ -75.27212970692382, 38.643782546409781 ], [ -75.272203173842684, 38.64310578261825 ], [ -75.271580978219035, 38.643486999606061 ], [ -75.271288926038707, 38.64325722787877 ], [ -75.271848171320499, 38.642855713551299 ], [ -75.271624068606585, 38.64223944752392 ], [ -75.270065125974298, 38.642091861236814 ], [ -75.271552873527057, 38.640151162921413 ], [ -75.273257179741975, 38.641097252451317 ], [ -75.272697571540775, 38.64173165315529 ], [ -75.273053541548521, 38.642140073702812 ], [ -75.274080690515746, 38.642057308972973 ], [ -75.274426126878467, 38.642707842266738 ], [ -75.273746426500225, 38.642979477890613 ], [ -75.273861796233831, 38.643176114671128 ], [ -75.275450183844498, 38.642731610109166 ], [ -75.275755399936983, 38.643138630118251 ], [ -75.274925544362375, 38.643399434496231 ], [ -75.27504661570309, 38.64366823504082 ], [ -75.275373551262547, 38.644159799154771 ], [ -75.276282131595423, 38.643842888796378 ], [ -75.276717915119519, 38.644425537797041 ], [ -75.276112950979638, 38.644634309251472 ], [ -75.277023328841395, 38.645343287681762 ], [ -75.274436618302673, 38.645995664422543 ], [ -75.274485319567475, 38.64560266328489 ], [ -75.275227518435017, 38.645399188982005 ] ] ], [ [ [ -75.244575313006436, 38.646355888957522 ], [ -75.243265963682603, 38.645045011733892 ], [ -75.242671175658245, 38.644478939953771 ], [ -75.243159762154761, 38.644147172105249 ], [ -75.243564835872576, 38.644419487051607 ], [ -75.243085434649828, 38.644722668482764 ], [ -75.243348991371036, 38.645001819848645 ], [ -75.243763805521482, 38.644639248620791 ], [ -75.244157737434819, 38.645007357667076 ], [ -75.24408863722654, 38.645441011090746 ], [ -75.244812464648177, 38.645519924303834 ], [ -75.244575313006436, 38.646355888957522 ] ] ], [ [ [ -75.240863865019605, 38.643953909281272 ], [ -75.241645181026172, 38.642757109574902 ], [ -75.242841191707242, 38.643426501860247 ], [ -75.243278583215698, 38.642903750797032 ], [ -75.243711139093008, 38.64318568489356 ], [ -75.243955717107198, 38.64300786377774 ], [ -75.244399550434579, 38.64357254112133 ], [ -75.244003263138566, 38.644072483942303 ], [ -75.242501539596631, 38.64360841451623 ], [ -75.240144598344656, 38.646600010310472 ], [ -75.239239780156183, 38.646205278834771 ], [ -75.240863865019605, 38.643953909281272 ] ] ], [ [ [ -75.292754772522287, 38.646049515135445 ], [ -75.292811128331635, 38.645793191020843 ], [ -75.293379686447992, 38.645844071999875 ], [ -75.293346317628462, 38.646118716125635 ], [ -75.29389195253539, 38.646174008533876 ], [ -75.293774251673611, 38.647157781658827 ], [ -75.292675136872347, 38.647101571627374 ], [ -75.292754772522287, 38.646049515135445 ] ] ], [ [ [ -75.261692772729091, 38.647341090825869 ], [ -75.259412688637866, 38.64619288016565 ], [ -75.259641285623161, 38.645692068817795 ], [ -75.26047528422788, 38.646044232780369 ], [ -75.260670210559709, 38.6457835116965 ], [ -75.261099159701132, 38.645941987666525 ], [ -75.261205058496728, 38.646278445111577 ], [ -75.261596790435917, 38.646007642866522 ], [ -75.262151329443967, 38.646241146702081 ], [ -75.262196132020449, 38.646503206872147 ], [ -75.261109945772745, 38.646493152289402 ], [ -75.26199764207189, 38.646912444942949 ], [ -75.261692772729091, 38.647341090825869 ] ] ], [ [ [ -75.276589972565191, 38.647959844289396 ], [ -75.277223126736999, 38.647802091905746 ], [ -75.277837241116373, 38.648646892940391 ], [ -75.276855127389268, 38.648831100521718 ], [ -75.276589972565191, 38.647959844289396 ] ] ], [ [ [ -75.237688209099147, 38.648749806303009 ], [ -75.23559130317247, 38.648327669677187 ], [ -75.236188909211847, 38.647102051515461 ], [ -75.236655987345515, 38.647902435180235 ], [ -75.23738989476297, 38.647604364224584 ], [ -75.238398525858912, 38.648953176378853 ], [ -75.237688209099147, 38.648749806303009 ] ] ], [ [ [ -75.259351035463297, 38.648223685799017 ], [ -75.260576810922984, 38.647144024173855 ], [ -75.261611439263277, 38.647631811662912 ], [ -75.261776911633547, 38.648185159935167 ], [ -75.261317249092542, 38.648463989117985 ], [ -75.26082542416944, 38.648210689031401 ], [ -75.260545021341699, 38.648572600245643 ], [ -75.261218733550294, 38.649045421903303 ], [ -75.261039001323184, 38.649380719815795 ], [ -75.259420686338842, 38.648676687450632 ], [ -75.259351035463297, 38.648223685799017 ] ] ], [ [ [ -75.269345887147139, 38.648500053699323 ], [ -75.270424843753418, 38.648555756095433 ], [ -75.270334545999376, 38.649254597331428 ], [ -75.269557704501239, 38.649553285816367 ], [ -75.269677596354001, 38.649111519055687 ], [ -75.269345887147139, 38.648500053699323 ] ] ], [ [ [ -75.264575433238164, 38.651108472086548 ], [ -75.261885205337663, 38.649812614609452 ], [ -75.26199560020126, 38.649608948807483 ], [ -75.261661618256724, 38.649446432199703 ], [ -75.261632620639347, 38.648798092164313 ], [ -75.261915560309447, 38.648538460125827 ], [ -75.262646676661291, 38.648793407051571 ], [ -75.263263867770519, 38.648143713370551 ], [ -75.263174881556793, 38.64739855791499 ], [ -75.263562879199355, 38.647169658177972 ], [ -75.263352783017339, 38.648484203667081 ], [ -75.264488598489535, 38.647948406390306 ], [ -75.264950755652066, 38.648213348019361 ], [ -75.264302805329208, 38.649815077801613 ], [ -75.265365001168931, 38.65014667839359 ], [ -75.265766320827154, 38.650780735900732 ], [ -75.264575433238164, 38.651108472086548 ] ] ], [ [ [ -75.257112006177195, 38.648682722401979 ], [ -75.257826271032641, 38.64792002737132 ], [ -75.258411887257935, 38.648144167293211 ], [ -75.25523618282844, 38.652815191367623 ], [ -75.254605463989364, 38.65271775863048 ], [ -75.257112006177195, 38.648682722401979 ] ] ], [ [ [ -75.233430464147006, 38.653385882101745 ], [ -75.233753503713061, 38.653359574047194 ], [ -75.233772759999482, 38.653672832961092 ], [ -75.233509451213308, 38.654894029315948 ], [ -75.232717686901651, 38.654872527892842 ], [ -75.233430464147006, 38.653385882101745 ] ] ] ] } },
{ "type": "Feature", "properties": { "GEOID": "100050507012", "efa": "Not EFA", "pop": 1452, "sub_idx": 1, "neighborhoods": "" }, "geometry": { "type": "MultiPolygon", "coordinates": [ [ [ [ -75.218401825513482, 38.654181681979168 ], [ -75.217818262836929, 38.654238342444557 ], [ -75.216697336940555, 38.652106536619364 ], [ -75.217158323598284, 38.651836648064659 ], [ -75.217980623443054, 38.645421387138001 ], [ -75.22154974415291, 38.645771747204179 ], [ -75.221171953168607, 38.648955817799951 ], [ -75.22194615900969, 38.649063521049989 ], [ -75.220951699735664, 38.654382928569746 ], [ -75.220154049662284, 38.655328697615111 ], [ -75.219263526364941, 38.654466174335326 ], [ -75.218401825513482, 38.654181681979168 ] ], [ [ -75.220667512305639, 38.65179868608103 ], [ -75.218676845636026, 38.651673606141401 ], [ -75.218628101252079, 38.652218649928784 ], [ -75.219044209874838, 38.653071444761785 ], [ -75.2204430215195, 38.652929320477597 ], [ -75.220667512305639, 38.65179868608103 ] ], [ [ -75.219986018890069, 38.648998974327938 ], [ -75.218873417681436, 38.648911259502938 ], [ -75.218713271422487, 38.650699850796428 ], [ -75.219779404578091, 38.650781036867762 ], [ -75.219986018890069, 38.648998974327938 ] ] ], [ [ [ -75.204733141897009, 38.622243074557851 ], [ -75.204536595902738, 38.622019255785531 ], [ -75.205348778022454, 38.621522233912522 ], [ -75.204661132943826, 38.620950301927564 ], [ -75.204330958957783, 38.621164227324286 ], [ -75.203953344941567, 38.620822502527666 ], [ -75.204360724634725, 38.620581216583638 ], [ -75.204036970009696, 38.620095884671436 ], [ -75.205025617183836, 38.619648006325598 ], [ -75.206178982143427, 38.619700186757214 ], [ -75.205696174509129, 38.619579618501554 ], [ -75.205881563427596, 38.619159653591197 ], [ -75.204469506124056, 38.618761745241756 ], [ -75.20430702873692, 38.618134037172524 ], [ -75.205492896540122, 38.617207954986704 ], [ -75.205647466057798, 38.616736147391116 ], [ -75.20775390760123, 38.618165838391384 ], [ -75.207235590462076, 38.618604926651905 ], [ -75.208358210581068, 38.619121114912048 ], [ -75.208498805906189, 38.619528771517643 ], [ -75.207948879747121, 38.619979384338436 ], [ -75.207238109338149, 38.61981528523161 ], [ -75.206900646421857, 38.62046857020394 ], [ -75.206568885112716, 38.620407120269114 ], [ -75.206078322322583, 38.621016461486803 ], [ -75.205443809898043, 38.620834288661236 ], [ -75.206464122685972, 38.621825490438397 ], [ -75.206025434010229, 38.62240870722858 ], [ -75.204733141897009, 38.622243074557851 ] ], [ [ -75.205047607043667, 38.620664969749555 ], [ -75.205223167494609, 38.620571777396684 ], [ -75.204663016710981, 38.620310542543862 ], [ -75.205047607043667, 38.620664969749555 ] ], [ [ -75.205377985845615, 38.620379535369594 ], [ -75.205706635390612, 38.620633043305787 ], [ -75.206069177472983, 38.620041441043092 ], [ -75.205547478176783, 38.619892509213152 ], [ -75.205377985845615, 38.620379535369594 ] ] ], [ [ [ -75.202395262895365, 38.630723003046072 ], [ -75.200573625026237, 38.629703091699206 ], [ -75.200340351411569, 38.627958601734875 ], [ -75.199824521707441, 38.627865344471424 ], [ -75.199962452629407, 38.627369147710766 ], [ -75.204770431862769, 38.628216107563169 ], [ -75.204263908704988, 38.628939763086407 ], [ -75.202818454734114, 38.629155218360957 ], [ -75.202867290746227, 38.63057513830887 ], [ -75.202395262895365, 38.630723003046072 ] ] ], [ [ [ -75.203747656792657, 38.629456387142781 ], [ -75.20486023913665, 38.62929394693959 ], [ -75.205993223119094, 38.628387892224708 ], [ -75.208767836062421, 38.628799464664766 ], [ -75.209271322016221, 38.628980846714974 ], [ -75.209499558777111, 38.62962585301851 ], [ -75.208938530339438, 38.630398379239189 ], [ -75.205361490980366, 38.630882242138647 ], [ -75.204013702745527, 38.630425750460375 ], [ -75.203747656792657, 38.629456387142781 ] ] ], [ [ [ -75.267567591193838, 38.641549174419112 ], [ -75.267033525689442, 38.640863223156494 ], [ -75.266705620847816, 38.641150240308662 ], [ -75.266174831499256, 38.640637083198371 ], [ -75.26621579557451, 38.639959679257522 ], [ -75.266803243464679, 38.639127066938336 ], [ -75.268957425075556, 38.639164738829955 ], [ -75.269103520785166, 38.639608492982994 ], [ -75.268368516524745, 38.639836660481386 ], [ -75.26889453851409, 38.64040314852781 ], [ -75.268607397423423, 38.640801293227916 ], [ -75.267137186781653, 38.640468218710005 ], [ -75.267745951693513, 38.641270536541185 ], [ -75.269548963893527, 38.641513867624667 ], [ -75.269836922451105, 38.641151614137563 ], [ -75.269629086430342, 38.640837747574714 ], [ -75.270480169195139, 38.640486740314962 ], [ -75.271010548013621, 38.640757354331107 ], [ -75.269689825119968, 38.642507757766303 ], [ -75.267567591193838, 38.641549174419112 ] ] ], [ [ [ -75.215135375968941, 38.644032405965973 ], [ -75.218000724145867, 38.644182345697914 ], [ -75.217919687124095, 38.644873894931173 ], [ -75.215115007568187, 38.644673577929552 ], [ -75.215135375968941, 38.644032405965973 ] ] ], [ [ [ -75.294737339981296, 38.647149777214956 ], [ -75.294960453650091, 38.646039762177551 ], [ -75.296670779475718, 38.646510933555987 ], [ -75.296611840111638, 38.647115831459416 ], [ -75.294737339981296, 38.647149777214956 ] ] ], [ [ [ -75.246497785867888, 38.647926305835604 ], [ -75.246356191616158, 38.647553660593722 ], [ -75.245881184053502, 38.64759021253402 ], [ -75.246167503185674, 38.64701334933347 ], [ -75.246605455242886, 38.646904147205909 ], [ -75.246091902768001, 38.646823939674015 ], [ -75.246032348057938, 38.646305450349068 ], [ -75.246781525936896, 38.645981795159749 ], [ -75.246159024886026, 38.645841165959624 ], [ -75.246387865314759, 38.645373439280874 ], [ -75.246919261924461, 38.645570846871657 ], [ -75.247091116824834, 38.645189742001214 ], [ -75.246716212127538, 38.644682714354211 ], [ -75.247407167497983, 38.64487737072011 ], [ -75.246956614772273, 38.644230204544805 ], [ -75.247666807564556, 38.644320612297506 ], [ -75.247455957696005, 38.643515889059579 ], [ -75.248017671548212, 38.643740149404891 ], [ -75.247600777797913, 38.643319462998107 ], [ -75.247806694118907, 38.642989055155574 ], [ -75.248224235554559, 38.643132664862947 ], [ -75.248415126654095, 38.642727751124234 ], [ -75.248048096588576, 38.642104543376433 ], [ -75.248742725170231, 38.642343887731109 ], [ -75.248215886612286, 38.641830686544495 ], [ -75.249158547230422, 38.641593693090719 ], [ -75.248521037127787, 38.641297825026669 ], [ -75.248738326120304, 38.640973390138562 ], [ -75.249341914041153, 38.641153015330794 ], [ -75.249516838484851, 38.640840658027749 ], [ -75.250761669906666, 38.641326596784275 ], [ -75.250840114390527, 38.641784747894931 ], [ -75.250309274736324, 38.64271821101088 ], [ -75.249482904624998, 38.642601170689446 ], [ -75.248714034776697, 38.643243603655989 ], [ -75.249507614583521, 38.643411582466335 ], [ -75.249339520030929, 38.643816530930458 ], [ -75.248477750907512, 38.643565031624554 ], [ -75.248309873747218, 38.64387464072594 ], [ -75.248902032402725, 38.64407808568 ], [ -75.248768383749692, 38.644372846339159 ], [ -75.248183812265083, 38.644172391121074 ], [ -75.248061645878025, 38.64442843758016 ], [ -75.248672901818153, 38.644590200107338 ], [ -75.247897550625069, 38.644744009476156 ], [ -75.248127507659689, 38.645504070104309 ], [ -75.247622547570501, 38.645372250055736 ], [ -75.247401308685696, 38.645753284496671 ], [ -75.24788721281277, 38.645911891031623 ], [ -75.24772311845814, 38.646224483016454 ], [ -75.247157505019274, 38.646035967216463 ], [ -75.24703896333439, 38.646363521643096 ], [ -75.247456814688789, 38.64638200383812 ], [ -75.247497848832637, 38.646703829565531 ], [ -75.248312080009555, 38.646689696640124 ], [ -75.246988703492548, 38.646732885403217 ], [ -75.247751266269248, 38.647180887127554 ], [ -75.247597643575887, 38.647886765322674 ], [ -75.246497785867888, 38.647926305835604 ] ] ], [ [ [ -75.214865723280212, 38.64882067162516 ], [ -75.21431497606099, 38.648772049724911 ], [ -75.214418796155002, 38.647249795865548 ], [ -75.213471056462282, 38.647065818550132 ], [ -75.213517878451512, 38.646629727794775 ], [ -75.213795766894762, 38.646701713555821 ], [ -75.213796876314134, 38.646308444070279 ], [ -75.214535308545663, 38.646345474434234 ], [ -75.214586540364635, 38.645959442123363 ], [ -75.215559078949113, 38.645421265058303 ], [ -75.217564474396113, 38.645596303932344 ], [ -75.21703649228283, 38.650218107090154 ], [ -75.215549085191569, 38.650016060243516 ], [ -75.215586847671176, 38.649583139582859 ], [ -75.214898476753788, 38.649333170994588 ], [ -75.214865723280212, 38.64882067162516 ] ], [ [ -75.214978208523462, 38.647726262566152 ], [ -75.214892835333799, 38.648636000275353 ], [ -75.216343858859418, 38.648730853260446 ], [ -75.216450496968477, 38.647818170805209 ], [ -75.214978208523462, 38.647726262566152 ] ] ], [ [ [ -75.241392118424102, 38.654684512579891 ], [ -75.24140265835733, 38.654301799194322 ], [ -75.242744190724537, 38.654348476236279 ], [ -75.242749322799767, 38.654873676973963 ], [ -75.243981986541058, 38.65500273592275 ], [ -75.241385985625655, 38.654907172189212 ], [ -75.241392118424102, 38.654684512579891 ] ] ], [ [ [ -75.250865930175181, 38.65573834546371 ], [ -75.251062689070181, 38.655368372919796 ], [ -75.250191510992479, 38.655196279013261 ], [ -75.24991762184888, 38.655181244216067 ], [ -75.249916783720707, 38.655543136352954 ], [ -75.248017027456157, 38.655375363465311 ], [ -75.247919007783935, 38.655677510114664 ], [ -75.245665433875075, 38.655094800384319 ], [ -75.246245441918049, 38.654835192567894 ], [ -75.246037971511612, 38.654104381284306 ], [ -75.24633041356077, 38.653101386858303 ], [ -75.247240137449012, 38.653480566043669 ], [ -75.247380163242227, 38.65409387949547 ], [ -75.248020247916457, 38.654578085422401 ], [ -75.249358166361276, 38.654819205738704 ], [ -75.249295047136144, 38.655190119741548 ], [ -75.250472493233559, 38.65483543879968 ], [ -75.252476341781644, 38.655170219257258 ], [ -75.252680993274737, 38.65551710127594 ], [ -75.253405018325736, 38.654698002040682 ], [ -75.253799112834145, 38.654870891960492 ], [ -75.253167395966784, 38.655800085001864 ], [ -75.252090817201051, 38.656002253030493 ], [ -75.250865930175181, 38.65573834546371 ] ] ] ] } },
{ "type": "Feature", "properties": { "GEOID": "100050504061", "efa": "Moderate", "pop": 1829, "sub_idx": 0, "neighborhoods": "" }, "geometry": { "type": "MultiPolygon", "coordinates": [ [ [ [ -75.597241719583025, 38.687190155457472 ], [ -75.596919333092174, 38.686733481194992 ], [ -75.596212951851669, 38.686819938020243 ], [ -75.596260778157387, 38.686326696986974 ], [ -75.596677211071977, 38.686256936013848 ], [ -75.596503031331636, 38.68591875557253 ], [ -75.595146445895196, 38.686739564828457 ], [ -75.592667052591906, 38.685716240762247 ], [ -75.593957435785157, 38.681529232744658 ], [ -75.592603600091806, 38.68128822830873 ], [ -75.592803683651681, 38.68048925418725 ], [ -75.591833101597913, 38.680328198258991 ], [ -75.591912391396448, 38.679740840525376 ], [ -75.59281967366374, 38.679851888824537 ], [ -75.593158736479509, 38.67862509405186 ], [ -75.592259330640644, 38.678384117004143 ], [ -75.591996218585507, 38.678788888806551 ], [ -75.592080396117524, 38.678053507626558 ], [ -75.593437098334931, 38.678175784738222 ], [ -75.593593490534317, 38.677561364000987 ], [ -75.592771700932602, 38.677325232825424 ], [ -75.592943373474995, 38.676246652251749 ], [ -75.592329969663012, 38.676148188210924 ], [ -75.592386970462741, 38.675713014394709 ], [ -75.594089168331678, 38.67598785818587 ], [ -75.594028758425452, 38.676382928375929 ], [ -75.59558945367084, 38.676701467667137 ], [ -75.594610122924507, 38.67688690681306 ], [ -75.59445361484245, 38.677496735662665 ], [ -75.596613985845636, 38.678097444686962 ], [ -75.596483882843046, 38.678690568519279 ], [ -75.605038492581315, 38.680900905363742 ], [ -75.605324046348883, 38.680334137275104 ], [ -75.605999795936526, 38.680144277156032 ], [ -75.605972317370288, 38.681140363428987 ], [ -75.606519475819965, 38.681304552844253 ], [ -75.607457113059027, 38.680800693171435 ], [ -75.607293265741092, 38.681563980553044 ], [ -75.611643433861232, 38.682716117049971 ], [ -75.611837643337452, 38.681990611241893 ], [ -75.612402184187872, 38.682092215147925 ], [ -75.613179339198041, 38.682370103793865 ], [ -75.613005861940266, 38.683069845061823 ], [ -75.613905734004774, 38.683299385298376 ], [ -75.61325816097434, 38.683643328229103 ], [ -75.610160381802487, 38.6827341368624 ], [ -75.608544986342807, 38.683597220750094 ], [ -75.606300978593396, 38.683066988917354 ], [ -75.60564762849738, 38.68195581174821 ], [ -75.605221739017807, 38.682349767675717 ], [ -75.603419318807553, 38.68273013908285 ], [ -75.602119222131151, 38.682079143181305 ], [ -75.600493637081215, 38.682389275839306 ], [ -75.599479378938312, 38.681390619318769 ], [ -75.598820221233979, 38.679779164981674 ], [ -75.594376419915136, 38.678627481215933 ], [ -75.594023013699214, 38.679254470185114 ], [ -75.593300805041707, 38.679231729207167 ], [ -75.593350969662126, 38.679538521418095 ], [ -75.594130847465905, 38.679419686384932 ], [ -75.594402264445861, 38.67998883200368 ], [ -75.595223688433236, 38.680086878415558 ], [ -75.596300553761537, 38.680845002317099 ], [ -75.597806864999626, 38.680569282365582 ], [ -75.598310295257889, 38.680777044551853 ], [ -75.598092823907393, 38.681310761762774 ], [ -75.59850854176301, 38.681833020766739 ], [ -75.598239641862477, 38.683373447728854 ], [ -75.597627676253268, 38.684881924775503 ], [ -75.596906015568081, 38.685100528604707 ], [ -75.597852968336639, 38.686515753952008 ], [ -75.598403450552865, 38.686678942337572 ], [ -75.598387073366908, 38.687020381167436 ], [ -75.598140810113236, 38.687310828046044 ], [ -75.597241719583025, 38.687190155457472 ] ] ], [ [ [ -75.620145533477896, 38.664660215432754 ], [ -75.619815560714457, 38.664254143262333 ], [ -75.622015697440347, 38.664013303012453 ], [ -75.621995117037173, 38.664433909994877 ], [ -75.620145533477896, 38.664660215432754 ] ] ], [ [ [ -75.618542837501394, 38.664215789451163 ], [ -75.618810154570383, 38.664679059749432 ], [ -75.618554098781786, 38.665027366583601 ], [ -75.617938250653921, 38.664942027441612 ], [ -75.617431051963052, 38.66429936748564 ], [ -75.618542837501394, 38.664215789451163 ] ] ], [ [ [ -75.59525255309994, 38.667104099412398 ], [ -75.595565571060689, 38.666046617415958 ], [ -75.597212173095016, 38.666603582246033 ], [ -75.597498132002784, 38.66607401359957 ], [ -75.59576751233655, 38.665471939734395 ], [ -75.597012441674764, 38.663087974807297 ], [ -75.598850744190699, 38.663682627263114 ], [ -75.598182965354567, 38.664850458913776 ], [ -75.598921429027129, 38.665272827136583 ], [ -75.598757510742317, 38.665783663600024 ], [ -75.598079554892337, 38.666378196876884 ], [ -75.598087862512074, 38.667018938094401 ], [ -75.597218879018627, 38.666844167593347 ], [ -75.596560821750501, 38.668266057987175 ], [ -75.597994848252611, 38.668867945638269 ], [ -75.596306677576834, 38.668598402896741 ], [ -75.596677724908304, 38.667454344318912 ], [ -75.59525255309994, 38.667104099412398 ] ] ], [ [ [ -75.618736163035365, 38.673215366089813 ], [ -75.618777315756859, 38.672643390001724 ], [ -75.619763222171073, 38.672790428023582 ], [ -75.620004728845302, 38.671805028420493 ], [ -75.620977164123516, 38.671949203861296 ], [ -75.62047871592182, 38.674008042840128 ], [ -75.618736163035365, 38.673215366089813 ] ] ], [ [ [ -75.593662850355713, 38.673225247900056 ], [ -75.594323701384383, 38.670902593633791 ], [ -75.596394310927749, 38.671290009961091 ], [ -75.596232238680813, 38.671800203140094 ], [ -75.597894059074363, 38.672105571210395 ], [ -75.597787941988173, 38.672494643909829 ], [ -75.595273616796717, 38.672002412969142 ], [ -75.594973309098918, 38.673027323888249 ], [ -75.604723637565797, 38.674876058438649 ], [ -75.604472493765186, 38.675780441868973 ], [ -75.594697409525722, 38.673968907364113 ], [ -75.59484472963905, 38.673466139921715 ], [ -75.593662850355713, 38.673225247900056 ] ] ], [ [ [ -75.619477953169437, 38.675968903934979 ], [ -75.619649045400138, 38.674319768114174 ], [ -75.62038707698305, 38.674435217912432 ], [ -75.620036873261128, 38.676056130476425 ], [ -75.619477953169437, 38.675968903934979 ] ] ], [ [ [ -75.60274129648225, 38.683775160589896 ], [ -75.602475885638299, 38.683279529791257 ], [ -75.602953636655855, 38.683177339232792 ], [ -75.603478842076598, 38.683678776944767 ], [ -75.604394182231999, 38.683276580390739 ], [ -75.604698808131346, 38.6834846425592 ], [ -75.60425250982685, 38.684311381959425 ], [ -75.602845888229098, 38.684336441680458 ], [ -75.603025892645718, 38.68400941433115 ], [ -75.60274129648225, 38.683775160589896 ] ] ], [ [ [ -75.6178754251779, 38.686706302577242 ], [ -75.617569079004767, 38.686661199792596 ], [ -75.617633461261178, 38.686058682006795 ], [ -75.617231611596935, 38.685476400419894 ], [ -75.616291219224905, 38.685110154231786 ], [ -75.614327714914552, 38.683407020774041 ], [ -75.614557291063491, 38.682504838144396 ], [ -75.616568612696426, 38.682948732656001 ], [ -75.616722896549859, 38.682289641454247 ], [ -75.614690750171988, 38.681894681005652 ], [ -75.614892988790231, 38.680752270400184 ], [ -75.616927953183136, 38.681076616297496 ], [ -75.617028634563539, 38.680704365127319 ], [ -75.616312154462605, 38.680562583901086 ], [ -75.616808064025307, 38.679648048270906 ], [ -75.615889536647288, 38.679480028204907 ], [ -75.615988777129985, 38.679083015038955 ], [ -75.61679052262275, 38.679213259695985 ], [ -75.617021905283735, 38.678850627406504 ], [ -75.615263681287161, 38.678567397450493 ], [ -75.615407340765714, 38.677738907190999 ], [ -75.619684377936892, 38.677365701730942 ], [ -75.618475332701067, 38.683388626671345 ], [ -75.617352707192182, 38.683139943632611 ], [ -75.617103422904208, 38.684128936660095 ], [ -75.618333461768231, 38.684464449686601 ], [ -75.6178754251779, 38.686706302577242 ] ] ], [ [ [ -75.615517204724966, 38.693556086418923 ], [ -75.614909895083869, 38.693644010187434 ], [ -75.615449074697182, 38.693147816022993 ], [ -75.616304415476421, 38.693101044378629 ], [ -75.616453163911061, 38.692499176098082 ], [ -75.61550750830979, 38.692283719190279 ], [ -75.615445627861433, 38.691902473749352 ], [ -75.616646111254312, 38.692070233969353 ], [ -75.616294461244763, 38.693754567151096 ], [ -75.615517204724966, 38.693556086418923 ] ] ], [ [ [ -75.603566363138114, 38.695269352752128 ], [ -75.603637499827144, 38.695008670648214 ], [ -75.602391549104482, 38.694727956477493 ], [ -75.602443585813944, 38.69434321071077 ], [ -75.603248999128013, 38.694102892370594 ], [ -75.602841110988422, 38.69360501656125 ], [ -75.602341134752436, 38.693535387487003 ], [ -75.602154438785234, 38.693078063103009 ], [ -75.60148179018195, 38.692869385182078 ], [ -75.601484567772815, 38.69244774981869 ], [ -75.602514412584199, 38.693189751177968 ], [ -75.603502790263761, 38.693181025498582 ], [ -75.603443775441164, 38.693877085266671 ], [ -75.603773471523496, 38.694081911742344 ], [ -75.603880977405112, 38.69381341608976 ], [ -75.604539846750242, 38.694662052871799 ], [ -75.604345037199423, 38.695180764216531 ], [ -75.604864500588874, 38.695067010943625 ], [ -75.605143426586281, 38.694602145230704 ], [ -75.605928846995383, 38.694864442100005 ], [ -75.605419331549371, 38.695767493917351 ], [ -75.603566363138114, 38.695269352752128 ] ] ], [ [ [ -75.613839839883738, 38.699136797619865 ], [ -75.609436836451835, 38.697059796697111 ], [ -75.607725496428245, 38.696466991285597 ], [ -75.608061620854741, 38.695823623684113 ], [ -75.609561580105449, 38.69618998049183 ], [ -75.609144149162603, 38.696911620869322 ], [ -75.611345230017832, 38.69784432834944 ], [ -75.611773910562988, 38.69702253665433 ], [ -75.613048499576905, 38.697998613665781 ], [ -75.613433700763991, 38.697451618051467 ], [ -75.614325275988548, 38.697728194187945 ], [ -75.614427893238386, 38.697226153840205 ], [ -75.615677528850341, 38.697404608043492 ], [ -75.615135839344134, 38.699772796568553 ], [ -75.613839839883738, 38.699136797619865 ] ] ] ] } },
{ "type": "Feature", "properties": { "GEOID": "100050504061", "efa": "Not EFA", "pop": 1829, "sub_idx": 1, "neighborhoods": "" }, "geometry": { "type": "Polygon", "coordinates": [ [ [ -75.592667052591906, 38.685716240762247 ], [ -75.593935472874762, 38.686145915183879 ], [ -75.594417361532521, 38.687335713521016 ], [ -75.595578674785742, 38.687088297242582 ], [ -75.595314777603036, 38.686863504372759 ], [ -75.59563591453734, 38.686735358314323 ], [ -75.596046657522891, 38.687082053765366 ], [ -75.596720483817521, 38.686961617095456 ], [ -75.597150574717659, 38.68744736217851 ], [ -75.596245101657374, 38.687924900030538 ], [ -75.596570458876855, 38.68837589338893 ], [ -75.597845014653103, 38.68809884565264 ], [ -75.59813876644597, 38.688816998638821 ], [ -75.597826968397371, 38.689986561649327 ], [ -75.599467287614601, 38.691588637454693 ], [ -75.599271690241267, 38.691780525093904 ], [ -75.599741911580111, 38.692518657439443 ], [ -75.600578233228148, 38.69292011983238 ], [ -75.600447508591373, 38.693418531870513 ], [ -75.601642962316973, 38.693717019323785 ], [ -75.600993084209506, 38.694679763985405 ], [ -75.601707566457264, 38.695142774029868 ], [ -75.591082535821826, 38.698781474852133 ], [ -75.592667052591906, 38.685716240762247 ] ], [ [ -75.595604627114312, 38.694357430987708 ], [ -75.59614037516323, 38.695745257380629 ], [ -75.597147227594931, 38.695457706002642 ], [ -75.596497514777468, 38.694162407095995 ], [ -75.595604627114312, 38.694357430987708 ] ], [ [ -75.594761243809799, 38.694588124823191 ], [ -75.594738138242391, 38.694468987356622 ], [ -75.593456922356609, 38.69484294005953 ], [ -75.594807480097472, 38.694822292681962 ], [ -75.594761243809799, 38.694588124823191 ] ] ] } },
{ "type": "Feature", "properties": { "GEOID": "100050504064", "efa": "Moderate", "pop": 859, "sub_idx": 0, "neighborhoods": "" }, "geometry": { "type": "MultiPolygon", "coordinates": [ [ [ [ -75.609063873013866, 38.643373957009494 ], [ -75.607919601699891, 38.64338372927417 ], [ -75.607914936748628, 38.643084090321906 ], [ -75.609054651807455, 38.642879480643039 ], [ -75.6090648333129, 38.643373785812457 ], [ -75.609086833952517, 38.644849785412191 ], [ -75.60910195529371, 38.646402022527333 ], [ -75.608591004339871, 38.646402778148001 ], [ -75.608587025701482, 38.64680482265068 ], [ -75.608298533544612, 38.64681204415453 ], [ -75.608425483460564, 38.648384465967787 ], [ -75.60764568381019, 38.648581668821841 ], [ -75.607647263048477, 38.647935246805602 ], [ -75.605983296579694, 38.647939615560674 ], [ -75.605856191255199, 38.64814718198506 ], [ -75.606949310700259, 38.6487446020218 ], [ -75.60336277794525, 38.649681026988311 ], [ -75.603755218655223, 38.648751283117718 ], [ -75.601201432269988, 38.647606485118722 ], [ -75.601227380106963, 38.647067016867858 ], [ -75.601979181066568, 38.646565237814272 ], [ -75.602244426620487, 38.645836244213271 ], [ -75.602785637324672, 38.646054837481358 ], [ -75.60258169460235, 38.646411886288277 ], [ -75.603795362568647, 38.646955838436675 ], [ -75.605268788280824, 38.64493011723436 ], [ -75.60524177773685, 38.644540442226663 ], [ -75.605953644988816, 38.643783027723366 ], [ -75.606774461715048, 38.64347845239503 ], [ -75.607919601699891, 38.64338372927417 ], [ -75.607952285104872, 38.644897500684372 ], [ -75.607589530121771, 38.644912463268945 ], [ -75.607666431300004, 38.645405644472262 ], [ -75.608514396012453, 38.645414983568145 ], [ -75.608529224502831, 38.644130055387755 ], [ -75.609065896019885, 38.644130472149982 ], [ -75.609063873013866, 38.643373957009494 ] ] ], [ [ [ -75.598311837665236, 38.644565409925661 ], [ -75.598025908401866, 38.644166623808552 ], [ -75.597315112840064, 38.644009818681667 ], [ -75.596476690032546, 38.644466947923512 ], [ -75.596959053899113, 38.644825990207714 ], [ -75.596602077778229, 38.645089192162409 ], [ -75.595363823820918, 38.64445832365152 ], [ -75.595078522479952, 38.644621399534699 ], [ -75.594584324207858, 38.643878360727889 ], [ -75.595117017984819, 38.643838786408139 ], [ -75.597082903729003, 38.642585331981728 ], [ -75.597453829787923, 38.640390785340863 ], [ -75.59870494312851, 38.640125564296177 ], [ -75.598585165361797, 38.640830884714681 ], [ -75.600597106832268, 38.640791985105139 ], [ -75.601110757223509, 38.641109964236193 ], [ -75.602431667865076, 38.640908097991463 ], [ -75.602963537886907, 38.642282046786789 ], [ -75.602605039121642, 38.642325519563066 ], [ -75.602624381646351, 38.642754512829796 ], [ -75.601469069139199, 38.642873132274978 ], [ -75.60141889643397, 38.64256634152521 ], [ -75.600651367770382, 38.642504984901564 ], [ -75.600499321620333, 38.643107597033293 ], [ -75.601598775984769, 38.643177713684231 ], [ -75.601852545560945, 38.643459364649075 ], [ -75.599895265677219, 38.644349553334671 ], [ -75.599597477753775, 38.643532087495629 ], [ -75.598890912358627, 38.643646306467254 ], [ -75.598382836013712, 38.643952596547159 ], [ -75.599071909413652, 38.644758020704458 ], [ -75.598332418966706, 38.645194015504799 ], [ -75.597934103274795, 38.644769237402912 ], [ -75.598311837665236, 38.644565409925661 ] ] ], [ [ [ -75.596644023712116, 38.647193769722811 ], [ -75.597757397471867, 38.646192866133617 ], [ -75.598470230412758, 38.646868303524627 ], [ -75.599062675630847, 38.6468766538853 ], [ -75.598823855817599, 38.647193729030583 ], [ -75.599154625386703, 38.647961363916899 ], [ -75.598177343697515, 38.648345464520126 ], [ -75.596644023712116, 38.647193769722811 ] ] ], [ [ [ -75.596212657204248, 38.650366263143873 ], [ -75.596554526356996, 38.651102350347166 ], [ -75.59751086202867, 38.6525169893183 ], [ -75.595453101088808, 38.652701407231561 ], [ -75.595229490651647, 38.65153896249025 ], [ -75.595514941112967, 38.651446976942985 ], [ -75.59544511955751, 38.650855054367973 ], [ -75.596212657204248, 38.650366263143873 ] ] ] ] } },
{ "type": "Feature", "properties": { "GEOID": "100050504064", "efa": "Not EFA", "pop": 859, "sub_idx": 1, "neighborhoods": "" }, "geometry": { "type": "Polygon", "coordinates": [ [ [ -75.608451480704886, 38.640724818676958 ], [ -75.609026718693713, 38.640659160741698 ], [ -75.60903814077254, 38.641233095195425 ], [ -75.607898641309362, 38.641285015044438 ], [ -75.607903986285308, 38.641567352640301 ], [ -75.606786403918434, 38.641397840619057 ], [ -75.60678433599665, 38.64100598111019 ], [ -75.607145960899118, 38.640804868848996 ], [ -75.608451480704886, 38.640724818676958 ] ] ] } },
{ "type": "Feature", "properties": { "GEOID": "100050504071", "efa": "Moderate", "pop": 2033, "sub_idx": 0, "neighborhoods": "" }, "geometry": { "type": "MultiPolygon", "coordinates": [ [ [ [ -75.576205038734855, 38.659936811658234 ], [ -75.575124655603901, 38.659496579910403 ], [ -75.574323326929417, 38.659933458654848 ], [ -75.592530883266207, 38.649218250397105 ], [ -75.593182100761737, 38.649941757743498 ], [ -75.592901991683107, 38.65034002553945 ], [ -75.591370780941972, 38.65013584558934 ], [ -75.590646101019132, 38.650604116456918 ], [ -75.59047027646352, 38.652091718651661 ], [ -75.588925818266873, 38.651452874157499 ], [ -75.588365509379784, 38.6531678899632 ], [ -75.587402085102184, 38.653248299449366 ], [ -75.586652028670883, 38.653685571277656 ], [ -75.586658714831515, 38.65481619693972 ], [ -75.58568849030722, 38.65470157065468 ], [ -75.585630760075503, 38.654087736965479 ], [ -75.585197348103733, 38.654054489004594 ], [ -75.584459275198313, 38.654812426996514 ], [ -75.584687992557846, 38.655743379472327 ], [ -75.584292997937538, 38.656227600906448 ], [ -75.584360580891314, 38.656636031426665 ], [ -75.582732947682516, 38.657264154404359 ], [ -75.582729190928006, 38.657877897740079 ], [ -75.581434874910443, 38.658125281011657 ], [ -75.580959674209979, 38.659205345340979 ], [ -75.579790082981418, 38.658566112534849 ], [ -75.579239748987234, 38.659425098735952 ], [ -75.578145362019313, 38.659911977684054 ], [ -75.578172502818973, 38.66069287484023 ], [ -75.576205038734855, 38.659936811658234 ] ] ], [ [ [ -75.587313900185677, 38.658151104695882 ], [ -75.585181579975554, 38.657336513195744 ], [ -75.583928440933988, 38.65735614300435 ], [ -75.584473662615892, 38.656750186016581 ], [ -75.585463754281022, 38.656408340423788 ], [ -75.585968941643983, 38.655739015402176 ], [ -75.585813950816444, 38.655439712228976 ], [ -75.5874056594987, 38.655146347507916 ], [ -75.5876144908528, 38.654166028928387 ], [ -75.589026542766433, 38.653942448019144 ], [ -75.589580671244391, 38.652863785970283 ], [ -75.590869222772767, 38.65307933980656 ], [ -75.591097346345904, 38.652117902998924 ], [ -75.590843990893077, 38.651812717677714 ], [ -75.591852130610562, 38.651138384135315 ], [ -75.593165163027066, 38.651371965257837 ], [ -75.592239150886101, 38.653261609588789 ], [ -75.591557150820705, 38.654132741017094 ], [ -75.590957775100208, 38.654116876797502 ], [ -75.58798789895684, 38.658408428400492 ], [ -75.587313900185677, 38.658151104695882 ] ] ], [ [ [ -75.591218808453789, 38.659678134701977 ], [ -75.590361896521117, 38.659368259289508 ], [ -75.589963499980811, 38.659959072650601 ], [ -75.588818163264918, 38.659489713225739 ], [ -75.589185609250421, 38.658864645050485 ], [ -75.591183369017514, 38.659561439148334 ], [ -75.591555637159459, 38.659097497402335 ], [ -75.592060175040473, 38.659262587561514 ], [ -75.591760057785521, 38.659851803153423 ], [ -75.59231507829054, 38.660048991276476 ], [ -75.591975135125779, 38.660482530508595 ], [ -75.590966206687469, 38.660076227015168 ], [ -75.591218808453789, 38.659678134701977 ] ] ], [ [ [ -75.572943301752289, 38.663558382434729 ], [ -75.574629416184379, 38.661597272599941 ], [ -75.573272293555434, 38.660548727237654 ], [ -75.573994209362141, 38.660127457701179 ], [ -75.575959832798262, 38.660918942382452 ], [ -75.575743728683619, 38.661391631347058 ], [ -75.577028342896099, 38.661926447766227 ], [ -75.575991284612996, 38.66293387935405 ], [ -75.576473051099867, 38.663144738352521 ], [ -75.57673217463514, 38.66279738543426 ], [ -75.577699053833328, 38.663224046612051 ], [ -75.577319295538544, 38.664552842854263 ], [ -75.578580227465196, 38.665286637253097 ], [ -75.578721840581537, 38.666027374359459 ], [ -75.578349587710946, 38.666192019284622 ], [ -75.572943301752289, 38.663558382434729 ] ] ], [ [ [ -75.572794901863972, 38.66576709143466 ], [ -75.573159054625648, 38.665544589034084 ], [ -75.573509455078636, 38.666131088305612 ], [ -75.572879148566273, 38.666434560119292 ], [ -75.572794901863972, 38.66576709143466 ] ] ], [ [ [ -75.56902382281028, 38.66747779183261 ], [ -75.567454821741762, 38.666679792102165 ], [ -75.569237892240807, 38.664449539057628 ], [ -75.571390747040013, 38.665444245220641 ], [ -75.571987563460269, 38.664771537533845 ], [ -75.572307575703817, 38.664937929067186 ], [ -75.571752781574247, 38.665698361131199 ], [ -75.572346392805557, 38.666315356136884 ], [ -75.571995285378449, 38.666761725287358 ], [ -75.570774398550526, 38.66626178789231 ], [ -75.57102745037281, 38.665925033616951 ], [ -75.569151177866416, 38.664951470605956 ], [ -75.56890531436305, 38.665130549604761 ], [ -75.570405223308114, 38.665924432511616 ], [ -75.569403884735635, 38.667078372943422 ], [ -75.570106571205372, 38.66698906704567 ], [ -75.571522232549839, 38.667566201445261 ], [ -75.571280578551878, 38.667819365757019 ], [ -75.572359253087171, 38.668812800501122 ], [ -75.571922952133463, 38.669294690580251 ], [ -75.56902382281028, 38.66747779183261 ] ] ], [ [ [ -75.574319077898124, 38.672263035120601 ], [ -75.575491361377601, 38.673678116683917 ], [ -75.574527753843682, 38.674161576543973 ], [ -75.573353206609696, 38.672781199801541 ], [ -75.574319077898124, 38.672263035120601 ] ] ], [ [ [ -75.569422823018442, 38.674685793205136 ], [ -75.572758824623875, 38.670323792335644 ], [ -75.572106372843109, 38.669520643296003 ], [ -75.572592110781855, 38.669158770586321 ], [ -75.572964920607916, 38.669502662239026 ], [ -75.573344669021225, 38.669335953070615 ], [ -75.573721948864147, 38.669989990981648 ], [ -75.572970170362439, 38.670591758234735 ], [ -75.573722765432734, 38.671590262449783 ], [ -75.57334022146226, 38.672092711330336 ], [ -75.57238792371777, 38.671862716445908 ], [ -75.571768455379313, 38.67296907222466 ], [ -75.571154838666615, 38.67316603065845 ], [ -75.572096017962835, 38.673715515825435 ], [ -75.571866598120749, 38.67401447962169 ], [ -75.570796119814105, 38.67372060467688 ], [ -75.570632086544904, 38.674002297566744 ], [ -75.571595377871844, 38.674227675767185 ], [ -75.571434758200724, 38.674455747039367 ], [ -75.570665319718842, 38.674276106459395 ], [ -75.570351244440999, 38.674827273986125 ], [ -75.571042622917943, 38.675015852175207 ], [ -75.569486177602172, 38.675161392222165 ], [ -75.569194747954327, 38.675035343887409 ], [ -75.569422823018442, 38.674685793205136 ] ] ], [ [ [ -75.590081339183158, 38.676201385080702 ], [ -75.58911021544526, 38.67664383473609 ], [ -75.588720756243731, 38.676530002197282 ], [ -75.588588803609952, 38.676134317773219 ], [ -75.58893930287762, 38.676012486010798 ], [ -75.588679426554137, 38.675218379032728 ], [ -75.590778716609577, 38.676205686890377 ], [ -75.591392004538875, 38.676865052927752 ], [ -75.590081339183158, 38.676201385080702 ] ] ], [ [ [ -75.577288450984952, 38.675721374016391 ], [ -75.576619667832318, 38.676044964262005 ], [ -75.576944605538586, 38.675259939674334 ], [ -75.57650405465526, 38.67485583380472 ], [ -75.575450724289084, 38.675363048337225 ], [ -75.574626966478618, 38.674323211616105 ], [ -75.575626836305602, 38.673843450253756 ], [ -75.575851745706643, 38.674131998122938 ], [ -75.577059593488215, 38.673163871246324 ], [ -75.577379128726349, 38.673212582490947 ], [ -75.576897052320703, 38.673722168642975 ], [ -75.577343568017511, 38.674778862602452 ], [ -75.577083377283685, 38.675279167625717 ], [ -75.577442254239685, 38.675483704402112 ], [ -75.578192689760058, 38.67481937152025 ], [ -75.578683934371483, 38.67477412448617 ], [ -75.577881079459331, 38.676008724897805 ], [ -75.578270350014677, 38.676317785618515 ], [ -75.57700747054048, 38.677472429540728 ], [ -75.577091701971426, 38.676525827342928 ], [ -75.57766986217986, 38.676031546848854 ], [ -75.577288450984952, 38.675721374016391 ] ] ], [ [ [ -75.575540094981747, 38.685857892572052 ], [ -75.575935674405329, 38.685348192273764 ], [ -75.577460154968335, 38.685971008363403 ], [ -75.576001393354872, 38.688115620200257 ], [ -75.576763620161671, 38.688435148531831 ], [ -75.576135757066879, 38.689167715781004 ], [ -75.575620458267068, 38.688829976117354 ], [ -75.574801519019772, 38.686945876548059 ], [ -75.575540094981747, 38.685857892572052 ] ] ], [ [ [ -75.567020700999251, 38.693779126460967 ], [ -75.566986150895104, 38.69339062731062 ], [ -75.566182006900547, 38.692787455937726 ], [ -75.564138513004011, 38.692445734022257 ], [ -75.564358939811811, 38.69185001214003 ], [ -75.567466801674399, 38.692486840833901 ], [ -75.567607464373168, 38.692064066651113 ], [ -75.568211715250712, 38.691976886264428 ], [ -75.568375920996431, 38.692328230868654 ], [ -75.567932101143796, 38.692781659586188 ], [ -75.567189979531406, 38.692578571032335 ], [ -75.566929548947371, 38.692919404667592 ], [ -75.567834428221275, 38.69369762384715 ], [ -75.566955262324058, 38.694071735532496 ], [ -75.567020700999251, 38.693779126460967 ] ] ], [ [ [ -75.561465210261801, 38.699456156139632 ], [ -75.56378555145416, 38.693354774643275 ], [ -75.564634547432547, 38.693586074688874 ], [ -75.563605520986385, 38.696030633455997 ], [ -75.562936297659277, 38.695864636708905 ], [ -75.562039501426312, 38.698158984817162 ], [ -75.562356325548919, 38.698232890245649 ], [ -75.561919469436361, 38.698785192703177 ], [ -75.562616644741837, 38.698937662288273 ], [ -75.562443003990694, 38.699362077032937 ], [ -75.561603110641059, 38.699228624452445 ], [ -75.561465210261801, 38.699456156139632 ] ] ], [ [ [ -75.57940364032261, 38.704981804268641 ], [ -75.579008594498319, 38.704341387486664 ], [ -75.576540545120437, 38.705330679791338 ], [ -75.576146976126452, 38.704686224715658 ], [ -75.576633694127167, 38.70451521537592 ], [ -75.576968304892418, 38.705012374504719 ], [ -75.579665495634671, 38.70387091699267 ], [ -75.579438379072954, 38.703475948793418 ], [ -75.579946458112815, 38.703296593479784 ], [ -75.580214100371933, 38.703714758557474 ], [ -75.582304590530867, 38.702931799247033 ], [ -75.582590583574614, 38.703618365321354 ], [ -75.581546589399181, 38.704055295168118 ], [ -75.581386897687764, 38.703698703425836 ], [ -75.580889182511328, 38.703878261731973 ], [ -75.58145290499651, 38.704482823655006 ], [ -75.579703702780321, 38.70454358177939 ], [ -75.580043172532939, 38.705252862990186 ], [ -75.579727696781575, 38.705365682427583 ], [ -75.57940364032261, 38.704981804268641 ] ] ], [ [ [ -75.574138614442376, 38.70563217396802 ], [ -75.575409283208401, 38.705690051338891 ], [ -75.573176450501123, 38.706639971837774 ], [ -75.572852385957333, 38.70625121236872 ], [ -75.574138614442376, 38.70563217396802 ] ] ], [ [ [ -75.587610091802844, 38.707575589867751 ], [ -75.584607901462078, 38.702183091041277 ], [ -75.583131701752293, 38.702721907820759 ], [ -75.582872730930617, 38.702238171908803 ], [ -75.583181974170557, 38.702091258888537 ], [ -75.582487922307308, 38.701122233625924 ], [ -75.58318326235468, 38.70095810861644 ], [ -75.583037605022923, 38.700407911422516 ], [ -75.583830703332765, 38.700218240576262 ], [ -75.583736554501101, 38.699474743815415 ], [ -75.582974701393468, 38.699512859998279 ], [ -75.582969017752674, 38.699160119076353 ], [ -75.583733686180395, 38.698956118996357 ], [ -75.584906180763952, 38.699411634875169 ], [ -75.585469960741321, 38.700068246401784 ], [ -75.585570227100078, 38.700911635824809 ], [ -75.588229413715922, 38.699373308314684 ], [ -75.587947243902022, 38.699197699801466 ], [ -75.588294362809279, 38.698302462165515 ], [ -75.58910604097413, 38.698599384745414 ], [ -75.588987166014277, 38.699724334757242 ], [ -75.588272990092037, 38.700109572474773 ], [ -75.588642886681626, 38.700573800177004 ], [ -75.587720128238644, 38.701039924744848 ], [ -75.58878948454948, 38.701301456985412 ], [ -75.588266665054121, 38.708292497228925 ], [ -75.587610091802844, 38.707575589867751 ] ] ], [ [ [ -75.5629198243536, 38.709463800576785 ], [ -75.561307822729077, 38.709046800508673 ], [ -75.561788823851316, 38.706945800412498 ], [ -75.562497659289193, 38.705861552084514 ], [ -75.561992822269204, 38.704716799284228 ], [ -75.562523705042551, 38.704435826681156 ], [ -75.56595719990743, 38.705904696045778 ], [ -75.564526405543702, 38.708010438817205 ], [ -75.56377140927664, 38.707851122324342 ], [ -75.562520061475752, 38.709249885060984 ], [ -75.563349513706825, 38.709456955508927 ], [ -75.564545095891503, 38.708068514046069 ], [ -75.565744209353554, 38.708947837640423 ], [ -75.566083627003891, 38.708796067952669 ], [ -75.566826871510401, 38.709111668124535 ], [ -75.567376927925167, 38.708059469827838 ], [ -75.567789857410133, 38.707898210986784 ], [ -75.568262513183399, 38.708517439364172 ], [ -75.569737390573053, 38.707949985066392 ], [ -75.568810705593947, 38.707493663449171 ], [ -75.569009809091853, 38.70726382159863 ], [ -75.57022932239569, 38.707888356396552 ], [ -75.565025726907848, 38.710086929631444 ], [ -75.5629198243536, 38.709463800576785 ] ] ], [ [ [ -75.57789886430534, 38.716031797856139 ], [ -75.578110140873633, 38.715761065274265 ], [ -75.578920752738256, 38.716385054127905 ], [ -75.578426539194808, 38.716946368117746 ], [ -75.577533268849322, 38.716500272038132 ], [ -75.57789886430534, 38.716031797856139 ] ] ], [ [ [ -75.587811364732147, 38.718265468114531 ], [ -75.588655438841087, 38.718202848161518 ], [ -75.588850526869663, 38.719477991621659 ], [ -75.587490153237695, 38.719585467526102 ], [ -75.587325995102674, 38.718300226815153 ], [ -75.587811364732147, 38.718265468114531 ] ] ] ] } },
{ "type": "Feature", "properties": { "GEOID": "100050504071", "efa": "Not EFA", "pop": 2033, "sub_idx": 1, "neighborhoods": "" }, "geometry": { "type": "MultiPolygon", "coordinates": [ [ [ [ -75.565954822965182, 38.68861379645697 ], [ -75.568394967077097, 38.683821024627001 ], [ -75.57047674178115, 38.684693443404626 ], [ -75.572570754234292, 38.681124188223841 ], [ -75.573782808826337, 38.680893956580569 ], [ -75.573565064387992, 38.680393725165715 ], [ -75.574096896680587, 38.680261920937618 ], [ -75.57326240759572, 38.679896258866847 ], [ -75.573796321284846, 38.67907834873791 ], [ -75.575080509695894, 38.679623331934053 ], [ -75.574370841519737, 38.679666245576399 ], [ -75.57426644560563, 38.680354213796655 ], [ -75.576483021501218, 38.681074179425828 ], [ -75.576947437926691, 38.681896042833174 ], [ -75.576613345489363, 38.682743483012324 ], [ -75.577177939340373, 38.683241609018097 ], [ -75.577855253793231, 38.682262553011846 ], [ -75.579305833551103, 38.682788725709756 ], [ -75.579122063396795, 38.68303156584448 ], [ -75.579701088682867, 38.6832562985254 ], [ -75.579235764060627, 38.684194562465947 ], [ -75.578454550462013, 38.683895695185583 ], [ -75.578204221433367, 38.684135577991285 ], [ -75.577003429020024, 38.68360810529304 ], [ -75.576727049746452, 38.684083674474394 ], [ -75.57627662458151, 38.684063022589065 ], [ -75.575062784138694, 38.683471789632115 ], [ -75.575073219867363, 38.683033817522443 ], [ -75.574417330234013, 38.68380038598923 ], [ -75.574915561043426, 38.683933781803638 ], [ -75.574570976283567, 38.684530108843504 ], [ -75.574920810797934, 38.684669894242617 ], [ -75.575281053193166, 38.684201423976468 ], [ -75.576205257923775, 38.684447449891003 ], [ -75.575453568355272, 38.684865575812076 ], [ -75.575479431750622, 38.68529750344252 ], [ -75.574937397291336, 38.685586997353063 ], [ -75.574030456383866, 38.687191618156731 ], [ -75.572703141652653, 38.686956481503849 ], [ -75.570816934677538, 38.688171138224078 ], [ -75.569117798267087, 38.688427363965332 ], [ -75.5676388047968, 38.690910618748063 ], [ -75.564879500942538, 38.690671931703363 ], [ -75.565954822965182, 38.68861379645697 ] ], [ [ -75.569904703591376, 38.68762632530251 ], [ -75.569810585302406, 38.687601872565374 ], [ -75.568901969935254, 38.687922536315916 ], [ -75.56987164558889, 38.688126545426002 ], [ -75.570109349694548, 38.688019258529039 ], [ -75.569904703591376, 38.68762632530251 ] ] ], [ [ [ -75.572807824129356, 38.660818789897966 ], [ -75.573272293555434, 38.660548727237654 ], [ -75.574629416184379, 38.661597272599941 ], [ -75.572427040856837, 38.664168398477315 ], [ -75.570274351347621, 38.663148867692605 ], [ -75.571503822476387, 38.661723790715385 ], [ -75.572807824129356, 38.660818789897966 ] ] ], [ [ [ -75.58367024446008, 38.696756057198222 ], [ -75.583742234548623, 38.693154182371451 ], [ -75.584115143189379, 38.692276606041453 ], [ -75.582740132408176, 38.691689213863462 ], [ -75.583066691573507, 38.690957396732671 ], [ -75.58362689625605, 38.691198291475303 ], [ -75.583290787100907, 38.691835114051202 ], [ -75.584232117314102, 38.692062491867389 ], [ -75.584453115450401, 38.691623270296965 ], [ -75.583703299767606, 38.691397505849075 ], [ -75.584095271556976, 38.690353730153412 ], [ -75.584757033477317, 38.69006025044628 ], [ -75.581420278185405, 38.688593789566355 ], [ -75.581838269676979, 38.687877314394228 ], [ -75.580894363095581, 38.687423077667198 ], [ -75.581281532491445, 38.686816362592467 ], [ -75.582119909484859, 38.687411920238162 ], [ -75.583552842737291, 38.685083312984851 ], [ -75.58368404078621, 38.684366247990241 ], [ -75.582973951300204, 38.683845768264639 ], [ -75.58269145809281, 38.683002815746185 ], [ -75.583202681236159, 38.682775494688542 ], [ -75.582330674911759, 38.682338150840948 ], [ -75.583790650149197, 38.680581267650517 ], [ -75.585301038840342, 38.681734777591615 ], [ -75.584060407042486, 38.684386361948071 ], [ -75.585802354464448, 38.685451083752163 ], [ -75.585147064905712, 38.686095034786504 ], [ -75.586354775245027, 38.687094173290944 ], [ -75.585898544268417, 38.687515984652862 ], [ -75.587104161533148, 38.687779392249134 ], [ -75.588290670733457, 38.686731294845245 ], [ -75.588961612537688, 38.687232186662783 ], [ -75.589441379374747, 38.68685501773269 ], [ -75.588785556216735, 38.686315338140687 ], [ -75.589319923555081, 38.685966566197472 ], [ -75.590072359623576, 38.686509807735682 ], [ -75.588956307087628, 38.687378074904267 ], [ -75.590401379274482, 38.688044249637279 ], [ -75.590152964555699, 38.689970573552905 ], [ -75.589024476641271, 38.6898816720431 ], [ -75.588809720897885, 38.691880380448453 ], [ -75.587639850293272, 38.691718767499516 ], [ -75.58738281354438, 38.692940037169308 ], [ -75.586848986093528, 38.692804094065401 ], [ -75.586363892246851, 38.693836975563819 ], [ -75.584987923861547, 38.693348480529828 ], [ -75.584901187927599, 38.693977952232103 ], [ -75.585325041824731, 38.694048057644615 ], [ -75.585279673309628, 38.694555937541388 ], [ -75.586530172202572, 38.694704305449534 ], [ -75.586306287779266, 38.695200386453756 ], [ -75.584909929433636, 38.694816157852671 ], [ -75.585532703572341, 38.69549971061619 ], [ -75.585645070237973, 38.696261467024819 ], [ -75.584568092620245, 38.695808907310202 ], [ -75.584154647502316, 38.697020087004788 ], [ -75.58367024446008, 38.696756057198222 ] ] ] ] } },
{ "type": "Feature", "properties": { "GEOID": "100050508064", "efa": "Moderate", "pop": 1309, "sub_idx": 0, "neighborhoods": "" }, "geometry": { "type": "MultiPolygon", "coordinates": [ [ [ [ -75.263970731406346, 38.73874981739209 ], [ -75.258734301596547, 38.738395948563664 ], [ -75.260654240310586, 38.735244837865494 ], [ -75.261533011847362, 38.730362400277265 ], [ -75.264058799541843, 38.730006970606546 ], [ -75.264900616184491, 38.732409754667714 ], [ -75.264244131866434, 38.733009379574064 ], [ -75.262084338479966, 38.732957720349496 ], [ -75.261534468914775, 38.734073744692154 ], [ -75.261902508686674, 38.73432290651742 ], [ -75.261649935666455, 38.735733560992813 ], [ -75.262562248499322, 38.736011243321059 ], [ -75.263116797388847, 38.734425154333756 ], [ -75.265717781259099, 38.734978570946424 ], [ -75.26585392812693, 38.735376666201638 ], [ -75.265067161143222, 38.737836231095173 ], [ -75.266256173948236, 38.738501141175959 ], [ -75.268385585413469, 38.738337497178918 ], [ -75.267606248395467, 38.737610638487823 ], [ -75.267031623955987, 38.73675326208145 ], [ -75.26724473218917, 38.736721816916983 ], [ -75.269060113292326, 38.738741683051877 ], [ -75.263970731406346, 38.73874981739209 ] ] ], [ [ [ -75.248510726264954, 38.732248816349546 ], [ -75.249013083934784, 38.733384639412833 ], [ -75.248206274638747, 38.733568195171806 ], [ -75.24773254717536, 38.732404741468102 ], [ -75.248510726264954, 38.732248816349546 ] ] ], [ [ [ -75.233966721540696, 38.734946817380241 ], [ -75.233990888018468, 38.735210493828987 ], [ -75.233292400274351, 38.735409676677982 ], [ -75.233196790782046, 38.735058063062773 ], [ -75.233966721540696, 38.734946817380241 ] ] ], [ [ [ -75.23731606851797, 38.736892709965623 ], [ -75.233683339001175, 38.736847354345009 ], [ -75.233385313922511, 38.735751374748681 ], [ -75.234380587070206, 38.73555814269907 ], [ -75.234803381853609, 38.736604633876858 ], [ -75.237053782912895, 38.735903347866277 ], [ -75.236350612251186, 38.734584158629588 ], [ -75.236984431176339, 38.734493325302793 ], [ -75.237356808014425, 38.735020307787167 ], [ -75.237889131685492, 38.735101563590298 ], [ -75.238478978975763, 38.734995209767476 ], [ -75.238636127556617, 38.734207131526858 ], [ -75.239743174481845, 38.733985664621713 ], [ -75.24001466692026, 38.734948977730369 ], [ -75.238373162825184, 38.735482755984059 ], [ -75.238370544236147, 38.736887287164819 ], [ -75.23731606851797, 38.736892709965623 ] ] ], [ [ [ -75.224303089481879, 38.737073012427068 ], [ -75.224159101219939, 38.736403576442534 ], [ -75.232542869357474, 38.735156038890949 ], [ -75.232983728362953, 38.73683596778698 ], [ -75.231610046190042, 38.736822321432761 ], [ -75.228804231163622, 38.737412847071781 ], [ -75.224303089481879, 38.737073012427068 ] ] ], [ [ [ -75.245140271573447, 38.738794513153962 ], [ -75.245285125811321, 38.738154311733076 ], [ -75.246002965063298, 38.738290247791028 ], [ -75.245851289917468, 38.738832971330403 ], [ -75.245447215126262, 38.738760423774316 ], [ -75.245409825447496, 38.739028047844698 ], [ -75.245140271573447, 38.738794513153962 ] ] ], [ [ [ -75.222726718634803, 38.739147818755946 ], [ -75.222716804827314, 38.738764847245506 ], [ -75.224636293485389, 38.738936646303642 ], [ -75.224934692263218, 38.739465670033738 ], [ -75.222734116261165, 38.739583069095211 ], [ -75.222726718634803, 38.739147818755946 ] ] ], [ [ [ -75.251153606661759, 38.746054974185348 ], [ -75.251327453127132, 38.745895530914787 ], [ -75.251967924975247, 38.746320179007888 ], [ -75.25152150000828, 38.746730379312538 ], [ -75.250909254124707, 38.746433592199566 ], [ -75.251153606661759, 38.746054974185348 ] ] ], [ [ [ -75.225101718718932, 38.746438819503929 ], [ -75.223616135207706, 38.744838442185355 ], [ -75.22728218234009, 38.743722553118701 ], [ -75.227702659470069, 38.743191032981926 ], [ -75.228740948445122, 38.743868010817117 ], [ -75.228357933757437, 38.744818091602092 ], [ -75.227552758496913, 38.744923009915709 ], [ -75.227161374205735, 38.745613566963456 ], [ -75.226179760840253, 38.745490957448965 ], [ -75.225832706611712, 38.745071355269573 ], [ -75.225086396155135, 38.745367076785428 ], [ -75.225681081771526, 38.746054473942031 ], [ -75.226137878686757, 38.745950349694425 ], [ -75.226528635055573, 38.746602644611919 ], [ -75.225699068738479, 38.747038615982405 ], [ -75.225101718718932, 38.746438819503929 ] ] ], [ [ [ -75.229802794840197, 38.749835688398321 ], [ -75.227780146349843, 38.748936480672505 ], [ -75.228733480750151, 38.748684720180385 ], [ -75.228996371819761, 38.748846869920172 ], [ -75.228751646481854, 38.749225877369149 ], [ -75.229094730156845, 38.749379567678496 ], [ -75.229675745211239, 38.748987481692936 ], [ -75.230096113645075, 38.749362241428649 ], [ -75.229802794840197, 38.749835688398321 ] ] ], [ [ [ -75.234161938926661, 38.751865914144481 ], [ -75.234654578621729, 38.751319999786929 ], [ -75.238488831697794, 38.753088147287066 ], [ -75.237962011106163, 38.753707730162908 ], [ -75.234161938926661, 38.751865914144481 ] ] ] ] } },
{ "type": "Feature", "properties": { "GEOID": "100050508064", "efa": "Not EFA", "pop": 1309, "sub_idx": 1, "neighborhoods": "" }, "geometry": { "type": "MultiPolygon", "coordinates": [ [ [ [ -75.247521754798996, 38.751452947380201 ], [ -75.242860073396201, 38.749438955818256 ], [ -75.243164807991704, 38.748891526434385 ], [ -75.242663690895299, 38.748597098103879 ], [ -75.242110010676669, 38.748837198927276 ], [ -75.239840480891729, 38.748313111684162 ], [ -75.239978507035133, 38.747818256786374 ], [ -75.240606998052314, 38.747509360708598 ], [ -75.241035213270152, 38.747703866348886 ], [ -75.241135531731189, 38.747127061086985 ], [ -75.241547075115676, 38.74685358362094 ], [ -75.241133309299187, 38.746480555252198 ], [ -75.240545287385558, 38.747355578096538 ], [ -75.239828996829146, 38.747459413746533 ], [ -75.239624706458798, 38.747384604284271 ], [ -75.239926251136737, 38.746916689910314 ], [ -75.239536300556736, 38.746646517841008 ], [ -75.240659105728682, 38.745274222547337 ], [ -75.241406371992724, 38.74548028620746 ], [ -75.242004950907571, 38.745216767481971 ], [ -75.250297233718257, 38.748809690816366 ], [ -75.248084905057354, 38.753190583305361 ], [ -75.247581594275005, 38.752744160791131 ], [ -75.248339703204536, 38.751818230250862 ], [ -75.247521754798996, 38.751452947380201 ] ], [ [ -75.246461770611504, 38.748142155587047 ], [ -75.245743921478081, 38.74913393681561 ], [ -75.246285143860334, 38.749361150612501 ], [ -75.245958332268401, 38.749842124661086 ], [ -75.248652151633394, 38.750929923894091 ], [ -75.24904802929764, 38.74936447210208 ], [ -75.246461770611504, 38.748142155587047 ] ] ], [ [ [ -75.244134726190509, 38.756679821954279 ], [ -75.242998705902423, 38.756120378804148 ], [ -75.243447207774338, 38.756335424049055 ], [ -75.243773130034128, 38.755916857934437 ], [ -75.245329610384204, 38.755677748349633 ], [ -75.244545948876407, 38.755371879641842 ], [ -75.243521580195008, 38.755847796033912 ], [ -75.242736988032604, 38.755703950134823 ], [ -75.242920058399307, 38.755353010879148 ], [ -75.242157151567852, 38.754940297566513 ], [ -75.241876070512063, 38.75524718879695 ], [ -75.240287492458592, 38.754306407056241 ], [ -75.240519627009462, 38.753955544994369 ], [ -75.241562599800417, 38.754467466599053 ], [ -75.241864716705209, 38.754155120403404 ], [ -75.24357270601277, 38.75499179167614 ], [ -75.244564011301847, 38.753687183853287 ], [ -75.245054384547458, 38.753770220919293 ], [ -75.244625239573296, 38.754455551142016 ], [ -75.246434154603037, 38.755210663819824 ], [ -75.245406726259787, 38.756640822083334 ], [ -75.244134726190509, 38.756679821954279 ] ] ] ] } },
{ "type": "Feature", "properties": { "GEOID": "100050507112", "efa": "Moderate", "pop": 575, "sub_idx": 0, "neighborhoods": "" }, "geometry": { "type": "MultiPolygon", "coordinates": [ [ [ [ -75.117842176702396, 38.630587211259851 ], [ -75.117760297959194, 38.630181812609344 ], [ -75.116826324049882, 38.630746215567413 ], [ -75.11535824061869, 38.630454566582223 ], [ -75.114612098147077, 38.62906705748523 ], [ -75.114838678414571, 38.628291799647037 ], [ -75.113814678042417, 38.627209799056729 ], [ -75.113968678028186, 38.626159799475261 ], [ -75.113336793175876, 38.627186795224397 ], [ -75.114347677246556, 38.628192798781207 ], [ -75.114137957458652, 38.628862593058528 ], [ -75.113923487379509, 38.628222100025646 ], [ -75.112951661159059, 38.627507695878165 ], [ -75.112118506970717, 38.627802671356463 ], [ -75.111206356732907, 38.627661942623369 ], [ -75.111860781214006, 38.626970132573952 ], [ -75.111328020063411, 38.626468495636729 ], [ -75.111103229239959, 38.627523380718387 ], [ -75.111306287121735, 38.627961941497375 ], [ -75.110744098060735, 38.628037242959493 ], [ -75.110725943108847, 38.628381482922279 ], [ -75.11012928479208, 38.628360765144791 ], [ -75.10937881962731, 38.62768775202322 ], [ -75.109888901011928, 38.625979399121476 ], [ -75.108935414796321, 38.626017360045104 ], [ -75.108945127381176, 38.626304878773063 ], [ -75.109576534329776, 38.626306629750083 ], [ -75.109629895155962, 38.626619003367921 ], [ -75.109166922323155, 38.627683746257887 ], [ -75.108469644609727, 38.627939776531584 ], [ -75.108242317842254, 38.625630002021516 ], [ -75.108201431920406, 38.628171708306034 ], [ -75.107815601014281, 38.628264040231244 ], [ -75.107439305724924, 38.625071020949356 ], [ -75.11876037439869, 38.624368302181857 ], [ -75.119103855129055, 38.626317744067023 ], [ -75.118125632005459, 38.626710411631052 ], [ -75.11822809025351, 38.626920681072619 ], [ -75.118999995509171, 38.626512428554825 ], [ -75.119411679929144, 38.626814552344207 ], [ -75.118385024137027, 38.627203476670424 ], [ -75.117175008720665, 38.628334981251029 ], [ -75.117799667524835, 38.630012131204481 ], [ -75.12000985190717, 38.631344967319144 ], [ -75.119331525052957, 38.631350913906651 ], [ -75.117842176702396, 38.630587211259851 ] ], [ [ -75.113240020365268, 38.62478046054521 ], [ -75.111770177134446, 38.624855459359885 ], [ -75.112368244009588, 38.625356208570949 ], [ -75.111668903764269, 38.62534398665855 ], [ -75.111963937453027, 38.625988290896437 ], [ -75.113334344368411, 38.625965634062119 ], [ -75.113240020365268, 38.62478046054521 ] ] ], [ [ [ -75.137879439576167, 38.62291244365953 ], [ -75.139042851293908, 38.623498785244983 ], [ -75.138579614356388, 38.624213989399145 ], [ -75.137546709883154, 38.623381725472143 ], [ -75.137879439576167, 38.62291244365953 ] ] ], [ [ [ -75.120586073551209, 38.627337767432643 ], [ -75.11977386088877, 38.627215561417643 ], [ -75.119714391518627, 38.626939023713234 ], [ -75.120780934306012, 38.626857126386803 ], [ -75.119611390688149, 38.62659752083016 ], [ -75.120388777463674, 38.625241332337659 ], [ -75.121305447125692, 38.625578745966145 ], [ -75.12089494668524, 38.627145270547942 ], [ -75.120586073551209, 38.627337767432643 ] ] ], [ [ [ -75.129484912316485, 38.628583804105432 ], [ -75.129360497446271, 38.628363962428324 ], [ -75.126349544938194, 38.62889104348514 ], [ -75.125117512712535, 38.628625676729378 ], [ -75.125100643249823, 38.628321945787754 ], [ -75.128185218983631, 38.628003973788026 ], [ -75.129698143618853, 38.627480352316056 ], [ -75.12506565746277, 38.628122020432905 ], [ -75.125208354845654, 38.627417890101434 ], [ -75.128689639185339, 38.626848206647956 ], [ -75.125350272490877, 38.627160142097402 ], [ -75.125545879745673, 38.626446996210873 ], [ -75.128252155150392, 38.626029890633454 ], [ -75.128154297174916, 38.625823300919762 ], [ -75.125633238212117, 38.626231786146299 ], [ -75.125651545877602, 38.625522422161552 ], [ -75.127458226797245, 38.625300714124158 ], [ -75.132536450709068, 38.623811722724014 ], [ -75.132444147915308, 38.623559404381758 ], [ -75.130340533370074, 38.624194428412324 ], [ -75.1300324444653, 38.623612843139462 ], [ -75.129697573188636, 38.623718222150352 ], [ -75.130003122556104, 38.624306065345877 ], [ -75.126739508992927, 38.625208991058976 ], [ -75.125530137668633, 38.625328721020416 ], [ -75.125503145989299, 38.624420650421449 ], [ -75.132544462783102, 38.622600297430452 ], [ -75.134150907429273, 38.622430739854146 ], [ -75.134239095939023, 38.622988362417424 ], [ -75.134501306085625, 38.622959994569868 ], [ -75.134797157241294, 38.622351299409303 ], [ -75.135626821474773, 38.622279999447251 ], [ -75.135513230405408, 38.62305644731132 ], [ -75.134556304540581, 38.623151083599318 ], [ -75.133689509343156, 38.624888701919929 ], [ -75.137439847195253, 38.626116384968533 ], [ -75.136141196806449, 38.628123568552134 ], [ -75.13452417809107, 38.627586220399763 ], [ -75.134717173045019, 38.627059056063366 ], [ -75.134124532892528, 38.626784030814001 ], [ -75.134788603483145, 38.625963337078133 ], [ -75.133876872758592, 38.626017744630005 ], [ -75.134033665606594, 38.625744024243474 ], [ -75.133722643702399, 38.62563899630279 ], [ -75.133431718009447, 38.626219261909419 ], [ -75.133735096148868, 38.626336190025576 ], [ -75.133653715072342, 38.627009889549107 ], [ -75.131963923835784, 38.626473709255301 ], [ -75.130600402507056, 38.626674170461733 ], [ -75.130552807966666, 38.627550740405042 ], [ -75.129422682423495, 38.627985799144788 ], [ -75.129530683276826, 38.628581799142495 ], [ -75.128950683318692, 38.628786799118785 ], [ -75.128216681578152, 38.628944799679594 ], [ -75.126989320591974, 38.629052283876938 ], [ -75.129484912316485, 38.628583804105432 ] ] ], [ [ [ -75.110559153808367, 38.628787702998714 ], [ -75.110727105528824, 38.628617031603355 ], [ -75.110871638169826, 38.629610101269016 ], [ -75.110650825086481, 38.630275178438986 ], [ -75.109940680803234, 38.630061713907601 ], [ -75.110559153808367, 38.628787702998714 ] ] ], [ [ [ -75.109470531329606, 38.633628596798346 ], [ -75.108655336260426, 38.633559863024459 ], [ -75.109477544477031, 38.631855233822975 ], [ -75.109746376105605, 38.633252941184203 ], [ -75.110972912438342, 38.63395809345527 ], [ -75.109470531329606, 38.633628596798346 ] ] ] ] } },
{ "type": "Feature", "properties": { "GEOID": "100050507112", "efa": "Not EFA", "pop": 575, "sub_idx": 1, "neighborhoods": "" }, "geometry": { "type": "MultiPolygon", "coordinates": [ [ [ [ -75.10093687120208, 38.626151082468731 ], [ -75.100744268811908, 38.625589972684146 ], [ -75.101133660639789, 38.626034823565107 ], [ -75.101169468385322, 38.625512945727621 ], [ -75.102861994093615, 38.625402113535884 ], [ -75.102917375230874, 38.625812792880744 ], [ -75.102282476530789, 38.626132856826494 ], [ -75.102239569399543, 38.626565339469877 ], [ -75.101277264422805, 38.627056265758071 ], [ -75.10093687120208, 38.626151082468731 ] ] ], [ [ [ -75.118287139212086, 38.63154479456562 ], [ -75.117631817313992, 38.631714209190093 ], [ -75.117153220083452, 38.63131086600891 ], [ -75.118253238589872, 38.630961720149905 ], [ -75.119803607701087, 38.631880723123487 ], [ -75.119267738379591, 38.63202032711019 ], [ -75.118287139212086, 38.63154479456562 ] ] ] ] } },
{ "type": "Feature", "properties": { "GEOID": "100050517023", "efa": "Moderate", "pop": 2151, "sub_idx": 0, "neighborhoods": "" }, "geometry": { "type": "MultiPolygon", "coordinates": [ [ [ [ -75.543314363670589, 38.547443774785123 ], [ -75.542852820057405, 38.547466917291281 ], [ -75.542813295083192, 38.546950710469815 ], [ -75.545550421329736, 38.546917464831381 ], [ -75.541114260182383, 38.545781823374867 ], [ -75.541670100849259, 38.544429779096298 ], [ -75.54268057169493, 38.544902097045409 ], [ -75.543180061942351, 38.543814234372945 ], [ -75.544277742134113, 38.544174471071095 ], [ -75.544200557088274, 38.544638851396783 ], [ -75.545672849126547, 38.544903493092491 ], [ -75.545294954835981, 38.545529500512124 ], [ -75.546957572933493, 38.546967476607584 ], [ -75.548263304741695, 38.546878343575749 ], [ -75.547442992868639, 38.546411499727093 ], [ -75.546929380206606, 38.545607640487312 ], [ -75.546611234662237, 38.545902951889389 ], [ -75.545695979846798, 38.545653976557425 ], [ -75.545828192992005, 38.545051121233492 ], [ -75.54654761866874, 38.545125405924438 ], [ -75.546183035614064, 38.544911293250593 ], [ -75.546275713903611, 38.544438520080398 ], [ -75.54888155765957, 38.544826555890836 ], [ -75.548753775903663, 38.545796359790984 ], [ -75.549146946045639, 38.545876276303325 ], [ -75.549109559960129, 38.546177234626576 ], [ -75.548706493078683, 38.546155198968556 ], [ -75.548373844234035, 38.547871391453128 ], [ -75.549767852586854, 38.549464168308845 ], [ -75.549756927276377, 38.549828046785528 ], [ -75.549094395499836, 38.550419773929747 ], [ -75.547143812556513, 38.549727402616448 ], [ -75.546867463825663, 38.550114335002654 ], [ -75.547595463023484, 38.550464153848871 ], [ -75.547096444391585, 38.551146722701041 ], [ -75.548397156413969, 38.551396436339054 ], [ -75.548183339410031, 38.552225215250616 ], [ -75.545752117365524, 38.55179045101189 ], [ -75.546051575257053, 38.552192147680643 ], [ -75.545703946106741, 38.552752433342739 ], [ -75.547819241445595, 38.553038309484386 ], [ -75.547677369614462, 38.55341159330569 ], [ -75.547968815431986, 38.553825526251302 ], [ -75.549947056604594, 38.55410392422359 ], [ -75.550112340328653, 38.553505421519034 ], [ -75.552609427748109, 38.553765479061461 ], [ -75.552413762102816, 38.554500096880545 ], [ -75.545442808548572, 38.553517769471917 ], [ -75.541951469365927, 38.553952718560751 ], [ -75.541029629899469, 38.553064110597838 ], [ -75.53990244094895, 38.552815015343427 ], [ -75.539616756027343, 38.552213304042482 ], [ -75.540162894889164, 38.552088786662679 ], [ -75.541062296236447, 38.552645573201858 ], [ -75.541413554580544, 38.552549143153357 ], [ -75.541763120498629, 38.553463934994994 ], [ -75.543818414664699, 38.553042836464527 ], [ -75.543504223504215, 38.552141066088232 ], [ -75.542260024496343, 38.552383926026835 ], [ -75.541967340800369, 38.551766242764366 ], [ -75.542521666907689, 38.551294000811517 ], [ -75.541700361497945, 38.549957948842383 ], [ -75.539132913533848, 38.550690285800002 ], [ -75.540343623347908, 38.547614465698111 ], [ -75.541030286567931, 38.547614366636594 ], [ -75.54072355501755, 38.54688077517428 ], [ -75.541716012845129, 38.546931849262691 ], [ -75.541751860116534, 38.547477632817127 ], [ -75.542320577234705, 38.547269659154196 ], [ -75.542852820057405, 38.547466917291281 ], [ -75.542862205655481, 38.548159093983081 ], [ -75.541802669727318, 38.547899457370157 ], [ -75.54196696979615, 38.548131673819007 ], [ -75.541416277374154, 38.54853749876748 ], [ -75.542146105541903, 38.549978594411932 ], [ -75.542837191168076, 38.549802706783716 ], [ -75.542875229430479, 38.549434473095609 ], [ -75.542298510119764, 38.549414238359418 ], [ -75.542350728288909, 38.548898749473807 ], [ -75.542863549535141, 38.548827408158559 ], [ -75.54290896476266, 38.548187865156358 ], [ -75.543382398476965, 38.548163519399452 ], [ -75.543314363670589, 38.547443774785123 ] ] ], [ [ [ -75.501223349180592, 38.511218103579012 ], [ -75.500927535754158, 38.511182563264192 ], [ -75.500970624345058, 38.510804606560527 ], [ -75.500496869932206, 38.510753289619302 ], [ -75.50072111457996, 38.510386693485906 ], [ -75.499790621642362, 38.510276873635839 ], [ -75.499891615636514, 38.508410545318753 ], [ -75.498731994809262, 38.508216418573269 ], [ -75.499043606906611, 38.507485584440474 ], [ -75.501115744484267, 38.507733841992589 ], [ -75.501055850211031, 38.507097485010895 ], [ -75.498882496755328, 38.507054399198729 ], [ -75.498715908677482, 38.505670866409105 ], [ -75.498380183102981, 38.505734249988393 ], [ -75.498359260441703, 38.506149970792102 ], [ -75.497291636981032, 38.50580955310884 ], [ -75.497844526682201, 38.505243143714459 ], [ -75.498720145132367, 38.505555688324129 ], [ -75.498806350161971, 38.50505083547435 ], [ -75.499530753403718, 38.505220181647509 ], [ -75.49985932299866, 38.503427541749545 ], [ -75.500641663084664, 38.503470827976201 ], [ -75.500458184882831, 38.504884277629387 ], [ -75.501807774239794, 38.504913510393507 ], [ -75.501762652761414, 38.505235318166406 ], [ -75.502246529390874, 38.505288595425817 ], [ -75.502201437556877, 38.505632947304676 ], [ -75.50247893074139, 38.505671312094314 ], [ -75.504282409167061, 38.505828870781329 ], [ -75.50402020890192, 38.505352363166743 ], [ -75.504984483884101, 38.50548211636653 ], [ -75.505256185629989, 38.504817169607286 ], [ -75.503765342482779, 38.504614416702665 ], [ -75.503976440286337, 38.50359593285625 ], [ -75.504654845293956, 38.504126123182587 ], [ -75.504124537442394, 38.504437583012269 ], [ -75.504965750417171, 38.504641235530741 ], [ -75.505234442806838, 38.504069879855038 ], [ -75.505610602450602, 38.504098196955191 ], [ -75.504576848171098, 38.506828435863319 ], [ -75.506179000666847, 38.50710548469057 ], [ -75.506398500413269, 38.506467761214523 ], [ -75.506826618613047, 38.507039983596371 ], [ -75.506357831883733, 38.507264138963059 ], [ -75.505696926057837, 38.507104562407676 ], [ -75.505489697298202, 38.507503255341284 ], [ -75.504989667163287, 38.507613825959218 ], [ -75.502732900641888, 38.507691778655996 ], [ -75.503185724308636, 38.510933031254432 ], [ -75.503889698962496, 38.511089820680603 ], [ -75.502998492945537, 38.511643457809249 ], [ -75.503099368362044, 38.512268114761497 ], [ -75.5008345744953, 38.512303425392155 ], [ -75.501223349180592, 38.511218103579012 ] ] ], [ [ [ -75.527048918265692, 38.505243941594181 ], [ -75.524904024336522, 38.505241025642661 ], [ -75.524836115294306, 38.504679820179483 ], [ -75.523864804706832, 38.504636962796489 ], [ -75.52384060049981, 38.503070644856365 ], [ -75.522839026568732, 38.502989813997708 ], [ -75.522856470054919, 38.502393849171519 ], [ -75.522055599521238, 38.502319491538024 ], [ -75.522107228395569, 38.502867962958938 ], [ -75.520814223020011, 38.502816375330148 ], [ -75.520771763249797, 38.502139159669262 ], [ -75.521089932150375, 38.501815970705074 ], [ -75.523637276716713, 38.501665805259051 ], [ -75.523588368839398, 38.498303632957615 ], [ -75.524587663744612, 38.498326322339025 ], [ -75.524672887813921, 38.497896716146641 ], [ -75.522367646403168, 38.497286135546432 ], [ -75.522474081492987, 38.49666929393122 ], [ -75.524204799075562, 38.497056759153175 ], [ -75.528131359436969, 38.498220027450152 ], [ -75.527880195873408, 38.498696557646738 ], [ -75.527503895194144, 38.498563437301634 ], [ -75.527741124091023, 38.49813165870173 ], [ -75.527008000902811, 38.497891753320786 ], [ -75.526712402173729, 38.498507688791086 ], [ -75.526189388642265, 38.498373486814117 ], [ -75.525786136707865, 38.499227965842572 ], [ -75.525789688646483, 38.500600056972182 ], [ -75.52708622080786, 38.500665871144399 ], [ -75.527118694007058, 38.50199838991481 ], [ -75.525517810830806, 38.501732401612848 ], [ -75.525443590225393, 38.503809709429675 ], [ -75.528653470161558, 38.5038468189451 ], [ -75.528745364221848, 38.504927753488282 ], [ -75.527048918265692, 38.505243941594181 ] ] ], [ [ [ -75.489023382307565, 38.497681821044466 ], [ -75.48832103360435, 38.498443423562122 ], [ -75.485198848104559, 38.496674207627002 ], [ -75.485022241116326, 38.497059364684574 ], [ -75.48398464564066, 38.497033082278655 ], [ -75.484550773814178, 38.496209401034719 ], [ -75.481972936833841, 38.493708814603146 ], [ -75.482789781209902, 38.493311804449647 ], [ -75.482996678491176, 38.492100393995628 ], [ -75.485251920571542, 38.492439972282483 ], [ -75.485417268075992, 38.493427163825523 ], [ -75.48492619414445, 38.493684871563197 ], [ -75.485799878521817, 38.493923903656665 ], [ -75.4858502003474, 38.494217047938079 ], [ -75.485495553558053, 38.494424623029843 ], [ -75.484157723148144, 38.494060721671971 ], [ -75.484576182661996, 38.494737489489381 ], [ -75.484358682565414, 38.494907948979908 ], [ -75.486139748024712, 38.496366819418867 ], [ -75.486095200569778, 38.496689411326571 ], [ -75.486456602690055, 38.496563144240383 ], [ -75.487487962959321, 38.497160758872717 ], [ -75.487360784871285, 38.497550298269225 ], [ -75.488109355489129, 38.496965086009006 ], [ -75.487652751711678, 38.496378569732023 ], [ -75.488062113986643, 38.495195349347071 ], [ -75.48922246424587, 38.495462781996089 ], [ -75.488336438813164, 38.496571666059367 ], [ -75.488381283610465, 38.497131787311389 ], [ -75.489023382307565, 38.497681821044466 ] ] ], [ [ [ -75.483079221987708, 38.518026532048971 ], [ -75.483597743044427, 38.517736639789703 ], [ -75.482108594119836, 38.517191672919068 ], [ -75.482236728015337, 38.51688909411795 ], [ -75.483044229912437, 38.516764258334945 ], [ -75.481405497120008, 38.516735999633354 ], [ -75.481340298294995, 38.517159725066072 ], [ -75.480791673794798, 38.517138660308142 ], [ -75.480760708866939, 38.516055491183636 ], [ -75.482454189484372, 38.51605803206639 ], [ -75.482564817011593, 38.513029712055761 ], [ -75.483444580288477, 38.513038151795726 ], [ -75.483418797741493, 38.513863458974882 ], [ -75.484692265657955, 38.513890828238289 ], [ -75.484698967988294, 38.515404592795342 ], [ -75.485316473507851, 38.515421558171518 ], [ -75.485294240204581, 38.516064116830002 ], [ -75.485627702922869, 38.516060378956318 ], [ -75.485622922987247, 38.517981171314688 ], [ -75.4850384260628, 38.517948134388909 ], [ -75.485054920928036, 38.517138625165089 ], [ -75.484597906620522, 38.517437385692126 ], [ -75.484598397998965, 38.517959188870421 ], [ -75.483402707118145, 38.518437504424874 ], [ -75.482897463161322, 38.518323382058952 ], [ -75.483079221987708, 38.518026532048971 ] ] ], [ [ [ -75.520161795493777, 38.535199468006816 ], [ -75.518227269037851, 38.533852461301471 ], [ -75.518697670938053, 38.533267248228967 ], [ -75.516445263042442, 38.532330039398808 ], [ -75.515778967324835, 38.531768652272895 ], [ -75.516027153871548, 38.531434797576487 ], [ -75.516546101628009, 38.530967305357969 ], [ -75.517395382372356, 38.531516538147876 ], [ -75.516906784197758, 38.531974333524467 ], [ -75.517981604960454, 38.532646729059365 ], [ -75.518060575857092, 38.532447303164943 ], [ -75.520803729799184, 38.532846130508887 ], [ -75.521527323658859, 38.53341669917269 ], [ -75.522406447335243, 38.532845619640085 ], [ -75.522418209875553, 38.532557834066331 ], [ -75.521956980672726, 38.53235934745274 ], [ -75.522441602903882, 38.531362182469302 ], [ -75.523327054313114, 38.531598370682758 ], [ -75.522861427856967, 38.532854219382195 ], [ -75.522081791699975, 38.533575331298472 ], [ -75.522604822299428, 38.534312841781983 ], [ -75.521631579435777, 38.534892911104244 ], [ -75.522165131103833, 38.535568154735444 ], [ -75.520491608357077, 38.535091706936903 ], [ -75.519699908724135, 38.536153576055682 ], [ -75.519167224828635, 38.536075386458947 ], [ -75.519148884823792, 38.535804376220888 ], [ -75.520161795493777, 38.535199468006816 ] ] ], [ [ [ -75.471880785028304, 38.541229769112682 ], [ -75.471630542237932, 38.541183700000722 ], [ -75.47180929530137, 38.54008845046679 ], [ -75.472625882759246, 38.540137164303168 ], [ -75.47405387617593, 38.539086628666162 ], [ -75.474549570142969, 38.538324087274411 ], [ -75.475014821103343, 38.536507922676272 ], [ -75.47403951211453, 38.53642858248601 ], [ -75.474171938160453, 38.53579071543178 ], [ -75.476369393415212, 38.536010152741881 ], [ -75.476115969690412, 38.536743042802385 ], [ -75.476894559310097, 38.536989337388093 ], [ -75.476087131074848, 38.537249797564137 ], [ -75.475474129708118, 38.539016025234069 ], [ -75.475047402998683, 38.539148512185015 ], [ -75.474009508384043, 38.540680494542933 ], [ -75.473913306901949, 38.541498822479852 ], [ -75.471880785028304, 38.541229769112682 ] ] ], [ [ [ -75.475068363389212, 38.484178185267488 ], [ -75.474340595058422, 38.483568694376338 ], [ -75.474077121880541, 38.483786165156552 ], [ -75.472776649708337, 38.483650936526864 ], [ -75.472836495472549, 38.482930492492486 ], [ -75.472571403530537, 38.483080159047766 ], [ -75.471625090362465, 38.482628530597189 ], [ -75.471240525182594, 38.482882860830514 ], [ -75.470645564681732, 38.482423308185389 ], [ -75.4712704300984, 38.481995693574639 ], [ -75.471188130943659, 38.481427260147584 ], [ -75.469655524220556, 38.480425609857122 ], [ -75.46907346891706, 38.481407687698059 ], [ -75.468371802035165, 38.481019995568325 ], [ -75.46899899947833, 38.480300499900387 ], [ -75.46781587513, 38.479539484779671 ], [ -75.467036406957973, 38.480018452134225 ], [ -75.466407802753082, 38.479684047321811 ], [ -75.466353911920876, 38.480149814229435 ], [ -75.466880980447513, 38.480485883510781 ], [ -75.465878825306433, 38.480759803077149 ], [ -75.465412967084944, 38.480779543771291 ], [ -75.46557092414956, 38.47996960618913 ], [ -75.467747071365764, 38.478805660676016 ], [ -75.475772034412515, 38.484000851371277 ], [ -75.475068363389212, 38.484178185267488 ] ] ], [ [ [ -75.482674121320429, 38.510418779306576 ], [ -75.482842137719601, 38.509755851265716 ], [ -75.483577546221895, 38.509647814501754 ], [ -75.482855045611913, 38.508617540351644 ], [ -75.483700543550583, 38.508673050471486 ], [ -75.483928798277759, 38.506984649363744 ], [ -75.484666867589937, 38.506736910124438 ], [ -75.485026921338957, 38.507369524235067 ], [ -75.487501585012282, 38.506436365351874 ], [ -75.487928619843842, 38.507150847356634 ], [ -75.485048939046564, 38.508139132840498 ], [ -75.485069355956355, 38.508831083403734 ], [ -75.483693016566832, 38.508732705807176 ], [ -75.48432247417125, 38.508929604265909 ], [ -75.484293941881191, 38.509658671327301 ], [ -75.485091257781292, 38.509839186109353 ], [ -75.483555100017881, 38.509976752743846 ], [ -75.483451136193437, 38.511960786776847 ], [ -75.48230361477475, 38.511266057425047 ], [ -75.482674121320429, 38.510418779306576 ] ] ], [ [ [ -75.529410098667498, 38.552932200051202 ], [ -75.527883803507592, 38.552632770572032 ], [ -75.5242677071966, 38.551270068490368 ], [ -75.52689638163551, 38.547715715623632 ], [ -75.528019383538478, 38.548051274344452 ], [ -75.527886995221806, 38.548512665555712 ], [ -75.527439984553268, 38.548454803092177 ], [ -75.52695509192921, 38.549209809033584 ], [ -75.526350174501715, 38.548984343362008 ], [ -75.526096482180648, 38.549315290965382 ], [ -75.526398908105875, 38.549708858984765 ], [ -75.526045971708854, 38.550268434764241 ], [ -75.526761089065488, 38.55056029935696 ], [ -75.525836235751257, 38.551846737140643 ], [ -75.526138707490574, 38.551972395131806 ], [ -75.526737656511315, 38.551254968347955 ], [ -75.528303429034693, 38.551957208024234 ], [ -75.527849683696473, 38.552533550815966 ], [ -75.528780986016145, 38.552806955410333 ], [ -75.529110379366202, 38.552261295204723 ], [ -75.529610862252028, 38.552432424994869 ], [ -75.529410098667498, 38.552932200051202 ] ] ], [ [ [ -75.448761071834696, 38.4860452968842 ], [ -75.451156736763622, 38.485083364195091 ], [ -75.451226493640377, 38.485704897396566 ], [ -75.451591128797361, 38.485808481054548 ], [ -75.452039314462283, 38.485347315001938 ], [ -75.452782453865893, 38.485632459767452 ], [ -75.452722187690128, 38.486486433861543 ], [ -75.453556904048753, 38.486870893004081 ], [ -75.453159882829155, 38.487352490650366 ], [ -75.451754813520225, 38.486818966950977 ], [ -75.451245907131991, 38.487507058827937 ], [ -75.450330758317762, 38.487186114781615 ], [ -75.450788902705924, 38.486059765206818 ], [ -75.449680058251815, 38.486039237007567 ], [ -75.448729632596368, 38.488602482078207 ], [ -75.448193446169597, 38.488587669024312 ], [ -75.448086128934179, 38.488249425430269 ], [ -75.448700648453737, 38.48784252566135 ], [ -75.448761071834696, 38.4860452968842 ] ] ], [ [ [ -75.521698088902781, 38.496568644297383 ], [ -75.521597821645713, 38.49713620391443 ], [ -75.515591267041174, 38.496291399559787 ], [ -75.515449008934468, 38.496592355071527 ], [ -75.512415041588824, 38.496231994052721 ], [ -75.512305008746296, 38.495985285083755 ], [ -75.512741421091107, 38.495296102142284 ], [ -75.521698088902781, 38.496568644297383 ] ] ], [ [ [ -75.512652037822022, 38.524019614588902 ], [ -75.513594419064077, 38.523898590485047 ], [ -75.514027778933567, 38.523043744955409 ], [ -75.514650204525935, 38.523840507220228 ], [ -75.515144862735468, 38.5236926394672 ], [ -75.514948226909652, 38.52307754067872 ], [ -75.5154760590043, 38.522933839694517 ], [ -75.515999306996051, 38.522841036346129 ], [ -75.516182161767077, 38.523430800513154 ], [ -75.516679489769615, 38.523409450847872 ], [ -75.516583704207505, 38.522717784470409 ], [ -75.517145682164411, 38.52264002866373 ], [ -75.517402089194277, 38.523306646547645 ], [ -75.51716956926613, 38.524074780412022 ], [ -75.516082455957061, 38.524262918778206 ], [ -75.515922433665608, 38.523596445391775 ], [ -75.515398619735237, 38.523649194616993 ], [ -75.515626380388994, 38.524349808414229 ], [ -75.514650468630634, 38.524500008078832 ], [ -75.513533838477969, 38.526238196805956 ], [ -75.512920836212913, 38.526167197049929 ], [ -75.513401896623975, 38.525758658251746 ], [ -75.512431368469123, 38.525191866757652 ], [ -75.512455298689957, 38.524609218701265 ], [ -75.512797294505148, 38.524452775677211 ], [ -75.512652037822022, 38.524019614588902 ] ] ], [ [ [ -75.483126649441445, 38.504193493360106 ], [ -75.48285416616126, 38.504092057753134 ], [ -75.483129272522078, 38.503002311925066 ], [ -75.48245797139171, 38.502915934316732 ], [ -75.482413714092615, 38.50252903981508 ], [ -75.482899090908617, 38.502517149904349 ], [ -75.483032915631426, 38.502183126478549 ], [ -75.482548508097622, 38.502050668484195 ], [ -75.482571035150016, 38.501806343669813 ], [ -75.483334224052456, 38.501594517636093 ], [ -75.484517465181767, 38.502447278976035 ], [ -75.485561849226031, 38.502103212049754 ], [ -75.486021381511321, 38.502898441555487 ], [ -75.485200301578686, 38.503240326797467 ], [ -75.485602257244139, 38.503707149899874 ], [ -75.483885946842094, 38.504435839608092 ], [ -75.483126649441445, 38.504193493360106 ] ] ], [ [ [ -75.538349812574793, 38.504164774188162 ], [ -75.538169624003544, 38.503403621623619 ], [ -75.537659940572581, 38.503434754482129 ], [ -75.537083585079557, 38.504320825452758 ], [ -75.536339975857032, 38.504456115115119 ], [ -75.537057819600577, 38.502509377488387 ], [ -75.540439920051426, 38.502999289729885 ], [ -75.540591881759838, 38.503442414319025 ], [ -75.539722988097907, 38.503518411582462 ], [ -75.540003183414782, 38.504293767489791 ], [ -75.539138724735423, 38.504378282641362 ], [ -75.539600350993609, 38.505654790105964 ], [ -75.538712710390016, 38.505820757078318 ], [ -75.538349812574793, 38.504164774188162 ] ] ], [ [ [ -75.532679668061007, 38.52552105304067 ], [ -75.529985891815159, 38.525265923173009 ], [ -75.530154508288931, 38.524447324133909 ], [ -75.527943110282649, 38.524070177112307 ], [ -75.527821836820976, 38.524628910835567 ], [ -75.527287462296115, 38.524566376694565 ], [ -75.528043614694951, 38.522553536861629 ], [ -75.528978297375048, 38.522792561699767 ], [ -75.528774734640081, 38.523588254274735 ], [ -75.530343367399311, 38.523855010822366 ], [ -75.530247726465959, 38.524365707656607 ], [ -75.533572625792772, 38.524936474286768 ], [ -75.533434915856361, 38.525360606848402 ], [ -75.532770253275942, 38.525246859500477 ], [ -75.532679668061007, 38.52552105304067 ] ] ], [ [ [ -75.435227106764742, 38.48095161570221 ], [ -75.434572151379299, 38.481039907775404 ], [ -75.434605405214484, 38.480627552522968 ], [ -75.433569956712361, 38.480328282050912 ], [ -75.433946188221341, 38.479750327149759 ], [ -75.433715691299213, 38.479628833424059 ], [ -75.432904138898508, 38.481152002794076 ], [ -75.431841636733267, 38.48115634794582 ], [ -75.432698769651509, 38.479551757522785 ], [ -75.432497811132563, 38.478648762999164 ], [ -75.435127292258599, 38.479089251861254 ], [ -75.435233894435029, 38.479799956637194 ], [ -75.434911247432751, 38.480127106465922 ], [ -75.436105412075918, 38.480736545590304 ], [ -75.435668405046385, 38.481335292865026 ], [ -75.435227106764742, 38.48095161570221 ] ] ], [ [ [ -75.501974154806845, 38.515735107293011 ], [ -75.50169299290269, 38.51369322217586 ], [ -75.502748124391019, 38.513610515964501 ], [ -75.503074915321704, 38.514185114991861 ], [ -75.505051826987696, 38.51405837319809 ], [ -75.505214925110664, 38.515373245813521 ], [ -75.501974154806845, 38.515735107293011 ] ] ], [ [ [ -75.510539914434432, 38.496128462640883 ], [ -75.508643511580843, 38.495733077258677 ], [ -75.508209568704743, 38.496285783475848 ], [ -75.508410653886145, 38.495668901656742 ], [ -75.507499516049663, 38.495251428757136 ], [ -75.507353778767879, 38.494480587031163 ], [ -75.506719140579207, 38.494337387215751 ], [ -75.506980694955644, 38.49514966979735 ], [ -75.506362822025125, 38.495036273359112 ], [ -75.506354982427638, 38.4940905114549 ], [ -75.511146061655538, 38.495075459362482 ], [ -75.510848114730308, 38.495971395973051 ], [ -75.511346319488581, 38.496180290586736 ], [ -75.510725042841443, 38.497015388420195 ], [ -75.510360268445581, 38.496912350978583 ], [ -75.510539914434432, 38.496128462640883 ] ] ], [ [ [ -75.464150612226859, 38.536164137975838 ], [ -75.463658283348892, 38.536177314550493 ], [ -75.462407640725502, 38.533616910107462 ], [ -75.463469136777618, 38.53360296149836 ], [ -75.463900047839616, 38.534370598976658 ], [ -75.463785676134279, 38.534735858719408 ], [ -75.464586782924869, 38.534711698837654 ], [ -75.464578910089713, 38.534128462410429 ], [ -75.465750483001798, 38.534435292404467 ], [ -75.46599834615499, 38.533949900198294 ], [ -75.466463806422823, 38.533849800885498 ], [ -75.466754595571871, 38.535264956830829 ], [ -75.465388520332795, 38.53562425118978 ], [ -75.465369983596915, 38.535135640975106 ], [ -75.465712901083577, 38.535152181494446 ], [ -75.465730897931977, 38.534842316834848 ], [ -75.464406473979352, 38.534881997653279 ], [ -75.464809973848787, 38.535354432409044 ], [ -75.464430371860857, 38.535916631255681 ], [ -75.464910551922941, 38.536156412055419 ], [ -75.464150612226859, 38.536164137975838 ] ] ], [ [ [ -75.509113332271056, 38.522927358426735 ], [ -75.508651259550163, 38.525212532789375 ], [ -75.503945260661141, 38.523050621891272 ], [ -75.50433548343068, 38.522479264703868 ], [ -75.508016411155722, 38.524040503742995 ], [ -75.508325072287363, 38.524031958468228 ], [ -75.508591953673417, 38.522297570670766 ], [ -75.509223730727896, 38.522344929587099 ], [ -75.509113332271056, 38.522927358426735 ] ] ], [ [ [ -75.550348466094349, 38.533914154675919 ], [ -75.549046694059925, 38.533496037765744 ], [ -75.549462651765708, 38.532940166152159 ], [ -75.549057303163437, 38.532715087261749 ], [ -75.548610879094781, 38.533296314873716 ], [ -75.548155212260184, 38.533025107246551 ], [ -75.549658731534365, 38.531418946275593 ], [ -75.549040524430566, 38.531078671965403 ], [ -75.549369484792663, 38.530600219060538 ], [ -75.550439392669077, 38.53104204590651 ], [ -75.550395256642545, 38.529994586137832 ], [ -75.550807741461441, 38.529977449215203 ], [ -75.550321718756763, 38.532964854361815 ], [ -75.551345435261283, 38.533060365532656 ], [ -75.551338216399657, 38.533485476859298 ], [ -75.550348466094349, 38.533914154675919 ] ] ], [ [ [ -75.459074944022021, 38.490922069466833 ], [ -75.458865113741339, 38.491142163880376 ], [ -75.458276146800031, 38.490733591553507 ], [ -75.457667489686017, 38.490892737509704 ], [ -75.457953622866938, 38.489942099168637 ], [ -75.457432434712132, 38.489690808866357 ], [ -75.456831338717862, 38.489947267152075 ], [ -75.455982047193743, 38.489370661351323 ], [ -75.456121516031487, 38.48915744521549 ], [ -75.454439972227561, 38.488038591749863 ], [ -75.454793765617381, 38.487516480344702 ], [ -75.45873284220562, 38.489764833596453 ], [ -75.458389869023407, 38.490208566943096 ], [ -75.459256452218455, 38.49042684807435 ], [ -75.459074944022021, 38.490922069466833 ] ] ], [ [ [ -75.518146849158654, 38.510730105076497 ], [ -75.517823958712953, 38.508803518907612 ], [ -75.517461202831541, 38.508719239514853 ], [ -75.517387100803745, 38.508278603494439 ], [ -75.518582768328372, 38.508842771933459 ], [ -75.518697700582464, 38.509401942990301 ], [ -75.51956514436354, 38.509029057092782 ], [ -75.52050082237696, 38.509067692814028 ], [ -75.520554926109895, 38.510567538223768 ], [ -75.518146849158654, 38.510730105076497 ] ] ], [ [ [ -75.462072015762303, 38.475130678155729 ], [ -75.461493765722338, 38.475654534776268 ], [ -75.461107861154389, 38.475620100031009 ], [ -75.460396968574528, 38.475188413912178 ], [ -75.460978915181869, 38.474629827530187 ], [ -75.460761455509484, 38.474390328458746 ], [ -75.46037431935126, 38.475012214782183 ], [ -75.45912737329526, 38.474581872502014 ], [ -75.459763391296207, 38.473819698479936 ], [ -75.459522978769968, 38.4736367289863 ], [ -75.45841251734835, 38.474851415522856 ], [ -75.457758464769782, 38.474043398808945 ], [ -75.458322613056396, 38.472977303821601 ], [ -75.459646777395903, 38.473570755796615 ], [ -75.462072015762303, 38.475130678155729 ] ] ], [ [ [ -75.520255546371772, 38.523409306071017 ], [ -75.519187549211949, 38.523524739527417 ], [ -75.518981822435478, 38.52301050372877 ], [ -75.518538486774759, 38.523086920997407 ], [ -75.518419094385308, 38.522461149086112 ], [ -75.519166173799761, 38.522359220538974 ], [ -75.519324527021425, 38.522920021844577 ], [ -75.520226401430691, 38.522681075441383 ], [ -75.518898925901055, 38.521432932012836 ], [ -75.520398902219753, 38.521484380499906 ], [ -75.520295704658238, 38.522549040291466 ], [ -75.522791679065037, 38.523113452526708 ], [ -75.522574432293368, 38.523769098179343 ], [ -75.520255546371772, 38.523409306071017 ] ] ], [ [ [ -75.534439235038931, 38.510670497085634 ], [ -75.532674934837786, 38.510505723612638 ], [ -75.531440840978547, 38.51039185156759 ], [ -75.531567781911349, 38.509806348594829 ], [ -75.534549033421186, 38.509941077556348 ], [ -75.534302897728267, 38.508653526193363 ], [ -75.535083693610289, 38.508535099646835 ], [ -75.535387491262981, 38.50881128010014 ], [ -75.535103204119949, 38.509289712669144 ], [ -75.53543064273596, 38.509988886746086 ], [ -75.535354112561947, 38.51074258268163 ], [ -75.534439235038931, 38.510670497085634 ] ] ], [ [ [ -75.528279735969065, 38.50001936887184 ], [ -75.528802694703302, 38.498989948256593 ], [ -75.528280769031639, 38.498833133891814 ], [ -75.528551794346129, 38.498358412127175 ], [ -75.531912307382385, 38.499356743014658 ], [ -75.53123121102216, 38.500097673569684 ], [ -75.529892671841495, 38.49950612376783 ], [ -75.52940729861875, 38.500486037797735 ], [ -75.528279735969065, 38.50001936887184 ] ] ], [ [ [ -75.457740882044718, 38.49649238870758 ], [ -75.457641275947694, 38.496269326125656 ], [ -75.457075274436633, 38.496403541162451 ], [ -75.457027641268695, 38.495872825745806 ], [ -75.457510703126204, 38.495096557994998 ], [ -75.456561306940088, 38.494913354950789 ], [ -75.456723963990271, 38.494611241480541 ], [ -75.457637742873686, 38.49465265507596 ], [ -75.458134780720385, 38.494331387798603 ], [ -75.460189560151832, 38.495051880970721 ], [ -75.458115590909273, 38.495871679040036 ], [ -75.458431464614321, 38.496595587751095 ], [ -75.457814168402223, 38.496787685151197 ], [ -75.457740882044718, 38.49649238870758 ] ] ], [ [ [ -75.547698391090435, 38.512627329944934 ], [ -75.547882863727281, 38.511852526983191 ], [ -75.548397212109506, 38.511937755857716 ], [ -75.548573607095335, 38.511351213187346 ], [ -75.549787262485211, 38.51159471484025 ], [ -75.549665923446526, 38.512077891136954 ], [ -75.551669969623987, 38.512376674071952 ], [ -75.551535357078649, 38.512989589010942 ], [ -75.551040183236168, 38.512944392393621 ], [ -75.551117120347001, 38.512387846794624 ], [ -75.550208204942521, 38.512243664766714 ], [ -75.549909984929428, 38.513388877048143 ], [ -75.548737785891618, 38.513212554122823 ], [ -75.548792027066767, 38.51301227657752 ], [ -75.547698391090435, 38.512627329944934 ] ] ], [ [ [ -75.473519534888737, 38.487906905115608 ], [ -75.473205201794414, 38.487641889271096 ], [ -75.472602864328408, 38.487852644656456 ], [ -75.470596580447591, 38.486243485789871 ], [ -75.471156626128305, 38.48610275107103 ], [ -75.472103647168836, 38.487215071357234 ], [ -75.472557950360837, 38.486883101214787 ], [ -75.473170736131905, 38.487066440698307 ], [ -75.473584773239608, 38.487617973044244 ], [ -75.474547011741052, 38.487194918971305 ], [ -75.475251569401522, 38.487538747717394 ], [ -75.474893428165728, 38.487152906220835 ], [ -75.47532286329573, 38.486827664305565 ], [ -75.475938549726834, 38.487217159723492 ], [ -75.475940666157655, 38.487467955195875 ], [ -75.473476997863401, 38.488765677897185 ], [ -75.473242425284838, 38.488382552177093 ], [ -75.473519534888737, 38.487906905115608 ] ] ], [ [ [ -75.478275104611768, 38.492981506235985 ], [ -75.476137300186821, 38.492446914014621 ], [ -75.475584879406242, 38.492042872170678 ], [ -75.476401624069283, 38.491180531466604 ], [ -75.47749819843493, 38.491112632328033 ], [ -75.477982167590866, 38.491365765453139 ], [ -75.47786550428323, 38.492058940262304 ], [ -75.478424568105368, 38.491547046774613 ], [ -75.478638646519045, 38.49181124179114 ], [ -75.478714317903638, 38.492383098286709 ], [ -75.478275104611768, 38.492981506235985 ] ] ], [ [ [ -75.498176580842141, 38.524820090818928 ], [ -75.499731833195227, 38.524655430551768 ], [ -75.499724901794494, 38.526423859979552 ], [ -75.497882017870594, 38.526611507293971 ], [ -75.497584872242598, 38.524848556479974 ], [ -75.498176580842141, 38.524820090818928 ] ] ], [ [ [ -75.475816002454096, 38.486232273149987 ], [ -75.476843163997742, 38.485821880610516 ], [ -75.477292487828123, 38.485228549177279 ], [ -75.476994587615295, 38.485011086968363 ], [ -75.476400705092757, 38.485592971890853 ], [ -75.475910448628127, 38.485341520162414 ], [ -75.475596068821417, 38.485536889885516 ], [ -75.475453788256829, 38.484525147712532 ], [ -75.476256312588944, 38.484308466725977 ], [ -75.478117783554382, 38.485516758125328 ], [ -75.47641707958374, 38.487010787358194 ], [ -75.475868549406641, 38.486700032684048 ], [ -75.475816002454096, 38.486232273149987 ] ] ], [ [ [ -75.465896686509254, 38.492100142283675 ], [ -75.464798249936024, 38.492326641889719 ], [ -75.464815631438441, 38.491832478485712 ], [ -75.466180584681751, 38.491889377524906 ], [ -75.467461482563891, 38.491260839804042 ], [ -75.467200650432943, 38.490812451964935 ], [ -75.467834980499475, 38.490497914718979 ], [ -75.467769809522224, 38.490275190060906 ], [ -75.469773879055879, 38.489915511821557 ], [ -75.469990126900967, 38.489351768175823 ], [ -75.470555266029365, 38.489958480620153 ], [ -75.467703573143083, 38.491193629793649 ], [ -75.467825186167914, 38.491622611519382 ], [ -75.466685290547701, 38.492223752425062 ], [ -75.465896686509254, 38.492100142283675 ] ] ], [ [ [ -75.533499343028524, 38.54053740697934 ], [ -75.531441909973751, 38.540072431034275 ], [ -75.531813037255276, 38.539034829494845 ], [ -75.534503219341673, 38.539933229259766 ], [ -75.534193388603555, 38.540783736352154 ], [ -75.533635441387332, 38.54125313213526 ], [ -75.53337370644951, 38.54121181841424 ], [ -75.533499343028524, 38.54053740697934 ] ] ], [ [ [ -75.549651492011478, 38.525282350002342 ], [ -75.549342245178295, 38.52448751739675 ], [ -75.54837876969674, 38.524532898628394 ], [ -75.549405167672361, 38.523466148539434 ], [ -75.54963150090316, 38.523636425479189 ], [ -75.549341641510424, 38.524094294885792 ], [ -75.549795993211447, 38.524788698742249 ], [ -75.550533170496536, 38.524570282795885 ], [ -75.550755835007706, 38.525064879393348 ], [ -75.549987560742437, 38.525381873709506 ], [ -75.550008790627544, 38.527260668311371 ], [ -75.549125853602774, 38.527051988943519 ], [ -75.548965701055593, 38.52570922768426 ], [ -75.549651492011478, 38.525282350002342 ] ] ], [ [ [ -75.444735458738478, 38.471807317262154 ], [ -75.444922781729744, 38.470633717072673 ], [ -75.448299309930874, 38.471200838134607 ], [ -75.448219076002957, 38.471611057215156 ], [ -75.447026351359199, 38.471466956733032 ], [ -75.447102721633087, 38.471041280862558 ], [ -75.446409291404009, 38.47093479240182 ], [ -75.446343394588027, 38.472344114815442 ], [ -75.44470759389668, 38.472057944111533 ], [ -75.444735458738478, 38.471807317262154 ] ] ], [ [ [ -75.53955616735638, 38.527642663813396 ], [ -75.538877391344542, 38.527252785421517 ], [ -75.538318711103045, 38.527745386724533 ], [ -75.538024859597186, 38.527652631746257 ], [ -75.538355471961097, 38.52708587063011 ], [ -75.537518912259515, 38.526663427853457 ], [ -75.536799850400442, 38.527309298772508 ], [ -75.536341337702993, 38.527102403161386 ], [ -75.536900916259796, 38.526151951082184 ], [ -75.538365796298649, 38.526934066325815 ], [ -75.539151237369012, 38.526558821380945 ], [ -75.540186719108803, 38.52715008780941 ], [ -75.539962965839521, 38.528507777419122 ], [ -75.539280304614081, 38.528181952717361 ], [ -75.53955616735638, 38.527642663813396 ] ] ], [ [ [ -75.555803509013359, 38.524977377792119 ], [ -75.55510891097444, 38.524967059501734 ], [ -75.555106855629049, 38.52521684014453 ], [ -75.555094740050805, 38.524774285987817 ], [ -75.555623039269406, 38.524001833186318 ], [ -75.556633385249256, 38.524347737288657 ], [ -75.556599678663133, 38.527155085865381 ], [ -75.555784051504304, 38.526994213223944 ], [ -75.555803509013359, 38.524977377792119 ] ] ], [ [ [ -75.54315293192245, 38.529446682560796 ], [ -75.542829985781196, 38.529843494220927 ], [ -75.54163782887268, 38.529610520200556 ], [ -75.540323755308776, 38.528603452625312 ], [ -75.541015473348907, 38.527751687652376 ], [ -75.541631673616365, 38.527894041670869 ], [ -75.542428038200583, 38.528309856592507 ], [ -75.542027902521895, 38.52885566620651 ], [ -75.54315293192245, 38.529446682560796 ] ] ], [ [ [ -75.502274102280225, 38.517512065087288 ], [ -75.5030348244089, 38.517449973186494 ], [ -75.503367272929239, 38.520804900895421 ], [ -75.502600559037617, 38.520849832532477 ], [ -75.502274102280225, 38.517512065087288 ] ] ], [ [ [ -75.442337479749384, 38.50156064785309 ], [ -75.440976773740758, 38.499009761994316 ], [ -75.440791761216431, 38.498613541744866 ], [ -75.441618169955305, 38.498415962655905 ], [ -75.442118309684673, 38.499208233014087 ], [ -75.442909068781518, 38.501166887432994 ], [ -75.442904709257448, 38.501412900246685 ], [ -75.442337479749384, 38.50156064785309 ] ] ], [ [ [ -75.48057005761757, 38.541098858475792 ], [ -75.481207317090224, 38.541065007979988 ], [ -75.481305064572922, 38.54036995668303 ], [ -75.48204182503973, 38.540631999593096 ], [ -75.482240518007529, 38.542542339610641 ], [ -75.480548246522474, 38.54233378115088 ], [ -75.48057005761757, 38.541098858475792 ] ] ], [ [ [ -75.434046009914027, 38.4854815574163 ], [ -75.433854770268127, 38.48524075977565 ], [ -75.432126302965344, 38.4833402749532 ], [ -75.432848336451386, 38.48297012317007 ], [ -75.434287964847599, 38.483764958437192 ], [ -75.433931754989672, 38.484765052599187 ], [ -75.434951110173486, 38.485677292407431 ], [ -75.434046009914027, 38.4854815574163 ] ] ], [ [ [ -75.480010788081245, 38.542268768812455 ], [ -75.478015560664943, 38.542022989757619 ], [ -75.4781939148764, 38.541122817368851 ], [ -75.479001283822839, 38.541178924949307 ], [ -75.479330938582635, 38.540046018882599 ], [ -75.479653410413448, 38.540946811819467 ], [ -75.480092666824447, 38.541119921138986 ], [ -75.480010788081245, 38.542268768812455 ] ] ], [ [ [ -75.491656931903506, 38.501631427934214 ], [ -75.491438605356848, 38.50135491343061 ], [ -75.492313061387037, 38.500754142579062 ], [ -75.493605525078465, 38.501799627803116 ], [ -75.492560327160547, 38.50254936577219 ], [ -75.491204048049653, 38.502132860014392 ], [ -75.491656931903506, 38.501631427934214 ] ] ], [ [ [ -75.491291497245925, 38.504980848903344 ], [ -75.49079197286251, 38.50406160496938 ], [ -75.491708320927657, 38.504224676492306 ], [ -75.492285002509121, 38.505610660217101 ], [ -75.490622145459739, 38.506243047321263 ], [ -75.490085535926454, 38.505456251086535 ], [ -75.491291497245925, 38.504980848903344 ] ] ], [ [ [ -75.454822296110791, 38.522131081535782 ], [ -75.452968777930565, 38.519920765253282 ], [ -75.452896344972572, 38.519589607197354 ], [ -75.455010557841518, 38.520735943112591 ], [ -75.455554832699136, 38.521756934647684 ], [ -75.454822296110791, 38.522131081535782 ] ] ], [ [ [ -75.545597894597549, 38.502301112140813 ], [ -75.545034109230301, 38.50185535408162 ], [ -75.545278761804667, 38.501127256920739 ], [ -75.546588806424523, 38.501202758890955 ], [ -75.548951717879888, 38.501362709873725 ], [ -75.548600438874558, 38.501340223917261 ], [ -75.548563295334191, 38.501991623449378 ], [ -75.547867520502223, 38.50197528480534 ], [ -75.547702517052542, 38.501279499496917 ], [ -75.547123113575736, 38.501239626505871 ], [ -75.547133678661794, 38.50205239507391 ], [ -75.545795561689303, 38.501995144120507 ], [ -75.545597894597549, 38.502301112140813 ] ] ], [ [ [ -75.554261435843813, 38.536676107822188 ], [ -75.553473421998476, 38.536943984389652 ], [ -75.552086077348406, 38.534750566716312 ], [ -75.552978181680658, 38.534462005963256 ], [ -75.553480224940131, 38.535166547198365 ], [ -75.553610595640691, 38.536019033176601 ], [ -75.554028058024571, 38.536013242413759 ], [ -75.554261435843813, 38.536676107822188 ] ] ], [ [ [ -75.438226769246313, 38.469508057622903 ], [ -75.437954107201406, 38.470194566305956 ], [ -75.435709227187857, 38.470048348809804 ], [ -75.435944455536571, 38.469178780562302 ], [ -75.434784666724383, 38.468984746438345 ], [ -75.434587612283664, 38.469618711173212 ], [ -75.434176805517708, 38.469583817086885 ], [ -75.434242724791588, 38.468852475689147 ], [ -75.438226769246313, 38.469508057622903 ] ] ], [ [ [ -75.486952789832173, 38.542646768972851 ], [ -75.485621153306141, 38.542607224528844 ], [ -75.4856484459211, 38.54192199600184 ], [ -75.48607046545844, 38.541951297337555 ], [ -75.486103863922366, 38.542572953877666 ], [ -75.486605917063329, 38.542566441356023 ], [ -75.486761163012403, 38.542023858194106 ], [ -75.487498542418422, 38.542101341517672 ], [ -75.488021805681527, 38.541495565116527 ], [ -75.488935881008985, 38.541625273547076 ], [ -75.488641212934553, 38.542749888515658 ], [ -75.486952789832173, 38.542646768972851 ] ] ], [ [ [ -75.450090700626077, 38.472768488932459 ], [ -75.450364207985686, 38.471549975778444 ], [ -75.452975133511202, 38.471990211221836 ], [ -75.452699984031256, 38.472683463381706 ], [ -75.452147246145358, 38.472628835593937 ], [ -75.452253590505308, 38.471998258404788 ], [ -75.451433947877163, 38.471875201533862 ], [ -75.450065915209066, 38.473532741731319 ], [ -75.449698128762066, 38.473397311010466 ], [ -75.450090700626077, 38.472768488932459 ] ] ], [ [ [ -75.538544392156922, 38.50185040488568 ], [ -75.53818509568768, 38.500665599777776 ], [ -75.540758836350335, 38.500835082805871 ], [ -75.540512900981739, 38.501615258634672 ], [ -75.539122802097012, 38.501325213825616 ], [ -75.539378334167779, 38.501720824410931 ], [ -75.538544392156922, 38.50185040488568 ] ] ], [ [ [ -75.525553508981901, 38.524793970346323 ], [ -75.525235759594551, 38.525102457252849 ], [ -75.524399471184154, 38.524943427645361 ], [ -75.524782713145612, 38.52347558643703 ], [ -75.526325819377732, 38.523724698273796 ], [ -75.526099587656574, 38.524750557786334 ], [ -75.525553508981901, 38.524793970346323 ] ] ], [ [ [ -75.516643515835753, 38.511384216588816 ], [ -75.515817554457882, 38.511474188597937 ], [ -75.515720199538961, 38.509561759076206 ], [ -75.516450971836065, 38.509518977703877 ], [ -75.516580705631085, 38.510706122707028 ], [ -75.516816039082684, 38.510656344398143 ], [ -75.516872365247636, 38.509694497785567 ], [ -75.517329167552774, 38.509818051727883 ], [ -75.51746554438931, 38.510784358849122 ], [ -75.516603590212952, 38.510852991573721 ], [ -75.516643515835753, 38.511384216588816 ] ] ], [ [ [ -75.54193980025039, 38.543380451404104 ], [ -75.540216512633521, 38.542597814434707 ], [ -75.540693050925441, 38.541827717750721 ], [ -75.540925029169472, 38.541923772926602 ], [ -75.540584349386179, 38.542587698213246 ], [ -75.540873642840268, 38.542727655778826 ], [ -75.541164470616877, 38.542222963144596 ], [ -75.542537977618309, 38.542927171915437 ], [ -75.542043680531521, 38.544284344591148 ], [ -75.541686451984063, 38.544199053548567 ], [ -75.54193980025039, 38.543380451404104 ] ] ], [ [ [ -75.484791985841014, 38.525968107395194 ], [ -75.485071156180169, 38.525987648763795 ], [ -75.485241353688849, 38.527085037151529 ], [ -75.484985456003756, 38.529910466478725 ], [ -75.484444213858552, 38.528281809735745 ], [ -75.484791985841014, 38.525968107395194 ] ] ], [ [ [ -75.486629770927365, 38.52782024306093 ], [ -75.486508726536087, 38.526950848373787 ], [ -75.488664279874413, 38.526706072539483 ], [ -75.488777823333081, 38.527615150793643 ], [ -75.486629770927365, 38.52782024306093 ] ] ], [ [ [ -75.526990165751158, 38.537251430557944 ], [ -75.526490849776891, 38.538036713590856 ], [ -75.52463419018811, 38.537036131528474 ], [ -75.525270857671003, 38.536314761286455 ], [ -75.526990165751158, 38.537251430557944 ] ] ], [ [ [ -75.491182821757789, 38.526444698539066 ], [ -75.491367244987316, 38.527313204724955 ], [ -75.489286670432506, 38.527525119545828 ], [ -75.489128033343206, 38.526671920810969 ], [ -75.491182821757789, 38.526444698539066 ] ] ], [ [ [ -75.556060613135884, 38.532485165983807 ], [ -75.553584065695389, 38.532497445166939 ], [ -75.553591300726694, 38.531956024941586 ], [ -75.554734388959432, 38.531771193303634 ], [ -75.554936491033729, 38.532220608598024 ], [ -75.555645497151517, 38.531198521688246 ], [ -75.556002110352992, 38.531252898471145 ], [ -75.556060613135884, 38.532485165983807 ] ] ], [ [ [ -75.459064664600234, 38.491388329756262 ], [ -75.45941069115608, 38.490908344612677 ], [ -75.460080978986809, 38.491325884162137 ], [ -75.458894648551237, 38.493097863131133 ], [ -75.458099698813598, 38.492770555624723 ], [ -75.459064664600234, 38.491388329756262 ] ] ], [ [ [ -75.547375102691021, 38.531783572394666 ], [ -75.546009794613212, 38.53104884829181 ], [ -75.546501286261346, 38.530419404268841 ], [ -75.547254082554275, 38.531122686456762 ], [ -75.547572823681705, 38.530780939232343 ], [ -75.548028415956139, 38.531011777392131 ], [ -75.547436198910134, 38.531718663658481 ], [ -75.547973216278564, 38.531983163159062 ], [ -75.547382183212093, 38.532608621079554 ], [ -75.546813840691399, 38.532447175271386 ], [ -75.547375102691021, 38.531783572394666 ] ] ], [ [ [ -75.527793375497822, 38.538260649475454 ], [ -75.527890623517223, 38.537987475554374 ], [ -75.52958843491264, 38.538612940297369 ], [ -75.529228049685258, 38.539530727035391 ], [ -75.527582610969233, 38.538652517854082 ], [ -75.527793375497822, 38.538260649475454 ] ] ], [ [ [ -75.531499542289112, 38.553326458508089 ], [ -75.531097335993707, 38.55296562696676 ], [ -75.53131866740496, 38.552529546475625 ], [ -75.531726118065023, 38.552652896215193 ], [ -75.531688993389281, 38.553165386569994 ], [ -75.533337704667886, 38.553531734591765 ], [ -75.533194586873449, 38.554330342586219 ], [ -75.531389188748022, 38.553753905310408 ], [ -75.531499542289112, 38.553326458508089 ] ] ], [ [ [ -75.434126984053734, 38.476769629607915 ], [ -75.434126984053734, 38.477294994746579 ], [ -75.431668356206544, 38.477211584276084 ], [ -75.43131627231071, 38.476670840421171 ], [ -75.434126984053734, 38.476769629607915 ] ] ], [ [ [ -75.535862815930926, 38.552955804448622 ], [ -75.535234481220627, 38.552880920876149 ], [ -75.535035931983259, 38.552116018447443 ], [ -75.53356591807254, 38.551535922227103 ], [ -75.533465044452655, 38.55109745781067 ], [ -75.532737325529197, 38.550747580925297 ], [ -75.533380289303935, 38.550475125353628 ], [ -75.533777970785266, 38.551280675260081 ], [ -75.534643432882802, 38.551248484011154 ], [ -75.535964543848664, 38.552589409936182 ], [ -75.535862815930926, 38.552955804448622 ] ] ], [ [ [ -75.514057301167057, 38.531163047455976 ], [ -75.513746674521599, 38.531392256884907 ], [ -75.513331746285118, 38.531138287652873 ], [ -75.514059419394513, 38.530363407057784 ], [ -75.515040085935652, 38.530897656693341 ], [ -75.515926768935159, 38.530260510092489 ], [ -75.516181872509534, 38.530417605977938 ], [ -75.516095804922188, 38.530718001449081 ], [ -75.514891910626176, 38.531287461226903 ], [ -75.514057301167057, 38.531163047455976 ] ] ], [ [ [ -75.545133825820088, 38.530577954459176 ], [ -75.544071607522483, 38.530006921262157 ], [ -75.543994437748012, 38.529950848537325 ], [ -75.544369972164318, 38.529540475985158 ], [ -75.54474649023588, 38.529687843318904 ], [ -75.545295826201794, 38.529329118049588 ], [ -75.545700808291443, 38.529624340279597 ], [ -75.545383533214562, 38.530019047671821 ], [ -75.545843685337388, 38.530268809373709 ], [ -75.545434123636426, 38.530739386893508 ], [ -75.545133825820088, 38.530577954459176 ] ] ], [ [ [ -75.438968032069326, 38.471133293630295 ], [ -75.43832528478859, 38.471176316528705 ], [ -75.43851308029366, 38.470575630934086 ], [ -75.439131624265713, 38.470718526309724 ], [ -75.439443486993, 38.470483979662951 ], [ -75.439151091656228, 38.469664846484498 ], [ -75.440159216102373, 38.469833103394279 ], [ -75.439532008777732, 38.471280964072932 ], [ -75.438968032069326, 38.471133293630295 ] ] ], [ [ [ -75.516635722052342, 38.503801629242787 ], [ -75.516545242838603, 38.504115654978641 ], [ -75.515470741876129, 38.503897022349868 ], [ -75.515524245534451, 38.503535553398983 ], [ -75.516548412094934, 38.503669728183517 ], [ -75.516870088018393, 38.50249825103721 ], [ -75.518209845314587, 38.502714029504574 ], [ -75.518119349032872, 38.503091386835884 ], [ -75.516876925096, 38.502883360785496 ], [ -75.516719525885208, 38.503469142194199 ], [ -75.517468308505443, 38.50359291279495 ], [ -75.517404658375995, 38.503906914836179 ], [ -75.516635722052342, 38.503801629242787 ] ] ], [ [ [ -75.503235098411594, 38.527814335683196 ], [ -75.503233676378514, 38.526619536430033 ], [ -75.505488300417937, 38.526586970108042 ], [ -75.505447258189236, 38.526951972799004 ], [ -75.504031542945867, 38.526745672107573 ], [ -75.50404068510052, 38.527848262690085 ], [ -75.503235098411594, 38.527814335683196 ] ] ], [ [ [ -75.484122982601164, 38.505684641173858 ], [ -75.484064993654613, 38.5052176881848 ], [ -75.48557558446673, 38.504716735223319 ], [ -75.485970041894504, 38.505318876164402 ], [ -75.484097002424818, 38.50589946108348 ], [ -75.484122982601164, 38.505684641173858 ] ] ], [ [ [ -75.541176605059732, 38.523571538911213 ], [ -75.541288027595996, 38.523340948867023 ], [ -75.541918430228108, 38.523525670033543 ], [ -75.5420241709202, 38.523843416093342 ], [ -75.541467607109496, 38.524947373082242 ], [ -75.54078103641595, 38.524839430096776 ], [ -75.541176605059732, 38.523571538911213 ] ] ], [ [ [ -75.489710243156935, 38.542771220498075 ], [ -75.489798835010262, 38.542127508403702 ], [ -75.491406101614913, 38.542236193413522 ], [ -75.491352001475263, 38.542933732884457 ], [ -75.489710243156935, 38.542771220498075 ] ] ], [ [ [ -75.514789133476199, 38.505968757850539 ], [ -75.516066307841513, 38.506076052174713 ], [ -75.515912120107828, 38.506621121462544 ], [ -75.513327700273081, 38.506446677160035 ], [ -75.514789133476199, 38.505968757850539 ] ] ], [ [ [ -75.485323873829159, 38.509836479817878 ], [ -75.487039342509789, 38.509816510195712 ], [ -75.486918704157034, 38.510537595690799 ], [ -75.485291880330323, 38.510443220782996 ], [ -75.485323873829159, 38.509836479817878 ] ] ], [ [ [ -75.549165701072141, 38.535511158804283 ], [ -75.55000671192596, 38.535547874639448 ], [ -75.549805447081496, 38.536858305903756 ], [ -75.549032818682051, 38.536783591774849 ], [ -75.549165701072141, 38.535511158804283 ] ] ], [ [ [ -75.517543420239591, 38.500015739837714 ], [ -75.517644100721711, 38.49965987215031 ], [ -75.518738508350893, 38.499971490493756 ], [ -75.518274144027686, 38.500825327689746 ], [ -75.517352666582269, 38.500706946620717 ], [ -75.517543420239591, 38.500015739837714 ] ] ], [ [ [ -75.539199420305906, 38.510044352929945 ], [ -75.539393614510772, 38.510731595275615 ], [ -75.537839708732307, 38.510783978567453 ], [ -75.537821839444675, 38.510221174961558 ], [ -75.539199420305906, 38.510044352929945 ] ] ], [ [ [ -75.493471527879123, 38.526205894554003 ], [ -75.49240921615673, 38.526315784979296 ], [ -75.492238854256343, 38.52544874048607 ], [ -75.493318903214032, 38.525343163814988 ], [ -75.493471527879123, 38.526205894554003 ] ] ], [ [ [ -75.480559650635001, 38.514234575966469 ], [ -75.480858659368906, 38.514229599505668 ], [ -75.480780940723776, 38.515574108613301 ], [ -75.480180813113378, 38.515607441836707 ], [ -75.480127874495366, 38.514250092259658 ], [ -75.480559650635001, 38.514234575966469 ] ] ], [ [ [ -75.556381980038879, 38.504885434736423 ], [ -75.556036690999861, 38.50422667719512 ], [ -75.557042946950219, 38.504217555227257 ], [ -75.556978895273815, 38.506112495513484 ], [ -75.556632351288357, 38.50611122876299 ], [ -75.556904009915101, 38.505261775432835 ], [ -75.556381980038879, 38.504885434736423 ] ] ], [ [ [ -75.48864148153082, 38.500773738597921 ], [ -75.489408590681165, 38.500503926244384 ], [ -75.489639627490774, 38.501018623003006 ], [ -75.488117483445805, 38.501515335094894 ], [ -75.487543940577936, 38.501234427696666 ], [ -75.48864148153082, 38.500773738597921 ] ] ], [ [ [ -75.503431957917911, 38.534308255299123 ], [ -75.502847596639072, 38.534103199794878 ], [ -75.502890536109646, 38.532982418521406 ], [ -75.503699009983876, 38.533010921007858 ], [ -75.503767816443073, 38.533674708617504 ], [ -75.503481745245907, 38.533645371585962 ], [ -75.503431957917911, 38.534308255299123 ] ] ], [ [ [ -75.449413267595588, 38.512907951809495 ], [ -75.44975869587347, 38.512021186583688 ], [ -75.450591647940882, 38.51251076068759 ], [ -75.450405304113289, 38.512989901802371 ], [ -75.44953682098145, 38.51329445526892 ], [ -75.449413267595588, 38.512907951809495 ] ] ], [ [ [ -75.515909571587358, 38.513872457417392 ], [ -75.514888661419789, 38.513878086890848 ], [ -75.514790862733122, 38.51311829799694 ], [ -75.515966151077222, 38.513072991104934 ], [ -75.515909571587358, 38.513872457417392 ] ] ], [ [ [ -75.554171363566908, 38.538374617261447 ], [ -75.554291906698253, 38.53834212090409 ], [ -75.554975852514545, 38.539555965260426 ], [ -75.554342844768129, 38.539744805840421 ], [ -75.554164928036201, 38.539493766605304 ], [ -75.553732323649896, 38.538510814698192 ], [ -75.554171363566908, 38.538374617261447 ] ] ], [ [ [ -75.503173559323059, 38.52879520954702 ], [ -75.504165422465917, 38.528794472364631 ], [ -75.504166426782405, 38.529623870146779 ], [ -75.503078549007043, 38.529612110500651 ], [ -75.503173559323059, 38.52879520954702 ] ] ], [ [ [ -75.485001880800397, 38.498840527062747 ], [ -75.483829986291468, 38.498796823259433 ], [ -75.483843136728908, 38.498080227975514 ], [ -75.48500745035517, 38.498117079612442 ], [ -75.485001880800397, 38.498840527062747 ] ] ], [ [ [ -75.439837959692156, 38.49654593889499 ], [ -75.439435355443052, 38.495937775947553 ], [ -75.440855161614223, 38.495699112617231 ], [ -75.441098334663309, 38.496222013332137 ], [ -75.439837959692156, 38.49654593889499 ] ] ], [ [ [ -75.477122787087808, 38.54191576868481 ], [ -75.47639309366734, 38.541816312814881 ], [ -75.476496388246929, 38.541146564060618 ], [ -75.47761732492306, 38.54130664341276 ], [ -75.477464509815135, 38.541956809385226 ], [ -75.477122787087808, 38.54191576868481 ] ] ], [ [ [ -75.459724686483867, 38.484696124994329 ], [ -75.459529081924018, 38.485026520254678 ], [ -75.457020026250035, 38.484031088319703 ], [ -75.458626188825207, 38.484144334720334 ], [ -75.45905107937817, 38.484633830409656 ], [ -75.459724686483867, 38.484696124994329 ] ] ], [ [ [ -75.438491356335163, 38.482838512360864 ], [ -75.437738023748011, 38.482693868948672 ], [ -75.438290358290331, 38.481923179084099 ], [ -75.438965786281116, 38.482264346046676 ], [ -75.438491356335163, 38.482838512360864 ] ] ], [ [ [ -75.55136004276612, 38.553357012685979 ], [ -75.550145065056128, 38.553236395509366 ], [ -75.550141741289593, 38.553192034161682 ], [ -75.550375703013756, 38.552675003646016 ], [ -75.551510882478738, 38.552868262303242 ], [ -75.55136004276612, 38.553357012685979 ] ] ], [ [ [ -75.46507068291055, 38.477494913091533 ], [ -75.463932004507541, 38.47709037319845 ], [ -75.464028594960155, 38.476807221419861 ], [ -75.46426218029022, 38.476562512817317 ], [ -75.465385037564431, 38.477287726653138 ], [ -75.46507068291055, 38.477494913091533 ] ] ], [ [ [ -75.481015837594157, 38.507383978434156 ], [ -75.481721917000726, 38.507331102004677 ], [ -75.481914848174299, 38.507639819104952 ], [ -75.481440987760237, 38.507964831399548 ], [ -75.48081561030385, 38.507564038483018 ], [ -75.481015837594157, 38.507383978434156 ] ] ], [ [ [ -75.514937375261027, 38.521327031775698 ], [ -75.514888481756728, 38.521124469438213 ], [ -75.515668574257887, 38.521042901201632 ], [ -75.515775129721931, 38.521627573429619 ], [ -75.515009511774963, 38.521687750767001 ], [ -75.514937375261027, 38.521327031775698 ] ] ], [ [ [ -75.477858225234499, 38.489023424808117 ], [ -75.477345448904018, 38.489124464675747 ], [ -75.476591778550315, 38.488637786733833 ], [ -75.476710817003564, 38.488386544618578 ], [ -75.477858225234499, 38.489023424808117 ] ] ], [ [ [ -75.483858765618209, 38.542579197297904 ], [ -75.483277798174527, 38.542571853585464 ], [ -75.48321712146867, 38.541860105735111 ], [ -75.483793747354582, 38.541864544186289 ], [ -75.483858765618209, 38.542579197297904 ] ] ], [ [ [ -75.497894291552313, 38.507339836951644 ], [ -75.49705498839586, 38.507233395792923 ], [ -75.497022323855475, 38.506789254144557 ], [ -75.497986189205875, 38.506882312976352 ], [ -75.497894291552313, 38.507339836951644 ] ] ], [ [ [ -75.494320569671586, 38.492144460445274 ], [ -75.493971725100664, 38.491859548864007 ], [ -75.49412389970982, 38.491402851848854 ], [ -75.494633788854955, 38.491513757959396 ], [ -75.494516521879461, 38.492225896894546 ], [ -75.494320569671586, 38.492144460445274 ] ] ], [ [ [ -75.473145612948343, 38.488795052908507 ], [ -75.472656318579382, 38.489026111490688 ], [ -75.47222368365037, 38.488557696962204 ], [ -75.472745219453174, 38.488334853804147 ], [ -75.473145612948343, 38.488795052908507 ] ] ], [ [ [ -75.450689590357996, 38.482109744122127 ], [ -75.451303538549041, 38.482062260293823 ], [ -75.451483680407918, 38.482399241148144 ], [ -75.450838341487582, 38.48259097276172 ], [ -75.450689590357996, 38.482109744122127 ] ] ], [ [ [ -75.457398588887173, 38.486478428376053 ], [ -75.457025752111647, 38.486121235153547 ], [ -75.457666532980241, 38.485851555667701 ], [ -75.457972785728558, 38.486118193264694 ], [ -75.457398588887173, 38.486478428376053 ] ] ], [ [ [ -75.501370879499689, 38.543879135006051 ], [ -75.501711465858207, 38.543311534225495 ], [ -75.502120450840749, 38.543435826514383 ], [ -75.501792210029194, 38.543992521973848 ], [ -75.501370879499689, 38.543879135006051 ] ] ], [ [ [ -75.465158663909463, 38.479789754233934 ], [ -75.46493665966004, 38.479762168076022 ], [ -75.46451326839528, 38.479709554771063 ], [ -75.46498992885806, 38.479304469644113 ], [ -75.465587185452819, 38.479501821256662 ], [ -75.465158663909463, 38.479789754233934 ] ] ], [ [ [ -75.451448653298357, 38.480968192581471 ], [ -75.45138900157022, 38.480897917501075 ], [ -75.451917751743096, 38.480171396830009 ], [ -75.452168070890266, 38.480648030225488 ], [ -75.451448653298357, 38.480968192581471 ] ] ] ] } },
{ "type": "Feature", "properties": { "GEOID": "100050517023", "efa": "Not EFA", "pop": 2151, "sub_idx": 1, "neighborhoods": "" }, "geometry": { "type": "MultiPolygon", "coordinates": [ [ [ [ -75.467828013166127, 38.533475728274816 ], [ -75.467742406414487, 38.532916425183721 ], [ -75.466318581180744, 38.533131134324279 ], [ -75.466005388946812, 38.531601494274675 ], [ -75.468538814117835, 38.531520482521643 ], [ -75.471749524995616, 38.531909911943444 ], [ -75.478904961966506, 38.530618520961113 ], [ -75.479056891335546, 38.531215902165357 ], [ -75.479324081742078, 38.531290364879901 ], [ -75.479552136144946, 38.530824861848437 ], [ -75.481355279498985, 38.531850419870992 ], [ -75.480806127687714, 38.532391816998832 ], [ -75.479644404802727, 38.53214269721817 ], [ -75.478532956132611, 38.533033728048387 ], [ -75.477167556426608, 38.532843614813622 ], [ -75.475842340159929, 38.533510745313414 ], [ -75.474792418001925, 38.532871666216572 ], [ -75.474050568579045, 38.533351361152754 ], [ -75.470596176205717, 38.534215943748961 ], [ -75.469783931203921, 38.533927122258817 ], [ -75.470537138925238, 38.533368370082592 ], [ -75.470205387497543, 38.53327607770489 ], [ -75.470585783596206, 38.532782382200857 ], [ -75.467789605696154, 38.532348777946844 ], [ -75.468225466475374, 38.53371590369504 ], [ -75.468056388267541, 38.534168835777464 ], [ -75.467468425642735, 38.534414660642653 ], [ -75.467231320713367, 38.533695431239771 ], [ -75.467828013166127, 38.533475728274816 ] ] ], [ [ [ -75.482933876371362, 38.490717145591177 ], [ -75.483088956132121, 38.490280561223187 ], [ -75.483365877089824, 38.490368512103345 ], [ -75.483754666148144, 38.489037159162073 ], [ -75.485026916847374, 38.489400247758759 ], [ -75.484771691102125, 38.490100827810174 ], [ -75.483632654271318, 38.489790480916341 ], [ -75.483389005115129, 38.490958219538953 ], [ -75.482933876371362, 38.490717145591177 ] ] ], [ [ [ -75.502148701958134, 38.494127645664143 ], [ -75.501550645862778, 38.49306728195414 ], [ -75.502998439944946, 38.493387240083734 ], [ -75.503266835890585, 38.493843336035312 ], [ -75.502148701958134, 38.494127645664143 ] ] ], [ [ [ -75.475700884248766, 38.535208602210915 ], [ -75.475048066853688, 38.534732227921566 ], [ -75.475405900865653, 38.534434110475416 ], [ -75.476016185726962, 38.534850917041041 ], [ -75.477692230943035, 38.533423178090338 ], [ -75.4808976794899, 38.533803545750558 ], [ -75.480401868741879, 38.534185916891595 ], [ -75.47862788470195, 38.534082341669681 ], [ -75.478513018923195, 38.534604389570127 ], [ -75.479838910722989, 38.534744748446428 ], [ -75.479473478760355, 38.535112263317174 ], [ -75.476543482425683, 38.534503951767753 ], [ -75.475700884248766, 38.535208602210915 ] ] ] ] } },
{ "type": "Feature", "properties": { "GEOID": "100050518013", "efa": "Moderate", "pop": 738, "sub_idx": 0, "neighborhoods": "" }, "geometry": { "type": "MultiPolygon", "coordinates": [ [ [ [ -75.643202376279717, 38.539076731176799 ], [ -75.643269328616157, 38.539614821393599 ], [ -75.642748876181571, 38.539670873236368 ], [ -75.642656576981068, 38.539150542833667 ], [ -75.642180199487598, 38.539188083123229 ], [ -75.642109779654163, 38.538732894811808 ], [ -75.641600128562544, 38.538791079182289 ], [ -75.641652732108966, 38.539207377083329 ], [ -75.64117358241451, 38.539224901073275 ], [ -75.641107824837391, 38.538816852383384 ], [ -75.640516160255302, 38.538850757338608 ], [ -75.640682528245918, 38.539899180773702 ], [ -75.641856015467866, 38.540026830543219 ], [ -75.641631602835147, 38.540468328983835 ], [ -75.642117665964037, 38.540627565281667 ], [ -75.64200703484353, 38.540851162161623 ], [ -75.643024889840831, 38.541184347822529 ], [ -75.643375818503188, 38.540559147847652 ], [ -75.644059412179914, 38.540802131219863 ], [ -75.643499853386061, 38.541333129579748 ], [ -75.645991011924622, 38.542113442702416 ], [ -75.646090884821291, 38.541587119734551 ], [ -75.647020005133129, 38.542173087187031 ], [ -75.647443187988756, 38.541427114079625 ], [ -75.648884948985469, 38.541798942627587 ], [ -75.649283892599783, 38.540908663970754 ], [ -75.650264232154171, 38.541023084972181 ], [ -75.650400939570744, 38.541959243258013 ], [ -75.649788470006655, 38.543308768065877 ], [ -75.651255818615923, 38.543767044159203 ], [ -75.65165677445647, 38.542925213742173 ], [ -75.652635618315912, 38.543151284386418 ], [ -75.653413438079411, 38.545338473215239 ], [ -75.64043483846757, 38.541323764286965 ], [ -75.638489802621123, 38.538696132119355 ], [ -75.636672679684636, 38.538848270661909 ], [ -75.63653262155205, 38.539195333729268 ], [ -75.635144713658306, 38.537850060120874 ], [ -75.635147106770233, 38.536785384285281 ], [ -75.634246522341698, 38.535507119787233 ], [ -75.63455508735359, 38.535188348012881 ], [ -75.633802578521539, 38.534354364651968 ], [ -75.634003905349758, 38.53352729323332 ], [ -75.633129124129454, 38.533568407584681 ], [ -75.633128413562062, 38.533331438810592 ], [ -75.635038294738166, 38.533014128160524 ], [ -75.63508292304148, 38.533767249942024 ], [ -75.635342296308423, 38.533698223066352 ], [ -75.635902431820682, 38.533490298097043 ], [ -75.635487922199118, 38.532635652941622 ], [ -75.636618410661683, 38.532374509185217 ], [ -75.638821148908633, 38.537055723996531 ], [ -75.638920377713234, 38.537826629942906 ], [ -75.641289423763638, 38.537589969610394 ], [ -75.641408401131457, 38.538370523598161 ], [ -75.642184020022512, 38.538299473980018 ], [ -75.642067277663116, 38.537512782166473 ], [ -75.642590632554374, 38.537472445809257 ], [ -75.642733287716439, 38.539128943474246 ], [ -75.643202376279717, 38.539076731176799 ] ] ], [ [ [ -75.635372335073185, 38.532397329779002 ], [ -75.634647889610633, 38.532523354840805 ], [ -75.634455502816138, 38.531971580280427 ], [ -75.632673815722654, 38.532424216259052 ], [ -75.631671000319827, 38.531192433285007 ], [ -75.630637391567404, 38.528223315384196 ], [ -75.63063580783755, 38.526586569529506 ], [ -75.631399799833872, 38.525121934200371 ], [ -75.632022802144661, 38.524693799964112 ], [ -75.631907969603574, 38.524340059997527 ], [ -75.63066347594831, 38.524312516197881 ], [ -75.630851215757843, 38.523825134959054 ], [ -75.631824365196721, 38.523690031385385 ], [ -75.632435991242744, 38.524114895872899 ], [ -75.633079709602299, 38.524075475475151 ], [ -75.633439407618482, 38.523875191606095 ], [ -75.633346929653229, 38.523389722537104 ], [ -75.634194599718271, 38.523417315885922 ], [ -75.634043667479176, 38.523894875507651 ], [ -75.633509047714242, 38.523989362096039 ], [ -75.634268931714757, 38.5280498152188 ], [ -75.635714786334233, 38.52792396855174 ], [ -75.635975195358697, 38.529276379312336 ], [ -75.636873428896124, 38.529271798130338 ], [ -75.636850145462276, 38.529966865304637 ], [ -75.63457834743123, 38.530043384813339 ], [ -75.635372335073185, 38.532397329779002 ] ] ], [ [ [ -75.683996539706442, 38.537057257216063 ], [ -75.683279871857593, 38.536171037548812 ], [ -75.683007387679098, 38.536199381372704 ], [ -75.68315136605959, 38.536822832354162 ], [ -75.682416633090369, 38.535980620615646 ], [ -75.682038790003801, 38.535832635867799 ], [ -75.681564501991659, 38.536126577838502 ], [ -75.680765550259423, 38.53524003120031 ], [ -75.678224775072749, 38.533671325819206 ], [ -75.678192419552857, 38.533331126107555 ], [ -75.67728862993539, 38.532625240883419 ], [ -75.676892469301833, 38.53257964410394 ], [ -75.67691963435604, 38.533135390610688 ], [ -75.676626590435617, 38.533340681468182 ], [ -75.675968750559804, 38.532850621516658 ], [ -75.677194748801682, 38.532020361452631 ], [ -75.677838824690724, 38.532638256482947 ], [ -75.67836093002542, 38.532268839376485 ], [ -75.67783493408723, 38.531562113114077 ], [ -75.680400132669831, 38.529649142768079 ], [ -75.68172968420609, 38.530616227953359 ], [ -75.682138472457609, 38.531416754485328 ], [ -75.682589964821091, 38.531169683986917 ], [ -75.683034880618379, 38.531657357708134 ], [ -75.682874085775779, 38.531878241169828 ], [ -75.683444495319932, 38.532051975946452 ], [ -75.683081046837458, 38.532361385320186 ], [ -75.683216469663179, 38.532566499195013 ], [ -75.683612252106002, 38.532415067647158 ], [ -75.683837820870451, 38.532691041243062 ], [ -75.683401031233231, 38.532846036346015 ], [ -75.683553107925988, 38.53307637106721 ], [ -75.683966061665473, 38.532905263377188 ], [ -75.684118878570033, 38.53320046882596 ], [ -75.683762719916089, 38.533289207727414 ], [ -75.684253508183346, 38.533500482354647 ], [ -75.68426672240119, 38.533791238682426 ], [ -75.683863570179767, 38.533798547453678 ], [ -75.684312069356736, 38.534304411563404 ], [ -75.683769482433533, 38.534539775698562 ], [ -75.684327626380821, 38.534687470084144 ], [ -75.684432448994684, 38.535336735318616 ], [ -75.684074938376227, 38.535437330764665 ], [ -75.684407167707647, 38.535679422170105 ], [ -75.68437201483394, 38.536104463914647 ], [ -75.684866810485701, 38.536146235200519 ], [ -75.684506565395509, 38.536408817692141 ], [ -75.684570696123643, 38.537057614873561 ], [ -75.683996539706442, 38.537057257216063 ] ], [ [ -75.683189803173946, 38.534722839283248 ], [ -75.683579399817731, 38.534355888091355 ], [ -75.683004751123747, 38.534328416286662 ], [ -75.682985631381229, 38.534081052924996 ], [ -75.683569378212425, 38.533873203548104 ], [ -75.68266630006066, 38.533917937297751 ], [ -75.683623352587958, 38.533500544895112 ], [ -75.683373847314428, 38.533103645889668 ], [ -75.682825550699292, 38.533027035472919 ], [ -75.683144725713007, 38.532848723502006 ], [ -75.682941775629075, 38.532550979120366 ], [ -75.682423321047665, 38.532570317725934 ], [ -75.682606676180313, 38.532115659549177 ], [ -75.681893220706939, 38.531865686415657 ], [ -75.682188712536501, 38.531618502915464 ], [ -75.681510278782781, 38.531882848186406 ], [ -75.680872380607966, 38.531566288680423 ], [ -75.68044656658688, 38.531911382730804 ], [ -75.680956949805434, 38.532338864070788 ], [ -75.680119612162798, 38.53280426173847 ], [ -75.682705546557116, 38.534314589381566 ], [ -75.683072273890389, 38.534977060072521 ], [ -75.683189803173946, 38.534722839283248 ] ] ], [ [ [ -75.644268377382986, 38.538993472340785 ], [ -75.643202376279717, 38.539076731176799 ], [ -75.643073646801184, 38.537406250007223 ], [ -75.643658591984959, 38.537345818099084 ], [ -75.64378508106519, 38.538111319614387 ], [ -75.644156580249245, 38.538082202215776 ], [ -75.644579293285958, 38.537298724122394 ], [ -75.650296829320894, 38.536899667096158 ], [ -75.65095561961428, 38.536584735971743 ], [ -75.651741341857317, 38.538044283319373 ], [ -75.652426060224755, 38.538530450329112 ], [ -75.651193254549668, 38.539013973502193 ], [ -75.650746229508073, 38.538077983462863 ], [ -75.648584346640249, 38.538302801753566 ], [ -75.64832255061701, 38.53775548844169 ], [ -75.64790164499064, 38.537803990952177 ], [ -75.64892987373284, 38.539056274300087 ], [ -75.648471978177994, 38.539164438371301 ], [ -75.648428108951109, 38.539679363253221 ], [ -75.647593966615929, 38.539761456317187 ], [ -75.647461390551356, 38.538726140933207 ], [ -75.646896476001785, 38.538777248216348 ], [ -75.64699316257412, 38.539358037585721 ], [ -75.646329468377601, 38.539407011192445 ], [ -75.646266993244538, 38.538847010811303 ], [ -75.645136688936603, 38.538921400983895 ], [ -75.645590034524517, 38.540218099602875 ], [ -75.644883688318302, 38.540349996234312 ], [ -75.644441946268913, 38.540300936142835 ], [ -75.644268377382986, 38.538993472340785 ] ] ], [ [ [ -75.685314308041114, 38.522154486604329 ], [ -75.684210807664627, 38.521662813404831 ], [ -75.684930766940681, 38.520575827124055 ], [ -75.689634990758691, 38.520952560922794 ], [ -75.6890245711501, 38.521783870083787 ], [ -75.687703977613836, 38.521705947403369 ], [ -75.686978865601347, 38.523284326979436 ], [ -75.685028793799418, 38.522504462525369 ], [ -75.685314308041114, 38.522154486604329 ] ] ], [ [ [ -75.614526178811943, 38.529588515306742 ], [ -75.614477767702965, 38.528847266269416 ], [ -75.614923532408199, 38.528147992135658 ], [ -75.621104113141158, 38.525535769949059 ], [ -75.621450649940101, 38.526421143769987 ], [ -75.621037563249971, 38.526266936690071 ], [ -75.619931429911389, 38.526745563881335 ], [ -75.619866063101412, 38.526977146566011 ], [ -75.620541233275702, 38.527372139745161 ], [ -75.620452456369449, 38.527814521913889 ], [ -75.619716806220339, 38.52767526830938 ], [ -75.61932238292853, 38.528733527946358 ], [ -75.619003567240938, 38.528656615613478 ], [ -75.618837798426625, 38.529056138605121 ], [ -75.618397558360385, 38.528961557473821 ], [ -75.618631067333652, 38.528371237075774 ], [ -75.617833992182057, 38.528164052172258 ], [ -75.618014868862829, 38.527740669110052 ], [ -75.618720781182773, 38.527900339774682 ], [ -75.618909319594607, 38.527506735338271 ], [ -75.618416150791816, 38.527429050062445 ], [ -75.616233264414333, 38.528276607959725 ], [ -75.616043418055469, 38.528675107047881 ], [ -75.614946061257214, 38.528605131494096 ], [ -75.614649852572043, 38.529874327524766 ], [ -75.614526178811943, 38.529588515306742 ] ] ], [ [ [ -75.62211683157166, 38.525104761680886 ], [ -75.628502521040176, 38.522395110958257 ], [ -75.628806623221735, 38.523078612454192 ], [ -75.626834999937827, 38.523906529263222 ], [ -75.626926191515579, 38.524310778897217 ], [ -75.625029598219157, 38.525080146674902 ], [ -75.624801255457101, 38.524823387590629 ], [ -75.622425797232168, 38.525850107101512 ], [ -75.62211683157166, 38.525104761680886 ] ] ], [ [ [ -75.659035931458959, 38.532910369953086 ], [ -75.657139678624034, 38.530772410920669 ], [ -75.658305161856788, 38.530101585347602 ], [ -75.659069728774895, 38.530781322219276 ], [ -75.658768666492264, 38.530987255761147 ], [ -75.658996941880673, 38.531194148635031 ], [ -75.659691452783022, 38.530784714288863 ], [ -75.659593038750401, 38.533271720940157 ], [ -75.658000093087992, 38.533913720408698 ], [ -75.657685657585716, 38.533446544351214 ], [ -75.659035931458959, 38.532910369953086 ] ] ], [ [ [ -75.618057830791301, 38.541452764079558 ], [ -75.615967117850175, 38.541164185243289 ], [ -75.615693108332323, 38.540496385845337 ], [ -75.618729660131038, 38.540773074634068 ], [ -75.621455189127232, 38.54012721917907 ], [ -75.621148754020894, 38.538518205903074 ], [ -75.622323665072557, 38.538784517132697 ], [ -75.621505933161018, 38.539697694462966 ], [ -75.621765109696895, 38.540808634767068 ], [ -75.618057830791301, 38.541452764079558 ] ] ], [ [ [ -75.630650505173918, 38.522635740832939 ], [ -75.630498044002209, 38.522419303088114 ], [ -75.629615806765045, 38.522769670590336 ], [ -75.629136294151223, 38.522126309436636 ], [ -75.633034744430745, 38.520483232989534 ], [ -75.633135309928491, 38.521797918675503 ], [ -75.63393108431957, 38.521672592405302 ], [ -75.63408056488116, 38.52230191052972 ], [ -75.632184604896992, 38.522445973317019 ], [ -75.632412078988196, 38.52202761546738 ], [ -75.632182952895207, 38.52166660651018 ], [ -75.632822600089881, 38.521287879734196 ], [ -75.632654367196736, 38.520793724559262 ], [ -75.631870398465139, 38.521120665761934 ], [ -75.632031567905216, 38.521363127230352 ], [ -75.631744363034144, 38.521584581353373 ], [ -75.631222824536366, 38.521417236643074 ], [ -75.631219938249373, 38.522093355236855 ], [ -75.630650505173918, 38.522635740832939 ] ] ], [ [ [ -75.667141026924, 38.537750349184691 ], [ -75.666555117847921, 38.537580869436425 ], [ -75.664036948765386, 38.535917565114978 ], [ -75.664581582050786, 38.535479862740324 ], [ -75.664669233368002, 38.535985738216127 ], [ -75.665070434448623, 38.535728660381032 ], [ -75.667081517129702, 38.536971911929633 ], [ -75.668117426467575, 38.536332209389627 ], [ -75.668667738003876, 38.53687818229853 ], [ -75.667141026924, 38.537750349184691 ] ] ], [ [ [ -75.682898851429854, 38.547045763262417 ], [ -75.682801554003106, 38.547035975064034 ], [ -75.680738455273826, 38.544652405116565 ], [ -75.681583487885192, 38.544268902924962 ], [ -75.682559822750051, 38.545376121986273 ], [ -75.682491229191584, 38.545764945952712 ], [ -75.682969408705517, 38.546221491402832 ], [ -75.683359202080339, 38.546060578490028 ], [ -75.683758165457576, 38.546848853850541 ], [ -75.682898851429854, 38.547045763262417 ] ] ], [ [ [ -75.617580863104664, 38.530873265028042 ], [ -75.61820739848946, 38.529393896825994 ], [ -75.619094342000409, 38.529552900435348 ], [ -75.618167559104947, 38.531809594057833 ], [ -75.618323359314559, 38.532117147900131 ], [ -75.617388348749373, 38.532420528424836 ], [ -75.617098944802493, 38.531905562123164 ], [ -75.617580863104664, 38.530873265028042 ] ] ], [ [ [ -75.667194847687611, 38.549466764215673 ], [ -75.665580533799556, 38.549046767056126 ], [ -75.665854874795755, 38.548092317866605 ], [ -75.667283789883911, 38.548945503548694 ], [ -75.668783579353033, 38.549296007444916 ], [ -75.669227488138887, 38.550097349703698 ], [ -75.667194847687611, 38.549466764215673 ] ] ], [ [ [ -75.698696554846094, 38.542677419731191 ], [ -75.699548294279353, 38.542652307666472 ], [ -75.699662238386622, 38.543564452949383 ], [ -75.698060202671869, 38.543596932895305 ], [ -75.698074458037112, 38.544074232819504 ], [ -75.697193422745798, 38.544081932595937 ], [ -75.697141318662688, 38.543169176986964 ], [ -75.698042756490736, 38.543167014361543 ], [ -75.69817342543196, 38.542776997367305 ], [ -75.698696554846094, 38.542677419731191 ] ] ], [ [ [ -75.669894779189818, 38.538356863296372 ], [ -75.670344165902279, 38.538130913194983 ], [ -75.672601852298513, 38.539450602515629 ], [ -75.672100442351308, 38.5400669525688 ], [ -75.669426507195141, 38.538612897435556 ], [ -75.669894779189818, 38.538356863296372 ] ] ], [ [ [ -75.656080451716321, 38.538532700925543 ], [ -75.655789819772437, 38.537364463291766 ], [ -75.656101941214544, 38.537251498013788 ], [ -75.656385611214958, 38.537893604606772 ], [ -75.657188750893056, 38.537194891990445 ], [ -75.656568655530521, 38.536868133431497 ], [ -75.657163724727553, 38.53639829726567 ], [ -75.657768823614731, 38.536701652007856 ], [ -75.656305061080062, 38.538341900973222 ], [ -75.65797891620349, 38.538363676935219 ], [ -75.657091288176289, 38.539206756646841 ], [ -75.656080451716321, 38.538532700925543 ] ] ], [ [ [ -75.683159665594502, 38.524698168492897 ], [ -75.683350536032791, 38.524457477343113 ], [ -75.68462415756116, 38.524983557380516 ], [ -75.684027234241384, 38.526081128340138 ], [ -75.682678079668975, 38.525544336128696 ], [ -75.683159665594502, 38.524698168492897 ] ] ], [ [ [ -75.65472815753202, 38.537870794890956 ], [ -75.655915439283476, 38.538513569097304 ], [ -75.65515749923722, 38.539765781772708 ], [ -75.654846997457568, 38.539756835049644 ], [ -75.654517918517868, 38.538492956071437 ], [ -75.654110842455296, 38.538483713373118 ], [ -75.65472815753202, 38.537870794890956 ] ] ], [ [ [ -75.685193852046353, 38.547247762939236 ], [ -75.684946972548403, 38.547170471340934 ], [ -75.685048468700771, 38.546839877095437 ], [ -75.686395995525871, 38.546754269413363 ], [ -75.686332670586552, 38.54632245944881 ], [ -75.686925901830506, 38.54609222194243 ], [ -75.687157462357916, 38.547715536470093 ], [ -75.685193852046353, 38.547247762939236 ] ] ], [ [ [ -75.662837845184796, 38.548404764248147 ], [ -75.662495845776348, 38.548322763951603 ], [ -75.662467845288944, 38.547989764519585 ], [ -75.662339845242414, 38.548285764481207 ], [ -75.660723582010192, 38.547890753339949 ], [ -75.660917300107954, 38.547341902705277 ], [ -75.663240780013908, 38.547672839601347 ], [ -75.663124993461992, 38.548473249392082 ], [ -75.662837845184796, 38.548404764248147 ] ] ], [ [ [ -75.663708033319054, 38.535597997616108 ], [ -75.662256760960105, 38.535194420618957 ], [ -75.661904871998686, 38.535544827108467 ], [ -75.661379963920311, 38.535334179657411 ], [ -75.662097220165649, 38.534344950667354 ], [ -75.663207079716031, 38.534809050140041 ], [ -75.662962025594723, 38.535159696717038 ], [ -75.663998471226819, 38.53533996555614 ], [ -75.663708033319054, 38.535597997616108 ] ] ], [ [ [ -75.662056071037426, 38.543779230078464 ], [ -75.662517750296232, 38.543404592214436 ], [ -75.662175031337242, 38.542700308723148 ], [ -75.663539838155131, 38.54345640931691 ], [ -75.663987009622105, 38.544192217979429 ], [ -75.663233518931463, 38.543757756469518 ], [ -75.66222509804129, 38.544338663003842 ], [ -75.662056071037426, 38.543779230078464 ] ] ], [ [ [ -75.661125772135932, 38.541980754642758 ], [ -75.660555522491904, 38.541608408499236 ], [ -75.661190293631208, 38.541061155471134 ], [ -75.662016182245551, 38.541631467163377 ], [ -75.660540211606175, 38.543057387857871 ], [ -75.660293353667782, 38.542985111898105 ], [ -75.660188014522632, 38.542626821100399 ], [ -75.661125772135932, 38.541980754642758 ] ] ], [ [ [ -75.696896763106366, 38.545056422969502 ], [ -75.696869805562997, 38.544817865540473 ], [ -75.698105564898768, 38.544871183763668 ], [ -75.698124454672552, 38.545624700618063 ], [ -75.696761227991246, 38.54610344282721 ], [ -75.696896763106366, 38.545056422969502 ] ] ], [ [ [ -75.656628173409672, 38.545419909225956 ], [ -75.657434167035404, 38.545972180637882 ], [ -75.656401484446036, 38.54678717648757 ], [ -75.655715944120104, 38.546450868543189 ], [ -75.656628173409672, 38.545419909225956 ] ] ], [ [ [ -75.663348773680738, 38.541113792120342 ], [ -75.662800230927218, 38.540751919122009 ], [ -75.664302215878905, 38.53935440350795 ], [ -75.665120730223066, 38.539892468460401 ], [ -75.665476596924563, 38.539679474270557 ], [ -75.665881419114086, 38.539926438956655 ], [ -75.665344619137954, 38.540424935717667 ], [ -75.664150768006834, 38.539673179305751 ], [ -75.663292668501356, 38.540503046107411 ], [ -75.663700950103035, 38.540790367779756 ], [ -75.663348773680738, 38.541113792120342 ] ] ], [ [ [ -75.697055349889993, 38.542782928810503 ], [ -75.696857290234476, 38.541610082146214 ], [ -75.697903342450203, 38.541557331332697 ], [ -75.698046333582198, 38.542781674649682 ], [ -75.697055349889993, 38.542782928810503 ] ] ], [ [ [ -75.683937561714771, 38.529320914232919 ], [ -75.683427139868641, 38.529125864948803 ], [ -75.683237951076549, 38.529468794314674 ], [ -75.682735468540926, 38.529416884212218 ], [ -75.681908033027668, 38.529101224613953 ], [ -75.682226516338602, 38.528607722531824 ], [ -75.684619670476309, 38.529500159051153 ], [ -75.684228851225441, 38.530127777680882 ], [ -75.68365906960365, 38.529845170249828 ], [ -75.683937561714771, 38.529320914232919 ] ] ], [ [ [ -75.683501828496318, 38.522558503610441 ], [ -75.684639188172483, 38.522975537101601 ], [ -75.684024395565089, 38.523678151293943 ], [ -75.682706399956643, 38.522977673627494 ], [ -75.683501828496318, 38.522558503610441 ] ] ], [ [ [ -75.624220901562722, 38.540564244746022 ], [ -75.623823154504393, 38.541395888041428 ], [ -75.622853443816425, 38.541115074415337 ], [ -75.623091569231946, 38.540243335478834 ], [ -75.624220901562722, 38.540564244746022 ] ] ], [ [ [ -75.649747695475924, 38.539043157275138 ], [ -75.650383461948579, 38.538900100181472 ], [ -75.650540980635341, 38.539798923213333 ], [ -75.649571684070708, 38.540092364859774 ], [ -75.649410830837638, 38.539115983855496 ], [ -75.649747695475924, 38.539043157275138 ] ] ], [ [ [ -75.656705999852619, 38.546863718151805 ], [ -75.65788480060948, 38.546461144408383 ], [ -75.658588073679113, 38.54669742988613 ], [ -75.658260088887417, 38.54730273952655 ], [ -75.656705999852619, 38.546863718151805 ] ] ], [ [ [ -75.698758022967709, 38.544907750087567 ], [ -75.698688606552452, 38.544683271418698 ], [ -75.699671029300006, 38.544734715928683 ], [ -75.69935902374057, 38.545575803611101 ], [ -75.698908811476372, 38.545591635633158 ], [ -75.698758022967709, 38.544907750087567 ] ] ], [ [ [ -75.663340193871448, 38.519419778934683 ], [ -75.66258269220306, 38.519214177063915 ], [ -75.662483962861756, 38.51882467823188 ], [ -75.663432179559933, 38.518898001103807 ], [ -75.663340193871448, 38.519419778934683 ] ] ], [ [ [ -75.614057978682496, 38.540847775485048 ], [ -75.614183188561739, 38.540075176941905 ], [ -75.614635118404763, 38.540121259411364 ], [ -75.614479894913558, 38.540975825474675 ], [ -75.614057978682496, 38.540847775485048 ] ] ], [ [ [ -75.700207726868186, 38.544907426193433 ], [ -75.700375856455068, 38.545529762576045 ], [ -75.699828542596862, 38.545555283242543 ], [ -75.70007449772838, 38.544986403628734 ], [ -75.700207726868186, 38.544907426193433 ] ] ] ] } },
{ "type": "Feature", "properties": { "GEOID": "100050518013", "efa": "Not EFA", "pop": 738, "sub_idx": 1, "neighborhoods": "" }, "geometry": { "type": "MultiPolygon", "coordinates": [ [ [ [ -75.597157824122007, 38.535661763104393 ], [ -75.597777842229434, 38.53539956787511 ], [ -75.598480066965124, 38.53663893442134 ], [ -75.597599372135306, 38.536421263441838 ], [ -75.597157824122007, 38.535661763104393 ] ] ], [ [ [ -75.5991494465991, 38.534834247157711 ], [ -75.599832333301663, 38.53454761492592 ], [ -75.600219651817866, 38.535529050494716 ], [ -75.599670040967482, 38.535746150787141 ], [ -75.5991494465991, 38.534834247157711 ] ] ] ] } },
{ "type": "Feature", "properties": { "GEOID": "100050519002", "efa": "Moderate", "pop": 1691, "sub_idx": 0, "neighborhoods": "" }, "geometry": { "type": "MultiPolygon", "coordinates": [ [ [ [ -75.572092924164991, 38.460458484984905 ], [ -75.570910322636152, 38.460450005321029 ], [ -75.570868196140935, 38.459493880423501 ], [ -75.569978462462714, 38.459489915222107 ], [ -75.569965206922376, 38.459921266237906 ], [ -75.567843078997456, 38.459915995512652 ], [ -75.567797066390284, 38.458946276799786 ], [ -75.568288073846489, 38.458924564041858 ], [ -75.568302177396447, 38.457475706820979 ], [ -75.566244636543829, 38.457184541030351 ], [ -75.56572533754607, 38.458976306193641 ], [ -75.566446671244492, 38.458973228691335 ], [ -75.566166952933003, 38.459934647392863 ], [ -75.564889788449165, 38.459846887285877 ], [ -75.564672364709381, 38.459144018968061 ], [ -75.564257470608879, 38.459144661197293 ], [ -75.564261614537301, 38.459785167729557 ], [ -75.563496606546394, 38.4597817772393 ], [ -75.563471120443467, 38.457526045235831 ], [ -75.564262131966899, 38.457539224946927 ], [ -75.5643415133936, 38.456330669332537 ], [ -75.562413856354652, 38.456272734875455 ], [ -75.562412435219883, 38.455648748904878 ], [ -75.566320501964512, 38.455785714142074 ], [ -75.566257565097416, 38.456874274004029 ], [ -75.567247120468309, 38.456885117678539 ], [ -75.567303242715667, 38.455812079121984 ], [ -75.571185886239476, 38.455955266843688 ], [ -75.571192464602291, 38.45694314309219 ], [ -75.572346174514948, 38.45694480956265 ], [ -75.572350446902448, 38.455986638977542 ], [ -75.573161564518557, 38.456008034656634 ], [ -75.573147690937319, 38.457413456949162 ], [ -75.5739102294595, 38.457513817984619 ], [ -75.573907636921589, 38.457885297721468 ], [ -75.574207806278835, 38.457883002397601 ], [ -75.574172082974926, 38.459944506523286 ], [ -75.573553990855487, 38.459745627006392 ], [ -75.57313181680793, 38.459972683398455 ], [ -75.573279803471195, 38.460842540613854 ], [ -75.572180835095324, 38.460811231085096 ], [ -75.572092924164991, 38.460458484984905 ] ] ], [ [ [ -75.571926245357275, 38.46864859048452 ], [ -75.570699355986633, 38.468753296557203 ], [ -75.570663179931842, 38.468214620380067 ], [ -75.571774723823353, 38.46811375024491 ], [ -75.571819965676013, 38.467733478638571 ], [ -75.572822939182316, 38.467705859733563 ], [ -75.572888447027779, 38.467074911027623 ], [ -75.568864914429781, 38.467054280359363 ], [ -75.568752304320711, 38.465173628643299 ], [ -75.572609203925083, 38.46531367975583 ], [ -75.572462119170353, 38.463683855950656 ], [ -75.571683521465829, 38.463758720500344 ], [ -75.571464337028075, 38.463026524494325 ], [ -75.571211693939276, 38.463020263623307 ], [ -75.57108266622005, 38.461854660886438 ], [ -75.571656136324393, 38.46175342312069 ], [ -75.57174879664764, 38.462554764478263 ], [ -75.572304730739305, 38.462495054727647 ], [ -75.572365454157563, 38.462953265024687 ], [ -75.573401169459345, 38.462826082098339 ], [ -75.572684725291026, 38.462530282135965 ], [ -75.572946950708982, 38.461826788615781 ], [ -75.57414241611265, 38.461929392281938 ], [ -75.573777264424393, 38.46896964520657 ], [ -75.572808895819477, 38.468847071983255 ], [ -75.572831067139006, 38.468572306756428 ], [ -75.571926245357275, 38.46864859048452 ] ] ], [ [ [ -75.559641871881837, 38.502890524362549 ], [ -75.559686542405984, 38.502058855724833 ], [ -75.558969427196132, 38.502014370721881 ], [ -75.55899270434179, 38.501057667960623 ], [ -75.558184480199188, 38.501007686839728 ], [ -75.558221386584336, 38.49884278663388 ], [ -75.560162352164213, 38.498751042646326 ], [ -75.560278859164981, 38.498379673607616 ], [ -75.560894549189342, 38.49858751300134 ], [ -75.561217329142295, 38.499102544038955 ], [ -75.561508053612641, 38.498878134781592 ], [ -75.561459702690797, 38.498240637950794 ], [ -75.562287664616804, 38.498032924104891 ], [ -75.563975187607269, 38.49875647715352 ], [ -75.563791801033588, 38.499183370120562 ], [ -75.562888253961262, 38.498959842725931 ], [ -75.562788655050753, 38.499203086083014 ], [ -75.563343744726069, 38.499595804095449 ], [ -75.562653993996406, 38.499512582538053 ], [ -75.563591367130755, 38.500533462383565 ], [ -75.562973398978826, 38.500886204345306 ], [ -75.562758972018827, 38.502262190883428 ], [ -75.561379626866369, 38.5021729708306 ], [ -75.561283515215791, 38.503027581942987 ], [ -75.559641871881837, 38.502890524362549 ] ] ], [ [ [ -75.570758662761691, 38.48272945566827 ], [ -75.568772720332177, 38.4825640444637 ], [ -75.568893691959886, 38.482010244281902 ], [ -75.569949892443418, 38.482113312176317 ], [ -75.570022108907423, 38.481848646319428 ], [ -75.568464307135571, 38.481319893948914 ], [ -75.568482259068205, 38.480390514957449 ], [ -75.568068605541129, 38.480335136343946 ], [ -75.568220087549165, 38.479279314370274 ], [ -75.567400391920387, 38.479199201540233 ], [ -75.567529204043922, 38.478094673942053 ], [ -75.568026892270908, 38.478741450307169 ], [ -75.571105259747767, 38.478990444756263 ], [ -75.571189536992776, 38.477706591975895 ], [ -75.571890189676722, 38.477779694402308 ], [ -75.570758662761691, 38.48272945566827 ] ] ], [ [ [ -75.561014537161853, 38.480906113474568 ], [ -75.560360340852839, 38.480832946006736 ], [ -75.560189029433204, 38.479756490226237 ], [ -75.560536594803153, 38.477586506926727 ], [ -75.56124091800335, 38.477659966724339 ], [ -75.561310350588286, 38.478264702334812 ], [ -75.562386704775193, 38.477916415783298 ], [ -75.563540757844279, 38.478000963989587 ], [ -75.563646812946729, 38.477398469532226 ], [ -75.564372186368985, 38.477562206905937 ], [ -75.564043353567655, 38.480169265362989 ], [ -75.562518212742901, 38.480414039779617 ], [ -75.562544130935478, 38.479994113552692 ], [ -75.561146695509834, 38.47998339079107 ], [ -75.560770384050798, 38.480128815297284 ], [ -75.561014537161853, 38.480906113474568 ] ] ], [ [ [ -75.56586145746445, 38.494254142006255 ], [ -75.565527177279222, 38.49393040862811 ], [ -75.56655923284454, 38.494034424813393 ], [ -75.566721480262942, 38.493504514562112 ], [ -75.566550031401079, 38.492410012369248 ], [ -75.565907220339966, 38.492299303804316 ], [ -75.565999343470651, 38.492004067008061 ], [ -75.566910484900404, 38.492061025675753 ], [ -75.566779191630062, 38.491055244009722 ], [ -75.567347217045466, 38.490612473527172 ], [ -75.567542388617341, 38.489574883113157 ], [ -75.568140758224743, 38.489257783167723 ], [ -75.568330173392283, 38.488474549139859 ], [ -75.567974916646875, 38.488264066986744 ], [ -75.56831960650959, 38.487773805615944 ], [ -75.569038401569031, 38.487808626911828 ], [ -75.569219457912851, 38.487382930809844 ], [ -75.56864153126638, 38.487276424298301 ], [ -75.568872498905719, 38.486789884350962 ], [ -75.568544685692231, 38.48664729928106 ], [ -75.568442485260675, 38.486109604111803 ], [ -75.569790787331868, 38.486105623497906 ], [ -75.566986635087034, 38.494870761035749 ], [ -75.566174760191132, 38.494699461275893 ], [ -75.56586145746445, 38.494254142006255 ] ] ], [ [ [ -75.560180941900697, 38.456681314008271 ], [ -75.560908391329576, 38.456674397673154 ], [ -75.560899210547348, 38.458608193779817 ], [ -75.562407803506275, 38.45865376565127 ], [ -75.562374179565182, 38.460144418812504 ], [ -75.560080507556975, 38.460069400683196 ], [ -75.559395508016877, 38.459560166150418 ], [ -75.559340033454816, 38.458907559332985 ], [ -75.560131522881974, 38.458873843936928 ], [ -75.560180941900697, 38.456681314008271 ] ] ], [ [ [ -75.566182424617139, 38.497252285532277 ], [ -75.566387030296141, 38.497238669451555 ], [ -75.566267813078156, 38.499418757718296 ], [ -75.566600569720663, 38.500772933638494 ], [ -75.565669694999059, 38.500923726633658 ], [ -75.565258875656681, 38.500289996441637 ], [ -75.565360326893313, 38.49860839617731 ], [ -75.56493065191313, 38.497476285053082 ], [ -75.566182424617139, 38.497252285532277 ] ] ], [ [ [ -75.570699355986633, 38.468753296557203 ], [ -75.571637799912807, 38.469716084384643 ], [ -75.569433502190549, 38.469470992313418 ], [ -75.569300068234867, 38.470525902258579 ], [ -75.568375161920017, 38.47044668416703 ], [ -75.568008276483269, 38.469919210499434 ], [ -75.567909299206931, 38.46833616499184 ], [ -75.568396992778077, 38.468288603867144 ], [ -75.568575026290958, 38.468820692777655 ], [ -75.570699355986633, 38.468753296557203 ] ] ], [ [ [ -75.563397227723144, 38.503263627637246 ], [ -75.563090535698606, 38.503251148033208 ], [ -75.563087131982016, 38.501185740250271 ], [ -75.565165656581343, 38.501747114245639 ], [ -75.565291611163957, 38.502362805847802 ], [ -75.566204702836203, 38.502439500928496 ], [ -75.56615917442096, 38.502906786874874 ], [ -75.563397227723144, 38.503263627637246 ] ] ], [ [ [ -75.563281359424522, 38.489908710471035 ], [ -75.563022252058929, 38.489856113010369 ], [ -75.563028262686487, 38.489194287353932 ], [ -75.565678502082093, 38.488642416205799 ], [ -75.566929379165799, 38.488605066118069 ], [ -75.566884728404574, 38.489009129348901 ], [ -75.567260970693354, 38.489241807265159 ], [ -75.56692478787636, 38.489499316924025 ], [ -75.566223266521547, 38.489307967911955 ], [ -75.565945705963372, 38.489828539142806 ], [ -75.563281359424522, 38.489908710471035 ] ] ], [ [ [ -75.571636362608345, 38.472858285527558 ], [ -75.5729773802409, 38.473025576398534 ], [ -75.57226295009545, 38.476116646143652 ], [ -75.571612533897124, 38.476015686496041 ], [ -75.571636362608345, 38.472858285527558 ] ] ], [ [ [ -75.566768636425465, 38.504390290346507 ], [ -75.566674232472266, 38.503352090618201 ], [ -75.567341257621862, 38.503295235782083 ], [ -75.568364533951893, 38.506525554816527 ], [ -75.566893977458747, 38.50632078006722 ], [ -75.567180398100575, 38.505480222550887 ], [ -75.566768636425465, 38.504390290346507 ] ] ], [ [ [ -75.557547064419651, 38.504063805325572 ], [ -75.558541320674451, 38.504063330807895 ], [ -75.558531790447589, 38.505170314485802 ], [ -75.558793087007558, 38.505415481301377 ], [ -75.558271623069956, 38.506600858515448 ], [ -75.557913964229471, 38.506744301078193 ], [ -75.557532730900988, 38.506735389615244 ], [ -75.557547064419651, 38.504063805325572 ] ] ], [ [ [ -75.569174213365258, 38.509519520370453 ], [ -75.569264992616297, 38.509275093662104 ], [ -75.569529691994532, 38.511264243894253 ], [ -75.568614139836754, 38.511497375712814 ], [ -75.568389649948926, 38.510771885468728 ], [ -75.569174213365258, 38.509519520370453 ] ] ], [ [ [ -75.571945272573316, 38.471235442378202 ], [ -75.573345544878634, 38.471329215982955 ], [ -75.573151419844052, 38.472263890893366 ], [ -75.571596383086643, 38.471944521182273 ], [ -75.571945272573316, 38.471235442378202 ] ] ], [ [ [ -75.568153534064706, 38.512916659369665 ], [ -75.566353605781046, 38.513002974373805 ], [ -75.566315148903755, 38.512548267781717 ], [ -75.56786611719123, 38.512330696138555 ], [ -75.568153534064706, 38.512916659369665 ] ] ] ] } },
{ "type": "Feature", "properties": { "GEOID": "100050519002", "efa": "Not EFA", "pop": 1691, "sub_idx": 1, "neighborhoods": "" }, "geometry": { "type": "Polygon", "coordinates": [ [ [ -75.562415758088122, 38.480994162994591 ], [ -75.563133481457399, 38.48086804772317 ], [ -75.5634317499795, 38.481733037051811 ], [ -75.562266738362268, 38.481530642506918 ], [ -75.562075416071366, 38.481387869119629 ], [ -75.562415758088122, 38.480994162994591 ] ] ] } },
{ "type": "Feature", "properties": { "GEOID": "100050509054", "efa": "Moderate", "pop": 788, "sub_idx": 0, "neighborhoods": "" }, "geometry": { "type": "MultiPolygon", "coordinates": [ [ [ [ -75.22551103428151, 38.838719399829763 ], [ -75.224073719047126, 38.837629425603645 ], [ -75.22433518988025, 38.837385947339023 ], [ -75.224151058603198, 38.83724477093164 ], [ -75.223873841201467, 38.837482730965569 ], [ -75.223488779253259, 38.837232457167268 ], [ -75.223769522542483, 38.836963156889119 ], [ -75.223468436903644, 38.836741005521382 ], [ -75.22316017731896, 38.837009448074625 ], [ -75.219164982076578, 38.834209805795751 ], [ -75.21717811168736, 38.833489700381868 ], [ -75.214478518850029, 38.831144182420161 ], [ -75.212997449373105, 38.829616112401482 ], [ -75.213276163368121, 38.829438806614377 ], [ -75.212948669056573, 38.829159116239978 ], [ -75.213902001660259, 38.829021406448639 ], [ -75.213774568450688, 38.828527625819838 ], [ -75.216926593289273, 38.830807265171607 ], [ -75.217398526817064, 38.830764375824572 ], [ -75.217593012974376, 38.83119951580872 ], [ -75.218914920745888, 38.831535545977403 ], [ -75.219512294121614, 38.832371900063578 ], [ -75.220205432398217, 38.831848724005802 ], [ -75.219630950790872, 38.831407733609794 ], [ -75.219701316725391, 38.830948441752291 ], [ -75.22012938282289, 38.831554804655568 ], [ -75.221905543480744, 38.832411220301161 ], [ -75.222275174169027, 38.833096668130736 ], [ -75.223200419148725, 38.833774341332102 ], [ -75.221930443882101, 38.834482807685959 ], [ -75.22259778523869, 38.834483917493131 ], [ -75.226434262543407, 38.837568742241636 ], [ -75.22551103428151, 38.838719399829763 ] ] ], [ [ [ -75.259730618586588, 38.797659993568999 ], [ -75.260218459481422, 38.797205923260641 ], [ -75.260858306102094, 38.797650144361825 ], [ -75.260338357622388, 38.79807443336221 ], [ -75.259730618586588, 38.797659993568999 ] ] ], [ [ [ -75.275308800696862, 38.806641842189116 ], [ -75.275577625138908, 38.806239545940457 ], [ -75.277514410857762, 38.80717456484529 ], [ -75.277095499491324, 38.80751918700993 ], [ -75.275308800696862, 38.806641842189116 ] ] ], [ [ [ -75.270529213616385, 38.808957969198666 ], [ -75.270065463740863, 38.808573661509918 ], [ -75.27065458788735, 38.809468172397857 ], [ -75.270323746453045, 38.809629828393717 ], [ -75.27008001555015, 38.809705936182255 ], [ -75.269761111827648, 38.80918779737582 ], [ -75.268293863829697, 38.809756718762522 ], [ -75.266611542084732, 38.807408353180037 ], [ -75.272053414803366, 38.804603915699253 ], [ -75.273201601873652, 38.805134209051182 ], [ -75.272634098379427, 38.805518680901379 ], [ -75.271796768821645, 38.804969356261211 ], [ -75.271257378104238, 38.805255100388017 ], [ -75.271557553749687, 38.805631844590323 ], [ -75.27102657305997, 38.80592869838425 ], [ -75.273258803895985, 38.809101832309359 ], [ -75.270913590150045, 38.810014997675928 ], [ -75.27108047287534, 38.809752327691591 ], [ -75.270529213616385, 38.808957969198666 ] ] ], [ [ [ -75.2804000259258, 38.811254584549026 ], [ -75.279442555681911, 38.810009601431211 ], [ -75.278789664624995, 38.810264056780525 ], [ -75.278042064187673, 38.809278799539001 ], [ -75.279611728212856, 38.808491740347385 ], [ -75.280383659519657, 38.809403043837591 ], [ -75.281177002171248, 38.808893474375417 ], [ -75.281685509707501, 38.809131271578053 ], [ -75.280500197063134, 38.809512528468595 ], [ -75.279780969015761, 38.810178285510389 ], [ -75.279965942014215, 38.81043148307743 ], [ -75.280950164087258, 38.810275327324383 ], [ -75.280839624594933, 38.810737577683874 ], [ -75.280172373968185, 38.810659361938285 ], [ -75.28057816543992, 38.811137144503043 ], [ -75.281586037459448, 38.81116185525547 ], [ -75.281028243855133, 38.811785027190965 ], [ -75.2804000259258, 38.811254584549026 ] ] ], [ [ [ -75.250523695408106, 38.814214561211593 ], [ -75.251771958394329, 38.813553390920958 ], [ -75.252085377003709, 38.814008602274008 ], [ -75.251468338608078, 38.814310404111104 ], [ -75.251663399687189, 38.814625407080257 ], [ -75.251151766013749, 38.814860520457003 ], [ -75.251306413684858, 38.815171771403328 ], [ -75.25055677497015, 38.815439721345498 ], [ -75.249909899930685, 38.814660079671164 ], [ -75.250523695408106, 38.814214561211593 ] ] ], [ [ [ -75.252980761983352, 38.815339332452474 ], [ -75.252716660883095, 38.814946967835013 ], [ -75.253721877482647, 38.814517323905228 ], [ -75.252793173090794, 38.813128914805567 ], [ -75.257155340906507, 38.811355583281731 ], [ -75.257640716824184, 38.811962136149347 ], [ -75.257223219406001, 38.812137594833551 ], [ -75.257446333074796, 38.812491832955772 ], [ -75.256174392294326, 38.813219411461702 ], [ -75.255128473029259, 38.812999889255465 ], [ -75.254975918432748, 38.813779047934212 ], [ -75.254449711390464, 38.814092925629573 ], [ -75.254785687594918, 38.81505151494445 ], [ -75.254387053001082, 38.815526450095753 ], [ -75.253797482391889, 38.81556495511002 ], [ -75.253493070291569, 38.815223692391612 ], [ -75.253007051180148, 38.815640539303381 ], [ -75.252980761983352, 38.815339332452474 ] ] ], [ [ [ -75.286834704120039, 38.81577658532985 ], [ -75.287750684774224, 38.815603044340357 ], [ -75.28954216619924, 38.815911695283511 ], [ -75.286423389805961, 38.817059853570171 ], [ -75.285763928471042, 38.815957248429349 ], [ -75.286834704120039, 38.81577658532985 ] ] ], [ [ [ -75.298073182584901, 38.818485309254868 ], [ -75.297664149991647, 38.817682243190482 ], [ -75.296698998253746, 38.817928968566221 ], [ -75.296040596032569, 38.815862547240663 ], [ -75.29927656753614, 38.817304401547609 ], [ -75.298345172689992, 38.817515784426725 ], [ -75.29837312826163, 38.818995188047921 ], [ -75.298073182584901, 38.818485309254868 ] ] ], [ [ [ -75.289361420672492, 38.818559066386548 ], [ -75.289910029003039, 38.818430958456787 ], [ -75.290675729595023, 38.819542124261226 ], [ -75.290028764724028, 38.8197118769057 ], [ -75.289361420672492, 38.818559066386548 ] ] ], [ [ [ -75.291900137818871, 38.819423472354444 ], [ -75.291075072959629, 38.819437340178503 ], [ -75.290789403309404, 38.818701303818621 ], [ -75.289824861527592, 38.818105070470281 ], [ -75.290999580339786, 38.817925938633998 ], [ -75.291816898128005, 38.819113541109679 ], [ -75.292293066314031, 38.819033610697858 ], [ -75.292493923323349, 38.819596900449554 ], [ -75.291513221747891, 38.82023048997317 ], [ -75.291560871983819, 38.819613780602921 ], [ -75.291900137818871, 38.819423472354444 ] ] ], [ [ [ -75.287703122573177, 38.818438599374943 ], [ -75.288568726604552, 38.818302400953542 ], [ -75.289461252246667, 38.819686591003965 ], [ -75.288540689286208, 38.820062309827222 ], [ -75.288866230660346, 38.821114747453947 ], [ -75.287996163798638, 38.821196054999071 ], [ -75.287930854480862, 38.820242628206259 ], [ -75.288318128081315, 38.819788194389105 ], [ -75.287467682222058, 38.818476222328421 ], [ -75.287703122573177, 38.818438599374943 ] ] ], [ [ [ -75.303638236786867, 38.82085107977143 ], [ -75.302667640360056, 38.82058415382955 ], [ -75.302962935458552, 38.819124945334615 ], [ -75.305372421866437, 38.82078088323928 ], [ -75.305005107933283, 38.821117132657598 ], [ -75.304480002225532, 38.820834197811664 ], [ -75.304364735798174, 38.821481179032034 ], [ -75.303628532286865, 38.821208578703008 ], [ -75.303638236786867, 38.82085107977143 ] ] ], [ [ [ -75.211975143223583, 38.828596684521294 ], [ -75.210606831179462, 38.827542033379864 ], [ -75.210839307988465, 38.827333464157675 ], [ -75.20964437798068, 38.826785628325645 ], [ -75.206446849879683, 38.824019410018394 ], [ -75.205259612145682, 38.823425155613577 ], [ -75.202725529407871, 38.819822555812245 ], [ -75.197204334551344, 38.814373420635256 ], [ -75.197503989173939, 38.814241703227111 ], [ -75.195289283570773, 38.81227123125241 ], [ -75.195032541469317, 38.812388570033001 ], [ -75.193974149096505, 38.810624787498035 ], [ -75.193621669941962, 38.810537338791825 ], [ -75.190537904488551, 38.806831582570055 ], [ -75.190883995723112, 38.80648444958085 ], [ -75.191620245048497, 38.806460218124926 ], [ -75.192415334025, 38.807602916033474 ], [ -75.192959806511979, 38.807656869785241 ], [ -75.193345198141898, 38.808614191201798 ], [ -75.196375912687913, 38.812604882673099 ], [ -75.196110800084625, 38.812730523902623 ], [ -75.199892953569162, 38.815225102074052 ], [ -75.202014242467598, 38.818256182291712 ], [ -75.203144747099827, 38.818852653042853 ], [ -75.203947231906071, 38.819806550579088 ], [ -75.204111493347355, 38.820675318504513 ], [ -75.20602237524669, 38.823130253168365 ], [ -75.20699107982152, 38.823977107959863 ], [ -75.209562642967924, 38.824933636156857 ], [ -75.210459426624496, 38.825578712256458 ], [ -75.210227866097071, 38.826029647733058 ], [ -75.210969119936905, 38.825938427627932 ], [ -75.212121244323086, 38.826901760485264 ], [ -75.212247314788371, 38.827285280655879 ], [ -75.211359044465766, 38.827723740152791 ], [ -75.211850428316069, 38.82807353040338 ], [ -75.212210868340662, 38.827759554068528 ], [ -75.212524862770138, 38.828002888910454 ], [ -75.211975143223583, 38.828596684521294 ] ] ], [ [ [ -75.226916744987548, 38.839075248689554 ], [ -75.227771731830572, 38.838565119060362 ], [ -75.227888084321123, 38.838833391700661 ], [ -75.226727723282096, 38.839660890675169 ], [ -75.226405702405557, 38.839393939396878 ], [ -75.226916744987548, 38.839075248689554 ] ] ] ] } },
{ "type": "Feature", "properties": { "GEOID": "100050509054", "efa": "Not EFA", "pop": 788, "sub_idx": 1, "neighborhoods": "" }, "geometry": { "type": "Polygon", "coordinates": [ [ [ -75.26665265617865, 38.807363220178225 ], [ -75.265226512393156, 38.807987881370842 ], [ -75.265877855652846, 38.808961735915773 ], [ -75.265194904271553, 38.809251626232324 ], [ -75.26452623251005, 38.80823256689812 ], [ -75.261533615515262, 38.80950255700008 ], [ -75.261964121437074, 38.810165801866233 ], [ -75.260402865642945, 38.810884863623642 ], [ -75.260025451951051, 38.810144565526308 ], [ -75.259127932574273, 38.810516503655684 ], [ -75.257988389991951, 38.808825079768837 ], [ -75.256806184620174, 38.808649143921286 ], [ -75.254771135785631, 38.809792481515593 ], [ -75.253584973335037, 38.807990117911451 ], [ -75.256431730877139, 38.806780258885723 ], [ -75.2543422504246, 38.804910146651906 ], [ -75.255342138217884, 38.803880779240359 ], [ -75.253949607593711, 38.802822331727889 ], [ -75.253997344067898, 38.80236308370641 ], [ -75.252810003925944, 38.802688027923516 ], [ -75.252712279799454, 38.802232765931016 ], [ -75.25325865671482, 38.801987945686328 ], [ -75.253081976064735, 38.801678047084422 ], [ -75.253846816969002, 38.801369464681073 ], [ -75.254528573590932, 38.801594642233688 ], [ -75.256884534780937, 38.803690701275109 ], [ -75.257196839479363, 38.804385173398359 ], [ -75.260162864545109, 38.806428172248118 ], [ -75.260977311317689, 38.806443789172128 ], [ -75.261250506961886, 38.806880315430092 ], [ -75.261183759441323, 38.808160108793082 ], [ -75.262462892133954, 38.808269056326708 ], [ -75.265505608172148, 38.807234643397784 ], [ -75.265827458368761, 38.807644296097173 ], [ -75.26628878009808, 38.807004751517709 ], [ -75.26665265617865, 38.807363220178225 ] ], [ [ -75.258993834763615, 38.806710180089638 ], [ -75.258501104338677, 38.806323305869093 ], [ -75.257725515990387, 38.806303862558785 ], [ -75.257489658820958, 38.8066713594772 ], [ -75.259060497842512, 38.80845740355781 ], [ -75.26004720824892, 38.808679420584134 ], [ -75.258793189756688, 38.807772986240707 ], [ -75.258993834763615, 38.806710180089638 ] ], [ [ -75.255919972337892, 38.804407131804403 ], [ -75.255521369185061, 38.803983593861602 ], [ -75.254740225655041, 38.804911582440013 ], [ -75.255471130902805, 38.80541801271162 ], [ -75.255847518718639, 38.805271404307881 ], [ -75.255919972337892, 38.804407131804403 ] ] ] } },
{ "type": "Feature", "properties": { "GEOID": "100050510142", "efa": "Moderate", "pop": 859, "sub_idx": 0, "neighborhoods": "" }, "geometry": { "type": "MultiPolygon", "coordinates": [ [ [ [ -75.158772073771914, 38.680408488189094 ], [ -75.156376423216031, 38.679975836792437 ], [ -75.156662384818731, 38.678655864899056 ], [ -75.159088866453487, 38.678854511094166 ], [ -75.159188014409722, 38.678160862062256 ], [ -75.15827143727418, 38.6780638312813 ], [ -75.158113716466474, 38.677454278664122 ], [ -75.157632696479624, 38.67755276755733 ], [ -75.157336916290859, 38.677366202455147 ], [ -75.157552421229198, 38.677084342569835 ], [ -75.156528225024317, 38.676882899589991 ], [ -75.156764572673879, 38.674840225949069 ], [ -75.152743189744342, 38.674813896319982 ], [ -75.152376558530818, 38.674460324573793 ], [ -75.151238119079679, 38.669055432754945 ], [ -75.156426693837645, 38.67069080713776 ], [ -75.159620695152839, 38.673614807549868 ], [ -75.160318695111741, 38.675001808292642 ], [ -75.159561211409667, 38.680556170148797 ], [ -75.158772073771914, 38.680408488189094 ] ] ], [ [ [ -75.139347514922505, 38.664559220163824 ], [ -75.137764346523667, 38.664652322365882 ], [ -75.136679729632775, 38.662802221842945 ], [ -75.132377916027735, 38.662649561619602 ], [ -75.131793166676673, 38.662388866595336 ], [ -75.136639563261468, 38.662254127347147 ], [ -75.136625686985269, 38.661885805994331 ], [ -75.132476643572389, 38.661789258896626 ], [ -75.132498904723448, 38.661432008251126 ], [ -75.137522050230274, 38.661704968067362 ], [ -75.137643131452492, 38.661419483150219 ], [ -75.142061100817017, 38.661446435683196 ], [ -75.143335688932609, 38.663930806242973 ], [ -75.144644511843694, 38.665219024541443 ], [ -75.143812515583733, 38.66544528751762 ], [ -75.143721515347153, 38.665236178305179 ], [ -75.139475877888401, 38.665152848963295 ], [ -75.139347514922505, 38.664559220163824 ] ] ] ] } },
{ "type": "Feature", "properties": { "GEOID": "100050510142", "efa": "Not EFA", "pop": 859, "sub_idx": 1, "neighborhoods": "" }, "geometry": { "type": "MultiPolygon", "coordinates": [ [ [ [ -75.147442018352052, 38.674732660344695 ], [ -75.144400307528656, 38.674050869378128 ], [ -75.146360093712062, 38.673577572467309 ], [ -75.146701180432174, 38.673279151783184 ], [ -75.146367804850456, 38.673083037368229 ], [ -75.146649714152915, 38.672834610276588 ], [ -75.147225077905873, 38.673023726731209 ], [ -75.147683057004031, 38.672509956310599 ], [ -75.148905641647829, 38.673005900146876 ], [ -75.148599327814054, 38.672379865674067 ], [ -75.149290851818066, 38.672434754878907 ], [ -75.148192909318269, 38.6718951804489 ], [ -75.147966064946075, 38.67079563089198 ], [ -75.147489619180632, 38.67094027476827 ], [ -75.145155993701849, 38.670308114758221 ], [ -75.144863013561817, 38.670469055065126 ], [ -75.14709818817704, 38.671153719231526 ], [ -75.147604134616415, 38.671020815093435 ], [ -75.147700357658081, 38.671712235696603 ], [ -75.146913650861492, 38.672138515525035 ], [ -75.146653381075907, 38.672826569426981 ], [ -75.144008717523249, 38.671828024944901 ], [ -75.141829692104864, 38.669662294899041 ], [ -75.142299774204858, 38.669030826383278 ], [ -75.14323973628386, 38.669026836254851 ], [ -75.142893149179244, 38.668029739739502 ], [ -75.145399757842398, 38.66769141004233 ], [ -75.147113785625322, 38.66834446140188 ], [ -75.147605769550239, 38.667579205222033 ], [ -75.151238119079679, 38.669055432754945 ], [ -75.150717490575303, 38.669539889621873 ], [ -75.148376171026101, 38.668500183638429 ], [ -75.148193101557723, 38.668753170705799 ], [ -75.14971684101063, 38.669309573723609 ], [ -75.149078917682971, 38.670189991715461 ], [ -75.148726416070545, 38.670151244812544 ], [ -75.149381821511952, 38.671742409160508 ], [ -75.151892811258733, 38.671998094074567 ], [ -75.152376558530818, 38.674460324573793 ], [ -75.152041996274605, 38.674489247122544 ], [ -75.151828084049257, 38.673764354336711 ], [ -75.151539268498894, 38.673775018754952 ], [ -75.149446431940447, 38.674720338147935 ], [ -75.147442018352052, 38.674732660344695 ] ], [ [ -75.150256090692551, 38.67302852738235 ], [ -75.151131533072899, 38.672945705059135 ], [ -75.149600703217445, 38.672669516339106 ], [ -75.149891211193818, 38.673017926674554 ], [ -75.149267353686881, 38.67362854522294 ], [ -75.149820969226795, 38.673531635238952 ], [ -75.150256090692551, 38.67302852738235 ] ], [ [ -75.143938109043617, 38.669941494968079 ], [ -75.144671143298609, 38.669448150228256 ], [ -75.14501678088395, 38.669699215700454 ], [ -75.14536904354452, 38.669403293970504 ], [ -75.146336308119956, 38.669672480892814 ], [ -75.146609581019291, 38.669089970595508 ], [ -75.145116232470741, 38.668655452444945 ], [ -75.143409686755845, 38.669718072016963 ], [ -75.143938109043617, 38.669941494968079 ] ] ], [ [ [ -75.130288129249678, 38.642984689606827 ], [ -75.129929166055405, 38.642746688213876 ], [ -75.130267067349521, 38.642269620074849 ], [ -75.131076534760481, 38.644020617331115 ], [ -75.130229008425886, 38.643960676421713 ], [ -75.130288129249678, 38.642984689606827 ] ] ], [ [ [ -75.145008970032549, 38.666640909332244 ], [ -75.144903258086543, 38.666109789454779 ], [ -75.145028350286495, 38.665540464040575 ], [ -75.145947458874502, 38.666309984795191 ], [ -75.145728791866347, 38.666930071196809 ], [ -75.144541188518033, 38.666899778571477 ], [ -75.145008970032549, 38.666640909332244 ] ] ], [ [ [ -75.137610701372409, 38.668714625022439 ], [ -75.137477518046708, 38.667412524540346 ], [ -75.137954501902996, 38.667141166020279 ], [ -75.138387714448768, 38.667338831359494 ], [ -75.142003482874685, 38.666890785960945 ], [ -75.142297679333609, 38.667667087965988 ], [ -75.141262944992121, 38.668080294912734 ], [ -75.14105698824693, 38.667794974286686 ], [ -75.140685023735557, 38.667887688622713 ], [ -75.140781276421635, 38.668173110580042 ], [ -75.14030148533007, 38.668523175613387 ], [ -75.139235981893464, 38.668620505490232 ], [ -75.138229122275249, 38.669247587725671 ], [ -75.137610701372409, 38.668714625022439 ] ], [ [ -75.139179281131049, 38.668114094665256 ], [ -75.140616517313688, 38.667754894852123 ], [ -75.140761774895111, 38.667582738124707 ], [ -75.138998996440051, 38.667611103742956 ], [ -75.138837940187699, 38.667986114227418 ], [ -75.139179281131049, 38.668114094665256 ] ] ], [ [ [ -75.134826221333995, 38.678182604047372 ], [ -75.134759490881436, 38.677089478168703 ], [ -75.135666024852085, 38.676950923468468 ], [ -75.135707968091012, 38.678021664251077 ], [ -75.139534760658648, 38.677471626559836 ], [ -75.139646905440387, 38.676845351323941 ], [ -75.140309437216956, 38.676623402315016 ], [ -75.14142309304772, 38.676610989274536 ], [ -75.142151230586094, 38.677026823557348 ], [ -75.142220872478489, 38.67670522243202 ], [ -75.142794426126144, 38.676795946160468 ], [ -75.142661061340775, 38.677242790666703 ], [ -75.144099046718338, 38.67742046158115 ], [ -75.144067768278461, 38.677867706832558 ], [ -75.140867688962061, 38.677364808983171 ], [ -75.134826221333995, 38.678182604047372 ] ] ], [ [ [ -75.153160693450744, 38.679390809307449 ], [ -75.151487045838181, 38.67884215454297 ], [ -75.151171109251067, 38.678332235263305 ], [ -75.151686045131484, 38.678182927340387 ], [ -75.151909117477786, 38.67861548788968 ], [ -75.152848024934642, 38.678409159164822 ], [ -75.153642934248097, 38.678714132973269 ], [ -75.153471147619669, 38.677950742964256 ], [ -75.154361210979587, 38.677446631759118 ], [ -75.155495361873562, 38.677483939867471 ], [ -75.155631201517579, 38.677251027382958 ], [ -75.153747287043075, 38.676801323027156 ], [ -75.152716831377276, 38.677093028835785 ], [ -75.152364171661361, 38.677673926964722 ], [ -75.150746596888823, 38.678035910914659 ], [ -75.149712989933022, 38.677531863425706 ], [ -75.15044065765251, 38.677309301509972 ], [ -75.150178150163555, 38.677106728672591 ], [ -75.1491235639526, 38.676833533023945 ], [ -75.149470148362255, 38.676465311213001 ], [ -75.148750613989364, 38.676819700589242 ], [ -75.148039364778313, 38.676116684822816 ], [ -75.151060668573393, 38.674851944289536 ], [ -75.151345387806074, 38.675208717710724 ], [ -75.151962320200482, 38.675079026118624 ], [ -75.152193023735123, 38.675386416817631 ], [ -75.151836358431339, 38.675638850762105 ], [ -75.152506184528008, 38.675855020529887 ], [ -75.152861313712648, 38.676382418527893 ], [ -75.153247591979763, 38.676220130982237 ], [ -75.152910668052655, 38.675675360318259 ], [ -75.154190196902334, 38.675501150257922 ], [ -75.153778543025069, 38.674994934678942 ], [ -75.153993301463416, 38.674844628830478 ], [ -75.155403837020842, 38.6748404405527 ], [ -75.155443902780831, 38.675344103038022 ], [ -75.154460775754117, 38.675507715245416 ], [ -75.155653086274526, 38.676223032283502 ], [ -75.15596049425632, 38.676135530332054 ], [ -75.155929056814628, 38.675582499674896 ], [ -75.156625625757314, 38.676030144233941 ], [ -75.156528225024317, 38.676882899589991 ], [ -75.155915474287553, 38.677041798365813 ], [ -75.155998843335794, 38.677508480217348 ], [ -75.155575809600535, 38.677826322326275 ], [ -75.15576788737458, 38.678101801083059 ], [ -75.155360207644136, 38.679790813087799 ], [ -75.153160693450744, 38.679390809307449 ] ] ] ] } },
{ "type": "Feature", "properties": { "GEOID": "100050513082", "efa": "Moderate", "pop": 261, "sub_idx": 0, "neighborhoods": "" }, "geometry": { "type": "MultiPolygon", "coordinates": [ [ [ [ -75.172136043454117, 38.548872958106365 ], [ -75.17204225215194, 38.548068450520383 ], [ -75.173284863836699, 38.548040873650905 ], [ -75.173382428961375, 38.547344607586489 ], [ -75.172336582459835, 38.547335349866607 ], [ -75.172790155321522, 38.545188047960337 ], [ -75.1718197062184, 38.545169971784098 ], [ -75.171712362931842, 38.54603082706997 ], [ -75.170891813903538, 38.546052539579712 ], [ -75.171031242317113, 38.545228594279848 ], [ -75.171663696701316, 38.545133628313913 ], [ -75.172000166080878, 38.544503057611458 ], [ -75.176358693024738, 38.543507780228488 ], [ -75.179259352178846, 38.542034493027259 ], [ -75.181081108625591, 38.543414677406375 ], [ -75.180705630803132, 38.544234047802341 ], [ -75.179046982360845, 38.542975051237299 ], [ -75.177462849171391, 38.543967715296439 ], [ -75.178320614503576, 38.544671717283421 ], [ -75.178649300879513, 38.54440737474291 ], [ -75.178986970408289, 38.544732790826444 ], [ -75.178177056534636, 38.54510302427061 ], [ -75.178341557826116, 38.545329031159525 ], [ -75.179563219001793, 38.545389175326143 ], [ -75.17861728492278, 38.546117691121111 ], [ -75.180169990552045, 38.54764656162024 ], [ -75.178623265007644, 38.548268282042116 ], [ -75.178476023047736, 38.547942841208666 ], [ -75.179643510421897, 38.54726042882475 ], [ -75.179358126435929, 38.546973187098118 ], [ -75.178091575547157, 38.547597640695798 ], [ -75.17729696716934, 38.54734128304154 ], [ -75.177673495122363, 38.546219169384123 ], [ -75.176680536933176, 38.545303121179778 ], [ -75.176794209749204, 38.544629360067653 ], [ -75.175547525102971, 38.544424201194253 ], [ -75.175020937175006, 38.546554854526178 ], [ -75.174705603357438, 38.546696322631284 ], [ -75.174489152493095, 38.548317502502201 ], [ -75.17329436352081, 38.548400460388862 ], [ -75.173255363162752, 38.548839538421248 ], [ -75.172136043454117, 38.548872958106365 ] ] ], [ [ [ -75.198644934026404, 38.52917941124921 ], [ -75.198263551577568, 38.528592727260026 ], [ -75.197464424673854, 38.528899359496961 ], [ -75.197151991516364, 38.528476315973194 ], [ -75.198975699103912, 38.527682775879896 ], [ -75.20023899539639, 38.527554714877468 ], [ -75.201387592098442, 38.528339776975677 ], [ -75.200438373778752, 38.528792066859083 ], [ -75.200290321538461, 38.528447462423074 ], [ -75.199425876333805, 38.528517856969422 ], [ -75.199672614796256, 38.529014931021088 ], [ -75.198644934026404, 38.52917941124921 ] ] ], [ [ [ -75.195796550533615, 38.530073336801479 ], [ -75.196801628792628, 38.529815172488775 ], [ -75.196779688340115, 38.530834756256759 ], [ -75.197362921334971, 38.531203864500647 ], [ -75.196930627765738, 38.53216640541433 ], [ -75.195796550533615, 38.530073336801479 ] ] ], [ [ [ -75.191999079875174, 38.53135686215586 ], [ -75.192677036623465, 38.531548218918807 ], [ -75.192453096504607, 38.53235925610003 ], [ -75.191658861825942, 38.531732165000882 ], [ -75.191999079875174, 38.53135686215586 ] ] ], [ [ [ -75.193341241961392, 38.534882636396958 ], [ -75.192770605143465, 38.534279298683465 ], [ -75.191328230597406, 38.534104919994363 ], [ -75.190078528510114, 38.533209209769325 ], [ -75.191095071068787, 38.532322875237242 ], [ -75.192549050051682, 38.533138573865791 ], [ -75.19226399574741, 38.533350789855035 ], [ -75.194107162640634, 38.53459684618187 ], [ -75.193341241961392, 38.534882636396958 ] ] ], [ [ [ -75.189295038580582, 38.534645517359728 ], [ -75.188663400764966, 38.534449667386539 ], [ -75.189904003816721, 38.534628363274905 ], [ -75.189951823834249, 38.535034930569232 ], [ -75.189295038580582, 38.534645517359728 ] ] ], [ [ [ -75.184176695009825, 38.53815377904079 ], [ -75.187582747241095, 38.535298229639018 ], [ -75.188313733337239, 38.535758723836516 ], [ -75.185674911528892, 38.537038346335549 ], [ -75.186253925136825, 38.537715481768423 ], [ -75.186819303217106, 38.537447323495314 ], [ -75.187337441591509, 38.53799796764217 ], [ -75.186691015709684, 38.538335397905648 ], [ -75.186396220972796, 38.538022561365345 ], [ -75.184846746583617, 38.538946261397776 ], [ -75.183994266040244, 38.538310015910753 ], [ -75.184176695009825, 38.53815377904079 ] ] ], [ [ [ -75.182473986897804, 38.539571574464716 ], [ -75.183003584181975, 38.53913916206595 ], [ -75.184142245516995, 38.540058436600134 ], [ -75.183556536765209, 38.540528014180197 ], [ -75.182473986897804, 38.539571574464716 ] ] ], [ [ [ -75.182026694158267, 38.539936778991617 ], [ -75.182628540245801, 38.5402968692893 ], [ -75.182127365657209, 38.540735195800927 ], [ -75.181593457357991, 38.540306067488594 ], [ -75.182026694158267, 38.539936778991617 ] ] ], [ [ [ -75.185381819997758, 38.540337637588458 ], [ -75.187388729106033, 38.539092629273085 ], [ -75.187946058281355, 38.539665500839199 ], [ -75.186679454391992, 38.54073108751669 ], [ -75.185995816697826, 38.540033759959115 ], [ -75.18547275645399, 38.540371184888393 ], [ -75.186631415185545, 38.541588945851174 ], [ -75.186057415075183, 38.541894364781434 ], [ -75.185760268548876, 38.541568271173176 ], [ -75.186265051669949, 38.541254644186502 ], [ -75.185381819997758, 38.540337637588458 ] ] ], [ [ [ -75.183429749444343, 38.541957100269563 ], [ -75.18404477741035, 38.541551030208623 ], [ -75.185026763576673, 38.542442749002575 ], [ -75.184390249705686, 38.542781413278327 ], [ -75.183429749444343, 38.541957100269563 ] ] ], [ [ [ -75.189231110871688, 38.542900231746813 ], [ -75.188396045068401, 38.542577886221864 ], [ -75.189140990984058, 38.5411736397905 ], [ -75.18840232339393, 38.54166445527536 ], [ -75.187888999091129, 38.541465969195691 ], [ -75.188354949839123, 38.540855296436284 ], [ -75.188513371332718, 38.541038461990802 ], [ -75.188936477831533, 38.540684199519497 ], [ -75.189273177179814, 38.541045013295367 ], [ -75.190145059536704, 38.540541314321551 ], [ -75.19052146082727, 38.541041734832653 ], [ -75.189754820597486, 38.541457182179798 ], [ -75.189376309164317, 38.541260723306699 ], [ -75.190504609330844, 38.542699181030983 ], [ -75.189231110871688, 38.542900231746813 ] ] ], [ [ [ -75.191901732142782, 38.543487836107929 ], [ -75.192180840498182, 38.543424633317571 ], [ -75.192120727934324, 38.544129875085432 ], [ -75.192670117799153, 38.544163191569737 ], [ -75.191753696072169, 38.544635823220986 ], [ -75.191401857416409, 38.544445288177037 ], [ -75.191209091532855, 38.543644674061127 ], [ -75.191901732142782, 38.543487836107929 ] ] ], [ [ [ -75.159207723447054, 38.548172800899728 ], [ -75.158951516741496, 38.548093623221661 ], [ -75.159146558955982, 38.547684411521068 ], [ -75.159646430089097, 38.547816297270209 ], [ -75.160651969183832, 38.546482929855969 ], [ -75.164962870146297, 38.545119707231166 ], [ -75.165098270514108, 38.546027191221626 ], [ -75.164573823271468, 38.546060385280803 ], [ -75.16454140307286, 38.545389534347358 ], [ -75.16358193228082, 38.545605179337244 ], [ -75.164104422992793, 38.546286909067803 ], [ -75.161934201064184, 38.546403933689476 ], [ -75.161979706123233, 38.546941292513118 ], [ -75.161057656450978, 38.547008990767551 ], [ -75.160574426608505, 38.547616536153875 ], [ -75.161122448339171, 38.547741708339025 ], [ -75.161404098028513, 38.547315181986114 ], [ -75.162041239821875, 38.547722716662726 ], [ -75.161696296634233, 38.548065120388436 ], [ -75.161757598567547, 38.548570259596843 ], [ -75.159207723447054, 38.548172800899728 ] ] ], [ [ [ -75.151744127502795, 38.548702651667206 ], [ -75.151346022016654, 38.548621979537572 ], [ -75.151143235426105, 38.547995755953004 ], [ -75.152651610094395, 38.547947514642267 ], [ -75.15285010004294, 38.548534192544103 ], [ -75.151744127502795, 38.548702651667206 ] ] ], [ [ [ -75.152144142807245, 38.548918669612107 ], [ -75.152552251034095, 38.548779064833091 ], [ -75.152726996713056, 38.549130657789178 ], [ -75.152321685840008, 38.549301613773537 ], [ -75.152144142807245, 38.548918669612107 ] ] ], [ [ [ -75.172127101623786, 38.549535524448309 ], [ -75.171086729455581, 38.549865511950138 ], [ -75.170947000106409, 38.548568837626348 ], [ -75.171488875563881, 38.548537795948192 ], [ -75.171623830367338, 38.549017160894323 ], [ -75.17255854808171, 38.549287564931426 ], [ -75.17254304405823, 38.549684196895619 ], [ -75.173168549075385, 38.549712771449038 ], [ -75.173093036692606, 38.551548715919459 ], [ -75.172361914950855, 38.551539495272181 ], [ -75.172109222454679, 38.550471353438013 ], [ -75.172857562205493, 38.550261954553712 ], [ -75.172127101623786, 38.549535524448309 ] ] ], [ [ [ -75.164562549414654, 38.553217976424285 ], [ -75.164645546560379, 38.552712289591177 ], [ -75.16660727939302, 38.552464317144199 ], [ -75.166467264379548, 38.551932340867431 ], [ -75.166998085169155, 38.552043512032583 ], [ -75.167189921296384, 38.552744669160901 ], [ -75.165293118692503, 38.553347702349598 ], [ -75.164562549414654, 38.553217976424285 ] ] ], [ [ [ -75.155170030705236, 38.552570968907368 ], [ -75.156854821918898, 38.551009997706231 ], [ -75.15663854981932, 38.550502468750267 ], [ -75.155776745661584, 38.550774029893773 ], [ -75.155874433855487, 38.548966355256283 ], [ -75.155647875147565, 38.549849850884222 ], [ -75.155239785785341, 38.549836798354072 ], [ -75.155419003277785, 38.548122157658746 ], [ -75.15415964789446, 38.547975563668118 ], [ -75.154102687518915, 38.548456546132812 ], [ -75.153626522027849, 38.548440790617562 ], [ -75.153574146653526, 38.548154651705048 ], [ -75.153760115883642, 38.547921920353289 ], [ -75.156907686875044, 38.547699781494998 ], [ -75.159457039176061, 38.546888701580627 ], [ -75.159656569373709, 38.547282488733998 ], [ -75.159331467275749, 38.547615491441384 ], [ -75.158233478063536, 38.54761543593883 ], [ -75.15823867661409, 38.548176800564832 ], [ -75.157627978527742, 38.5484061728733 ], [ -75.157719583330532, 38.549521852918758 ], [ -75.157944328339894, 38.549605495099321 ], [ -75.158640837095433, 38.548501190721922 ], [ -75.159227295042143, 38.548615996586967 ], [ -75.158994377160326, 38.54914328962068 ], [ -75.159908694134614, 38.549280786049721 ], [ -75.159749041050745, 38.549662167230039 ], [ -75.158823768223243, 38.549534999647108 ], [ -75.158514201589824, 38.550165944236639 ], [ -75.159920221316341, 38.550075234454866 ], [ -75.160027277142007, 38.550765465313034 ], [ -75.158386774668458, 38.550374413944219 ], [ -75.158125618245691, 38.550749475657547 ], [ -75.158692286306703, 38.551207885586258 ], [ -75.158494255397258, 38.551597523156815 ], [ -75.157592344157067, 38.551580678010758 ], [ -75.157337197463534, 38.551751626062334 ], [ -75.157557885681072, 38.55222446917557 ], [ -75.157120372900039, 38.552357171352988 ], [ -75.156824404963373, 38.551891745638763 ], [ -75.155786002800596, 38.552616404081263 ], [ -75.156073607421959, 38.5529224105466 ], [ -75.155576053043958, 38.553477137203082 ], [ -75.155170030705236, 38.552570968907368 ] ] ], [ [ [ -75.187291935634164, 38.553173612957735 ], [ -75.189441705618691, 38.553283942705839 ], [ -75.189435102103033, 38.553704111815719 ], [ -75.187243052909665, 38.553701586312364 ], [ -75.187291935634164, 38.553173612957735 ] ] ], [ [ [ -75.190139712764136, 38.55371811553708 ], [ -75.189706682576357, 38.548952172864048 ], [ -75.191692735498663, 38.548931062613534 ], [ -75.191443555415262, 38.545313036782176 ], [ -75.192287139044083, 38.545297444280763 ], [ -75.192448760336731, 38.546980446755278 ], [ -75.193593645200053, 38.547234981830456 ], [ -75.193705995695993, 38.547649974674101 ], [ -75.193159245081475, 38.547674584768664 ], [ -75.193289438813906, 38.548806914712273 ], [ -75.192356703681355, 38.548839440063986 ], [ -75.192418303855334, 38.549772100512214 ], [ -75.193141220385286, 38.549729286134855 ], [ -75.193188736772242, 38.550182139865804 ], [ -75.191804003524709, 38.550285470605516 ], [ -75.192011856613462, 38.553718105702067 ], [ -75.190139712764136, 38.55371811553708 ] ] ], [ [ [ -75.181161549166006, 38.553664631760093 ], [ -75.18195102457031, 38.553595066189914 ], [ -75.182038293205224, 38.554089344526851 ], [ -75.181231418332189, 38.554250319557454 ], [ -75.181161549166006, 38.553664631760093 ] ] ], [ [ [ -75.173391770542025, 38.554570024765333 ], [ -75.173208972364861, 38.552418027613605 ], [ -75.173948498744409, 38.552437660150069 ], [ -75.174100803609264, 38.554535452121847 ], [ -75.173391770542025, 38.554570024765333 ] ] ], [ [ [ -75.163198072278448, 38.554545752121534 ], [ -75.163762643671589, 38.554262326670454 ], [ -75.164011767161142, 38.553712079620183 ], [ -75.164969105352682, 38.553675155280999 ], [ -75.165197584658685, 38.554267623512324 ], [ -75.164355253281357, 38.554416928257268 ], [ -75.164287450240366, 38.554889621772517 ], [ -75.163198072278448, 38.554545752121534 ] ] ], [ [ [ -75.195777553860296, 38.554888776673693 ], [ -75.196855841221719, 38.554224974791779 ], [ -75.198019150531493, 38.554377525165336 ], [ -75.197467044161243, 38.555631961768469 ], [ -75.195777553860296, 38.554888776673693 ] ] ], [ [ [ -75.174333434928485, 38.554791447631956 ], [ -75.175858906333275, 38.554681711697967 ], [ -75.176031735905724, 38.55528374093938 ], [ -75.173052486740673, 38.555879125268696 ], [ -75.173002617665986, 38.555430320029892 ], [ -75.17347172329724, 38.555387863778336 ], [ -75.173410844470453, 38.554833834688878 ], [ -75.174333434928485, 38.554791447631956 ] ] ], [ [ [ -75.161125773902356, 38.556358127261134 ], [ -75.156918686745712, 38.555492783086692 ], [ -75.154340686271993, 38.554813783418062 ], [ -75.14889160636983, 38.550152165338432 ], [ -75.149986108322096, 38.549775960282389 ], [ -75.149867619637817, 38.55014840675414 ], [ -75.150194904641907, 38.550490947164107 ], [ -75.151102849865879, 38.550926612178422 ], [ -75.150838879919647, 38.551066538761894 ], [ -75.151054726217794, 38.552000211458179 ], [ -75.151918398871302, 38.55145873850956 ], [ -75.152058757939486, 38.55076473257099 ], [ -75.153510353691942, 38.550483145503648 ], [ -75.153778899656217, 38.55402300665866 ], [ -75.154596892977551, 38.553369392277219 ], [ -75.154995842880041, 38.553800956197158 ], [ -75.154373830512725, 38.554278911263651 ], [ -75.154439424596447, 38.554619509264775 ], [ -75.1562190231069, 38.555176066160129 ], [ -75.156689822062461, 38.55436237439325 ], [ -75.157875777002232, 38.554138794934644 ], [ -75.157450517241671, 38.555513091980764 ], [ -75.160577650662063, 38.556149755689148 ], [ -75.160688061695339, 38.555174924613887 ], [ -75.161353773507983, 38.555187641087244 ], [ -75.161125773902356, 38.556358127261134 ] ] ], [ [ [ -75.200119346088741, 38.556712132685121 ], [ -75.200151815694682, 38.556170298323536 ], [ -75.201376651516597, 38.556210831425474 ], [ -75.20177709621575, 38.556277021159147 ], [ -75.201940133253288, 38.556781381232959 ], [ -75.200119346088741, 38.556712132685121 ] ] ], [ [ [ -75.16695226929302, 38.556488231072656 ], [ -75.167348650013835, 38.556425489997103 ], [ -75.16779523847417, 38.556895888672358 ], [ -75.167025132544055, 38.55703248516091 ], [ -75.16695226929302, 38.556488231072656 ] ] ] ] } },
{ "type": "Feature", "properties": { "GEOID": "100050513082", "efa": "Not EFA", "pop": 261, "sub_idx": 1, "neighborhoods": "" }, "geometry": { "type": "Polygon", "coordinates": [ [ [ -75.16971129646619, 38.555796215349972 ], [ -75.170433000270506, 38.555949509830661 ], [ -75.17054346789763, 38.556373452529698 ], [ -75.169821279003045, 38.556511270213477 ], [ -75.16971129646619, 38.555796215349972 ] ] ] } }
]
}
