{"type":"FeatureCollection","name":"DE climate: projected 100-yr 24hr precipitation intensity (PLACEHOLDER)","description":"Synthetic grid illustrating Clausius-Clapeyron-scaled extreme-precip projections. Replace with downscaled LOCA2/CMIP6 return-level output via scripts/build_climate_rasters.py.","features":[{"type":"Feature","properties":{"bin":2030,"scenario":"rcp45","p100y":9.0},"geometry":{"type":"Polygon","coordinates":[[[-75.85,38.4],[-75.73124999999999,38.4],[-75.73124999999999,38.54090909090909],[-75.85,38.54090909090909],[-75.85,38.4]]]}},{"type":"Feature","properties":{"bin":2030,"scenario":"rcp85","p100y":9.2},"geometry":{"type":"Polygon","coordinates":[[[-75.85,38.4],[-75.73124999999999,38.4],[-75.73124999999999,38.54090909090909],[-75.85,38.54090909090909],[-75.85,38.4]]]}},{"type":"Feature","properties":{"bin":2050,"scenario":"rcp45","p100y":9.7},"geometry":{"type":"Polygon","coordinates":[[[-75.85,38.4],[-75.73124999999999,38.4],[-75.73124999999999,38.54090909090909],[-75.85,38.54090909090909],[-75.85,38.4]]]}},{"type":"Feature","properties":{"bin":2050,"scenario":"rcp85","p100y":10.2},"geometry":{"type":"Polygon","coordinates":[[[-75.85,38.4],[-75.73124999999999,38.4],[-75.73124999999999,38.54090909090909],[-75.85,38.54090909090909],[-75.85,38.4]]]}},{"type":"Feature","properties":{"bin":2075,"scenario":"rcp45","p100y":10.2},"geometry":{"type":"Polygon","coordinates":[[[-75.85,38.4],[-75.73124999999999,38.4],[-75.73124999999999,38.54090909090909],[-75.85,38.54090909090909],[-75.85,38.4]]]}},{"type":"Feature","properties":{"bin":2075,"scenario":"rcp85","p100y":11.3},"geometry":{"type":"Polygon","coordinates":[[[-75.85,38.4],[-75.73124999999999,38.4],[-75.73124999999999,38.54090909090909],[-75.85,38.54090909090909],[-75.85,38.4]]]}},{"type":"Feature","properties":{"bin":2100,"scenario":"rcp45","p100y":10.6},"geometry":{"type":"Polygon","coordinates":[[[-75.85,38.4],[-75.73124999999999,38.4],[-75.73124999999999,38.54090909090909],[-75.85,38.54090909090909],[-75.85,38.4]]]}},{"type":"Feature","properties":{"bin":2100,"scenario":"rcp85","p100y":12.5},"geometry":{"type":"Polygon","coordinates":[[[-75.85,38.4],[-75.73124999999999,38.4],[-75.73124999999999,38.54090909090909],[-75.85,38.54090909090909],[-75.85,38.4]]]}},{"type":"Feature","properties":{"bin":2030,"scenario":"rcp45","p100y":9.0},"geometry":{"type":"Polygon","coordinates":[[[-75.85,38.54090909090909],[-75.73124999999999,38.54090909090909],[-75.73124999999999,38.68181818181818],[-75.85,38.68181818181818],[-75.85,38.54090909090909]]]}},{"type":"Feature","properties":{"bin":2030,"scenario":"rcp85","p100y":9.2},"geometry":{"type":"Polygon","coordinates":[[[-75.85,38.54090909090909],[-75.73124999999999,38.54090909090909],[-75.73124999999999,38.68181818181818],[-75.85,38.68181818181818],[-75.85,38.54090909090909]]]}},{"type":"Feature","properties":{"bin":2050,"scenario":"rcp45","p100y":9.7},"geometry":{"type":"Polygon","coordinates":[[[-75.85,38.54090909090909],[-75.73124999999999,38.54090909090909],[-75.73124999999999,38.68181818181818],[-75.85,38.68181818181818],[-75.85,38.54090909090909]]]}},{"type":"Feature","properties":{"bin":2050,"scenario":"rcp85","p100y":10.2},"geometry":{"type":"Polygon","coordinates":[[[-75.85,38.54090909090909],[-75.73124999999999,38.54090909090909],[-75.73124999999999,38.68181818181818],[-75.85,38.68181818181818],[-75.85,38.54090909090909]]]}},{"type":"Feature","properties":{"bin":2075,"scenario":"rcp45","p100y":10.2},"geometry":{"type":"Polygon","coordinates":[[[-75.85,38.54090909090909],[-75.73124999999999,38.54090909090909],[-75.73124999999999,38.68181818181818],[-75.85,38.68181818181818],[-75.85,38.54090909090909]]]}},{"type":"Feature","properties":{"bin":2075,"scenario":"rcp85","p100y":11.3},"geometry":{"type":"Polygon","coordinates":[[[-75.85,38.54090909090909],[-75.73124999999999,38.54090909090909],[-75.73124999999999,38.68181818181818],[-75.85,38.68181818181818],[-75.85,38.54090909090909]]]}},{"type":"Feature","properties":{"bin":2100,"scenario":"rcp45","p100y":10.6},"geometry":{"type":"Polygon","coordinates":[[[-75.85,38.54090909090909],[-75.73124999999999,38.54090909090909],[-75.73124999999999,38.68181818181818],[-75.85,38.68181818181818],[-75.85,38.54090909090909]]]}},{"type":"Feature","properties":{"bin":2100,"scenario":"rcp85","p100y":12.5},"geometry":{"type":"Polygon","coordinates":[[[-75.85,38.54090909090909],[-75.73124999999999,38.54090909090909],[-75.73124999999999,38.68181818181818],[-75.85,38.68181818181818],[-75.85,38.54090909090909]]]}},{"type":"Feature","properties":{"bin":2030,"scenario":"rcp45","p100y":9.0},"geometry":{"type":"Polygon","coordinates":[[[-75.85,38.68181818181818],[-75.73124999999999,38.68181818181818],[-75.73124999999999,38.82272727272727],[-75.85,38.82272727272727],[-75.85,38.68181818181818]]]}},{"type":"Feature","properties":{"bin":2030,"scenario":"rcp85","p100y":9.2},"geometry":{"type":"Polygon","coordinates":[[[-75.85,38.68181818181818],[-75.73124999999999,38.68181818181818],[-75.73124999999999,38.82272727272727],[-75.85,38.82272727272727],[-75.85,38.68181818181818]]]}},{"type":"Feature","properties":{"bin":2050,"scenario":"rcp45","p100y":9.7},"geometry":{"type":"Polygon","coordinates":[[[-75.85,38.68181818181818],[-75.73124999999999,38.68181818181818],[-75.73124999999999,38.82272727272727],[-75.85,38.82272727272727],[-75.85,38.68181818181818]]]}},{"type":"Feature","properties":{"bin":2050,"scenario":"rcp85","p100y":10.2},"geometry":{"type":"Polygon","coordinates":[[[-75.85,38.68181818181818],[-75.73124999999999,38.68181818181818],[-75.73124999999999,38.82272727272727],[-75.85,38.82272727272727],[-75.85,38.68181818181818]]]}},{"type":"Feature","properties":{"bin":2075,"scenario":"rcp45","p100y":10.2},"geometry":{"type":"Polygon","coordinates":[[[-75.85,38.68181818181818],[-75.73124999999999,38.68181818181818],[-75.73124999999999,38.82272727272727],[-75.85,38.82272727272727],[-75.85,38.68181818181818]]]}},{"type":"Feature","properties":{"bin":2075,"scenario":"rcp85","p100y":11.3},"geometry":{"type":"Polygon","coordinates":[[[-75.85,38.68181818181818],[-75.73124999999999,38.68181818181818],[-75.73124999999999,38.82272727272727],[-75.85,38.82272727272727],[-75.85,38.68181818181818]]]}},{"type":"Feature","properties":{"bin":2100,"scenario":"rcp45","p100y":10.6},"geometry":{"type":"Polygon","coordinates":[[[-75.85,38.68181818181818],[-75.73124999999999,38.68181818181818],[-75.73124999999999,38.82272727272727],[-75.85,38.82272727272727],[-75.85,38.68181818181818]]]}},{"type":"Feature","properties":{"bin":2100,"scenario":"rcp85","p100y":12.5},"geometry":{"type":"Polygon","coordinates":[[[-75.85,38.68181818181818],[-75.73124999999999,38.68181818181818],[-75.73124999999999,38.82272727272727],[-75.85,38.82272727272727],[-75.85,38.68181818181818]]]}},{"type":"Feature","properties":{"bin":2030,"scenario":"rcp45","p100y":8.7},"geometry":{"type":"Polygon","coordinates":[[[-75.85,38.82272727272727],[-75.73124999999999,38.82272727272727],[-75.73124999999999,38.96363636363636],[-75.85,38.96363636363636],[-75.85,38.82272727272727]]]}},{"type":"Feature","properties":{"bin":2030,"scenario":"rcp85","p100y":8.9},"geometry":{"type":"Polygon","coordinates":[[[-75.85,38.82272727272727],[-75.73124999999999,38.82272727272727],[-75.73124999999999,38.96363636363636],[-75.85,38.96363636363636],[-75.85,38.82272727272727]]]}},{"type":"Feature","properties":{"bin":2050,"scenario":"rcp45","p100y":9.4},"geometry":{"type":"Polygon","coordinates":[[[-75.85,38.82272727272727],[-75.73124999999999,38.82272727272727],[-75.73124999999999,38.96363636363636],[-75.85,38.96363636363636],[-75.85,38.82272727272727]]]}},{"type":"Feature","properties":{"bin":2050,"scenario":"rcp85","p100y":9.9},"geometry":{"type":"Polygon","coordinates":[[[-75.85,38.82272727272727],[-75.73124999999999,38.82272727272727],[-75.73124999999999,38.96363636363636],[-75.85,38.96363636363636],[-75.85,38.82272727272727]]]}},{"type":"Feature","properties":{"bin":2075,"scenario":"rcp45","p100y":9.9},"geometry":{"type":"Polygon","coordinates":[[[-75.85,38.82272727272727],[-75.73124999999999,38.82272727272727],[-75.73124999999999,38.96363636363636],[-75.85,38.96363636363636],[-75.85,38.82272727272727]]]}},{"type":"Feature","properties":{"bin":2075,"scenario":"rcp85","p100y":11.0},"geometry":{"type":"Polygon","coordinates":[[[-75.85,38.82272727272727],[-75.73124999999999,38.82272727272727],[-75.73124999999999,38.96363636363636],[-75.85,38.96363636363636],[-75.85,38.82272727272727]]]}},{"type":"Feature","properties":{"bin":2100,"scenario":"rcp45","p100y":10.3},"geometry":{"type":"Polygon","coordinates":[[[-75.85,38.82272727272727],[-75.73124999999999,38.82272727272727],[-75.73124999999999,38.96363636363636],[-75.85,38.96363636363636],[-75.85,38.82272727272727]]]}},{"type":"Feature","properties":{"bin":2100,"scenario":"rcp85","p100y":12.2},"geometry":{"type":"Polygon","coordinates":[[[-75.85,38.82272727272727],[-75.73124999999999,38.82272727272727],[-75.73124999999999,38.96363636363636],[-75.85,38.96363636363636],[-75.85,38.82272727272727]]]}},{"type":"Feature","properties":{"bin":2030,"scenario":"rcp45","p100y":8.7},"geometry":{"type":"Polygon","coordinates":[[[-75.85,38.96363636363636],[-75.73124999999999,38.96363636363636],[-75.73124999999999,39.10454545454545],[-75.85,39.10454545454545],[-75.85,38.96363636363636]]]}},{"type":"Feature","properties":{"bin":2030,"scenario":"rcp85","p100y":8.9},"geometry":{"type":"Polygon","coordinates":[[[-75.85,38.96363636363636],[-75.73124999999999,38.96363636363636],[-75.73124999999999,39.10454545454545],[-75.85,39.10454545454545],[-75.85,38.96363636363636]]]}},{"type":"Feature","properties":{"bin":2050,"scenario":"rcp45","p100y":9.4},"geometry":{"type":"Polygon","coordinates":[[[-75.85,38.96363636363636],[-75.73124999999999,38.96363636363636],[-75.73124999999999,39.10454545454545],[-75.85,39.10454545454545],[-75.85,38.96363636363636]]]}},{"type":"Feature","properties":{"bin":2050,"scenario":"rcp85","p100y":9.9},"geometry":{"type":"Polygon","coordinates":[[[-75.85,38.96363636363636],[-75.73124999999999,38.96363636363636],[-75.73124999999999,39.10454545454545],[-75.85,39.10454545454545],[-75.85,38.96363636363636]]]}},{"type":"Feature","properties":{"bin":2075,"scenario":"rcp45","p100y":9.9},"geometry":{"type":"Polygon","coordinates":[[[-75.85,38.96363636363636],[-75.73124999999999,38.96363636363636],[-75.73124999999999,39.10454545454545],[-75.85,39.10454545454545],[-75.85,38.96363636363636]]]}},{"type":"Feature","properties":{"bin":2075,"scenario":"rcp85","p100y":11.0},"geometry":{"type":"Polygon","coordinates":[[[-75.85,38.96363636363636],[-75.73124999999999,38.96363636363636],[-75.73124999999999,39.10454545454545],[-75.85,39.10454545454545],[-75.85,38.96363636363636]]]}},{"type":"Feature","properties":{"bin":2100,"scenario":"rcp45","p100y":10.3},"geometry":{"type":"Polygon","coordinates":[[[-75.85,38.96363636363636],[-75.73124999999999,38.96363636363636],[-75.73124999999999,39.10454545454545],[-75.85,39.10454545454545],[-75.85,38.96363636363636]]]}},{"type":"Feature","properties":{"bin":2100,"scenario":"rcp85","p100y":12.2},"geometry":{"type":"Polygon","coordinates":[[[-75.85,38.96363636363636],[-75.73124999999999,38.96363636363636],[-75.73124999999999,39.10454545454545],[-75.85,39.10454545454545],[-75.85,38.96363636363636]]]}},{"type":"Feature","properties":{"bin":2030,"scenario":"rcp45","p100y":8.7},"geometry":{"type":"Polygon","coordinates":[[[-75.85,39.10454545454545],[-75.73124999999999,39.10454545454545],[-75.73124999999999,39.24545454545454],[-75.85,39.24545454545454],[-75.85,39.10454545454545]]]}},{"type":"Feature","properties":{"bin":2030,"scenario":"rcp85","p100y":8.9},"geometry":{"type":"Polygon","coordinates":[[[-75.85,39.10454545454545],[-75.73124999999999,39.10454545454545],[-75.73124999999999,39.24545454545454],[-75.85,39.24545454545454],[-75.85,39.10454545454545]]]}},{"type":"Feature","properties":{"bin":2050,"scenario":"rcp45","p100y":9.4},"geometry":{"type":"Polygon","coordinates":[[[-75.85,39.10454545454545],[-75.73124999999999,39.10454545454545],[-75.73124999999999,39.24545454545454],[-75.85,39.24545454545454],[-75.85,39.10454545454545]]]}},{"type":"Feature","properties":{"bin":2050,"scenario":"rcp85","p100y":9.9},"geometry":{"type":"Polygon","coordinates":[[[-75.85,39.10454545454545],[-75.73124999999999,39.10454545454545],[-75.73124999999999,39.24545454545454],[-75.85,39.24545454545454],[-75.85,39.10454545454545]]]}},{"type":"Feature","properties":{"bin":2075,"scenario":"rcp45","p100y":9.9},"geometry":{"type":"Polygon","coordinates":[[[-75.85,39.10454545454545],[-75.73124999999999,39.10454545454545],[-75.73124999999999,39.24545454545454],[-75.85,39.24545454545454],[-75.85,39.10454545454545]]]}},{"type":"Feature","properties":{"bin":2075,"scenario":"rcp85","p100y":11.0},"geometry":{"type":"Polygon","coordinates":[[[-75.85,39.10454545454545],[-75.73124999999999,39.10454545454545],[-75.73124999999999,39.24545454545454],[-75.85,39.24545454545454],[-75.85,39.10454545454545]]]}},{"type":"Feature","properties":{"bin":2100,"scenario":"rcp45","p100y":10.3},"geometry":{"type":"Polygon","coordinates":[[[-75.85,39.10454545454545],[-75.73124999999999,39.10454545454545],[-75.73124999999999,39.24545454545454],[-75.85,39.24545454545454],[-75.85,39.10454545454545]]]}},{"type":"Feature","properties":{"bin":2100,"scenario":"rcp85","p100y":12.2},"geometry":{"type":"Polygon","coordinates":[[[-75.85,39.10454545454545],[-75.73124999999999,39.10454545454545],[-75.73124999999999,39.24545454545454],[-75.85,39.24545454545454],[-75.85,39.10454545454545]]]}},{"type":"Feature","properties":{"bin":2030,"scenario":"rcp45","p100y":8.7},"geometry":{"type":"Polygon","coordinates":[[[-75.85,39.24545454545455],[-75.73124999999999,39.24545454545455],[-75.73124999999999,39.38636363636364],[-75.85,39.38636363636364],[-75.85,39.24545454545455]]]}},{"type":"Feature","properties":{"bin":2030,"scenario":"rcp85","p100y":8.9},"geometry":{"type":"Polygon","coordinates":[[[-75.85,39.24545454545455],[-75.73124999999999,39.24545454545455],[-75.73124999999999,39.38636363636364],[-75.85,39.38636363636364],[-75.85,39.24545454545455]]]}},{"type":"Feature","properties":{"bin":2050,"scenario":"rcp45","p100y":9.4},"geometry":{"type":"Polygon","coordinates":[[[-75.85,39.24545454545455],[-75.73124999999999,39.24545454545455],[-75.73124999999999,39.38636363636364],[-75.85,39.38636363636364],[-75.85,39.24545454545455]]]}},{"type":"Feature","properties":{"bin":2050,"scenario":"rcp85","p100y":9.9},"geometry":{"type":"Polygon","coordinates":[[[-75.85,39.24545454545455],[-75.73124999999999,39.24545454545455],[-75.73124999999999,39.38636363636364],[-75.85,39.38636363636364],[-75.85,39.24545454545455]]]}},{"type":"Feature","properties":{"bin":2075,"scenario":"rcp45","p100y":9.9},"geometry":{"type":"Polygon","coordinates":[[[-75.85,39.24545454545455],[-75.73124999999999,39.24545454545455],[-75.73124999999999,39.38636363636364],[-75.85,39.38636363636364],[-75.85,39.24545454545455]]]}},{"type":"Feature","properties":{"bin":2075,"scenario":"rcp85","p100y":11.0},"geometry":{"type":"Polygon","coordinates":[[[-75.85,39.24545454545455],[-75.73124999999999,39.24545454545455],[-75.73124999999999,39.38636363636364],[-75.85,39.38636363636364],[-75.85,39.24545454545455]]]}},{"type":"Feature","properties":{"bin":2100,"scenario":"rcp45","p100y":10.3},"geometry":{"type":"Polygon","coordinates":[[[-75.85,39.24545454545455],[-75.73124999999999,39.24545454545455],[-75.73124999999999,39.38636363636364],[-75.85,39.38636363636364],[-75.85,39.24545454545455]]]}},{"type":"Feature","properties":{"bin":2100,"scenario":"rcp85","p100y":12.2},"geometry":{"type":"Polygon","coordinates":[[[-75.85,39.24545454545455],[-75.73124999999999,39.24545454545455],[-75.73124999999999,39.38636363636364],[-75.85,39.38636363636364],[-75.85,39.24545454545455]]]}},{"type":"Feature","properties":{"bin":2030,"scenario":"rcp45","p100y":8.7},"geometry":{"type":"Polygon","coordinates":[[[-75.85,39.38636363636364],[-75.73124999999999,39.38636363636364],[-75.73124999999999,39.52727272727273],[-75.85,39.52727272727273],[-75.85,39.38636363636364]]]}},{"type":"Feature","properties":{"bin":2030,"scenario":"rcp85","p100y":8.9},"geometry":{"type":"Polygon","coordinates":[[[-75.85,39.38636363636364],[-75.73124999999999,39.38636363636364],[-75.73124999999999,39.52727272727273],[-75.85,39.52727272727273],[-75.85,39.38636363636364]]]}},{"type":"Feature","properties":{"bin":2050,"scenario":"rcp45","p100y":9.4},"geometry":{"type":"Polygon","coordinates":[[[-75.85,39.38636363636364],[-75.73124999999999,39.38636363636364],[-75.73124999999999,39.52727272727273],[-75.85,39.52727272727273],[-75.85,39.38636363636364]]]}},{"type":"Feature","properties":{"bin":2050,"scenario":"rcp85","p100y":9.9},"geometry":{"type":"Polygon","coordinates":[[[-75.85,39.38636363636364],[-75.73124999999999,39.38636363636364],[-75.73124999999999,39.52727272727273],[-75.85,39.52727272727273],[-75.85,39.38636363636364]]]}},{"type":"Feature","properties":{"bin":2075,"scenario":"rcp45","p100y":9.9},"geometry":{"type":"Polygon","coordinates":[[[-75.85,39.38636363636364],[-75.73124999999999,39.38636363636364],[-75.73124999999999,39.52727272727273],[-75.85,39.52727272727273],[-75.85,39.38636363636364]]]}},{"type":"Feature","properties":{"bin":2075,"scenario":"rcp85","p100y":11.0},"geometry":{"type":"Polygon","coordinates":[[[-75.85,39.38636363636364],[-75.73124999999999,39.38636363636364],[-75.73124999999999,39.52727272727273],[-75.85,39.52727272727273],[-75.85,39.38636363636364]]]}},{"type":"Feature","properties":{"bin":2100,"scenario":"rcp45","p100y":10.3},"geometry":{"type":"Polygon","coordinates":[[[-75.85,39.38636363636364],[-75.73124999999999,39.38636363636364],[-75.73124999999999,39.52727272727273],[-75.85,39.52727272727273],[-75.85,39.38636363636364]]]}},{"type":"Feature","properties":{"bin":2100,"scenario":"rcp85","p100y":12.2},"geometry":{"type":"Polygon","coordinates":[[[-75.85,39.38636363636364],[-75.73124999999999,39.38636363636364],[-75.73124999999999,39.52727272727273],[-75.85,39.52727272727273],[-75.85,39.38636363636364]]]}},{"type":"Feature","properties":{"bin":2030,"scenario":"rcp45","p100y":8.7},"geometry":{"type":"Polygon","coordinates":[[[-75.85,39.52727272727273],[-75.73124999999999,39.52727272727273],[-75.73124999999999,39.66818181818182],[-75.85,39.66818181818182],[-75.85,39.52727272727273]]]}},{"type":"Feature","properties":{"bin":2030,"scenario":"rcp85","p100y":8.9},"geometry":{"type":"Polygon","coordinates":[[[-75.85,39.52727272727273],[-75.73124999999999,39.52727272727273],[-75.73124999999999,39.66818181818182],[-75.85,39.66818181818182],[-75.85,39.52727272727273]]]}},{"type":"Feature","properties":{"bin":2050,"scenario":"rcp45","p100y":9.4},"geometry":{"type":"Polygon","coordinates":[[[-75.85,39.52727272727273],[-75.73124999999999,39.52727272727273],[-75.73124999999999,39.66818181818182],[-75.85,39.66818181818182],[-75.85,39.52727272727273]]]}},{"type":"Feature","properties":{"bin":2050,"scenario":"rcp85","p100y":9.9},"geometry":{"type":"Polygon","coordinates":[[[-75.85,39.52727272727273],[-75.73124999999999,39.52727272727273],[-75.73124999999999,39.66818181818182],[-75.85,39.66818181818182],[-75.85,39.52727272727273]]]}},{"type":"Feature","properties":{"bin":2075,"scenario":"rcp45","p100y":9.9},"geometry":{"type":"Polygon","coordinates":[[[-75.85,39.52727272727273],[-75.73124999999999,39.52727272727273],[-75.73124999999999,39.66818181818182],[-75.85,39.66818181818182],[-75.85,39.52727272727273]]]}},{"type":"Feature","properties":{"bin":2075,"scenario":"rcp85","p100y":11.0},"geometry":{"type":"Polygon","coordinates":[[[-75.85,39.52727272727273],[-75.73124999999999,39.52727272727273],[-75.73124999999999,39.66818181818182],[-75.85,39.66818181818182],[-75.85,39.52727272727273]]]}},{"type":"Feature","properties":{"bin":2100,"scenario":"rcp45","p100y":10.3},"geometry":{"type":"Polygon","coordinates":[[[-75.85,39.52727272727273],[-75.73124999999999,39.52727272727273],[-75.73124999999999,39.66818181818182],[-75.85,39.66818181818182],[-75.85,39.52727272727273]]]}},{"type":"Feature","properties":{"bin":2100,"scenario":"rcp85","p100y":12.2},"geometry":{"type":"Polygon","coordinates":[[[-75.85,39.52727272727273],[-75.73124999999999,39.52727272727273],[-75.73124999999999,39.66818181818182],[-75.85,39.66818181818182],[-75.85,39.52727272727273]]]}},{"type":"Feature","properties":{"bin":2030,"scenario":"rcp45","p100y":8.7},"geometry":{"type":"Polygon","coordinates":[[[-75.85,39.66818181818182],[-75.73124999999999,39.66818181818182],[-75.73124999999999,39.80909090909091],[-75.85,39.80909090909091],[-75.85,39.66818181818182]]]}},{"type":"Feature","properties":{"bin":2030,"scenario":"rcp85","p100y":8.9},"geometry":{"type":"Polygon","coordinates":[[[-75.85,39.66818181818182],[-75.73124999999999,39.66818181818182],[-75.73124999999999,39.80909090909091],[-75.85,39.80909090909091],[-75.85,39.66818181818182]]]}},{"type":"Feature","properties":{"bin":2050,"scenario":"rcp45","p100y":9.4},"geometry":{"type":"Polygon","coordinates":[[[-75.85,39.66818181818182],[-75.73124999999999,39.66818181818182],[-75.73124999999999,39.80909090909091],[-75.85,39.80909090909091],[-75.85,39.66818181818182]]]}},{"type":"Feature","properties":{"bin":2050,"scenario":"rcp85","p100y":9.9},"geometry":{"type":"Polygon","coordinates":[[[-75.85,39.66818181818182],[-75.73124999999999,39.66818181818182],[-75.73124999999999,39.80909090909091],[-75.85,39.80909090909091],[-75.85,39.66818181818182]]]}},{"type":"Feature","properties":{"bin":2075,"scenario":"rcp45","p100y":9.9},"geometry":{"type":"Polygon","coordinates":[[[-75.85,39.66818181818182],[-75.73124999999999,39.66818181818182],[-75.73124999999999,39.80909090909091],[-75.85,39.80909090909091],[-75.85,39.66818181818182]]]}},{"type":"Feature","properties":{"bin":2075,"scenario":"rcp85","p100y":11.0},"geometry":{"type":"Polygon","coordinates":[[[-75.85,39.66818181818182],[-75.73124999999999,39.66818181818182],[-75.73124999999999,39.80909090909091],[-75.85,39.80909090909091],[-75.85,39.66818181818182]]]}},{"type":"Feature","properties":{"bin":2100,"scenario":"rcp45","p100y":10.3},"geometry":{"type":"Polygon","coordinates":[[[-75.85,39.66818181818182],[-75.73124999999999,39.66818181818182],[-75.73124999999999,39.80909090909091],[-75.85,39.80909090909091],[-75.85,39.66818181818182]]]}},{"type":"Feature","properties":{"bin":2100,"scenario":"rcp85","p100y":12.2},"geometry":{"type":"Polygon","coordinates":[[[-75.85,39.66818181818182],[-75.73124999999999,39.66818181818182],[-75.73124999999999,39.80909090909091],[-75.85,39.80909090909091],[-75.85,39.66818181818182]]]}},{"type":"Feature","properties":{"bin":2030,"scenario":"rcp45","p100y":8.7},"geometry":{"type":"Polygon","coordinates":[[[-75.85,39.80909090909091],[-75.73124999999999,39.80909090909091],[-75.73124999999999,39.95],[-75.85,39.95],[-75.85,39.80909090909091]]]}},{"type":"Feature","properties":{"bin":2030,"scenario":"rcp85","p100y":8.9},"geometry":{"type":"Polygon","coordinates":[[[-75.85,39.80909090909091],[-75.73124999999999,39.80909090909091],[-75.73124999999999,39.95],[-75.85,39.95],[-75.85,39.80909090909091]]]}},{"type":"Feature","properties":{"bin":2050,"scenario":"rcp45","p100y":9.4},"geometry":{"type":"Polygon","coordinates":[[[-75.85,39.80909090909091],[-75.73124999999999,39.80909090909091],[-75.73124999999999,39.95],[-75.85,39.95],[-75.85,39.80909090909091]]]}},{"type":"Feature","properties":{"bin":2050,"scenario":"rcp85","p100y":9.9},"geometry":{"type":"Polygon","coordinates":[[[-75.85,39.80909090909091],[-75.73124999999999,39.80909090909091],[-75.73124999999999,39.95],[-75.85,39.95],[-75.85,39.80909090909091]]]}},{"type":"Feature","properties":{"bin":2075,"scenario":"rcp45","p100y":9.9},"geometry":{"type":"Polygon","coordinates":[[[-75.85,39.80909090909091],[-75.73124999999999,39.80909090909091],[-75.73124999999999,39.95],[-75.85,39.95],[-75.85,39.80909090909091]]]}},{"type":"Feature","properties":{"bin":2075,"scenario":"rcp85","p100y":11.0},"geometry":{"type":"Polygon","coordinates":[[[-75.85,39.80909090909091],[-75.73124999999999,39.80909090909091],[-75.73124999999999,39.95],[-75.85,39.95],[-75.85,39.80909090909091]]]}},{"type":"Feature","properties":{"bin":2100,"scenario":"rcp45","p100y":10.3},"geometry":{"type":"Polygon","coordinates":[[[-75.85,39.80909090909091],[-75.73124999999999,39.80909090909091],[-75.73124999999999,39.95],[-75.85,39.95],[-75.85,39.80909090909091]]]}},{"type":"Feature","properties":{"bin":2100,"scenario":"rcp85","p100y":12.2},"geometry":{"type":"Polygon","coordinates":[[[-75.85,39.80909090909091],[-75.73124999999999,39.80909090909091],[-75.73124999999999,39.95],[-75.85,39.95],[-75.85,39.80909090909091]]]}},{"type":"Feature","properties":{"bin":2030,"scenario":"rcp45","p100y":9.0},"geometry":{"type":"Polygon","coordinates":[[[-75.73124999999999,38.4],[-75.61249999999998,38.4],[-75.61249999999998,38.54090909090909],[-75.73124999999999,38.54090909090909],[-75.73124999999999,38.4]]]}},{"type":"Feature","properties":{"bin":2030,"scenario":"rcp85","p100y":9.2},"geometry":{"type":"Polygon","coordinates":[[[-75.73124999999999,38.4],[-75.61249999999998,38.4],[-75.61249999999998,38.54090909090909],[-75.73124999999999,38.54090909090909],[-75.73124999999999,38.4]]]}},{"type":"Feature","properties":{"bin":2050,"scenario":"rcp45","p100y":9.7},"geometry":{"type":"Polygon","coordinates":[[[-75.73124999999999,38.4],[-75.61249999999998,38.4],[-75.61249999999998,38.54090909090909],[-75.73124999999999,38.54090909090909],[-75.73124999999999,38.4]]]}},{"type":"Feature","properties":{"bin":2050,"scenario":"rcp85","p100y":10.2},"geometry":{"type":"Polygon","coordinates":[[[-75.73124999999999,38.4],[-75.61249999999998,38.4],[-75.61249999999998,38.54090909090909],[-75.73124999999999,38.54090909090909],[-75.73124999999999,38.4]]]}},{"type":"Feature","properties":{"bin":2075,"scenario":"rcp45","p100y":10.2},"geometry":{"type":"Polygon","coordinates":[[[-75.73124999999999,38.4],[-75.61249999999998,38.4],[-75.61249999999998,38.54090909090909],[-75.73124999999999,38.54090909090909],[-75.73124999999999,38.4]]]}},{"type":"Feature","properties":{"bin":2075,"scenario":"rcp85","p100y":11.3},"geometry":{"type":"Polygon","coordinates":[[[-75.73124999999999,38.4],[-75.61249999999998,38.4],[-75.61249999999998,38.54090909090909],[-75.73124999999999,38.54090909090909],[-75.73124999999999,38.4]]]}},{"type":"Feature","properties":{"bin":2100,"scenario":"rcp45","p100y":10.6},"geometry":{"type":"Polygon","coordinates":[[[-75.73124999999999,38.4],[-75.61249999999998,38.4],[-75.61249999999998,38.54090909090909],[-75.73124999999999,38.54090909090909],[-75.73124999999999,38.4]]]}},{"type":"Feature","properties":{"bin":2100,"scenario":"rcp85","p100y":12.5},"geometry":{"type":"Polygon","coordinates":[[[-75.73124999999999,38.4],[-75.61249999999998,38.4],[-75.61249999999998,38.54090909090909],[-75.73124999999999,38.54090909090909],[-75.73124999999999,38.4]]]}},{"type":"Feature","properties":{"bin":2030,"scenario":"rcp45","p100y":9.0},"geometry":{"type":"Polygon","coordinates":[[[-75.73124999999999,38.54090909090909],[-75.61249999999998,38.54090909090909],[-75.61249999999998,38.68181818181818],[-75.73124999999999,38.68181818181818],[-75.73124999999999,38.54090909090909]]]}},{"type":"Feature","properties":{"bin":2030,"scenario":"rcp85","p100y":9.2},"geometry":{"type":"Polygon","coordinates":[[[-75.73124999999999,38.54090909090909],[-75.61249999999998,38.54090909090909],[-75.61249999999998,38.68181818181818],[-75.73124999999999,38.68181818181818],[-75.73124999999999,38.54090909090909]]]}},{"type":"Feature","properties":{"bin":2050,"scenario":"rcp45","p100y":9.7},"geometry":{"type":"Polygon","coordinates":[[[-75.73124999999999,38.54090909090909],[-75.61249999999998,38.54090909090909],[-75.61249999999998,38.68181818181818],[-75.73124999999999,38.68181818181818],[-75.73124999999999,38.54090909090909]]]}},{"type":"Feature","properties":{"bin":2050,"scenario":"rcp85","p100y":10.2},"geometry":{"type":"Polygon","coordinates":[[[-75.73124999999999,38.54090909090909],[-75.61249999999998,38.54090909090909],[-75.61249999999998,38.68181818181818],[-75.73124999999999,38.68181818181818],[-75.73124999999999,38.54090909090909]]]}},{"type":"Feature","properties":{"bin":2075,"scenario":"rcp45","p100y":10.2},"geometry":{"type":"Polygon","coordinates":[[[-75.73124999999999,38.54090909090909],[-75.61249999999998,38.54090909090909],[-75.61249999999998,38.68181818181818],[-75.73124999999999,38.68181818181818],[-75.73124999999999,38.54090909090909]]]}},{"type":"Feature","properties":{"bin":2075,"scenario":"rcp85","p100y":11.3},"geometry":{"type":"Polygon","coordinates":[[[-75.73124999999999,38.54090909090909],[-75.61249999999998,38.54090909090909],[-75.61249999999998,38.68181818181818],[-75.73124999999999,38.68181818181818],[-75.73124999999999,38.54090909090909]]]}},{"type":"Feature","properties":{"bin":2100,"scenario":"rcp45","p100y":10.6},"geometry":{"type":"Polygon","coordinates":[[[-75.73124999999999,38.54090909090909],[-75.61249999999998,38.54090909090909],[-75.61249999999998,38.68181818181818],[-75.73124999999999,38.68181818181818],[-75.73124999999999,38.54090909090909]]]}},{"type":"Feature","properties":{"bin":2100,"scenario":"rcp85","p100y":12.5},"geometry":{"type":"Polygon","coordinates":[[[-75.73124999999999,38.54090909090909],[-75.61249999999998,38.54090909090909],[-75.61249999999998,38.68181818181818],[-75.73124999999999,38.68181818181818],[-75.73124999999999,38.54090909090909]]]}},{"type":"Feature","properties":{"bin":2030,"scenario":"rcp45","p100y":9.0},"geometry":{"type":"Polygon","coordinates":[[[-75.73124999999999,38.68181818181818],[-75.61249999999998,38.68181818181818],[-75.61249999999998,38.82272727272727],[-75.73124999999999,38.82272727272727],[-75.73124999999999,38.68181818181818]]]}},{"type":"Feature","properties":{"bin":2030,"scenario":"rcp85","p100y":9.2},"geometry":{"type":"Polygon","coordinates":[[[-75.73124999999999,38.68181818181818],[-75.61249999999998,38.68181818181818],[-75.61249999999998,38.82272727272727],[-75.73124999999999,38.82272727272727],[-75.73124999999999,38.68181818181818]]]}},{"type":"Feature","properties":{"bin":2050,"scenario":"rcp45","p100y":9.7},"geometry":{"type":"Polygon","coordinates":[[[-75.73124999999999,38.68181818181818],[-75.61249999999998,38.68181818181818],[-75.61249999999998,38.82272727272727],[-75.73124999999999,38.82272727272727],[-75.73124999999999,38.68181818181818]]]}},{"type":"Feature","properties":{"bin":2050,"scenario":"rcp85","p100y":10.2},"geometry":{"type":"Polygon","coordinates":[[[-75.73124999999999,38.68181818181818],[-75.61249999999998,38.68181818181818],[-75.61249999999998,38.82272727272727],[-75.73124999999999,38.82272727272727],[-75.73124999999999,38.68181818181818]]]}},{"type":"Feature","properties":{"bin":2075,"scenario":"rcp45","p100y":10.2},"geometry":{"type":"Polygon","coordinates":[[[-75.73124999999999,38.68181818181818],[-75.61249999999998,38.68181818181818],[-75.61249999999998,38.82272727272727],[-75.73124999999999,38.82272727272727],[-75.73124999999999,38.68181818181818]]]}},{"type":"Feature","properties":{"bin":2075,"scenario":"rcp85","p100y":11.3},"geometry":{"type":"Polygon","coordinates":[[[-75.73124999999999,38.68181818181818],[-75.61249999999998,38.68181818181818],[-75.61249999999998,38.82272727272727],[-75.73124999999999,38.82272727272727],[-75.73124999999999,38.68181818181818]]]}},{"type":"Feature","properties":{"bin":2100,"scenario":"rcp45","p100y":10.6},"geometry":{"type":"Polygon","coordinates":[[[-75.73124999999999,38.68181818181818],[-75.61249999999998,38.68181818181818],[-75.61249999999998,38.82272727272727],[-75.73124999999999,38.82272727272727],[-75.73124999999999,38.68181818181818]]]}},{"type":"Feature","properties":{"bin":2100,"scenario":"rcp85","p100y":12.5},"geometry":{"type":"Polygon","coordinates":[[[-75.73124999999999,38.68181818181818],[-75.61249999999998,38.68181818181818],[-75.61249999999998,38.82272727272727],[-75.73124999999999,38.82272727272727],[-75.73124999999999,38.68181818181818]]]}},{"type":"Feature","properties":{"bin":2030,"scenario":"rcp45","p100y":8.7},"geometry":{"type":"Polygon","coordinates":[[[-75.73124999999999,38.82272727272727],[-75.61249999999998,38.82272727272727],[-75.61249999999998,38.96363636363636],[-75.73124999999999,38.96363636363636],[-75.73124999999999,38.82272727272727]]]}},{"type":"Feature","properties":{"bin":2030,"scenario":"rcp85","p100y":8.9},"geometry":{"type":"Polygon","coordinates":[[[-75.73124999999999,38.82272727272727],[-75.61249999999998,38.82272727272727],[-75.61249999999998,38.96363636363636],[-75.73124999999999,38.96363636363636],[-75.73124999999999,38.82272727272727]]]}},{"type":"Feature","properties":{"bin":2050,"scenario":"rcp45","p100y":9.4},"geometry":{"type":"Polygon","coordinates":[[[-75.73124999999999,38.82272727272727],[-75.61249999999998,38.82272727272727],[-75.61249999999998,38.96363636363636],[-75.73124999999999,38.96363636363636],[-75.73124999999999,38.82272727272727]]]}},{"type":"Feature","properties":{"bin":2050,"scenario":"rcp85","p100y":9.9},"geometry":{"type":"Polygon","coordinates":[[[-75.73124999999999,38.82272727272727],[-75.61249999999998,38.82272727272727],[-75.61249999999998,38.96363636363636],[-75.73124999999999,38.96363636363636],[-75.73124999999999,38.82272727272727]]]}},{"type":"Feature","properties":{"bin":2075,"scenario":"rcp45","p100y":9.9},"geometry":{"type":"Polygon","coordinates":[[[-75.73124999999999,38.82272727272727],[-75.61249999999998,38.82272727272727],[-75.61249999999998,38.96363636363636],[-75.73124999999999,38.96363636363636],[-75.73124999999999,38.82272727272727]]]}},{"type":"Feature","properties":{"bin":2075,"scenario":"rcp85","p100y":11.0},"geometry":{"type":"Polygon","coordinates":[[[-75.73124999999999,38.82272727272727],[-75.61249999999998,38.82272727272727],[-75.61249999999998,38.96363636363636],[-75.73124999999999,38.96363636363636],[-75.73124999999999,38.82272727272727]]]}},{"type":"Feature","properties":{"bin":2100,"scenario":"rcp45","p100y":10.3},"geometry":{"type":"Polygon","coordinates":[[[-75.73124999999999,38.82272727272727],[-75.61249999999998,38.82272727272727],[-75.61249999999998,38.96363636363636],[-75.73124999999999,38.96363636363636],[-75.73124999999999,38.82272727272727]]]}},{"type":"Feature","properties":{"bin":2100,"scenario":"rcp85","p100y":12.2},"geometry":{"type":"Polygon","coordinates":[[[-75.73124999999999,38.82272727272727],[-75.61249999999998,38.82272727272727],[-75.61249999999998,38.96363636363636],[-75.73124999999999,38.96363636363636],[-75.73124999999999,38.82272727272727]]]}},{"type":"Feature","properties":{"bin":2030,"scenario":"rcp45","p100y":8.7},"geometry":{"type":"Polygon","coordinates":[[[-75.73124999999999,38.96363636363636],[-75.61249999999998,38.96363636363636],[-75.61249999999998,39.10454545454545],[-75.73124999999999,39.10454545454545],[-75.73124999999999,38.96363636363636]]]}},{"type":"Feature","properties":{"bin":2030,"scenario":"rcp85","p100y":8.9},"geometry":{"type":"Polygon","coordinates":[[[-75.73124999999999,38.96363636363636],[-75.61249999999998,38.96363636363636],[-75.61249999999998,39.10454545454545],[-75.73124999999999,39.10454545454545],[-75.73124999999999,38.96363636363636]]]}},{"type":"Feature","properties":{"bin":2050,"scenario":"rcp45","p100y":9.4},"geometry":{"type":"Polygon","coordinates":[[[-75.73124999999999,38.96363636363636],[-75.61249999999998,38.96363636363636],[-75.61249999999998,39.10454545454545],[-75.73124999999999,39.10454545454545],[-75.73124999999999,38.96363636363636]]]}},{"type":"Feature","properties":{"bin":2050,"scenario":"rcp85","p100y":9.9},"geometry":{"type":"Polygon","coordinates":[[[-75.73124999999999,38.96363636363636],[-75.61249999999998,38.96363636363636],[-75.61249999999998,39.10454545454545],[-75.73124999999999,39.10454545454545],[-75.73124999999999,38.96363636363636]]]}},{"type":"Feature","properties":{"bin":2075,"scenario":"rcp45","p100y":9.9},"geometry":{"type":"Polygon","coordinates":[[[-75.73124999999999,38.96363636363636],[-75.61249999999998,38.96363636363636],[-75.61249999999998,39.10454545454545],[-75.73124999999999,39.10454545454545],[-75.73124999999999,38.96363636363636]]]}},{"type":"Feature","properties":{"bin":2075,"scenario":"rcp85","p100y":11.0},"geometry":{"type":"Polygon","coordinates":[[[-75.73124999999999,38.96363636363636],[-75.61249999999998,38.96363636363636],[-75.61249999999998,39.10454545454545],[-75.73124999999999,39.10454545454545],[-75.73124999999999,38.96363636363636]]]}},{"type":"Feature","properties":{"bin":2100,"scenario":"rcp45","p100y":10.3},"geometry":{"type":"Polygon","coordinates":[[[-75.73124999999999,38.96363636363636],[-75.61249999999998,38.96363636363636],[-75.61249999999998,39.10454545454545],[-75.73124999999999,39.10454545454545],[-75.73124999999999,38.96363636363636]]]}},{"type":"Feature","properties":{"bin":2100,"scenario":"rcp85","p100y":12.2},"geometry":{"type":"Polygon","coordinates":[[[-75.73124999999999,38.96363636363636],[-75.61249999999998,38.96363636363636],[-75.61249999999998,39.10454545454545],[-75.73124999999999,39.10454545454545],[-75.73124999999999,38.96363636363636]]]}},{"type":"Feature","properties":{"bin":2030,"scenario":"rcp45","p100y":8.7},"geometry":{"type":"Polygon","coordinates":[[[-75.73124999999999,39.10454545454545],[-75.61249999999998,39.10454545454545],[-75.61249999999998,39.24545454545454],[-75.73124999999999,39.24545454545454],[-75.73124999999999,39.10454545454545]]]}},{"type":"Feature","properties":{"bin":2030,"scenario":"rcp85","p100y":8.9},"geometry":{"type":"Polygon","coordinates":[[[-75.73124999999999,39.10454545454545],[-75.61249999999998,39.10454545454545],[-75.61249999999998,39.24545454545454],[-75.73124999999999,39.24545454545454],[-75.73124999999999,39.10454545454545]]]}},{"type":"Feature","properties":{"bin":2050,"scenario":"rcp45","p100y":9.4},"geometry":{"type":"Polygon","coordinates":[[[-75.73124999999999,39.10454545454545],[-75.61249999999998,39.10454545454545],[-75.61249999999998,39.24545454545454],[-75.73124999999999,39.24545454545454],[-75.73124999999999,39.10454545454545]]]}},{"type":"Feature","properties":{"bin":2050,"scenario":"rcp85","p100y":9.9},"geometry":{"type":"Polygon","coordinates":[[[-75.73124999999999,39.10454545454545],[-75.61249999999998,39.10454545454545],[-75.61249999999998,39.24545454545454],[-75.73124999999999,39.24545454545454],[-75.73124999999999,39.10454545454545]]]}},{"type":"Feature","properties":{"bin":2075,"scenario":"rcp45","p100y":9.9},"geometry":{"type":"Polygon","coordinates":[[[-75.73124999999999,39.10454545454545],[-75.61249999999998,39.10454545454545],[-75.61249999999998,39.24545454545454],[-75.73124999999999,39.24545454545454],[-75.73124999999999,39.10454545454545]]]}},{"type":"Feature","properties":{"bin":2075,"scenario":"rcp85","p100y":11.0},"geometry":{"type":"Polygon","coordinates":[[[-75.73124999999999,39.10454545454545],[-75.61249999999998,39.10454545454545],[-75.61249999999998,39.24545454545454],[-75.73124999999999,39.24545454545454],[-75.73124999999999,39.10454545454545]]]}},{"type":"Feature","properties":{"bin":2100,"scenario":"rcp45","p100y":10.3},"geometry":{"type":"Polygon","coordinates":[[[-75.73124999999999,39.10454545454545],[-75.61249999999998,39.10454545454545],[-75.61249999999998,39.24545454545454],[-75.73124999999999,39.24545454545454],[-75.73124999999999,39.10454545454545]]]}},{"type":"Feature","properties":{"bin":2100,"scenario":"rcp85","p100y":12.2},"geometry":{"type":"Polygon","coordinates":[[[-75.73124999999999,39.10454545454545],[-75.61249999999998,39.10454545454545],[-75.61249999999998,39.24545454545454],[-75.73124999999999,39.24545454545454],[-75.73124999999999,39.10454545454545]]]}},{"type":"Feature","properties":{"bin":2030,"scenario":"rcp45","p100y":8.7},"geometry":{"type":"Polygon","coordinates":[[[-75.73124999999999,39.24545454545455],[-75.61249999999998,39.24545454545455],[-75.61249999999998,39.38636363636364],[-75.73124999999999,39.38636363636364],[-75.73124999999999,39.24545454545455]]]}},{"type":"Feature","properties":{"bin":2030,"scenario":"rcp85","p100y":8.9},"geometry":{"type":"Polygon","coordinates":[[[-75.73124999999999,39.24545454545455],[-75.61249999999998,39.24545454545455],[-75.61249999999998,39.38636363636364],[-75.73124999999999,39.38636363636364],[-75.73124999999999,39.24545454545455]]]}},{"type":"Feature","properties":{"bin":2050,"scenario":"rcp45","p100y":9.4},"geometry":{"type":"Polygon","coordinates":[[[-75.73124999999999,39.24545454545455],[-75.61249999999998,39.24545454545455],[-75.61249999999998,39.38636363636364],[-75.73124999999999,39.38636363636364],[-75.73124999999999,39.24545454545455]]]}},{"type":"Feature","properties":{"bin":2050,"scenario":"rcp85","p100y":9.9},"geometry":{"type":"Polygon","coordinates":[[[-75.73124999999999,39.24545454545455],[-75.61249999999998,39.24545454545455],[-75.61249999999998,39.38636363636364],[-75.73124999999999,39.38636363636364],[-75.73124999999999,39.24545454545455]]]}},{"type":"Feature","properties":{"bin":2075,"scenario":"rcp45","p100y":9.9},"geometry":{"type":"Polygon","coordinates":[[[-75.73124999999999,39.24545454545455],[-75.61249999999998,39.24545454545455],[-75.61249999999998,39.38636363636364],[-75.73124999999999,39.38636363636364],[-75.73124999999999,39.24545454545455]]]}},{"type":"Feature","properties":{"bin":2075,"scenario":"rcp85","p100y":11.0},"geometry":{"type":"Polygon","coordinates":[[[-75.73124999999999,39.24545454545455],[-75.61249999999998,39.24545454545455],[-75.61249999999998,39.38636363636364],[-75.73124999999999,39.38636363636364],[-75.73124999999999,39.24545454545455]]]}},{"type":"Feature","properties":{"bin":2100,"scenario":"rcp45","p100y":10.3},"geometry":{"type":"Polygon","coordinates":[[[-75.73124999999999,39.24545454545455],[-75.61249999999998,39.24545454545455],[-75.61249999999998,39.38636363636364],[-75.73124999999999,39.38636363636364],[-75.73124999999999,39.24545454545455]]]}},{"type":"Feature","properties":{"bin":2100,"scenario":"rcp85","p100y":12.2},"geometry":{"type":"Polygon","coordinates":[[[-75.73124999999999,39.24545454545455],[-75.61249999999998,39.24545454545455],[-75.61249999999998,39.38636363636364],[-75.73124999999999,39.38636363636364],[-75.73124999999999,39.24545454545455]]]}},{"type":"Feature","properties":{"bin":2030,"scenario":"rcp45","p100y":8.7},"geometry":{"type":"Polygon","coordinates":[[[-75.73124999999999,39.38636363636364],[-75.61249999999998,39.38636363636364],[-75.61249999999998,39.52727272727273],[-75.73124999999999,39.52727272727273],[-75.73124999999999,39.38636363636364]]]}},{"type":"Feature","properties":{"bin":2030,"scenario":"rcp85","p100y":8.9},"geometry":{"type":"Polygon","coordinates":[[[-75.73124999999999,39.38636363636364],[-75.61249999999998,39.38636363636364],[-75.61249999999998,39.52727272727273],[-75.73124999999999,39.52727272727273],[-75.73124999999999,39.38636363636364]]]}},{"type":"Feature","properties":{"bin":2050,"scenario":"rcp45","p100y":9.4},"geometry":{"type":"Polygon","coordinates":[[[-75.73124999999999,39.38636363636364],[-75.61249999999998,39.38636363636364],[-75.61249999999998,39.52727272727273],[-75.73124999999999,39.52727272727273],[-75.73124999999999,39.38636363636364]]]}},{"type":"Feature","properties":{"bin":2050,"scenario":"rcp85","p100y":9.9},"geometry":{"type":"Polygon","coordinates":[[[-75.73124999999999,39.38636363636364],[-75.61249999999998,39.38636363636364],[-75.61249999999998,39.52727272727273],[-75.73124999999999,39.52727272727273],[-75.73124999999999,39.38636363636364]]]}},{"type":"Feature","properties":{"bin":2075,"scenario":"rcp45","p100y":9.9},"geometry":{"type":"Polygon","coordinates":[[[-75.73124999999999,39.38636363636364],[-75.61249999999998,39.38636363636364],[-75.61249999999998,39.52727272727273],[-75.73124999999999,39.52727272727273],[-75.73124999999999,39.38636363636364]]]}},{"type":"Feature","properties":{"bin":2075,"scenario":"rcp85","p100y":11.0},"geometry":{"type":"Polygon","coordinates":[[[-75.73124999999999,39.38636363636364],[-75.61249999999998,39.38636363636364],[-75.61249999999998,39.52727272727273],[-75.73124999999999,39.52727272727273],[-75.73124999999999,39.38636363636364]]]}},{"type":"Feature","properties":{"bin":2100,"scenario":"rcp45","p100y":10.3},"geometry":{"type":"Polygon","coordinates":[[[-75.73124999999999,39.38636363636364],[-75.61249999999998,39.38636363636364],[-75.61249999999998,39.52727272727273],[-75.73124999999999,39.52727272727273],[-75.73124999999999,39.38636363636364]]]}},{"type":"Feature","properties":{"bin":2100,"scenario":"rcp85","p100y":12.2},"geometry":{"type":"Polygon","coordinates":[[[-75.73124999999999,39.38636363636364],[-75.61249999999998,39.38636363636364],[-75.61249999999998,39.52727272727273],[-75.73124999999999,39.52727272727273],[-75.73124999999999,39.38636363636364]]]}},{"type":"Feature","properties":{"bin":2030,"scenario":"rcp45","p100y":8.7},"geometry":{"type":"Polygon","coordinates":[[[-75.73124999999999,39.52727272727273],[-75.61249999999998,39.52727272727273],[-75.61249999999998,39.66818181818182],[-75.73124999999999,39.66818181818182],[-75.73124999999999,39.52727272727273]]]}},{"type":"Feature","properties":{"bin":2030,"scenario":"rcp85","p100y":8.9},"geometry":{"type":"Polygon","coordinates":[[[-75.73124999999999,39.52727272727273],[-75.61249999999998,39.52727272727273],[-75.61249999999998,39.66818181818182],[-75.73124999999999,39.66818181818182],[-75.73124999999999,39.52727272727273]]]}},{"type":"Feature","properties":{"bin":2050,"scenario":"rcp45","p100y":9.4},"geometry":{"type":"Polygon","coordinates":[[[-75.73124999999999,39.52727272727273],[-75.61249999999998,39.52727272727273],[-75.61249999999998,39.66818181818182],[-75.73124999999999,39.66818181818182],[-75.73124999999999,39.52727272727273]]]}},{"type":"Feature","properties":{"bin":2050,"scenario":"rcp85","p100y":9.9},"geometry":{"type":"Polygon","coordinates":[[[-75.73124999999999,39.52727272727273],[-75.61249999999998,39.52727272727273],[-75.61249999999998,39.66818181818182],[-75.73124999999999,39.66818181818182],[-75.73124999999999,39.52727272727273]]]}},{"type":"Feature","properties":{"bin":2075,"scenario":"rcp45","p100y":9.9},"geometry":{"type":"Polygon","coordinates":[[[-75.73124999999999,39.52727272727273],[-75.61249999999998,39.52727272727273],[-75.61249999999998,39.66818181818182],[-75.73124999999999,39.66818181818182],[-75.73124999999999,39.52727272727273]]]}},{"type":"Feature","properties":{"bin":2075,"scenario":"rcp85","p100y":11.0},"geometry":{"type":"Polygon","coordinates":[[[-75.73124999999999,39.52727272727273],[-75.61249999999998,39.52727272727273],[-75.61249999999998,39.66818181818182],[-75.73124999999999,39.66818181818182],[-75.73124999999999,39.52727272727273]]]}},{"type":"Feature","properties":{"bin":2100,"scenario":"rcp45","p100y":10.3},"geometry":{"type":"Polygon","coordinates":[[[-75.73124999999999,39.52727272727273],[-75.61249999999998,39.52727272727273],[-75.61249999999998,39.66818181818182],[-75.73124999999999,39.66818181818182],[-75.73124999999999,39.52727272727273]]]}},{"type":"Feature","properties":{"bin":2100,"scenario":"rcp85","p100y":12.2},"geometry":{"type":"Polygon","coordinates":[[[-75.73124999999999,39.52727272727273],[-75.61249999999998,39.52727272727273],[-75.61249999999998,39.66818181818182],[-75.73124999999999,39.66818181818182],[-75.73124999999999,39.52727272727273]]]}},{"type":"Feature","properties":{"bin":2030,"scenario":"rcp45","p100y":8.7},"geometry":{"type":"Polygon","coordinates":[[[-75.73124999999999,39.66818181818182],[-75.61249999999998,39.66818181818182],[-75.61249999999998,39.80909090909091],[-75.73124999999999,39.80909090909091],[-75.73124999999999,39.66818181818182]]]}},{"type":"Feature","properties":{"bin":2030,"scenario":"rcp85","p100y":8.9},"geometry":{"type":"Polygon","coordinates":[[[-75.73124999999999,39.66818181818182],[-75.61249999999998,39.66818181818182],[-75.61249999999998,39.80909090909091],[-75.73124999999999,39.80909090909091],[-75.73124999999999,39.66818181818182]]]}},{"type":"Feature","properties":{"bin":2050,"scenario":"rcp45","p100y":9.4},"geometry":{"type":"Polygon","coordinates":[[[-75.73124999999999,39.66818181818182],[-75.61249999999998,39.66818181818182],[-75.61249999999998,39.80909090909091],[-75.73124999999999,39.80909090909091],[-75.73124999999999,39.66818181818182]]]}},{"type":"Feature","properties":{"bin":2050,"scenario":"rcp85","p100y":9.9},"geometry":{"type":"Polygon","coordinates":[[[-75.73124999999999,39.66818181818182],[-75.61249999999998,39.66818181818182],[-75.61249999999998,39.80909090909091],[-75.73124999999999,39.80909090909091],[-75.73124999999999,39.66818181818182]]]}},{"type":"Feature","properties":{"bin":2075,"scenario":"rcp45","p100y":9.9},"geometry":{"type":"Polygon","coordinates":[[[-75.73124999999999,39.66818181818182],[-75.61249999999998,39.66818181818182],[-75.61249999999998,39.80909090909091],[-75.73124999999999,39.80909090909091],[-75.73124999999999,39.66818181818182]]]}},{"type":"Feature","properties":{"bin":2075,"scenario":"rcp85","p100y":11.0},"geometry":{"type":"Polygon","coordinates":[[[-75.73124999999999,39.66818181818182],[-75.61249999999998,39.66818181818182],[-75.61249999999998,39.80909090909091],[-75.73124999999999,39.80909090909091],[-75.73124999999999,39.66818181818182]]]}},{"type":"Feature","properties":{"bin":2100,"scenario":"rcp45","p100y":10.3},"geometry":{"type":"Polygon","coordinates":[[[-75.73124999999999,39.66818181818182],[-75.61249999999998,39.66818181818182],[-75.61249999999998,39.80909090909091],[-75.73124999999999,39.80909090909091],[-75.73124999999999,39.66818181818182]]]}},{"type":"Feature","properties":{"bin":2100,"scenario":"rcp85","p100y":12.2},"geometry":{"type":"Polygon","coordinates":[[[-75.73124999999999,39.66818181818182],[-75.61249999999998,39.66818181818182],[-75.61249999999998,39.80909090909091],[-75.73124999999999,39.80909090909091],[-75.73124999999999,39.66818181818182]]]}},{"type":"Feature","properties":{"bin":2030,"scenario":"rcp45","p100y":8.7},"geometry":{"type":"Polygon","coordinates":[[[-75.73124999999999,39.80909090909091],[-75.61249999999998,39.80909090909091],[-75.61249999999998,39.95],[-75.73124999999999,39.95],[-75.73124999999999,39.80909090909091]]]}},{"type":"Feature","properties":{"bin":2030,"scenario":"rcp85","p100y":8.9},"geometry":{"type":"Polygon","coordinates":[[[-75.73124999999999,39.80909090909091],[-75.61249999999998,39.80909090909091],[-75.61249999999998,39.95],[-75.73124999999999,39.95],[-75.73124999999999,39.80909090909091]]]}},{"type":"Feature","properties":{"bin":2050,"scenario":"rcp45","p100y":9.4},"geometry":{"type":"Polygon","coordinates":[[[-75.73124999999999,39.80909090909091],[-75.61249999999998,39.80909090909091],[-75.61249999999998,39.95],[-75.73124999999999,39.95],[-75.73124999999999,39.80909090909091]]]}},{"type":"Feature","properties":{"bin":2050,"scenario":"rcp85","p100y":9.9},"geometry":{"type":"Polygon","coordinates":[[[-75.73124999999999,39.80909090909091],[-75.61249999999998,39.80909090909091],[-75.61249999999998,39.95],[-75.73124999999999,39.95],[-75.73124999999999,39.80909090909091]]]}},{"type":"Feature","properties":{"bin":2075,"scenario":"rcp45","p100y":9.9},"geometry":{"type":"Polygon","coordinates":[[[-75.73124999999999,39.80909090909091],[-75.61249999999998,39.80909090909091],[-75.61249999999998,39.95],[-75.73124999999999,39.95],[-75.73124999999999,39.80909090909091]]]}},{"type":"Feature","properties":{"bin":2075,"scenario":"rcp85","p100y":11.0},"geometry":{"type":"Polygon","coordinates":[[[-75.73124999999999,39.80909090909091],[-75.61249999999998,39.80909090909091],[-75.61249999999998,39.95],[-75.73124999999999,39.95],[-75.73124999999999,39.80909090909091]]]}},{"type":"Feature","properties":{"bin":2100,"scenario":"rcp45","p100y":10.3},"geometry":{"type":"Polygon","coordinates":[[[-75.73124999999999,39.80909090909091],[-75.61249999999998,39.80909090909091],[-75.61249999999998,39.95],[-75.73124999999999,39.95],[-75.73124999999999,39.80909090909091]]]}},{"type":"Feature","properties":{"bin":2100,"scenario":"rcp85","p100y":12.2},"geometry":{"type":"Polygon","coordinates":[[[-75.73124999999999,39.80909090909091],[-75.61249999999998,39.80909090909091],[-75.61249999999998,39.95],[-75.73124999999999,39.95],[-75.73124999999999,39.80909090909091]]]}},{"type":"Feature","properties":{"bin":2030,"scenario":"rcp45","p100y":9.0},"geometry":{"type":"Polygon","coordinates":[[[-75.6125,38.4],[-75.49375,38.4],[-75.49375,38.54090909090909],[-75.6125,38.54090909090909],[-75.6125,38.4]]]}},{"type":"Feature","properties":{"bin":2030,"scenario":"rcp85","p100y":9.2},"geometry":{"type":"Polygon","coordinates":[[[-75.6125,38.4],[-75.49375,38.4],[-75.49375,38.54090909090909],[-75.6125,38.54090909090909],[-75.6125,38.4]]]}},{"type":"Feature","properties":{"bin":2050,"scenario":"rcp45","p100y":9.7},"geometry":{"type":"Polygon","coordinates":[[[-75.6125,38.4],[-75.49375,38.4],[-75.49375,38.54090909090909],[-75.6125,38.54090909090909],[-75.6125,38.4]]]}},{"type":"Feature","properties":{"bin":2050,"scenario":"rcp85","p100y":10.2},"geometry":{"type":"Polygon","coordinates":[[[-75.6125,38.4],[-75.49375,38.4],[-75.49375,38.54090909090909],[-75.6125,38.54090909090909],[-75.6125,38.4]]]}},{"type":"Feature","properties":{"bin":2075,"scenario":"rcp45","p100y":10.2},"geometry":{"type":"Polygon","coordinates":[[[-75.6125,38.4],[-75.49375,38.4],[-75.49375,38.54090909090909],[-75.6125,38.54090909090909],[-75.6125,38.4]]]}},{"type":"Feature","properties":{"bin":2075,"scenario":"rcp85","p100y":11.3},"geometry":{"type":"Polygon","coordinates":[[[-75.6125,38.4],[-75.49375,38.4],[-75.49375,38.54090909090909],[-75.6125,38.54090909090909],[-75.6125,38.4]]]}},{"type":"Feature","properties":{"bin":2100,"scenario":"rcp45","p100y":10.6},"geometry":{"type":"Polygon","coordinates":[[[-75.6125,38.4],[-75.49375,38.4],[-75.49375,38.54090909090909],[-75.6125,38.54090909090909],[-75.6125,38.4]]]}},{"type":"Feature","properties":{"bin":2100,"scenario":"rcp85","p100y":12.5},"geometry":{"type":"Polygon","coordinates":[[[-75.6125,38.4],[-75.49375,38.4],[-75.49375,38.54090909090909],[-75.6125,38.54090909090909],[-75.6125,38.4]]]}},{"type":"Feature","properties":{"bin":2030,"scenario":"rcp45","p100y":9.0},"geometry":{"type":"Polygon","coordinates":[[[-75.6125,38.54090909090909],[-75.49375,38.54090909090909],[-75.49375,38.68181818181818],[-75.6125,38.68181818181818],[-75.6125,38.54090909090909]]]}},{"type":"Feature","properties":{"bin":2030,"scenario":"rcp85","p100y":9.2},"geometry":{"type":"Polygon","coordinates":[[[-75.6125,38.54090909090909],[-75.49375,38.54090909090909],[-75.49375,38.68181818181818],[-75.6125,38.68181818181818],[-75.6125,38.54090909090909]]]}},{"type":"Feature","properties":{"bin":2050,"scenario":"rcp45","p100y":9.7},"geometry":{"type":"Polygon","coordinates":[[[-75.6125,38.54090909090909],[-75.49375,38.54090909090909],[-75.49375,38.68181818181818],[-75.6125,38.68181818181818],[-75.6125,38.54090909090909]]]}},{"type":"Feature","properties":{"bin":2050,"scenario":"rcp85","p100y":10.2},"geometry":{"type":"Polygon","coordinates":[[[-75.6125,38.54090909090909],[-75.49375,38.54090909090909],[-75.49375,38.68181818181818],[-75.6125,38.68181818181818],[-75.6125,38.54090909090909]]]}},{"type":"Feature","properties":{"bin":2075,"scenario":"rcp45","p100y":10.2},"geometry":{"type":"Polygon","coordinates":[[[-75.6125,38.54090909090909],[-75.49375,38.54090909090909],[-75.49375,38.68181818181818],[-75.6125,38.68181818181818],[-75.6125,38.54090909090909]]]}},{"type":"Feature","properties":{"bin":2075,"scenario":"rcp85","p100y":11.3},"geometry":{"type":"Polygon","coordinates":[[[-75.6125,38.54090909090909],[-75.49375,38.54090909090909],[-75.49375,38.68181818181818],[-75.6125,38.68181818181818],[-75.6125,38.54090909090909]]]}},{"type":"Feature","properties":{"bin":2100,"scenario":"rcp45","p100y":10.6},"geometry":{"type":"Polygon","coordinates":[[[-75.6125,38.54090909090909],[-75.49375,38.54090909090909],[-75.49375,38.68181818181818],[-75.6125,38.68181818181818],[-75.6125,38.54090909090909]]]}},{"type":"Feature","properties":{"bin":2100,"scenario":"rcp85","p100y":12.5},"geometry":{"type":"Polygon","coordinates":[[[-75.6125,38.54090909090909],[-75.49375,38.54090909090909],[-75.49375,38.68181818181818],[-75.6125,38.68181818181818],[-75.6125,38.54090909090909]]]}},{"type":"Feature","properties":{"bin":2030,"scenario":"rcp45","p100y":9.0},"geometry":{"type":"Polygon","coordinates":[[[-75.6125,38.68181818181818],[-75.49375,38.68181818181818],[-75.49375,38.82272727272727],[-75.6125,38.82272727272727],[-75.6125,38.68181818181818]]]}},{"type":"Feature","properties":{"bin":2030,"scenario":"rcp85","p100y":9.2},"geometry":{"type":"Polygon","coordinates":[[[-75.6125,38.68181818181818],[-75.49375,38.68181818181818],[-75.49375,38.82272727272727],[-75.6125,38.82272727272727],[-75.6125,38.68181818181818]]]}},{"type":"Feature","properties":{"bin":2050,"scenario":"rcp45","p100y":9.7},"geometry":{"type":"Polygon","coordinates":[[[-75.6125,38.68181818181818],[-75.49375,38.68181818181818],[-75.49375,38.82272727272727],[-75.6125,38.82272727272727],[-75.6125,38.68181818181818]]]}},{"type":"Feature","properties":{"bin":2050,"scenario":"rcp85","p100y":10.2},"geometry":{"type":"Polygon","coordinates":[[[-75.6125,38.68181818181818],[-75.49375,38.68181818181818],[-75.49375,38.82272727272727],[-75.6125,38.82272727272727],[-75.6125,38.68181818181818]]]}},{"type":"Feature","properties":{"bin":2075,"scenario":"rcp45","p100y":10.2},"geometry":{"type":"Polygon","coordinates":[[[-75.6125,38.68181818181818],[-75.49375,38.68181818181818],[-75.49375,38.82272727272727],[-75.6125,38.82272727272727],[-75.6125,38.68181818181818]]]}},{"type":"Feature","properties":{"bin":2075,"scenario":"rcp85","p100y":11.3},"geometry":{"type":"Polygon","coordinates":[[[-75.6125,38.68181818181818],[-75.49375,38.68181818181818],[-75.49375,38.82272727272727],[-75.6125,38.82272727272727],[-75.6125,38.68181818181818]]]}},{"type":"Feature","properties":{"bin":2100,"scenario":"rcp45","p100y":10.6},"geometry":{"type":"Polygon","coordinates":[[[-75.6125,38.68181818181818],[-75.49375,38.68181818181818],[-75.49375,38.82272727272727],[-75.6125,38.82272727272727],[-75.6125,38.68181818181818]]]}},{"type":"Feature","properties":{"bin":2100,"scenario":"rcp85","p100y":12.5},"geometry":{"type":"Polygon","coordinates":[[[-75.6125,38.68181818181818],[-75.49375,38.68181818181818],[-75.49375,38.82272727272727],[-75.6125,38.82272727272727],[-75.6125,38.68181818181818]]]}},{"type":"Feature","properties":{"bin":2030,"scenario":"rcp45","p100y":8.7},"geometry":{"type":"Polygon","coordinates":[[[-75.6125,38.82272727272727],[-75.49375,38.82272727272727],[-75.49375,38.96363636363636],[-75.6125,38.96363636363636],[-75.6125,38.82272727272727]]]}},{"type":"Feature","properties":{"bin":2030,"scenario":"rcp85","p100y":8.9},"geometry":{"type":"Polygon","coordinates":[[[-75.6125,38.82272727272727],[-75.49375,38.82272727272727],[-75.49375,38.96363636363636],[-75.6125,38.96363636363636],[-75.6125,38.82272727272727]]]}},{"type":"Feature","properties":{"bin":2050,"scenario":"rcp45","p100y":9.4},"geometry":{"type":"Polygon","coordinates":[[[-75.6125,38.82272727272727],[-75.49375,38.82272727272727],[-75.49375,38.96363636363636],[-75.6125,38.96363636363636],[-75.6125,38.82272727272727]]]}},{"type":"Feature","properties":{"bin":2050,"scenario":"rcp85","p100y":9.9},"geometry":{"type":"Polygon","coordinates":[[[-75.6125,38.82272727272727],[-75.49375,38.82272727272727],[-75.49375,38.96363636363636],[-75.6125,38.96363636363636],[-75.6125,38.82272727272727]]]}},{"type":"Feature","properties":{"bin":2075,"scenario":"rcp45","p100y":9.9},"geometry":{"type":"Polygon","coordinates":[[[-75.6125,38.82272727272727],[-75.49375,38.82272727272727],[-75.49375,38.96363636363636],[-75.6125,38.96363636363636],[-75.6125,38.82272727272727]]]}},{"type":"Feature","properties":{"bin":2075,"scenario":"rcp85","p100y":11.0},"geometry":{"type":"Polygon","coordinates":[[[-75.6125,38.82272727272727],[-75.49375,38.82272727272727],[-75.49375,38.96363636363636],[-75.6125,38.96363636363636],[-75.6125,38.82272727272727]]]}},{"type":"Feature","properties":{"bin":2100,"scenario":"rcp45","p100y":10.3},"geometry":{"type":"Polygon","coordinates":[[[-75.6125,38.82272727272727],[-75.49375,38.82272727272727],[-75.49375,38.96363636363636],[-75.6125,38.96363636363636],[-75.6125,38.82272727272727]]]}},{"type":"Feature","properties":{"bin":2100,"scenario":"rcp85","p100y":12.2},"geometry":{"type":"Polygon","coordinates":[[[-75.6125,38.82272727272727],[-75.49375,38.82272727272727],[-75.49375,38.96363636363636],[-75.6125,38.96363636363636],[-75.6125,38.82272727272727]]]}},{"type":"Feature","properties":{"bin":2030,"scenario":"rcp45","p100y":8.7},"geometry":{"type":"Polygon","coordinates":[[[-75.6125,38.96363636363636],[-75.49375,38.96363636363636],[-75.49375,39.10454545454545],[-75.6125,39.10454545454545],[-75.6125,38.96363636363636]]]}},{"type":"Feature","properties":{"bin":2030,"scenario":"rcp85","p100y":8.9},"geometry":{"type":"Polygon","coordinates":[[[-75.6125,38.96363636363636],[-75.49375,38.96363636363636],[-75.49375,39.10454545454545],[-75.6125,39.10454545454545],[-75.6125,38.96363636363636]]]}},{"type":"Feature","properties":{"bin":2050,"scenario":"rcp45","p100y":9.4},"geometry":{"type":"Polygon","coordinates":[[[-75.6125,38.96363636363636],[-75.49375,38.96363636363636],[-75.49375,39.10454545454545],[-75.6125,39.10454545454545],[-75.6125,38.96363636363636]]]}},{"type":"Feature","properties":{"bin":2050,"scenario":"rcp85","p100y":9.9},"geometry":{"type":"Polygon","coordinates":[[[-75.6125,38.96363636363636],[-75.49375,38.96363636363636],[-75.49375,39.10454545454545],[-75.6125,39.10454545454545],[-75.6125,38.96363636363636]]]}},{"type":"Feature","properties":{"bin":2075,"scenario":"rcp45","p100y":9.9},"geometry":{"type":"Polygon","coordinates":[[[-75.6125,38.96363636363636],[-75.49375,38.96363636363636],[-75.49375,39.10454545454545],[-75.6125,39.10454545454545],[-75.6125,38.96363636363636]]]}},{"type":"Feature","properties":{"bin":2075,"scenario":"rcp85","p100y":11.0},"geometry":{"type":"Polygon","coordinates":[[[-75.6125,38.96363636363636],[-75.49375,38.96363636363636],[-75.49375,39.10454545454545],[-75.6125,39.10454545454545],[-75.6125,38.96363636363636]]]}},{"type":"Feature","properties":{"bin":2100,"scenario":"rcp45","p100y":10.3},"geometry":{"type":"Polygon","coordinates":[[[-75.6125,38.96363636363636],[-75.49375,38.96363636363636],[-75.49375,39.10454545454545],[-75.6125,39.10454545454545],[-75.6125,38.96363636363636]]]}},{"type":"Feature","properties":{"bin":2100,"scenario":"rcp85","p100y":12.2},"geometry":{"type":"Polygon","coordinates":[[[-75.6125,38.96363636363636],[-75.49375,38.96363636363636],[-75.49375,39.10454545454545],[-75.6125,39.10454545454545],[-75.6125,38.96363636363636]]]}},{"type":"Feature","properties":{"bin":2030,"scenario":"rcp45","p100y":8.7},"geometry":{"type":"Polygon","coordinates":[[[-75.6125,39.10454545454545],[-75.49375,39.10454545454545],[-75.49375,39.24545454545454],[-75.6125,39.24545454545454],[-75.6125,39.10454545454545]]]}},{"type":"Feature","properties":{"bin":2030,"scenario":"rcp85","p100y":8.9},"geometry":{"type":"Polygon","coordinates":[[[-75.6125,39.10454545454545],[-75.49375,39.10454545454545],[-75.49375,39.24545454545454],[-75.6125,39.24545454545454],[-75.6125,39.10454545454545]]]}},{"type":"Feature","properties":{"bin":2050,"scenario":"rcp45","p100y":9.4},"geometry":{"type":"Polygon","coordinates":[[[-75.6125,39.10454545454545],[-75.49375,39.10454545454545],[-75.49375,39.24545454545454],[-75.6125,39.24545454545454],[-75.6125,39.10454545454545]]]}},{"type":"Feature","properties":{"bin":2050,"scenario":"rcp85","p100y":9.9},"geometry":{"type":"Polygon","coordinates":[[[-75.6125,39.10454545454545],[-75.49375,39.10454545454545],[-75.49375,39.24545454545454],[-75.6125,39.24545454545454],[-75.6125,39.10454545454545]]]}},{"type":"Feature","properties":{"bin":2075,"scenario":"rcp45","p100y":9.9},"geometry":{"type":"Polygon","coordinates":[[[-75.6125,39.10454545454545],[-75.49375,39.10454545454545],[-75.49375,39.24545454545454],[-75.6125,39.24545454545454],[-75.6125,39.10454545454545]]]}},{"type":"Feature","properties":{"bin":2075,"scenario":"rcp85","p100y":11.0},"geometry":{"type":"Polygon","coordinates":[[[-75.6125,39.10454545454545],[-75.49375,39.10454545454545],[-75.49375,39.24545454545454],[-75.6125,39.24545454545454],[-75.6125,39.10454545454545]]]}},{"type":"Feature","properties":{"bin":2100,"scenario":"rcp45","p100y":10.3},"geometry":{"type":"Polygon","coordinates":[[[-75.6125,39.10454545454545],[-75.49375,39.10454545454545],[-75.49375,39.24545454545454],[-75.6125,39.24545454545454],[-75.6125,39.10454545454545]]]}},{"type":"Feature","properties":{"bin":2100,"scenario":"rcp85","p100y":12.2},"geometry":{"type":"Polygon","coordinates":[[[-75.6125,39.10454545454545],[-75.49375,39.10454545454545],[-75.49375,39.24545454545454],[-75.6125,39.24545454545454],[-75.6125,39.10454545454545]]]}},{"type":"Feature","properties":{"bin":2030,"scenario":"rcp45","p100y":8.7},"geometry":{"type":"Polygon","coordinates":[[[-75.6125,39.24545454545455],[-75.49375,39.24545454545455],[-75.49375,39.38636363636364],[-75.6125,39.38636363636364],[-75.6125,39.24545454545455]]]}},{"type":"Feature","properties":{"bin":2030,"scenario":"rcp85","p100y":8.9},"geometry":{"type":"Polygon","coordinates":[[[-75.6125,39.24545454545455],[-75.49375,39.24545454545455],[-75.49375,39.38636363636364],[-75.6125,39.38636363636364],[-75.6125,39.24545454545455]]]}},{"type":"Feature","properties":{"bin":2050,"scenario":"rcp45","p100y":9.4},"geometry":{"type":"Polygon","coordinates":[[[-75.6125,39.24545454545455],[-75.49375,39.24545454545455],[-75.49375,39.38636363636364],[-75.6125,39.38636363636364],[-75.6125,39.24545454545455]]]}},{"type":"Feature","properties":{"bin":2050,"scenario":"rcp85","p100y":9.9},"geometry":{"type":"Polygon","coordinates":[[[-75.6125,39.24545454545455],[-75.49375,39.24545454545455],[-75.49375,39.38636363636364],[-75.6125,39.38636363636364],[-75.6125,39.24545454545455]]]}},{"type":"Feature","properties":{"bin":2075,"scenario":"rcp45","p100y":9.9},"geometry":{"type":"Polygon","coordinates":[[[-75.6125,39.24545454545455],[-75.49375,39.24545454545455],[-75.49375,39.38636363636364],[-75.6125,39.38636363636364],[-75.6125,39.24545454545455]]]}},{"type":"Feature","properties":{"bin":2075,"scenario":"rcp85","p100y":11.0},"geometry":{"type":"Polygon","coordinates":[[[-75.6125,39.24545454545455],[-75.49375,39.24545454545455],[-75.49375,39.38636363636364],[-75.6125,39.38636363636364],[-75.6125,39.24545454545455]]]}},{"type":"Feature","properties":{"bin":2100,"scenario":"rcp45","p100y":10.3},"geometry":{"type":"Polygon","coordinates":[[[-75.6125,39.24545454545455],[-75.49375,39.24545454545455],[-75.49375,39.38636363636364],[-75.6125,39.38636363636364],[-75.6125,39.24545454545455]]]}},{"type":"Feature","properties":{"bin":2100,"scenario":"rcp85","p100y":12.2},"geometry":{"type":"Polygon","coordinates":[[[-75.6125,39.24545454545455],[-75.49375,39.24545454545455],[-75.49375,39.38636363636364],[-75.6125,39.38636363636364],[-75.6125,39.24545454545455]]]}},{"type":"Feature","properties":{"bin":2030,"scenario":"rcp45","p100y":8.7},"geometry":{"type":"Polygon","coordinates":[[[-75.6125,39.38636363636364],[-75.49375,39.38636363636364],[-75.49375,39.52727272727273],[-75.6125,39.52727272727273],[-75.6125,39.38636363636364]]]}},{"type":"Feature","properties":{"bin":2030,"scenario":"rcp85","p100y":8.9},"geometry":{"type":"Polygon","coordinates":[[[-75.6125,39.38636363636364],[-75.49375,39.38636363636364],[-75.49375,39.52727272727273],[-75.6125,39.52727272727273],[-75.6125,39.38636363636364]]]}},{"type":"Feature","properties":{"bin":2050,"scenario":"rcp45","p100y":9.4},"geometry":{"type":"Polygon","coordinates":[[[-75.6125,39.38636363636364],[-75.49375,39.38636363636364],[-75.49375,39.52727272727273],[-75.6125,39.52727272727273],[-75.6125,39.38636363636364]]]}},{"type":"Feature","properties":{"bin":2050,"scenario":"rcp85","p100y":9.9},"geometry":{"type":"Polygon","coordinates":[[[-75.6125,39.38636363636364],[-75.49375,39.38636363636364],[-75.49375,39.52727272727273],[-75.6125,39.52727272727273],[-75.6125,39.38636363636364]]]}},{"type":"Feature","properties":{"bin":2075,"scenario":"rcp45","p100y":9.9},"geometry":{"type":"Polygon","coordinates":[[[-75.6125,39.38636363636364],[-75.49375,39.38636363636364],[-75.49375,39.52727272727273],[-75.6125,39.52727272727273],[-75.6125,39.38636363636364]]]}},{"type":"Feature","properties":{"bin":2075,"scenario":"rcp85","p100y":11.0},"geometry":{"type":"Polygon","coordinates":[[[-75.6125,39.38636363636364],[-75.49375,39.38636363636364],[-75.49375,39.52727272727273],[-75.6125,39.52727272727273],[-75.6125,39.38636363636364]]]}},{"type":"Feature","properties":{"bin":2100,"scenario":"rcp45","p100y":10.3},"geometry":{"type":"Polygon","coordinates":[[[-75.6125,39.38636363636364],[-75.49375,39.38636363636364],[-75.49375,39.52727272727273],[-75.6125,39.52727272727273],[-75.6125,39.38636363636364]]]}},{"type":"Feature","properties":{"bin":2100,"scenario":"rcp85","p100y":12.2},"geometry":{"type":"Polygon","coordinates":[[[-75.6125,39.38636363636364],[-75.49375,39.38636363636364],[-75.49375,39.52727272727273],[-75.6125,39.52727272727273],[-75.6125,39.38636363636364]]]}},{"type":"Feature","properties":{"bin":2030,"scenario":"rcp45","p100y":8.7},"geometry":{"type":"Polygon","coordinates":[[[-75.6125,39.52727272727273],[-75.49375,39.52727272727273],[-75.49375,39.66818181818182],[-75.6125,39.66818181818182],[-75.6125,39.52727272727273]]]}},{"type":"Feature","properties":{"bin":2030,"scenario":"rcp85","p100y":8.9},"geometry":{"type":"Polygon","coordinates":[[[-75.6125,39.52727272727273],[-75.49375,39.52727272727273],[-75.49375,39.66818181818182],[-75.6125,39.66818181818182],[-75.6125,39.52727272727273]]]}},{"type":"Feature","properties":{"bin":2050,"scenario":"rcp45","p100y":9.4},"geometry":{"type":"Polygon","coordinates":[[[-75.6125,39.52727272727273],[-75.49375,39.52727272727273],[-75.49375,39.66818181818182],[-75.6125,39.66818181818182],[-75.6125,39.52727272727273]]]}},{"type":"Feature","properties":{"bin":2050,"scenario":"rcp85","p100y":9.9},"geometry":{"type":"Polygon","coordinates":[[[-75.6125,39.52727272727273],[-75.49375,39.52727272727273],[-75.49375,39.66818181818182],[-75.6125,39.66818181818182],[-75.6125,39.52727272727273]]]}},{"type":"Feature","properties":{"bin":2075,"scenario":"rcp45","p100y":9.9},"geometry":{"type":"Polygon","coordinates":[[[-75.6125,39.52727272727273],[-75.49375,39.52727272727273],[-75.49375,39.66818181818182],[-75.6125,39.66818181818182],[-75.6125,39.52727272727273]]]}},{"type":"Feature","properties":{"bin":2075,"scenario":"rcp85","p100y":11.0},"geometry":{"type":"Polygon","coordinates":[[[-75.6125,39.52727272727273],[-75.49375,39.52727272727273],[-75.49375,39.66818181818182],[-75.6125,39.66818181818182],[-75.6125,39.52727272727273]]]}},{"type":"Feature","properties":{"bin":2100,"scenario":"rcp45","p100y":10.3},"geometry":{"type":"Polygon","coordinates":[[[-75.6125,39.52727272727273],[-75.49375,39.52727272727273],[-75.49375,39.66818181818182],[-75.6125,39.66818181818182],[-75.6125,39.52727272727273]]]}},{"type":"Feature","properties":{"bin":2100,"scenario":"rcp85","p100y":12.2},"geometry":{"type":"Polygon","coordinates":[[[-75.6125,39.52727272727273],[-75.49375,39.52727272727273],[-75.49375,39.66818181818182],[-75.6125,39.66818181818182],[-75.6125,39.52727272727273]]]}},{"type":"Feature","properties":{"bin":2030,"scenario":"rcp45","p100y":8.7},"geometry":{"type":"Polygon","coordinates":[[[-75.6125,39.66818181818182],[-75.49375,39.66818181818182],[-75.49375,39.80909090909091],[-75.6125,39.80909090909091],[-75.6125,39.66818181818182]]]}},{"type":"Feature","properties":{"bin":2030,"scenario":"rcp85","p100y":8.9},"geometry":{"type":"Polygon","coordinates":[[[-75.6125,39.66818181818182],[-75.49375,39.66818181818182],[-75.49375,39.80909090909091],[-75.6125,39.80909090909091],[-75.6125,39.66818181818182]]]}},{"type":"Feature","properties":{"bin":2050,"scenario":"rcp45","p100y":9.4},"geometry":{"type":"Polygon","coordinates":[[[-75.6125,39.66818181818182],[-75.49375,39.66818181818182],[-75.49375,39.80909090909091],[-75.6125,39.80909090909091],[-75.6125,39.66818181818182]]]}},{"type":"Feature","properties":{"bin":2050,"scenario":"rcp85","p100y":9.9},"geometry":{"type":"Polygon","coordinates":[[[-75.6125,39.66818181818182],[-75.49375,39.66818181818182],[-75.49375,39.80909090909091],[-75.6125,39.80909090909091],[-75.6125,39.66818181818182]]]}},{"type":"Feature","properties":{"bin":2075,"scenario":"rcp45","p100y":9.9},"geometry":{"type":"Polygon","coordinates":[[[-75.6125,39.66818181818182],[-75.49375,39.66818181818182],[-75.49375,39.80909090909091],[-75.6125,39.80909090909091],[-75.6125,39.66818181818182]]]}},{"type":"Feature","properties":{"bin":2075,"scenario":"rcp85","p100y":11.0},"geometry":{"type":"Polygon","coordinates":[[[-75.6125,39.66818181818182],[-75.49375,39.66818181818182],[-75.49375,39.80909090909091],[-75.6125,39.80909090909091],[-75.6125,39.66818181818182]]]}},{"type":"Feature","properties":{"bin":2100,"scenario":"rcp45","p100y":10.3},"geometry":{"type":"Polygon","coordinates":[[[-75.6125,39.66818181818182],[-75.49375,39.66818181818182],[-75.49375,39.80909090909091],[-75.6125,39.80909090909091],[-75.6125,39.66818181818182]]]}},{"type":"Feature","properties":{"bin":2100,"scenario":"rcp85","p100y":12.2},"geometry":{"type":"Polygon","coordinates":[[[-75.6125,39.66818181818182],[-75.49375,39.66818181818182],[-75.49375,39.80909090909091],[-75.6125,39.80909090909091],[-75.6125,39.66818181818182]]]}},{"type":"Feature","properties":{"bin":2030,"scenario":"rcp45","p100y":8.7},"geometry":{"type":"Polygon","coordinates":[[[-75.6125,39.80909090909091],[-75.49375,39.80909090909091],[-75.49375,39.95],[-75.6125,39.95],[-75.6125,39.80909090909091]]]}},{"type":"Feature","properties":{"bin":2030,"scenario":"rcp85","p100y":8.9},"geometry":{"type":"Polygon","coordinates":[[[-75.6125,39.80909090909091],[-75.49375,39.80909090909091],[-75.49375,39.95],[-75.6125,39.95],[-75.6125,39.80909090909091]]]}},{"type":"Feature","properties":{"bin":2050,"scenario":"rcp45","p100y":9.4},"geometry":{"type":"Polygon","coordinates":[[[-75.6125,39.80909090909091],[-75.49375,39.80909090909091],[-75.49375,39.95],[-75.6125,39.95],[-75.6125,39.80909090909091]]]}},{"type":"Feature","properties":{"bin":2050,"scenario":"rcp85","p100y":9.9},"geometry":{"type":"Polygon","coordinates":[[[-75.6125,39.80909090909091],[-75.49375,39.80909090909091],[-75.49375,39.95],[-75.6125,39.95],[-75.6125,39.80909090909091]]]}},{"type":"Feature","properties":{"bin":2075,"scenario":"rcp45","p100y":9.9},"geometry":{"type":"Polygon","coordinates":[[[-75.6125,39.80909090909091],[-75.49375,39.80909090909091],[-75.49375,39.95],[-75.6125,39.95],[-75.6125,39.80909090909091]]]}},{"type":"Feature","properties":{"bin":2075,"scenario":"rcp85","p100y":11.0},"geometry":{"type":"Polygon","coordinates":[[[-75.6125,39.80909090909091],[-75.49375,39.80909090909091],[-75.49375,39.95],[-75.6125,39.95],[-75.6125,39.80909090909091]]]}},{"type":"Feature","properties":{"bin":2100,"scenario":"rcp45","p100y":10.3},"geometry":{"type":"Polygon","coordinates":[[[-75.6125,39.80909090909091],[-75.49375,39.80909090909091],[-75.49375,39.95],[-75.6125,39.95],[-75.6125,39.80909090909091]]]}},{"type":"Feature","properties":{"bin":2100,"scenario":"rcp85","p100y":12.2},"geometry":{"type":"Polygon","coordinates":[[[-75.6125,39.80909090909091],[-75.49375,39.80909090909091],[-75.49375,39.95],[-75.6125,39.95],[-75.6125,39.80909090909091]]]}},{"type":"Feature","properties":{"bin":2030,"scenario":"rcp45","p100y":9.0},"geometry":{"type":"Polygon","coordinates":[[[-75.49375,38.4],[-75.375,38.4],[-75.375,38.54090909090909],[-75.49375,38.54090909090909],[-75.49375,38.4]]]}},{"type":"Feature","properties":{"bin":2030,"scenario":"rcp85","p100y":9.2},"geometry":{"type":"Polygon","coordinates":[[[-75.49375,38.4],[-75.375,38.4],[-75.375,38.54090909090909],[-75.49375,38.54090909090909],[-75.49375,38.4]]]}},{"type":"Feature","properties":{"bin":2050,"scenario":"rcp45","p100y":9.7},"geometry":{"type":"Polygon","coordinates":[[[-75.49375,38.4],[-75.375,38.4],[-75.375,38.54090909090909],[-75.49375,38.54090909090909],[-75.49375,38.4]]]}},{"type":"Feature","properties":{"bin":2050,"scenario":"rcp85","p100y":10.2},"geometry":{"type":"Polygon","coordinates":[[[-75.49375,38.4],[-75.375,38.4],[-75.375,38.54090909090909],[-75.49375,38.54090909090909],[-75.49375,38.4]]]}},{"type":"Feature","properties":{"bin":2075,"scenario":"rcp45","p100y":10.2},"geometry":{"type":"Polygon","coordinates":[[[-75.49375,38.4],[-75.375,38.4],[-75.375,38.54090909090909],[-75.49375,38.54090909090909],[-75.49375,38.4]]]}},{"type":"Feature","properties":{"bin":2075,"scenario":"rcp85","p100y":11.3},"geometry":{"type":"Polygon","coordinates":[[[-75.49375,38.4],[-75.375,38.4],[-75.375,38.54090909090909],[-75.49375,38.54090909090909],[-75.49375,38.4]]]}},{"type":"Feature","properties":{"bin":2100,"scenario":"rcp45","p100y":10.6},"geometry":{"type":"Polygon","coordinates":[[[-75.49375,38.4],[-75.375,38.4],[-75.375,38.54090909090909],[-75.49375,38.54090909090909],[-75.49375,38.4]]]}},{"type":"Feature","properties":{"bin":2100,"scenario":"rcp85","p100y":12.5},"geometry":{"type":"Polygon","coordinates":[[[-75.49375,38.4],[-75.375,38.4],[-75.375,38.54090909090909],[-75.49375,38.54090909090909],[-75.49375,38.4]]]}},{"type":"Feature","properties":{"bin":2030,"scenario":"rcp45","p100y":9.0},"geometry":{"type":"Polygon","coordinates":[[[-75.49375,38.54090909090909],[-75.375,38.54090909090909],[-75.375,38.68181818181818],[-75.49375,38.68181818181818],[-75.49375,38.54090909090909]]]}},{"type":"Feature","properties":{"bin":2030,"scenario":"rcp85","p100y":9.2},"geometry":{"type":"Polygon","coordinates":[[[-75.49375,38.54090909090909],[-75.375,38.54090909090909],[-75.375,38.68181818181818],[-75.49375,38.68181818181818],[-75.49375,38.54090909090909]]]}},{"type":"Feature","properties":{"bin":2050,"scenario":"rcp45","p100y":9.7},"geometry":{"type":"Polygon","coordinates":[[[-75.49375,38.54090909090909],[-75.375,38.54090909090909],[-75.375,38.68181818181818],[-75.49375,38.68181818181818],[-75.49375,38.54090909090909]]]}},{"type":"Feature","properties":{"bin":2050,"scenario":"rcp85","p100y":10.2},"geometry":{"type":"Polygon","coordinates":[[[-75.49375,38.54090909090909],[-75.375,38.54090909090909],[-75.375,38.68181818181818],[-75.49375,38.68181818181818],[-75.49375,38.54090909090909]]]}},{"type":"Feature","properties":{"bin":2075,"scenario":"rcp45","p100y":10.2},"geometry":{"type":"Polygon","coordinates":[[[-75.49375,38.54090909090909],[-75.375,38.54090909090909],[-75.375,38.68181818181818],[-75.49375,38.68181818181818],[-75.49375,38.54090909090909]]]}},{"type":"Feature","properties":{"bin":2075,"scenario":"rcp85","p100y":11.3},"geometry":{"type":"Polygon","coordinates":[[[-75.49375,38.54090909090909],[-75.375,38.54090909090909],[-75.375,38.68181818181818],[-75.49375,38.68181818181818],[-75.49375,38.54090909090909]]]}},{"type":"Feature","properties":{"bin":2100,"scenario":"rcp45","p100y":10.6},"geometry":{"type":"Polygon","coordinates":[[[-75.49375,38.54090909090909],[-75.375,38.54090909090909],[-75.375,38.68181818181818],[-75.49375,38.68181818181818],[-75.49375,38.54090909090909]]]}},{"type":"Feature","properties":{"bin":2100,"scenario":"rcp85","p100y":12.5},"geometry":{"type":"Polygon","coordinates":[[[-75.49375,38.54090909090909],[-75.375,38.54090909090909],[-75.375,38.68181818181818],[-75.49375,38.68181818181818],[-75.49375,38.54090909090909]]]}},{"type":"Feature","properties":{"bin":2030,"scenario":"rcp45","p100y":9.0},"geometry":{"type":"Polygon","coordinates":[[[-75.49375,38.68181818181818],[-75.375,38.68181818181818],[-75.375,38.82272727272727],[-75.49375,38.82272727272727],[-75.49375,38.68181818181818]]]}},{"type":"Feature","properties":{"bin":2030,"scenario":"rcp85","p100y":9.2},"geometry":{"type":"Polygon","coordinates":[[[-75.49375,38.68181818181818],[-75.375,38.68181818181818],[-75.375,38.82272727272727],[-75.49375,38.82272727272727],[-75.49375,38.68181818181818]]]}},{"type":"Feature","properties":{"bin":2050,"scenario":"rcp45","p100y":9.7},"geometry":{"type":"Polygon","coordinates":[[[-75.49375,38.68181818181818],[-75.375,38.68181818181818],[-75.375,38.82272727272727],[-75.49375,38.82272727272727],[-75.49375,38.68181818181818]]]}},{"type":"Feature","properties":{"bin":2050,"scenario":"rcp85","p100y":10.2},"geometry":{"type":"Polygon","coordinates":[[[-75.49375,38.68181818181818],[-75.375,38.68181818181818],[-75.375,38.82272727272727],[-75.49375,38.82272727272727],[-75.49375,38.68181818181818]]]}},{"type":"Feature","properties":{"bin":2075,"scenario":"rcp45","p100y":10.2},"geometry":{"type":"Polygon","coordinates":[[[-75.49375,38.68181818181818],[-75.375,38.68181818181818],[-75.375,38.82272727272727],[-75.49375,38.82272727272727],[-75.49375,38.68181818181818]]]}},{"type":"Feature","properties":{"bin":2075,"scenario":"rcp85","p100y":11.3},"geometry":{"type":"Polygon","coordinates":[[[-75.49375,38.68181818181818],[-75.375,38.68181818181818],[-75.375,38.82272727272727],[-75.49375,38.82272727272727],[-75.49375,38.68181818181818]]]}},{"type":"Feature","properties":{"bin":2100,"scenario":"rcp45","p100y":10.6},"geometry":{"type":"Polygon","coordinates":[[[-75.49375,38.68181818181818],[-75.375,38.68181818181818],[-75.375,38.82272727272727],[-75.49375,38.82272727272727],[-75.49375,38.68181818181818]]]}},{"type":"Feature","properties":{"bin":2100,"scenario":"rcp85","p100y":12.5},"geometry":{"type":"Polygon","coordinates":[[[-75.49375,38.68181818181818],[-75.375,38.68181818181818],[-75.375,38.82272727272727],[-75.49375,38.82272727272727],[-75.49375,38.68181818181818]]]}},{"type":"Feature","properties":{"bin":2030,"scenario":"rcp45","p100y":8.7},"geometry":{"type":"Polygon","coordinates":[[[-75.49375,38.82272727272727],[-75.375,38.82272727272727],[-75.375,38.96363636363636],[-75.49375,38.96363636363636],[-75.49375,38.82272727272727]]]}},{"type":"Feature","properties":{"bin":2030,"scenario":"rcp85","p100y":8.9},"geometry":{"type":"Polygon","coordinates":[[[-75.49375,38.82272727272727],[-75.375,38.82272727272727],[-75.375,38.96363636363636],[-75.49375,38.96363636363636],[-75.49375,38.82272727272727]]]}},{"type":"Feature","properties":{"bin":2050,"scenario":"rcp45","p100y":9.4},"geometry":{"type":"Polygon","coordinates":[[[-75.49375,38.82272727272727],[-75.375,38.82272727272727],[-75.375,38.96363636363636],[-75.49375,38.96363636363636],[-75.49375,38.82272727272727]]]}},{"type":"Feature","properties":{"bin":2050,"scenario":"rcp85","p100y":9.9},"geometry":{"type":"Polygon","coordinates":[[[-75.49375,38.82272727272727],[-75.375,38.82272727272727],[-75.375,38.96363636363636],[-75.49375,38.96363636363636],[-75.49375,38.82272727272727]]]}},{"type":"Feature","properties":{"bin":2075,"scenario":"rcp45","p100y":9.9},"geometry":{"type":"Polygon","coordinates":[[[-75.49375,38.82272727272727],[-75.375,38.82272727272727],[-75.375,38.96363636363636],[-75.49375,38.96363636363636],[-75.49375,38.82272727272727]]]}},{"type":"Feature","properties":{"bin":2075,"scenario":"rcp85","p100y":11.0},"geometry":{"type":"Polygon","coordinates":[[[-75.49375,38.82272727272727],[-75.375,38.82272727272727],[-75.375,38.96363636363636],[-75.49375,38.96363636363636],[-75.49375,38.82272727272727]]]}},{"type":"Feature","properties":{"bin":2100,"scenario":"rcp45","p100y":10.3},"geometry":{"type":"Polygon","coordinates":[[[-75.49375,38.82272727272727],[-75.375,38.82272727272727],[-75.375,38.96363636363636],[-75.49375,38.96363636363636],[-75.49375,38.82272727272727]]]}},{"type":"Feature","properties":{"bin":2100,"scenario":"rcp85","p100y":12.2},"geometry":{"type":"Polygon","coordinates":[[[-75.49375,38.82272727272727],[-75.375,38.82272727272727],[-75.375,38.96363636363636],[-75.49375,38.96363636363636],[-75.49375,38.82272727272727]]]}},{"type":"Feature","properties":{"bin":2030,"scenario":"rcp45","p100y":8.7},"geometry":{"type":"Polygon","coordinates":[[[-75.49375,38.96363636363636],[-75.375,38.96363636363636],[-75.375,39.10454545454545],[-75.49375,39.10454545454545],[-75.49375,38.96363636363636]]]}},{"type":"Feature","properties":{"bin":2030,"scenario":"rcp85","p100y":8.9},"geometry":{"type":"Polygon","coordinates":[[[-75.49375,38.96363636363636],[-75.375,38.96363636363636],[-75.375,39.10454545454545],[-75.49375,39.10454545454545],[-75.49375,38.96363636363636]]]}},{"type":"Feature","properties":{"bin":2050,"scenario":"rcp45","p100y":9.4},"geometry":{"type":"Polygon","coordinates":[[[-75.49375,38.96363636363636],[-75.375,38.96363636363636],[-75.375,39.10454545454545],[-75.49375,39.10454545454545],[-75.49375,38.96363636363636]]]}},{"type":"Feature","properties":{"bin":2050,"scenario":"rcp85","p100y":9.9},"geometry":{"type":"Polygon","coordinates":[[[-75.49375,38.96363636363636],[-75.375,38.96363636363636],[-75.375,39.10454545454545],[-75.49375,39.10454545454545],[-75.49375,38.96363636363636]]]}},{"type":"Feature","properties":{"bin":2075,"scenario":"rcp45","p100y":9.9},"geometry":{"type":"Polygon","coordinates":[[[-75.49375,38.96363636363636],[-75.375,38.96363636363636],[-75.375,39.10454545454545],[-75.49375,39.10454545454545],[-75.49375,38.96363636363636]]]}},{"type":"Feature","properties":{"bin":2075,"scenario":"rcp85","p100y":11.0},"geometry":{"type":"Polygon","coordinates":[[[-75.49375,38.96363636363636],[-75.375,38.96363636363636],[-75.375,39.10454545454545],[-75.49375,39.10454545454545],[-75.49375,38.96363636363636]]]}},{"type":"Feature","properties":{"bin":2100,"scenario":"rcp45","p100y":10.3},"geometry":{"type":"Polygon","coordinates":[[[-75.49375,38.96363636363636],[-75.375,38.96363636363636],[-75.375,39.10454545454545],[-75.49375,39.10454545454545],[-75.49375,38.96363636363636]]]}},{"type":"Feature","properties":{"bin":2100,"scenario":"rcp85","p100y":12.2},"geometry":{"type":"Polygon","coordinates":[[[-75.49375,38.96363636363636],[-75.375,38.96363636363636],[-75.375,39.10454545454545],[-75.49375,39.10454545454545],[-75.49375,38.96363636363636]]]}},{"type":"Feature","properties":{"bin":2030,"scenario":"rcp45","p100y":8.7},"geometry":{"type":"Polygon","coordinates":[[[-75.49375,39.10454545454545],[-75.375,39.10454545454545],[-75.375,39.24545454545454],[-75.49375,39.24545454545454],[-75.49375,39.10454545454545]]]}},{"type":"Feature","properties":{"bin":2030,"scenario":"rcp85","p100y":8.9},"geometry":{"type":"Polygon","coordinates":[[[-75.49375,39.10454545454545],[-75.375,39.10454545454545],[-75.375,39.24545454545454],[-75.49375,39.24545454545454],[-75.49375,39.10454545454545]]]}},{"type":"Feature","properties":{"bin":2050,"scenario":"rcp45","p100y":9.4},"geometry":{"type":"Polygon","coordinates":[[[-75.49375,39.10454545454545],[-75.375,39.10454545454545],[-75.375,39.24545454545454],[-75.49375,39.24545454545454],[-75.49375,39.10454545454545]]]}},{"type":"Feature","properties":{"bin":2050,"scenario":"rcp85","p100y":9.9},"geometry":{"type":"Polygon","coordinates":[[[-75.49375,39.10454545454545],[-75.375,39.10454545454545],[-75.375,39.24545454545454],[-75.49375,39.24545454545454],[-75.49375,39.10454545454545]]]}},{"type":"Feature","properties":{"bin":2075,"scenario":"rcp45","p100y":9.9},"geometry":{"type":"Polygon","coordinates":[[[-75.49375,39.10454545454545],[-75.375,39.10454545454545],[-75.375,39.24545454545454],[-75.49375,39.24545454545454],[-75.49375,39.10454545454545]]]}},{"type":"Feature","properties":{"bin":2075,"scenario":"rcp85","p100y":11.0},"geometry":{"type":"Polygon","coordinates":[[[-75.49375,39.10454545454545],[-75.375,39.10454545454545],[-75.375,39.24545454545454],[-75.49375,39.24545454545454],[-75.49375,39.10454545454545]]]}},{"type":"Feature","properties":{"bin":2100,"scenario":"rcp45","p100y":10.3},"geometry":{"type":"Polygon","coordinates":[[[-75.49375,39.10454545454545],[-75.375,39.10454545454545],[-75.375,39.24545454545454],[-75.49375,39.24545454545454],[-75.49375,39.10454545454545]]]}},{"type":"Feature","properties":{"bin":2100,"scenario":"rcp85","p100y":12.2},"geometry":{"type":"Polygon","coordinates":[[[-75.49375,39.10454545454545],[-75.375,39.10454545454545],[-75.375,39.24545454545454],[-75.49375,39.24545454545454],[-75.49375,39.10454545454545]]]}},{"type":"Feature","properties":{"bin":2030,"scenario":"rcp45","p100y":8.7},"geometry":{"type":"Polygon","coordinates":[[[-75.49375,39.24545454545455],[-75.375,39.24545454545455],[-75.375,39.38636363636364],[-75.49375,39.38636363636364],[-75.49375,39.24545454545455]]]}},{"type":"Feature","properties":{"bin":2030,"scenario":"rcp85","p100y":8.9},"geometry":{"type":"Polygon","coordinates":[[[-75.49375,39.24545454545455],[-75.375,39.24545454545455],[-75.375,39.38636363636364],[-75.49375,39.38636363636364],[-75.49375,39.24545454545455]]]}},{"type":"Feature","properties":{"bin":2050,"scenario":"rcp45","p100y":9.4},"geometry":{"type":"Polygon","coordinates":[[[-75.49375,39.24545454545455],[-75.375,39.24545454545455],[-75.375,39.38636363636364],[-75.49375,39.38636363636364],[-75.49375,39.24545454545455]]]}},{"type":"Feature","properties":{"bin":2050,"scenario":"rcp85","p100y":9.9},"geometry":{"type":"Polygon","coordinates":[[[-75.49375,39.24545454545455],[-75.375,39.24545454545455],[-75.375,39.38636363636364],[-75.49375,39.38636363636364],[-75.49375,39.24545454545455]]]}},{"type":"Feature","properties":{"bin":2075,"scenario":"rcp45","p100y":9.9},"geometry":{"type":"Polygon","coordinates":[[[-75.49375,39.24545454545455],[-75.375,39.24545454545455],[-75.375,39.38636363636364],[-75.49375,39.38636363636364],[-75.49375,39.24545454545455]]]}},{"type":"Feature","properties":{"bin":2075,"scenario":"rcp85","p100y":11.0},"geometry":{"type":"Polygon","coordinates":[[[-75.49375,39.24545454545455],[-75.375,39.24545454545455],[-75.375,39.38636363636364],[-75.49375,39.38636363636364],[-75.49375,39.24545454545455]]]}},{"type":"Feature","properties":{"bin":2100,"scenario":"rcp45","p100y":10.3},"geometry":{"type":"Polygon","coordinates":[[[-75.49375,39.24545454545455],[-75.375,39.24545454545455],[-75.375,39.38636363636364],[-75.49375,39.38636363636364],[-75.49375,39.24545454545455]]]}},{"type":"Feature","properties":{"bin":2100,"scenario":"rcp85","p100y":12.2},"geometry":{"type":"Polygon","coordinates":[[[-75.49375,39.24545454545455],[-75.375,39.24545454545455],[-75.375,39.38636363636364],[-75.49375,39.38636363636364],[-75.49375,39.24545454545455]]]}},{"type":"Feature","properties":{"bin":2030,"scenario":"rcp45","p100y":8.7},"geometry":{"type":"Polygon","coordinates":[[[-75.49375,39.38636363636364],[-75.375,39.38636363636364],[-75.375,39.52727272727273],[-75.49375,39.52727272727273],[-75.49375,39.38636363636364]]]}},{"type":"Feature","properties":{"bin":2030,"scenario":"rcp85","p100y":8.9},"geometry":{"type":"Polygon","coordinates":[[[-75.49375,39.38636363636364],[-75.375,39.38636363636364],[-75.375,39.52727272727273],[-75.49375,39.52727272727273],[-75.49375,39.38636363636364]]]}},{"type":"Feature","properties":{"bin":2050,"scenario":"rcp45","p100y":9.4},"geometry":{"type":"Polygon","coordinates":[[[-75.49375,39.38636363636364],[-75.375,39.38636363636364],[-75.375,39.52727272727273],[-75.49375,39.52727272727273],[-75.49375,39.38636363636364]]]}},{"type":"Feature","properties":{"bin":2050,"scenario":"rcp85","p100y":9.9},"geometry":{"type":"Polygon","coordinates":[[[-75.49375,39.38636363636364],[-75.375,39.38636363636364],[-75.375,39.52727272727273],[-75.49375,39.52727272727273],[-75.49375,39.38636363636364]]]}},{"type":"Feature","properties":{"bin":2075,"scenario":"rcp45","p100y":9.9},"geometry":{"type":"Polygon","coordinates":[[[-75.49375,39.38636363636364],[-75.375,39.38636363636364],[-75.375,39.52727272727273],[-75.49375,39.52727272727273],[-75.49375,39.38636363636364]]]}},{"type":"Feature","properties":{"bin":2075,"scenario":"rcp85","p100y":11.0},"geometry":{"type":"Polygon","coordinates":[[[-75.49375,39.38636363636364],[-75.375,39.38636363636364],[-75.375,39.52727272727273],[-75.49375,39.52727272727273],[-75.49375,39.38636363636364]]]}},{"type":"Feature","properties":{"bin":2100,"scenario":"rcp45","p100y":10.3},"geometry":{"type":"Polygon","coordinates":[[[-75.49375,39.38636363636364],[-75.375,39.38636363636364],[-75.375,39.52727272727273],[-75.49375,39.52727272727273],[-75.49375,39.38636363636364]]]}},{"type":"Feature","properties":{"bin":2100,"scenario":"rcp85","p100y":12.2},"geometry":{"type":"Polygon","coordinates":[[[-75.49375,39.38636363636364],[-75.375,39.38636363636364],[-75.375,39.52727272727273],[-75.49375,39.52727272727273],[-75.49375,39.38636363636364]]]}},{"type":"Feature","properties":{"bin":2030,"scenario":"rcp45","p100y":8.7},"geometry":{"type":"Polygon","coordinates":[[[-75.49375,39.52727272727273],[-75.375,39.52727272727273],[-75.375,39.66818181818182],[-75.49375,39.66818181818182],[-75.49375,39.52727272727273]]]}},{"type":"Feature","properties":{"bin":2030,"scenario":"rcp85","p100y":8.9},"geometry":{"type":"Polygon","coordinates":[[[-75.49375,39.52727272727273],[-75.375,39.52727272727273],[-75.375,39.66818181818182],[-75.49375,39.66818181818182],[-75.49375,39.52727272727273]]]}},{"type":"Feature","properties":{"bin":2050,"scenario":"rcp45","p100y":9.4},"geometry":{"type":"Polygon","coordinates":[[[-75.49375,39.52727272727273],[-75.375,39.52727272727273],[-75.375,39.66818181818182],[-75.49375,39.66818181818182],[-75.49375,39.52727272727273]]]}},{"type":"Feature","properties":{"bin":2050,"scenario":"rcp85","p100y":9.9},"geometry":{"type":"Polygon","coordinates":[[[-75.49375,39.52727272727273],[-75.375,39.52727272727273],[-75.375,39.66818181818182],[-75.49375,39.66818181818182],[-75.49375,39.52727272727273]]]}},{"type":"Feature","properties":{"bin":2075,"scenario":"rcp45","p100y":9.9},"geometry":{"type":"Polygon","coordinates":[[[-75.49375,39.52727272727273],[-75.375,39.52727272727273],[-75.375,39.66818181818182],[-75.49375,39.66818181818182],[-75.49375,39.52727272727273]]]}},{"type":"Feature","properties":{"bin":2075,"scenario":"rcp85","p100y":11.0},"geometry":{"type":"Polygon","coordinates":[[[-75.49375,39.52727272727273],[-75.375,39.52727272727273],[-75.375,39.66818181818182],[-75.49375,39.66818181818182],[-75.49375,39.52727272727273]]]}},{"type":"Feature","properties":{"bin":2100,"scenario":"rcp45","p100y":10.3},"geometry":{"type":"Polygon","coordinates":[[[-75.49375,39.52727272727273],[-75.375,39.52727272727273],[-75.375,39.66818181818182],[-75.49375,39.66818181818182],[-75.49375,39.52727272727273]]]}},{"type":"Feature","properties":{"bin":2100,"scenario":"rcp85","p100y":12.2},"geometry":{"type":"Polygon","coordinates":[[[-75.49375,39.52727272727273],[-75.375,39.52727272727273],[-75.375,39.66818181818182],[-75.49375,39.66818181818182],[-75.49375,39.52727272727273]]]}},{"type":"Feature","properties":{"bin":2030,"scenario":"rcp45","p100y":8.7},"geometry":{"type":"Polygon","coordinates":[[[-75.49375,39.66818181818182],[-75.375,39.66818181818182],[-75.375,39.80909090909091],[-75.49375,39.80909090909091],[-75.49375,39.66818181818182]]]}},{"type":"Feature","properties":{"bin":2030,"scenario":"rcp85","p100y":8.9},"geometry":{"type":"Polygon","coordinates":[[[-75.49375,39.66818181818182],[-75.375,39.66818181818182],[-75.375,39.80909090909091],[-75.49375,39.80909090909091],[-75.49375,39.66818181818182]]]}},{"type":"Feature","properties":{"bin":2050,"scenario":"rcp45","p100y":9.4},"geometry":{"type":"Polygon","coordinates":[[[-75.49375,39.66818181818182],[-75.375,39.66818181818182],[-75.375,39.80909090909091],[-75.49375,39.80909090909091],[-75.49375,39.66818181818182]]]}},{"type":"Feature","properties":{"bin":2050,"scenario":"rcp85","p100y":9.9},"geometry":{"type":"Polygon","coordinates":[[[-75.49375,39.66818181818182],[-75.375,39.66818181818182],[-75.375,39.80909090909091],[-75.49375,39.80909090909091],[-75.49375,39.66818181818182]]]}},{"type":"Feature","properties":{"bin":2075,"scenario":"rcp45","p100y":9.9},"geometry":{"type":"Polygon","coordinates":[[[-75.49375,39.66818181818182],[-75.375,39.66818181818182],[-75.375,39.80909090909091],[-75.49375,39.80909090909091],[-75.49375,39.66818181818182]]]}},{"type":"Feature","properties":{"bin":2075,"scenario":"rcp85","p100y":11.0},"geometry":{"type":"Polygon","coordinates":[[[-75.49375,39.66818181818182],[-75.375,39.66818181818182],[-75.375,39.80909090909091],[-75.49375,39.80909090909091],[-75.49375,39.66818181818182]]]}},{"type":"Feature","properties":{"bin":2100,"scenario":"rcp45","p100y":10.3},"geometry":{"type":"Polygon","coordinates":[[[-75.49375,39.66818181818182],[-75.375,39.66818181818182],[-75.375,39.80909090909091],[-75.49375,39.80909090909091],[-75.49375,39.66818181818182]]]}},{"type":"Feature","properties":{"bin":2100,"scenario":"rcp85","p100y":12.2},"geometry":{"type":"Polygon","coordinates":[[[-75.49375,39.66818181818182],[-75.375,39.66818181818182],[-75.375,39.80909090909091],[-75.49375,39.80909090909091],[-75.49375,39.66818181818182]]]}},{"type":"Feature","properties":{"bin":2030,"scenario":"rcp45","p100y":8.7},"geometry":{"type":"Polygon","coordinates":[[[-75.49375,39.80909090909091],[-75.375,39.80909090909091],[-75.375,39.95],[-75.49375,39.95],[-75.49375,39.80909090909091]]]}},{"type":"Feature","properties":{"bin":2030,"scenario":"rcp85","p100y":8.9},"geometry":{"type":"Polygon","coordinates":[[[-75.49375,39.80909090909091],[-75.375,39.80909090909091],[-75.375,39.95],[-75.49375,39.95],[-75.49375,39.80909090909091]]]}},{"type":"Feature","properties":{"bin":2050,"scenario":"rcp45","p100y":9.4},"geometry":{"type":"Polygon","coordinates":[[[-75.49375,39.80909090909091],[-75.375,39.80909090909091],[-75.375,39.95],[-75.49375,39.95],[-75.49375,39.80909090909091]]]}},{"type":"Feature","properties":{"bin":2050,"scenario":"rcp85","p100y":9.9},"geometry":{"type":"Polygon","coordinates":[[[-75.49375,39.80909090909091],[-75.375,39.80909090909091],[-75.375,39.95],[-75.49375,39.95],[-75.49375,39.80909090909091]]]}},{"type":"Feature","properties":{"bin":2075,"scenario":"rcp45","p100y":9.9},"geometry":{"type":"Polygon","coordinates":[[[-75.49375,39.80909090909091],[-75.375,39.80909090909091],[-75.375,39.95],[-75.49375,39.95],[-75.49375,39.80909090909091]]]}},{"type":"Feature","properties":{"bin":2075,"scenario":"rcp85","p100y":11.0},"geometry":{"type":"Polygon","coordinates":[[[-75.49375,39.80909090909091],[-75.375,39.80909090909091],[-75.375,39.95],[-75.49375,39.95],[-75.49375,39.80909090909091]]]}},{"type":"Feature","properties":{"bin":2100,"scenario":"rcp45","p100y":10.3},"geometry":{"type":"Polygon","coordinates":[[[-75.49375,39.80909090909091],[-75.375,39.80909090909091],[-75.375,39.95],[-75.49375,39.95],[-75.49375,39.80909090909091]]]}},{"type":"Feature","properties":{"bin":2100,"scenario":"rcp85","p100y":12.2},"geometry":{"type":"Polygon","coordinates":[[[-75.49375,39.80909090909091],[-75.375,39.80909090909091],[-75.375,39.95],[-75.49375,39.95],[-75.49375,39.80909090909091]]]}},{"type":"Feature","properties":{"bin":2030,"scenario":"rcp45","p100y":9.0},"geometry":{"type":"Polygon","coordinates":[[[-75.375,38.4],[-75.25625,38.4],[-75.25625,38.54090909090909],[-75.375,38.54090909090909],[-75.375,38.4]]]}},{"type":"Feature","properties":{"bin":2030,"scenario":"rcp85","p100y":9.2},"geometry":{"type":"Polygon","coordinates":[[[-75.375,38.4],[-75.25625,38.4],[-75.25625,38.54090909090909],[-75.375,38.54090909090909],[-75.375,38.4]]]}},{"type":"Feature","properties":{"bin":2050,"scenario":"rcp45","p100y":9.7},"geometry":{"type":"Polygon","coordinates":[[[-75.375,38.4],[-75.25625,38.4],[-75.25625,38.54090909090909],[-75.375,38.54090909090909],[-75.375,38.4]]]}},{"type":"Feature","properties":{"bin":2050,"scenario":"rcp85","p100y":10.2},"geometry":{"type":"Polygon","coordinates":[[[-75.375,38.4],[-75.25625,38.4],[-75.25625,38.54090909090909],[-75.375,38.54090909090909],[-75.375,38.4]]]}},{"type":"Feature","properties":{"bin":2075,"scenario":"rcp45","p100y":10.2},"geometry":{"type":"Polygon","coordinates":[[[-75.375,38.4],[-75.25625,38.4],[-75.25625,38.54090909090909],[-75.375,38.54090909090909],[-75.375,38.4]]]}},{"type":"Feature","properties":{"bin":2075,"scenario":"rcp85","p100y":11.3},"geometry":{"type":"Polygon","coordinates":[[[-75.375,38.4],[-75.25625,38.4],[-75.25625,38.54090909090909],[-75.375,38.54090909090909],[-75.375,38.4]]]}},{"type":"Feature","properties":{"bin":2100,"scenario":"rcp45","p100y":10.6},"geometry":{"type":"Polygon","coordinates":[[[-75.375,38.4],[-75.25625,38.4],[-75.25625,38.54090909090909],[-75.375,38.54090909090909],[-75.375,38.4]]]}},{"type":"Feature","properties":{"bin":2100,"scenario":"rcp85","p100y":12.5},"geometry":{"type":"Polygon","coordinates":[[[-75.375,38.4],[-75.25625,38.4],[-75.25625,38.54090909090909],[-75.375,38.54090909090909],[-75.375,38.4]]]}},{"type":"Feature","properties":{"bin":2030,"scenario":"rcp45","p100y":9.0},"geometry":{"type":"Polygon","coordinates":[[[-75.375,38.54090909090909],[-75.25625,38.54090909090909],[-75.25625,38.68181818181818],[-75.375,38.68181818181818],[-75.375,38.54090909090909]]]}},{"type":"Feature","properties":{"bin":2030,"scenario":"rcp85","p100y":9.2},"geometry":{"type":"Polygon","coordinates":[[[-75.375,38.54090909090909],[-75.25625,38.54090909090909],[-75.25625,38.68181818181818],[-75.375,38.68181818181818],[-75.375,38.54090909090909]]]}},{"type":"Feature","properties":{"bin":2050,"scenario":"rcp45","p100y":9.7},"geometry":{"type":"Polygon","coordinates":[[[-75.375,38.54090909090909],[-75.25625,38.54090909090909],[-75.25625,38.68181818181818],[-75.375,38.68181818181818],[-75.375,38.54090909090909]]]}},{"type":"Feature","properties":{"bin":2050,"scenario":"rcp85","p100y":10.2},"geometry":{"type":"Polygon","coordinates":[[[-75.375,38.54090909090909],[-75.25625,38.54090909090909],[-75.25625,38.68181818181818],[-75.375,38.68181818181818],[-75.375,38.54090909090909]]]}},{"type":"Feature","properties":{"bin":2075,"scenario":"rcp45","p100y":10.2},"geometry":{"type":"Polygon","coordinates":[[[-75.375,38.54090909090909],[-75.25625,38.54090909090909],[-75.25625,38.68181818181818],[-75.375,38.68181818181818],[-75.375,38.54090909090909]]]}},{"type":"Feature","properties":{"bin":2075,"scenario":"rcp85","p100y":11.3},"geometry":{"type":"Polygon","coordinates":[[[-75.375,38.54090909090909],[-75.25625,38.54090909090909],[-75.25625,38.68181818181818],[-75.375,38.68181818181818],[-75.375,38.54090909090909]]]}},{"type":"Feature","properties":{"bin":2100,"scenario":"rcp45","p100y":10.6},"geometry":{"type":"Polygon","coordinates":[[[-75.375,38.54090909090909],[-75.25625,38.54090909090909],[-75.25625,38.68181818181818],[-75.375,38.68181818181818],[-75.375,38.54090909090909]]]}},{"type":"Feature","properties":{"bin":2100,"scenario":"rcp85","p100y":12.5},"geometry":{"type":"Polygon","coordinates":[[[-75.375,38.54090909090909],[-75.25625,38.54090909090909],[-75.25625,38.68181818181818],[-75.375,38.68181818181818],[-75.375,38.54090909090909]]]}},{"type":"Feature","properties":{"bin":2030,"scenario":"rcp45","p100y":9.0},"geometry":{"type":"Polygon","coordinates":[[[-75.375,38.68181818181818],[-75.25625,38.68181818181818],[-75.25625,38.82272727272727],[-75.375,38.82272727272727],[-75.375,38.68181818181818]]]}},{"type":"Feature","properties":{"bin":2030,"scenario":"rcp85","p100y":9.2},"geometry":{"type":"Polygon","coordinates":[[[-75.375,38.68181818181818],[-75.25625,38.68181818181818],[-75.25625,38.82272727272727],[-75.375,38.82272727272727],[-75.375,38.68181818181818]]]}},{"type":"Feature","properties":{"bin":2050,"scenario":"rcp45","p100y":9.7},"geometry":{"type":"Polygon","coordinates":[[[-75.375,38.68181818181818],[-75.25625,38.68181818181818],[-75.25625,38.82272727272727],[-75.375,38.82272727272727],[-75.375,38.68181818181818]]]}},{"type":"Feature","properties":{"bin":2050,"scenario":"rcp85","p100y":10.2},"geometry":{"type":"Polygon","coordinates":[[[-75.375,38.68181818181818],[-75.25625,38.68181818181818],[-75.25625,38.82272727272727],[-75.375,38.82272727272727],[-75.375,38.68181818181818]]]}},{"type":"Feature","properties":{"bin":2075,"scenario":"rcp45","p100y":10.2},"geometry":{"type":"Polygon","coordinates":[[[-75.375,38.68181818181818],[-75.25625,38.68181818181818],[-75.25625,38.82272727272727],[-75.375,38.82272727272727],[-75.375,38.68181818181818]]]}},{"type":"Feature","properties":{"bin":2075,"scenario":"rcp85","p100y":11.3},"geometry":{"type":"Polygon","coordinates":[[[-75.375,38.68181818181818],[-75.25625,38.68181818181818],[-75.25625,38.82272727272727],[-75.375,38.82272727272727],[-75.375,38.68181818181818]]]}},{"type":"Feature","properties":{"bin":2100,"scenario":"rcp45","p100y":10.6},"geometry":{"type":"Polygon","coordinates":[[[-75.375,38.68181818181818],[-75.25625,38.68181818181818],[-75.25625,38.82272727272727],[-75.375,38.82272727272727],[-75.375,38.68181818181818]]]}},{"type":"Feature","properties":{"bin":2100,"scenario":"rcp85","p100y":12.5},"geometry":{"type":"Polygon","coordinates":[[[-75.375,38.68181818181818],[-75.25625,38.68181818181818],[-75.25625,38.82272727272727],[-75.375,38.82272727272727],[-75.375,38.68181818181818]]]}},{"type":"Feature","properties":{"bin":2030,"scenario":"rcp45","p100y":8.7},"geometry":{"type":"Polygon","coordinates":[[[-75.375,38.82272727272727],[-75.25625,38.82272727272727],[-75.25625,38.96363636363636],[-75.375,38.96363636363636],[-75.375,38.82272727272727]]]}},{"type":"Feature","properties":{"bin":2030,"scenario":"rcp85","p100y":8.9},"geometry":{"type":"Polygon","coordinates":[[[-75.375,38.82272727272727],[-75.25625,38.82272727272727],[-75.25625,38.96363636363636],[-75.375,38.96363636363636],[-75.375,38.82272727272727]]]}},{"type":"Feature","properties":{"bin":2050,"scenario":"rcp45","p100y":9.4},"geometry":{"type":"Polygon","coordinates":[[[-75.375,38.82272727272727],[-75.25625,38.82272727272727],[-75.25625,38.96363636363636],[-75.375,38.96363636363636],[-75.375,38.82272727272727]]]}},{"type":"Feature","properties":{"bin":2050,"scenario":"rcp85","p100y":9.9},"geometry":{"type":"Polygon","coordinates":[[[-75.375,38.82272727272727],[-75.25625,38.82272727272727],[-75.25625,38.96363636363636],[-75.375,38.96363636363636],[-75.375,38.82272727272727]]]}},{"type":"Feature","properties":{"bin":2075,"scenario":"rcp45","p100y":9.9},"geometry":{"type":"Polygon","coordinates":[[[-75.375,38.82272727272727],[-75.25625,38.82272727272727],[-75.25625,38.96363636363636],[-75.375,38.96363636363636],[-75.375,38.82272727272727]]]}},{"type":"Feature","properties":{"bin":2075,"scenario":"rcp85","p100y":11.0},"geometry":{"type":"Polygon","coordinates":[[[-75.375,38.82272727272727],[-75.25625,38.82272727272727],[-75.25625,38.96363636363636],[-75.375,38.96363636363636],[-75.375,38.82272727272727]]]}},{"type":"Feature","properties":{"bin":2100,"scenario":"rcp45","p100y":10.3},"geometry":{"type":"Polygon","coordinates":[[[-75.375,38.82272727272727],[-75.25625,38.82272727272727],[-75.25625,38.96363636363636],[-75.375,38.96363636363636],[-75.375,38.82272727272727]]]}},{"type":"Feature","properties":{"bin":2100,"scenario":"rcp85","p100y":12.2},"geometry":{"type":"Polygon","coordinates":[[[-75.375,38.82272727272727],[-75.25625,38.82272727272727],[-75.25625,38.96363636363636],[-75.375,38.96363636363636],[-75.375,38.82272727272727]]]}},{"type":"Feature","properties":{"bin":2030,"scenario":"rcp45","p100y":8.7},"geometry":{"type":"Polygon","coordinates":[[[-75.375,38.96363636363636],[-75.25625,38.96363636363636],[-75.25625,39.10454545454545],[-75.375,39.10454545454545],[-75.375,38.96363636363636]]]}},{"type":"Feature","properties":{"bin":2030,"scenario":"rcp85","p100y":8.9},"geometry":{"type":"Polygon","coordinates":[[[-75.375,38.96363636363636],[-75.25625,38.96363636363636],[-75.25625,39.10454545454545],[-75.375,39.10454545454545],[-75.375,38.96363636363636]]]}},{"type":"Feature","properties":{"bin":2050,"scenario":"rcp45","p100y":9.4},"geometry":{"type":"Polygon","coordinates":[[[-75.375,38.96363636363636],[-75.25625,38.96363636363636],[-75.25625,39.10454545454545],[-75.375,39.10454545454545],[-75.375,38.96363636363636]]]}},{"type":"Feature","properties":{"bin":2050,"scenario":"rcp85","p100y":9.9},"geometry":{"type":"Polygon","coordinates":[[[-75.375,38.96363636363636],[-75.25625,38.96363636363636],[-75.25625,39.10454545454545],[-75.375,39.10454545454545],[-75.375,38.96363636363636]]]}},{"type":"Feature","properties":{"bin":2075,"scenario":"rcp45","p100y":9.9},"geometry":{"type":"Polygon","coordinates":[[[-75.375,38.96363636363636],[-75.25625,38.96363636363636],[-75.25625,39.10454545454545],[-75.375,39.10454545454545],[-75.375,38.96363636363636]]]}},{"type":"Feature","properties":{"bin":2075,"scenario":"rcp85","p100y":11.0},"geometry":{"type":"Polygon","coordinates":[[[-75.375,38.96363636363636],[-75.25625,38.96363636363636],[-75.25625,39.10454545454545],[-75.375,39.10454545454545],[-75.375,38.96363636363636]]]}},{"type":"Feature","properties":{"bin":2100,"scenario":"rcp45","p100y":10.3},"geometry":{"type":"Polygon","coordinates":[[[-75.375,38.96363636363636],[-75.25625,38.96363636363636],[-75.25625,39.10454545454545],[-75.375,39.10454545454545],[-75.375,38.96363636363636]]]}},{"type":"Feature","properties":{"bin":2100,"scenario":"rcp85","p100y":12.2},"geometry":{"type":"Polygon","coordinates":[[[-75.375,38.96363636363636],[-75.25625,38.96363636363636],[-75.25625,39.10454545454545],[-75.375,39.10454545454545],[-75.375,38.96363636363636]]]}},{"type":"Feature","properties":{"bin":2030,"scenario":"rcp45","p100y":8.7},"geometry":{"type":"Polygon","coordinates":[[[-75.375,39.10454545454545],[-75.25625,39.10454545454545],[-75.25625,39.24545454545454],[-75.375,39.24545454545454],[-75.375,39.10454545454545]]]}},{"type":"Feature","properties":{"bin":2030,"scenario":"rcp85","p100y":8.9},"geometry":{"type":"Polygon","coordinates":[[[-75.375,39.10454545454545],[-75.25625,39.10454545454545],[-75.25625,39.24545454545454],[-75.375,39.24545454545454],[-75.375,39.10454545454545]]]}},{"type":"Feature","properties":{"bin":2050,"scenario":"rcp45","p100y":9.4},"geometry":{"type":"Polygon","coordinates":[[[-75.375,39.10454545454545],[-75.25625,39.10454545454545],[-75.25625,39.24545454545454],[-75.375,39.24545454545454],[-75.375,39.10454545454545]]]}},{"type":"Feature","properties":{"bin":2050,"scenario":"rcp85","p100y":9.9},"geometry":{"type":"Polygon","coordinates":[[[-75.375,39.10454545454545],[-75.25625,39.10454545454545],[-75.25625,39.24545454545454],[-75.375,39.24545454545454],[-75.375,39.10454545454545]]]}},{"type":"Feature","properties":{"bin":2075,"scenario":"rcp45","p100y":9.9},"geometry":{"type":"Polygon","coordinates":[[[-75.375,39.10454545454545],[-75.25625,39.10454545454545],[-75.25625,39.24545454545454],[-75.375,39.24545454545454],[-75.375,39.10454545454545]]]}},{"type":"Feature","properties":{"bin":2075,"scenario":"rcp85","p100y":11.0},"geometry":{"type":"Polygon","coordinates":[[[-75.375,39.10454545454545],[-75.25625,39.10454545454545],[-75.25625,39.24545454545454],[-75.375,39.24545454545454],[-75.375,39.10454545454545]]]}},{"type":"Feature","properties":{"bin":2100,"scenario":"rcp45","p100y":10.3},"geometry":{"type":"Polygon","coordinates":[[[-75.375,39.10454545454545],[-75.25625,39.10454545454545],[-75.25625,39.24545454545454],[-75.375,39.24545454545454],[-75.375,39.10454545454545]]]}},{"type":"Feature","properties":{"bin":2100,"scenario":"rcp85","p100y":12.2},"geometry":{"type":"Polygon","coordinates":[[[-75.375,39.10454545454545],[-75.25625,39.10454545454545],[-75.25625,39.24545454545454],[-75.375,39.24545454545454],[-75.375,39.10454545454545]]]}},{"type":"Feature","properties":{"bin":2030,"scenario":"rcp45","p100y":8.7},"geometry":{"type":"Polygon","coordinates":[[[-75.375,39.24545454545455],[-75.25625,39.24545454545455],[-75.25625,39.38636363636364],[-75.375,39.38636363636364],[-75.375,39.24545454545455]]]}},{"type":"Feature","properties":{"bin":2030,"scenario":"rcp85","p100y":8.9},"geometry":{"type":"Polygon","coordinates":[[[-75.375,39.24545454545455],[-75.25625,39.24545454545455],[-75.25625,39.38636363636364],[-75.375,39.38636363636364],[-75.375,39.24545454545455]]]}},{"type":"Feature","properties":{"bin":2050,"scenario":"rcp45","p100y":9.4},"geometry":{"type":"Polygon","coordinates":[[[-75.375,39.24545454545455],[-75.25625,39.24545454545455],[-75.25625,39.38636363636364],[-75.375,39.38636363636364],[-75.375,39.24545454545455]]]}},{"type":"Feature","properties":{"bin":2050,"scenario":"rcp85","p100y":9.9},"geometry":{"type":"Polygon","coordinates":[[[-75.375,39.24545454545455],[-75.25625,39.24545454545455],[-75.25625,39.38636363636364],[-75.375,39.38636363636364],[-75.375,39.24545454545455]]]}},{"type":"Feature","properties":{"bin":2075,"scenario":"rcp45","p100y":9.9},"geometry":{"type":"Polygon","coordinates":[[[-75.375,39.24545454545455],[-75.25625,39.24545454545455],[-75.25625,39.38636363636364],[-75.375,39.38636363636364],[-75.375,39.24545454545455]]]}},{"type":"Feature","properties":{"bin":2075,"scenario":"rcp85","p100y":11.0},"geometry":{"type":"Polygon","coordinates":[[[-75.375,39.24545454545455],[-75.25625,39.24545454545455],[-75.25625,39.38636363636364],[-75.375,39.38636363636364],[-75.375,39.24545454545455]]]}},{"type":"Feature","properties":{"bin":2100,"scenario":"rcp45","p100y":10.3},"geometry":{"type":"Polygon","coordinates":[[[-75.375,39.24545454545455],[-75.25625,39.24545454545455],[-75.25625,39.38636363636364],[-75.375,39.38636363636364],[-75.375,39.24545454545455]]]}},{"type":"Feature","properties":{"bin":2100,"scenario":"rcp85","p100y":12.2},"geometry":{"type":"Polygon","coordinates":[[[-75.375,39.24545454545455],[-75.25625,39.24545454545455],[-75.25625,39.38636363636364],[-75.375,39.38636363636364],[-75.375,39.24545454545455]]]}},{"type":"Feature","properties":{"bin":2030,"scenario":"rcp45","p100y":8.7},"geometry":{"type":"Polygon","coordinates":[[[-75.375,39.38636363636364],[-75.25625,39.38636363636364],[-75.25625,39.52727272727273],[-75.375,39.52727272727273],[-75.375,39.38636363636364]]]}},{"type":"Feature","properties":{"bin":2030,"scenario":"rcp85","p100y":8.9},"geometry":{"type":"Polygon","coordinates":[[[-75.375,39.38636363636364],[-75.25625,39.38636363636364],[-75.25625,39.52727272727273],[-75.375,39.52727272727273],[-75.375,39.38636363636364]]]}},{"type":"Feature","properties":{"bin":2050,"scenario":"rcp45","p100y":9.4},"geometry":{"type":"Polygon","coordinates":[[[-75.375,39.38636363636364],[-75.25625,39.38636363636364],[-75.25625,39.52727272727273],[-75.375,39.52727272727273],[-75.375,39.38636363636364]]]}},{"type":"Feature","properties":{"bin":2050,"scenario":"rcp85","p100y":9.9},"geometry":{"type":"Polygon","coordinates":[[[-75.375,39.38636363636364],[-75.25625,39.38636363636364],[-75.25625,39.52727272727273],[-75.375,39.52727272727273],[-75.375,39.38636363636364]]]}},{"type":"Feature","properties":{"bin":2075,"scenario":"rcp45","p100y":9.9},"geometry":{"type":"Polygon","coordinates":[[[-75.375,39.38636363636364],[-75.25625,39.38636363636364],[-75.25625,39.52727272727273],[-75.375,39.52727272727273],[-75.375,39.38636363636364]]]}},{"type":"Feature","properties":{"bin":2075,"scenario":"rcp85","p100y":11.0},"geometry":{"type":"Polygon","coordinates":[[[-75.375,39.38636363636364],[-75.25625,39.38636363636364],[-75.25625,39.52727272727273],[-75.375,39.52727272727273],[-75.375,39.38636363636364]]]}},{"type":"Feature","properties":{"bin":2100,"scenario":"rcp45","p100y":10.3},"geometry":{"type":"Polygon","coordinates":[[[-75.375,39.38636363636364],[-75.25625,39.38636363636364],[-75.25625,39.52727272727273],[-75.375,39.52727272727273],[-75.375,39.38636363636364]]]}},{"type":"Feature","properties":{"bin":2100,"scenario":"rcp85","p100y":12.2},"geometry":{"type":"Polygon","coordinates":[[[-75.375,39.38636363636364],[-75.25625,39.38636363636364],[-75.25625,39.52727272727273],[-75.375,39.52727272727273],[-75.375,39.38636363636364]]]}},{"type":"Feature","properties":{"bin":2030,"scenario":"rcp45","p100y":8.7},"geometry":{"type":"Polygon","coordinates":[[[-75.375,39.52727272727273],[-75.25625,39.52727272727273],[-75.25625,39.66818181818182],[-75.375,39.66818181818182],[-75.375,39.52727272727273]]]}},{"type":"Feature","properties":{"bin":2030,"scenario":"rcp85","p100y":8.9},"geometry":{"type":"Polygon","coordinates":[[[-75.375,39.52727272727273],[-75.25625,39.52727272727273],[-75.25625,39.66818181818182],[-75.375,39.66818181818182],[-75.375,39.52727272727273]]]}},{"type":"Feature","properties":{"bin":2050,"scenario":"rcp45","p100y":9.4},"geometry":{"type":"Polygon","coordinates":[[[-75.375,39.52727272727273],[-75.25625,39.52727272727273],[-75.25625,39.66818181818182],[-75.375,39.66818181818182],[-75.375,39.52727272727273]]]}},{"type":"Feature","properties":{"bin":2050,"scenario":"rcp85","p100y":9.9},"geometry":{"type":"Polygon","coordinates":[[[-75.375,39.52727272727273],[-75.25625,39.52727272727273],[-75.25625,39.66818181818182],[-75.375,39.66818181818182],[-75.375,39.52727272727273]]]}},{"type":"Feature","properties":{"bin":2075,"scenario":"rcp45","p100y":9.9},"geometry":{"type":"Polygon","coordinates":[[[-75.375,39.52727272727273],[-75.25625,39.52727272727273],[-75.25625,39.66818181818182],[-75.375,39.66818181818182],[-75.375,39.52727272727273]]]}},{"type":"Feature","properties":{"bin":2075,"scenario":"rcp85","p100y":11.0},"geometry":{"type":"Polygon","coordinates":[[[-75.375,39.52727272727273],[-75.25625,39.52727272727273],[-75.25625,39.66818181818182],[-75.375,39.66818181818182],[-75.375,39.52727272727273]]]}},{"type":"Feature","properties":{"bin":2100,"scenario":"rcp45","p100y":10.3},"geometry":{"type":"Polygon","coordinates":[[[-75.375,39.52727272727273],[-75.25625,39.52727272727273],[-75.25625,39.66818181818182],[-75.375,39.66818181818182],[-75.375,39.52727272727273]]]}},{"type":"Feature","properties":{"bin":2100,"scenario":"rcp85","p100y":12.2},"geometry":{"type":"Polygon","coordinates":[[[-75.375,39.52727272727273],[-75.25625,39.52727272727273],[-75.25625,39.66818181818182],[-75.375,39.66818181818182],[-75.375,39.52727272727273]]]}},{"type":"Feature","properties":{"bin":2030,"scenario":"rcp45","p100y":8.7},"geometry":{"type":"Polygon","coordinates":[[[-75.375,39.66818181818182],[-75.25625,39.66818181818182],[-75.25625,39.80909090909091],[-75.375,39.80909090909091],[-75.375,39.66818181818182]]]}},{"type":"Feature","properties":{"bin":2030,"scenario":"rcp85","p100y":8.9},"geometry":{"type":"Polygon","coordinates":[[[-75.375,39.66818181818182],[-75.25625,39.66818181818182],[-75.25625,39.80909090909091],[-75.375,39.80909090909091],[-75.375,39.66818181818182]]]}},{"type":"Feature","properties":{"bin":2050,"scenario":"rcp45","p100y":9.4},"geometry":{"type":"Polygon","coordinates":[[[-75.375,39.66818181818182],[-75.25625,39.66818181818182],[-75.25625,39.80909090909091],[-75.375,39.80909090909091],[-75.375,39.66818181818182]]]}},{"type":"Feature","properties":{"bin":2050,"scenario":"rcp85","p100y":9.9},"geometry":{"type":"Polygon","coordinates":[[[-75.375,39.66818181818182],[-75.25625,39.66818181818182],[-75.25625,39.80909090909091],[-75.375,39.80909090909091],[-75.375,39.66818181818182]]]}},{"type":"Feature","properties":{"bin":2075,"scenario":"rcp45","p100y":9.9},"geometry":{"type":"Polygon","coordinates":[[[-75.375,39.66818181818182],[-75.25625,39.66818181818182],[-75.25625,39.80909090909091],[-75.375,39.80909090909091],[-75.375,39.66818181818182]]]}},{"type":"Feature","properties":{"bin":2075,"scenario":"rcp85","p100y":11.0},"geometry":{"type":"Polygon","coordinates":[[[-75.375,39.66818181818182],[-75.25625,39.66818181818182],[-75.25625,39.80909090909091],[-75.375,39.80909090909091],[-75.375,39.66818181818182]]]}},{"type":"Feature","properties":{"bin":2100,"scenario":"rcp45","p100y":10.3},"geometry":{"type":"Polygon","coordinates":[[[-75.375,39.66818181818182],[-75.25625,39.66818181818182],[-75.25625,39.80909090909091],[-75.375,39.80909090909091],[-75.375,39.66818181818182]]]}},{"type":"Feature","properties":{"bin":2100,"scenario":"rcp85","p100y":12.2},"geometry":{"type":"Polygon","coordinates":[[[-75.375,39.66818181818182],[-75.25625,39.66818181818182],[-75.25625,39.80909090909091],[-75.375,39.80909090909091],[-75.375,39.66818181818182]]]}},{"type":"Feature","properties":{"bin":2030,"scenario":"rcp45","p100y":8.7},"geometry":{"type":"Polygon","coordinates":[[[-75.375,39.80909090909091],[-75.25625,39.80909090909091],[-75.25625,39.95],[-75.375,39.95],[-75.375,39.80909090909091]]]}},{"type":"Feature","properties":{"bin":2030,"scenario":"rcp85","p100y":8.9},"geometry":{"type":"Polygon","coordinates":[[[-75.375,39.80909090909091],[-75.25625,39.80909090909091],[-75.25625,39.95],[-75.375,39.95],[-75.375,39.80909090909091]]]}},{"type":"Feature","properties":{"bin":2050,"scenario":"rcp45","p100y":9.4},"geometry":{"type":"Polygon","coordinates":[[[-75.375,39.80909090909091],[-75.25625,39.80909090909091],[-75.25625,39.95],[-75.375,39.95],[-75.375,39.80909090909091]]]}},{"type":"Feature","properties":{"bin":2050,"scenario":"rcp85","p100y":9.9},"geometry":{"type":"Polygon","coordinates":[[[-75.375,39.80909090909091],[-75.25625,39.80909090909091],[-75.25625,39.95],[-75.375,39.95],[-75.375,39.80909090909091]]]}},{"type":"Feature","properties":{"bin":2075,"scenario":"rcp45","p100y":9.9},"geometry":{"type":"Polygon","coordinates":[[[-75.375,39.80909090909091],[-75.25625,39.80909090909091],[-75.25625,39.95],[-75.375,39.95],[-75.375,39.80909090909091]]]}},{"type":"Feature","properties":{"bin":2075,"scenario":"rcp85","p100y":11.0},"geometry":{"type":"Polygon","coordinates":[[[-75.375,39.80909090909091],[-75.25625,39.80909090909091],[-75.25625,39.95],[-75.375,39.95],[-75.375,39.80909090909091]]]}},{"type":"Feature","properties":{"bin":2100,"scenario":"rcp45","p100y":10.3},"geometry":{"type":"Polygon","coordinates":[[[-75.375,39.80909090909091],[-75.25625,39.80909090909091],[-75.25625,39.95],[-75.375,39.95],[-75.375,39.80909090909091]]]}},{"type":"Feature","properties":{"bin":2100,"scenario":"rcp85","p100y":12.2},"geometry":{"type":"Polygon","coordinates":[[[-75.375,39.80909090909091],[-75.25625,39.80909090909091],[-75.25625,39.95],[-75.375,39.95],[-75.375,39.80909090909091]]]}},{"type":"Feature","properties":{"bin":2030,"scenario":"rcp45","p100y":9.0},"geometry":{"type":"Polygon","coordinates":[[[-75.25625,38.4],[-75.13749999999999,38.4],[-75.13749999999999,38.54090909090909],[-75.25625,38.54090909090909],[-75.25625,38.4]]]}},{"type":"Feature","properties":{"bin":2030,"scenario":"rcp85","p100y":9.2},"geometry":{"type":"Polygon","coordinates":[[[-75.25625,38.4],[-75.13749999999999,38.4],[-75.13749999999999,38.54090909090909],[-75.25625,38.54090909090909],[-75.25625,38.4]]]}},{"type":"Feature","properties":{"bin":2050,"scenario":"rcp45","p100y":9.7},"geometry":{"type":"Polygon","coordinates":[[[-75.25625,38.4],[-75.13749999999999,38.4],[-75.13749999999999,38.54090909090909],[-75.25625,38.54090909090909],[-75.25625,38.4]]]}},{"type":"Feature","properties":{"bin":2050,"scenario":"rcp85","p100y":10.2},"geometry":{"type":"Polygon","coordinates":[[[-75.25625,38.4],[-75.13749999999999,38.4],[-75.13749999999999,38.54090909090909],[-75.25625,38.54090909090909],[-75.25625,38.4]]]}},{"type":"Feature","properties":{"bin":2075,"scenario":"rcp45","p100y":10.2},"geometry":{"type":"Polygon","coordinates":[[[-75.25625,38.4],[-75.13749999999999,38.4],[-75.13749999999999,38.54090909090909],[-75.25625,38.54090909090909],[-75.25625,38.4]]]}},{"type":"Feature","properties":{"bin":2075,"scenario":"rcp85","p100y":11.3},"geometry":{"type":"Polygon","coordinates":[[[-75.25625,38.4],[-75.13749999999999,38.4],[-75.13749999999999,38.54090909090909],[-75.25625,38.54090909090909],[-75.25625,38.4]]]}},{"type":"Feature","properties":{"bin":2100,"scenario":"rcp45","p100y":10.6},"geometry":{"type":"Polygon","coordinates":[[[-75.25625,38.4],[-75.13749999999999,38.4],[-75.13749999999999,38.54090909090909],[-75.25625,38.54090909090909],[-75.25625,38.4]]]}},{"type":"Feature","properties":{"bin":2100,"scenario":"rcp85","p100y":12.5},"geometry":{"type":"Polygon","coordinates":[[[-75.25625,38.4],[-75.13749999999999,38.4],[-75.13749999999999,38.54090909090909],[-75.25625,38.54090909090909],[-75.25625,38.4]]]}},{"type":"Feature","properties":{"bin":2030,"scenario":"rcp45","p100y":9.0},"geometry":{"type":"Polygon","coordinates":[[[-75.25625,38.54090909090909],[-75.13749999999999,38.54090909090909],[-75.13749999999999,38.68181818181818],[-75.25625,38.68181818181818],[-75.25625,38.54090909090909]]]}},{"type":"Feature","properties":{"bin":2030,"scenario":"rcp85","p100y":9.2},"geometry":{"type":"Polygon","coordinates":[[[-75.25625,38.54090909090909],[-75.13749999999999,38.54090909090909],[-75.13749999999999,38.68181818181818],[-75.25625,38.68181818181818],[-75.25625,38.54090909090909]]]}},{"type":"Feature","properties":{"bin":2050,"scenario":"rcp45","p100y":9.7},"geometry":{"type":"Polygon","coordinates":[[[-75.25625,38.54090909090909],[-75.13749999999999,38.54090909090909],[-75.13749999999999,38.68181818181818],[-75.25625,38.68181818181818],[-75.25625,38.54090909090909]]]}},{"type":"Feature","properties":{"bin":2050,"scenario":"rcp85","p100y":10.2},"geometry":{"type":"Polygon","coordinates":[[[-75.25625,38.54090909090909],[-75.13749999999999,38.54090909090909],[-75.13749999999999,38.68181818181818],[-75.25625,38.68181818181818],[-75.25625,38.54090909090909]]]}},{"type":"Feature","properties":{"bin":2075,"scenario":"rcp45","p100y":10.2},"geometry":{"type":"Polygon","coordinates":[[[-75.25625,38.54090909090909],[-75.13749999999999,38.54090909090909],[-75.13749999999999,38.68181818181818],[-75.25625,38.68181818181818],[-75.25625,38.54090909090909]]]}},{"type":"Feature","properties":{"bin":2075,"scenario":"rcp85","p100y":11.3},"geometry":{"type":"Polygon","coordinates":[[[-75.25625,38.54090909090909],[-75.13749999999999,38.54090909090909],[-75.13749999999999,38.68181818181818],[-75.25625,38.68181818181818],[-75.25625,38.54090909090909]]]}},{"type":"Feature","properties":{"bin":2100,"scenario":"rcp45","p100y":10.6},"geometry":{"type":"Polygon","coordinates":[[[-75.25625,38.54090909090909],[-75.13749999999999,38.54090909090909],[-75.13749999999999,38.68181818181818],[-75.25625,38.68181818181818],[-75.25625,38.54090909090909]]]}},{"type":"Feature","properties":{"bin":2100,"scenario":"rcp85","p100y":12.5},"geometry":{"type":"Polygon","coordinates":[[[-75.25625,38.54090909090909],[-75.13749999999999,38.54090909090909],[-75.13749999999999,38.68181818181818],[-75.25625,38.68181818181818],[-75.25625,38.54090909090909]]]}},{"type":"Feature","properties":{"bin":2030,"scenario":"rcp45","p100y":9.0},"geometry":{"type":"Polygon","coordinates":[[[-75.25625,38.68181818181818],[-75.13749999999999,38.68181818181818],[-75.13749999999999,38.82272727272727],[-75.25625,38.82272727272727],[-75.25625,38.68181818181818]]]}},{"type":"Feature","properties":{"bin":2030,"scenario":"rcp85","p100y":9.2},"geometry":{"type":"Polygon","coordinates":[[[-75.25625,38.68181818181818],[-75.13749999999999,38.68181818181818],[-75.13749999999999,38.82272727272727],[-75.25625,38.82272727272727],[-75.25625,38.68181818181818]]]}},{"type":"Feature","properties":{"bin":2050,"scenario":"rcp45","p100y":9.7},"geometry":{"type":"Polygon","coordinates":[[[-75.25625,38.68181818181818],[-75.13749999999999,38.68181818181818],[-75.13749999999999,38.82272727272727],[-75.25625,38.82272727272727],[-75.25625,38.68181818181818]]]}},{"type":"Feature","properties":{"bin":2050,"scenario":"rcp85","p100y":10.2},"geometry":{"type":"Polygon","coordinates":[[[-75.25625,38.68181818181818],[-75.13749999999999,38.68181818181818],[-75.13749999999999,38.82272727272727],[-75.25625,38.82272727272727],[-75.25625,38.68181818181818]]]}},{"type":"Feature","properties":{"bin":2075,"scenario":"rcp45","p100y":10.2},"geometry":{"type":"Polygon","coordinates":[[[-75.25625,38.68181818181818],[-75.13749999999999,38.68181818181818],[-75.13749999999999,38.82272727272727],[-75.25625,38.82272727272727],[-75.25625,38.68181818181818]]]}},{"type":"Feature","properties":{"bin":2075,"scenario":"rcp85","p100y":11.3},"geometry":{"type":"Polygon","coordinates":[[[-75.25625,38.68181818181818],[-75.13749999999999,38.68181818181818],[-75.13749999999999,38.82272727272727],[-75.25625,38.82272727272727],[-75.25625,38.68181818181818]]]}},{"type":"Feature","properties":{"bin":2100,"scenario":"rcp45","p100y":10.6},"geometry":{"type":"Polygon","coordinates":[[[-75.25625,38.68181818181818],[-75.13749999999999,38.68181818181818],[-75.13749999999999,38.82272727272727],[-75.25625,38.82272727272727],[-75.25625,38.68181818181818]]]}},{"type":"Feature","properties":{"bin":2100,"scenario":"rcp85","p100y":12.5},"geometry":{"type":"Polygon","coordinates":[[[-75.25625,38.68181818181818],[-75.13749999999999,38.68181818181818],[-75.13749999999999,38.82272727272727],[-75.25625,38.82272727272727],[-75.25625,38.68181818181818]]]}},{"type":"Feature","properties":{"bin":2030,"scenario":"rcp45","p100y":8.7},"geometry":{"type":"Polygon","coordinates":[[[-75.25625,38.82272727272727],[-75.13749999999999,38.82272727272727],[-75.13749999999999,38.96363636363636],[-75.25625,38.96363636363636],[-75.25625,38.82272727272727]]]}},{"type":"Feature","properties":{"bin":2030,"scenario":"rcp85","p100y":8.9},"geometry":{"type":"Polygon","coordinates":[[[-75.25625,38.82272727272727],[-75.13749999999999,38.82272727272727],[-75.13749999999999,38.96363636363636],[-75.25625,38.96363636363636],[-75.25625,38.82272727272727]]]}},{"type":"Feature","properties":{"bin":2050,"scenario":"rcp45","p100y":9.4},"geometry":{"type":"Polygon","coordinates":[[[-75.25625,38.82272727272727],[-75.13749999999999,38.82272727272727],[-75.13749999999999,38.96363636363636],[-75.25625,38.96363636363636],[-75.25625,38.82272727272727]]]}},{"type":"Feature","properties":{"bin":2050,"scenario":"rcp85","p100y":9.9},"geometry":{"type":"Polygon","coordinates":[[[-75.25625,38.82272727272727],[-75.13749999999999,38.82272727272727],[-75.13749999999999,38.96363636363636],[-75.25625,38.96363636363636],[-75.25625,38.82272727272727]]]}},{"type":"Feature","properties":{"bin":2075,"scenario":"rcp45","p100y":9.9},"geometry":{"type":"Polygon","coordinates":[[[-75.25625,38.82272727272727],[-75.13749999999999,38.82272727272727],[-75.13749999999999,38.96363636363636],[-75.25625,38.96363636363636],[-75.25625,38.82272727272727]]]}},{"type":"Feature","properties":{"bin":2075,"scenario":"rcp85","p100y":11.0},"geometry":{"type":"Polygon","coordinates":[[[-75.25625,38.82272727272727],[-75.13749999999999,38.82272727272727],[-75.13749999999999,38.96363636363636],[-75.25625,38.96363636363636],[-75.25625,38.82272727272727]]]}},{"type":"Feature","properties":{"bin":2100,"scenario":"rcp45","p100y":10.3},"geometry":{"type":"Polygon","coordinates":[[[-75.25625,38.82272727272727],[-75.13749999999999,38.82272727272727],[-75.13749999999999,38.96363636363636],[-75.25625,38.96363636363636],[-75.25625,38.82272727272727]]]}},{"type":"Feature","properties":{"bin":2100,"scenario":"rcp85","p100y":12.2},"geometry":{"type":"Polygon","coordinates":[[[-75.25625,38.82272727272727],[-75.13749999999999,38.82272727272727],[-75.13749999999999,38.96363636363636],[-75.25625,38.96363636363636],[-75.25625,38.82272727272727]]]}},{"type":"Feature","properties":{"bin":2030,"scenario":"rcp45","p100y":8.7},"geometry":{"type":"Polygon","coordinates":[[[-75.25625,38.96363636363636],[-75.13749999999999,38.96363636363636],[-75.13749999999999,39.10454545454545],[-75.25625,39.10454545454545],[-75.25625,38.96363636363636]]]}},{"type":"Feature","properties":{"bin":2030,"scenario":"rcp85","p100y":8.9},"geometry":{"type":"Polygon","coordinates":[[[-75.25625,38.96363636363636],[-75.13749999999999,38.96363636363636],[-75.13749999999999,39.10454545454545],[-75.25625,39.10454545454545],[-75.25625,38.96363636363636]]]}},{"type":"Feature","properties":{"bin":2050,"scenario":"rcp45","p100y":9.4},"geometry":{"type":"Polygon","coordinates":[[[-75.25625,38.96363636363636],[-75.13749999999999,38.96363636363636],[-75.13749999999999,39.10454545454545],[-75.25625,39.10454545454545],[-75.25625,38.96363636363636]]]}},{"type":"Feature","properties":{"bin":2050,"scenario":"rcp85","p100y":9.9},"geometry":{"type":"Polygon","coordinates":[[[-75.25625,38.96363636363636],[-75.13749999999999,38.96363636363636],[-75.13749999999999,39.10454545454545],[-75.25625,39.10454545454545],[-75.25625,38.96363636363636]]]}},{"type":"Feature","properties":{"bin":2075,"scenario":"rcp45","p100y":9.9},"geometry":{"type":"Polygon","coordinates":[[[-75.25625,38.96363636363636],[-75.13749999999999,38.96363636363636],[-75.13749999999999,39.10454545454545],[-75.25625,39.10454545454545],[-75.25625,38.96363636363636]]]}},{"type":"Feature","properties":{"bin":2075,"scenario":"rcp85","p100y":11.0},"geometry":{"type":"Polygon","coordinates":[[[-75.25625,38.96363636363636],[-75.13749999999999,38.96363636363636],[-75.13749999999999,39.10454545454545],[-75.25625,39.10454545454545],[-75.25625,38.96363636363636]]]}},{"type":"Feature","properties":{"bin":2100,"scenario":"rcp45","p100y":10.3},"geometry":{"type":"Polygon","coordinates":[[[-75.25625,38.96363636363636],[-75.13749999999999,38.96363636363636],[-75.13749999999999,39.10454545454545],[-75.25625,39.10454545454545],[-75.25625,38.96363636363636]]]}},{"type":"Feature","properties":{"bin":2100,"scenario":"rcp85","p100y":12.2},"geometry":{"type":"Polygon","coordinates":[[[-75.25625,38.96363636363636],[-75.13749999999999,38.96363636363636],[-75.13749999999999,39.10454545454545],[-75.25625,39.10454545454545],[-75.25625,38.96363636363636]]]}},{"type":"Feature","properties":{"bin":2030,"scenario":"rcp45","p100y":8.7},"geometry":{"type":"Polygon","coordinates":[[[-75.25625,39.10454545454545],[-75.13749999999999,39.10454545454545],[-75.13749999999999,39.24545454545454],[-75.25625,39.24545454545454],[-75.25625,39.10454545454545]]]}},{"type":"Feature","properties":{"bin":2030,"scenario":"rcp85","p100y":8.9},"geometry":{"type":"Polygon","coordinates":[[[-75.25625,39.10454545454545],[-75.13749999999999,39.10454545454545],[-75.13749999999999,39.24545454545454],[-75.25625,39.24545454545454],[-75.25625,39.10454545454545]]]}},{"type":"Feature","properties":{"bin":2050,"scenario":"rcp45","p100y":9.4},"geometry":{"type":"Polygon","coordinates":[[[-75.25625,39.10454545454545],[-75.13749999999999,39.10454545454545],[-75.13749999999999,39.24545454545454],[-75.25625,39.24545454545454],[-75.25625,39.10454545454545]]]}},{"type":"Feature","properties":{"bin":2050,"scenario":"rcp85","p100y":9.9},"geometry":{"type":"Polygon","coordinates":[[[-75.25625,39.10454545454545],[-75.13749999999999,39.10454545454545],[-75.13749999999999,39.24545454545454],[-75.25625,39.24545454545454],[-75.25625,39.10454545454545]]]}},{"type":"Feature","properties":{"bin":2075,"scenario":"rcp45","p100y":9.9},"geometry":{"type":"Polygon","coordinates":[[[-75.25625,39.10454545454545],[-75.13749999999999,39.10454545454545],[-75.13749999999999,39.24545454545454],[-75.25625,39.24545454545454],[-75.25625,39.10454545454545]]]}},{"type":"Feature","properties":{"bin":2075,"scenario":"rcp85","p100y":11.0},"geometry":{"type":"Polygon","coordinates":[[[-75.25625,39.10454545454545],[-75.13749999999999,39.10454545454545],[-75.13749999999999,39.24545454545454],[-75.25625,39.24545454545454],[-75.25625,39.10454545454545]]]}},{"type":"Feature","properties":{"bin":2100,"scenario":"rcp45","p100y":10.3},"geometry":{"type":"Polygon","coordinates":[[[-75.25625,39.10454545454545],[-75.13749999999999,39.10454545454545],[-75.13749999999999,39.24545454545454],[-75.25625,39.24545454545454],[-75.25625,39.10454545454545]]]}},{"type":"Feature","properties":{"bin":2100,"scenario":"rcp85","p100y":12.2},"geometry":{"type":"Polygon","coordinates":[[[-75.25625,39.10454545454545],[-75.13749999999999,39.10454545454545],[-75.13749999999999,39.24545454545454],[-75.25625,39.24545454545454],[-75.25625,39.10454545454545]]]}},{"type":"Feature","properties":{"bin":2030,"scenario":"rcp45","p100y":8.7},"geometry":{"type":"Polygon","coordinates":[[[-75.25625,39.24545454545455],[-75.13749999999999,39.24545454545455],[-75.13749999999999,39.38636363636364],[-75.25625,39.38636363636364],[-75.25625,39.24545454545455]]]}},{"type":"Feature","properties":{"bin":2030,"scenario":"rcp85","p100y":8.9},"geometry":{"type":"Polygon","coordinates":[[[-75.25625,39.24545454545455],[-75.13749999999999,39.24545454545455],[-75.13749999999999,39.38636363636364],[-75.25625,39.38636363636364],[-75.25625,39.24545454545455]]]}},{"type":"Feature","properties":{"bin":2050,"scenario":"rcp45","p100y":9.4},"geometry":{"type":"Polygon","coordinates":[[[-75.25625,39.24545454545455],[-75.13749999999999,39.24545454545455],[-75.13749999999999,39.38636363636364],[-75.25625,39.38636363636364],[-75.25625,39.24545454545455]]]}},{"type":"Feature","properties":{"bin":2050,"scenario":"rcp85","p100y":9.9},"geometry":{"type":"Polygon","coordinates":[[[-75.25625,39.24545454545455],[-75.13749999999999,39.24545454545455],[-75.13749999999999,39.38636363636364],[-75.25625,39.38636363636364],[-75.25625,39.24545454545455]]]}},{"type":"Feature","properties":{"bin":2075,"scenario":"rcp45","p100y":9.9},"geometry":{"type":"Polygon","coordinates":[[[-75.25625,39.24545454545455],[-75.13749999999999,39.24545454545455],[-75.13749999999999,39.38636363636364],[-75.25625,39.38636363636364],[-75.25625,39.24545454545455]]]}},{"type":"Feature","properties":{"bin":2075,"scenario":"rcp85","p100y":11.0},"geometry":{"type":"Polygon","coordinates":[[[-75.25625,39.24545454545455],[-75.13749999999999,39.24545454545455],[-75.13749999999999,39.38636363636364],[-75.25625,39.38636363636364],[-75.25625,39.24545454545455]]]}},{"type":"Feature","properties":{"bin":2100,"scenario":"rcp45","p100y":10.3},"geometry":{"type":"Polygon","coordinates":[[[-75.25625,39.24545454545455],[-75.13749999999999,39.24545454545455],[-75.13749999999999,39.38636363636364],[-75.25625,39.38636363636364],[-75.25625,39.24545454545455]]]}},{"type":"Feature","properties":{"bin":2100,"scenario":"rcp85","p100y":12.2},"geometry":{"type":"Polygon","coordinates":[[[-75.25625,39.24545454545455],[-75.13749999999999,39.24545454545455],[-75.13749999999999,39.38636363636364],[-75.25625,39.38636363636364],[-75.25625,39.24545454545455]]]}},{"type":"Feature","properties":{"bin":2030,"scenario":"rcp45","p100y":8.7},"geometry":{"type":"Polygon","coordinates":[[[-75.25625,39.38636363636364],[-75.13749999999999,39.38636363636364],[-75.13749999999999,39.52727272727273],[-75.25625,39.52727272727273],[-75.25625,39.38636363636364]]]}},{"type":"Feature","properties":{"bin":2030,"scenario":"rcp85","p100y":8.9},"geometry":{"type":"Polygon","coordinates":[[[-75.25625,39.38636363636364],[-75.13749999999999,39.38636363636364],[-75.13749999999999,39.52727272727273],[-75.25625,39.52727272727273],[-75.25625,39.38636363636364]]]}},{"type":"Feature","properties":{"bin":2050,"scenario":"rcp45","p100y":9.4},"geometry":{"type":"Polygon","coordinates":[[[-75.25625,39.38636363636364],[-75.13749999999999,39.38636363636364],[-75.13749999999999,39.52727272727273],[-75.25625,39.52727272727273],[-75.25625,39.38636363636364]]]}},{"type":"Feature","properties":{"bin":2050,"scenario":"rcp85","p100y":9.9},"geometry":{"type":"Polygon","coordinates":[[[-75.25625,39.38636363636364],[-75.13749999999999,39.38636363636364],[-75.13749999999999,39.52727272727273],[-75.25625,39.52727272727273],[-75.25625,39.38636363636364]]]}},{"type":"Feature","properties":{"bin":2075,"scenario":"rcp45","p100y":9.9},"geometry":{"type":"Polygon","coordinates":[[[-75.25625,39.38636363636364],[-75.13749999999999,39.38636363636364],[-75.13749999999999,39.52727272727273],[-75.25625,39.52727272727273],[-75.25625,39.38636363636364]]]}},{"type":"Feature","properties":{"bin":2075,"scenario":"rcp85","p100y":11.0},"geometry":{"type":"Polygon","coordinates":[[[-75.25625,39.38636363636364],[-75.13749999999999,39.38636363636364],[-75.13749999999999,39.52727272727273],[-75.25625,39.52727272727273],[-75.25625,39.38636363636364]]]}},{"type":"Feature","properties":{"bin":2100,"scenario":"rcp45","p100y":10.3},"geometry":{"type":"Polygon","coordinates":[[[-75.25625,39.38636363636364],[-75.13749999999999,39.38636363636364],[-75.13749999999999,39.52727272727273],[-75.25625,39.52727272727273],[-75.25625,39.38636363636364]]]}},{"type":"Feature","properties":{"bin":2100,"scenario":"rcp85","p100y":12.2},"geometry":{"type":"Polygon","coordinates":[[[-75.25625,39.38636363636364],[-75.13749999999999,39.38636363636364],[-75.13749999999999,39.52727272727273],[-75.25625,39.52727272727273],[-75.25625,39.38636363636364]]]}},{"type":"Feature","properties":{"bin":2030,"scenario":"rcp45","p100y":8.7},"geometry":{"type":"Polygon","coordinates":[[[-75.25625,39.52727272727273],[-75.13749999999999,39.52727272727273],[-75.13749999999999,39.66818181818182],[-75.25625,39.66818181818182],[-75.25625,39.52727272727273]]]}},{"type":"Feature","properties":{"bin":2030,"scenario":"rcp85","p100y":8.9},"geometry":{"type":"Polygon","coordinates":[[[-75.25625,39.52727272727273],[-75.13749999999999,39.52727272727273],[-75.13749999999999,39.66818181818182],[-75.25625,39.66818181818182],[-75.25625,39.52727272727273]]]}},{"type":"Feature","properties":{"bin":2050,"scenario":"rcp45","p100y":9.4},"geometry":{"type":"Polygon","coordinates":[[[-75.25625,39.52727272727273],[-75.13749999999999,39.52727272727273],[-75.13749999999999,39.66818181818182],[-75.25625,39.66818181818182],[-75.25625,39.52727272727273]]]}},{"type":"Feature","properties":{"bin":2050,"scenario":"rcp85","p100y":9.9},"geometry":{"type":"Polygon","coordinates":[[[-75.25625,39.52727272727273],[-75.13749999999999,39.52727272727273],[-75.13749999999999,39.66818181818182],[-75.25625,39.66818181818182],[-75.25625,39.52727272727273]]]}},{"type":"Feature","properties":{"bin":2075,"scenario":"rcp45","p100y":9.9},"geometry":{"type":"Polygon","coordinates":[[[-75.25625,39.52727272727273],[-75.13749999999999,39.52727272727273],[-75.13749999999999,39.66818181818182],[-75.25625,39.66818181818182],[-75.25625,39.52727272727273]]]}},{"type":"Feature","properties":{"bin":2075,"scenario":"rcp85","p100y":11.0},"geometry":{"type":"Polygon","coordinates":[[[-75.25625,39.52727272727273],[-75.13749999999999,39.52727272727273],[-75.13749999999999,39.66818181818182],[-75.25625,39.66818181818182],[-75.25625,39.52727272727273]]]}},{"type":"Feature","properties":{"bin":2100,"scenario":"rcp45","p100y":10.3},"geometry":{"type":"Polygon","coordinates":[[[-75.25625,39.52727272727273],[-75.13749999999999,39.52727272727273],[-75.13749999999999,39.66818181818182],[-75.25625,39.66818181818182],[-75.25625,39.52727272727273]]]}},{"type":"Feature","properties":{"bin":2100,"scenario":"rcp85","p100y":12.2},"geometry":{"type":"Polygon","coordinates":[[[-75.25625,39.52727272727273],[-75.13749999999999,39.52727272727273],[-75.13749999999999,39.66818181818182],[-75.25625,39.66818181818182],[-75.25625,39.52727272727273]]]}},{"type":"Feature","properties":{"bin":2030,"scenario":"rcp45","p100y":8.7},"geometry":{"type":"Polygon","coordinates":[[[-75.25625,39.66818181818182],[-75.13749999999999,39.66818181818182],[-75.13749999999999,39.80909090909091],[-75.25625,39.80909090909091],[-75.25625,39.66818181818182]]]}},{"type":"Feature","properties":{"bin":2030,"scenario":"rcp85","p100y":8.9},"geometry":{"type":"Polygon","coordinates":[[[-75.25625,39.66818181818182],[-75.13749999999999,39.66818181818182],[-75.13749999999999,39.80909090909091],[-75.25625,39.80909090909091],[-75.25625,39.66818181818182]]]}},{"type":"Feature","properties":{"bin":2050,"scenario":"rcp45","p100y":9.4},"geometry":{"type":"Polygon","coordinates":[[[-75.25625,39.66818181818182],[-75.13749999999999,39.66818181818182],[-75.13749999999999,39.80909090909091],[-75.25625,39.80909090909091],[-75.25625,39.66818181818182]]]}},{"type":"Feature","properties":{"bin":2050,"scenario":"rcp85","p100y":9.9},"geometry":{"type":"Polygon","coordinates":[[[-75.25625,39.66818181818182],[-75.13749999999999,39.66818181818182],[-75.13749999999999,39.80909090909091],[-75.25625,39.80909090909091],[-75.25625,39.66818181818182]]]}},{"type":"Feature","properties":{"bin":2075,"scenario":"rcp45","p100y":9.9},"geometry":{"type":"Polygon","coordinates":[[[-75.25625,39.66818181818182],[-75.13749999999999,39.66818181818182],[-75.13749999999999,39.80909090909091],[-75.25625,39.80909090909091],[-75.25625,39.66818181818182]]]}},{"type":"Feature","properties":{"bin":2075,"scenario":"rcp85","p100y":11.0},"geometry":{"type":"Polygon","coordinates":[[[-75.25625,39.66818181818182],[-75.13749999999999,39.66818181818182],[-75.13749999999999,39.80909090909091],[-75.25625,39.80909090909091],[-75.25625,39.66818181818182]]]}},{"type":"Feature","properties":{"bin":2100,"scenario":"rcp45","p100y":10.3},"geometry":{"type":"Polygon","coordinates":[[[-75.25625,39.66818181818182],[-75.13749999999999,39.66818181818182],[-75.13749999999999,39.80909090909091],[-75.25625,39.80909090909091],[-75.25625,39.66818181818182]]]}},{"type":"Feature","properties":{"bin":2100,"scenario":"rcp85","p100y":12.2},"geometry":{"type":"Polygon","coordinates":[[[-75.25625,39.66818181818182],[-75.13749999999999,39.66818181818182],[-75.13749999999999,39.80909090909091],[-75.25625,39.80909090909091],[-75.25625,39.66818181818182]]]}},{"type":"Feature","properties":{"bin":2030,"scenario":"rcp45","p100y":8.7},"geometry":{"type":"Polygon","coordinates":[[[-75.25625,39.80909090909091],[-75.13749999999999,39.80909090909091],[-75.13749999999999,39.95],[-75.25625,39.95],[-75.25625,39.80909090909091]]]}},{"type":"Feature","properties":{"bin":2030,"scenario":"rcp85","p100y":8.9},"geometry":{"type":"Polygon","coordinates":[[[-75.25625,39.80909090909091],[-75.13749999999999,39.80909090909091],[-75.13749999999999,39.95],[-75.25625,39.95],[-75.25625,39.80909090909091]]]}},{"type":"Feature","properties":{"bin":2050,"scenario":"rcp45","p100y":9.4},"geometry":{"type":"Polygon","coordinates":[[[-75.25625,39.80909090909091],[-75.13749999999999,39.80909090909091],[-75.13749999999999,39.95],[-75.25625,39.95],[-75.25625,39.80909090909091]]]}},{"type":"Feature","properties":{"bin":2050,"scenario":"rcp85","p100y":9.9},"geometry":{"type":"Polygon","coordinates":[[[-75.25625,39.80909090909091],[-75.13749999999999,39.80909090909091],[-75.13749999999999,39.95],[-75.25625,39.95],[-75.25625,39.80909090909091]]]}},{"type":"Feature","properties":{"bin":2075,"scenario":"rcp45","p100y":9.9},"geometry":{"type":"Polygon","coordinates":[[[-75.25625,39.80909090909091],[-75.13749999999999,39.80909090909091],[-75.13749999999999,39.95],[-75.25625,39.95],[-75.25625,39.80909090909091]]]}},{"type":"Feature","properties":{"bin":2075,"scenario":"rcp85","p100y":11.0},"geometry":{"type":"Polygon","coordinates":[[[-75.25625,39.80909090909091],[-75.13749999999999,39.80909090909091],[-75.13749999999999,39.95],[-75.25625,39.95],[-75.25625,39.80909090909091]]]}},{"type":"Feature","properties":{"bin":2100,"scenario":"rcp45","p100y":10.3},"geometry":{"type":"Polygon","coordinates":[[[-75.25625,39.80909090909091],[-75.13749999999999,39.80909090909091],[-75.13749999999999,39.95],[-75.25625,39.95],[-75.25625,39.80909090909091]]]}},{"type":"Feature","properties":{"bin":2100,"scenario":"rcp85","p100y":12.2},"geometry":{"type":"Polygon","coordinates":[[[-75.25625,39.80909090909091],[-75.13749999999999,39.80909090909091],[-75.13749999999999,39.95],[-75.25625,39.95],[-75.25625,39.80909090909091]]]}},{"type":"Feature","properties":{"bin":2030,"scenario":"rcp45","p100y":9.0},"geometry":{"type":"Polygon","coordinates":[[[-75.1375,38.4],[-75.01875000000001,38.4],[-75.01875000000001,38.54090909090909],[-75.1375,38.54090909090909],[-75.1375,38.4]]]}},{"type":"Feature","properties":{"bin":2030,"scenario":"rcp85","p100y":9.2},"geometry":{"type":"Polygon","coordinates":[[[-75.1375,38.4],[-75.01875000000001,38.4],[-75.01875000000001,38.54090909090909],[-75.1375,38.54090909090909],[-75.1375,38.4]]]}},{"type":"Feature","properties":{"bin":2050,"scenario":"rcp45","p100y":9.7},"geometry":{"type":"Polygon","coordinates":[[[-75.1375,38.4],[-75.01875000000001,38.4],[-75.01875000000001,38.54090909090909],[-75.1375,38.54090909090909],[-75.1375,38.4]]]}},{"type":"Feature","properties":{"bin":2050,"scenario":"rcp85","p100y":10.2},"geometry":{"type":"Polygon","coordinates":[[[-75.1375,38.4],[-75.01875000000001,38.4],[-75.01875000000001,38.54090909090909],[-75.1375,38.54090909090909],[-75.1375,38.4]]]}},{"type":"Feature","properties":{"bin":2075,"scenario":"rcp45","p100y":10.2},"geometry":{"type":"Polygon","coordinates":[[[-75.1375,38.4],[-75.01875000000001,38.4],[-75.01875000000001,38.54090909090909],[-75.1375,38.54090909090909],[-75.1375,38.4]]]}},{"type":"Feature","properties":{"bin":2075,"scenario":"rcp85","p100y":11.3},"geometry":{"type":"Polygon","coordinates":[[[-75.1375,38.4],[-75.01875000000001,38.4],[-75.01875000000001,38.54090909090909],[-75.1375,38.54090909090909],[-75.1375,38.4]]]}},{"type":"Feature","properties":{"bin":2100,"scenario":"rcp45","p100y":10.6},"geometry":{"type":"Polygon","coordinates":[[[-75.1375,38.4],[-75.01875000000001,38.4],[-75.01875000000001,38.54090909090909],[-75.1375,38.54090909090909],[-75.1375,38.4]]]}},{"type":"Feature","properties":{"bin":2100,"scenario":"rcp85","p100y":12.5},"geometry":{"type":"Polygon","coordinates":[[[-75.1375,38.4],[-75.01875000000001,38.4],[-75.01875000000001,38.54090909090909],[-75.1375,38.54090909090909],[-75.1375,38.4]]]}},{"type":"Feature","properties":{"bin":2030,"scenario":"rcp45","p100y":9.0},"geometry":{"type":"Polygon","coordinates":[[[-75.1375,38.54090909090909],[-75.01875000000001,38.54090909090909],[-75.01875000000001,38.68181818181818],[-75.1375,38.68181818181818],[-75.1375,38.54090909090909]]]}},{"type":"Feature","properties":{"bin":2030,"scenario":"rcp85","p100y":9.2},"geometry":{"type":"Polygon","coordinates":[[[-75.1375,38.54090909090909],[-75.01875000000001,38.54090909090909],[-75.01875000000001,38.68181818181818],[-75.1375,38.68181818181818],[-75.1375,38.54090909090909]]]}},{"type":"Feature","properties":{"bin":2050,"scenario":"rcp45","p100y":9.7},"geometry":{"type":"Polygon","coordinates":[[[-75.1375,38.54090909090909],[-75.01875000000001,38.54090909090909],[-75.01875000000001,38.68181818181818],[-75.1375,38.68181818181818],[-75.1375,38.54090909090909]]]}},{"type":"Feature","properties":{"bin":2050,"scenario":"rcp85","p100y":10.2},"geometry":{"type":"Polygon","coordinates":[[[-75.1375,38.54090909090909],[-75.01875000000001,38.54090909090909],[-75.01875000000001,38.68181818181818],[-75.1375,38.68181818181818],[-75.1375,38.54090909090909]]]}},{"type":"Feature","properties":{"bin":2075,"scenario":"rcp45","p100y":10.2},"geometry":{"type":"Polygon","coordinates":[[[-75.1375,38.54090909090909],[-75.01875000000001,38.54090909090909],[-75.01875000000001,38.68181818181818],[-75.1375,38.68181818181818],[-75.1375,38.54090909090909]]]}},{"type":"Feature","properties":{"bin":2075,"scenario":"rcp85","p100y":11.3},"geometry":{"type":"Polygon","coordinates":[[[-75.1375,38.54090909090909],[-75.01875000000001,38.54090909090909],[-75.01875000000001,38.68181818181818],[-75.1375,38.68181818181818],[-75.1375,38.54090909090909]]]}},{"type":"Feature","properties":{"bin":2100,"scenario":"rcp45","p100y":10.6},"geometry":{"type":"Polygon","coordinates":[[[-75.1375,38.54090909090909],[-75.01875000000001,38.54090909090909],[-75.01875000000001,38.68181818181818],[-75.1375,38.68181818181818],[-75.1375,38.54090909090909]]]}},{"type":"Feature","properties":{"bin":2100,"scenario":"rcp85","p100y":12.5},"geometry":{"type":"Polygon","coordinates":[[[-75.1375,38.54090909090909],[-75.01875000000001,38.54090909090909],[-75.01875000000001,38.68181818181818],[-75.1375,38.68181818181818],[-75.1375,38.54090909090909]]]}},{"type":"Feature","properties":{"bin":2030,"scenario":"rcp45","p100y":9.0},"geometry":{"type":"Polygon","coordinates":[[[-75.1375,38.68181818181818],[-75.01875000000001,38.68181818181818],[-75.01875000000001,38.82272727272727],[-75.1375,38.82272727272727],[-75.1375,38.68181818181818]]]}},{"type":"Feature","properties":{"bin":2030,"scenario":"rcp85","p100y":9.2},"geometry":{"type":"Polygon","coordinates":[[[-75.1375,38.68181818181818],[-75.01875000000001,38.68181818181818],[-75.01875000000001,38.82272727272727],[-75.1375,38.82272727272727],[-75.1375,38.68181818181818]]]}},{"type":"Feature","properties":{"bin":2050,"scenario":"rcp45","p100y":9.7},"geometry":{"type":"Polygon","coordinates":[[[-75.1375,38.68181818181818],[-75.01875000000001,38.68181818181818],[-75.01875000000001,38.82272727272727],[-75.1375,38.82272727272727],[-75.1375,38.68181818181818]]]}},{"type":"Feature","properties":{"bin":2050,"scenario":"rcp85","p100y":10.2},"geometry":{"type":"Polygon","coordinates":[[[-75.1375,38.68181818181818],[-75.01875000000001,38.68181818181818],[-75.01875000000001,38.82272727272727],[-75.1375,38.82272727272727],[-75.1375,38.68181818181818]]]}},{"type":"Feature","properties":{"bin":2075,"scenario":"rcp45","p100y":10.2},"geometry":{"type":"Polygon","coordinates":[[[-75.1375,38.68181818181818],[-75.01875000000001,38.68181818181818],[-75.01875000000001,38.82272727272727],[-75.1375,38.82272727272727],[-75.1375,38.68181818181818]]]}},{"type":"Feature","properties":{"bin":2075,"scenario":"rcp85","p100y":11.3},"geometry":{"type":"Polygon","coordinates":[[[-75.1375,38.68181818181818],[-75.01875000000001,38.68181818181818],[-75.01875000000001,38.82272727272727],[-75.1375,38.82272727272727],[-75.1375,38.68181818181818]]]}},{"type":"Feature","properties":{"bin":2100,"scenario":"rcp45","p100y":10.6},"geometry":{"type":"Polygon","coordinates":[[[-75.1375,38.68181818181818],[-75.01875000000001,38.68181818181818],[-75.01875000000001,38.82272727272727],[-75.1375,38.82272727272727],[-75.1375,38.68181818181818]]]}},{"type":"Feature","properties":{"bin":2100,"scenario":"rcp85","p100y":12.5},"geometry":{"type":"Polygon","coordinates":[[[-75.1375,38.68181818181818],[-75.01875000000001,38.68181818181818],[-75.01875000000001,38.82272727272727],[-75.1375,38.82272727272727],[-75.1375,38.68181818181818]]]}},{"type":"Feature","properties":{"bin":2030,"scenario":"rcp45","p100y":8.7},"geometry":{"type":"Polygon","coordinates":[[[-75.1375,38.82272727272727],[-75.01875000000001,38.82272727272727],[-75.01875000000001,38.96363636363636],[-75.1375,38.96363636363636],[-75.1375,38.82272727272727]]]}},{"type":"Feature","properties":{"bin":2030,"scenario":"rcp85","p100y":8.9},"geometry":{"type":"Polygon","coordinates":[[[-75.1375,38.82272727272727],[-75.01875000000001,38.82272727272727],[-75.01875000000001,38.96363636363636],[-75.1375,38.96363636363636],[-75.1375,38.82272727272727]]]}},{"type":"Feature","properties":{"bin":2050,"scenario":"rcp45","p100y":9.4},"geometry":{"type":"Polygon","coordinates":[[[-75.1375,38.82272727272727],[-75.01875000000001,38.82272727272727],[-75.01875000000001,38.96363636363636],[-75.1375,38.96363636363636],[-75.1375,38.82272727272727]]]}},{"type":"Feature","properties":{"bin":2050,"scenario":"rcp85","p100y":9.9},"geometry":{"type":"Polygon","coordinates":[[[-75.1375,38.82272727272727],[-75.01875000000001,38.82272727272727],[-75.01875000000001,38.96363636363636],[-75.1375,38.96363636363636],[-75.1375,38.82272727272727]]]}},{"type":"Feature","properties":{"bin":2075,"scenario":"rcp45","p100y":9.9},"geometry":{"type":"Polygon","coordinates":[[[-75.1375,38.82272727272727],[-75.01875000000001,38.82272727272727],[-75.01875000000001,38.96363636363636],[-75.1375,38.96363636363636],[-75.1375,38.82272727272727]]]}},{"type":"Feature","properties":{"bin":2075,"scenario":"rcp85","p100y":11.0},"geometry":{"type":"Polygon","coordinates":[[[-75.1375,38.82272727272727],[-75.01875000000001,38.82272727272727],[-75.01875000000001,38.96363636363636],[-75.1375,38.96363636363636],[-75.1375,38.82272727272727]]]}},{"type":"Feature","properties":{"bin":2100,"scenario":"rcp45","p100y":10.3},"geometry":{"type":"Polygon","coordinates":[[[-75.1375,38.82272727272727],[-75.01875000000001,38.82272727272727],[-75.01875000000001,38.96363636363636],[-75.1375,38.96363636363636],[-75.1375,38.82272727272727]]]}},{"type":"Feature","properties":{"bin":2100,"scenario":"rcp85","p100y":12.2},"geometry":{"type":"Polygon","coordinates":[[[-75.1375,38.82272727272727],[-75.01875000000001,38.82272727272727],[-75.01875000000001,38.96363636363636],[-75.1375,38.96363636363636],[-75.1375,38.82272727272727]]]}},{"type":"Feature","properties":{"bin":2030,"scenario":"rcp45","p100y":8.7},"geometry":{"type":"Polygon","coordinates":[[[-75.1375,38.96363636363636],[-75.01875000000001,38.96363636363636],[-75.01875000000001,39.10454545454545],[-75.1375,39.10454545454545],[-75.1375,38.96363636363636]]]}},{"type":"Feature","properties":{"bin":2030,"scenario":"rcp85","p100y":8.9},"geometry":{"type":"Polygon","coordinates":[[[-75.1375,38.96363636363636],[-75.01875000000001,38.96363636363636],[-75.01875000000001,39.10454545454545],[-75.1375,39.10454545454545],[-75.1375,38.96363636363636]]]}},{"type":"Feature","properties":{"bin":2050,"scenario":"rcp45","p100y":9.4},"geometry":{"type":"Polygon","coordinates":[[[-75.1375,38.96363636363636],[-75.01875000000001,38.96363636363636],[-75.01875000000001,39.10454545454545],[-75.1375,39.10454545454545],[-75.1375,38.96363636363636]]]}},{"type":"Feature","properties":{"bin":2050,"scenario":"rcp85","p100y":9.9},"geometry":{"type":"Polygon","coordinates":[[[-75.1375,38.96363636363636],[-75.01875000000001,38.96363636363636],[-75.01875000000001,39.10454545454545],[-75.1375,39.10454545454545],[-75.1375,38.96363636363636]]]}},{"type":"Feature","properties":{"bin":2075,"scenario":"rcp45","p100y":9.9},"geometry":{"type":"Polygon","coordinates":[[[-75.1375,38.96363636363636],[-75.01875000000001,38.96363636363636],[-75.01875000000001,39.10454545454545],[-75.1375,39.10454545454545],[-75.1375,38.96363636363636]]]}},{"type":"Feature","properties":{"bin":2075,"scenario":"rcp85","p100y":11.0},"geometry":{"type":"Polygon","coordinates":[[[-75.1375,38.96363636363636],[-75.01875000000001,38.96363636363636],[-75.01875000000001,39.10454545454545],[-75.1375,39.10454545454545],[-75.1375,38.96363636363636]]]}},{"type":"Feature","properties":{"bin":2100,"scenario":"rcp45","p100y":10.3},"geometry":{"type":"Polygon","coordinates":[[[-75.1375,38.96363636363636],[-75.01875000000001,38.96363636363636],[-75.01875000000001,39.10454545454545],[-75.1375,39.10454545454545],[-75.1375,38.96363636363636]]]}},{"type":"Feature","properties":{"bin":2100,"scenario":"rcp85","p100y":12.2},"geometry":{"type":"Polygon","coordinates":[[[-75.1375,38.96363636363636],[-75.01875000000001,38.96363636363636],[-75.01875000000001,39.10454545454545],[-75.1375,39.10454545454545],[-75.1375,38.96363636363636]]]}},{"type":"Feature","properties":{"bin":2030,"scenario":"rcp45","p100y":8.7},"geometry":{"type":"Polygon","coordinates":[[[-75.1375,39.10454545454545],[-75.01875000000001,39.10454545454545],[-75.01875000000001,39.24545454545454],[-75.1375,39.24545454545454],[-75.1375,39.10454545454545]]]}},{"type":"Feature","properties":{"bin":2030,"scenario":"rcp85","p100y":8.9},"geometry":{"type":"Polygon","coordinates":[[[-75.1375,39.10454545454545],[-75.01875000000001,39.10454545454545],[-75.01875000000001,39.24545454545454],[-75.1375,39.24545454545454],[-75.1375,39.10454545454545]]]}},{"type":"Feature","properties":{"bin":2050,"scenario":"rcp45","p100y":9.4},"geometry":{"type":"Polygon","coordinates":[[[-75.1375,39.10454545454545],[-75.01875000000001,39.10454545454545],[-75.01875000000001,39.24545454545454],[-75.1375,39.24545454545454],[-75.1375,39.10454545454545]]]}},{"type":"Feature","properties":{"bin":2050,"scenario":"rcp85","p100y":9.9},"geometry":{"type":"Polygon","coordinates":[[[-75.1375,39.10454545454545],[-75.01875000000001,39.10454545454545],[-75.01875000000001,39.24545454545454],[-75.1375,39.24545454545454],[-75.1375,39.10454545454545]]]}},{"type":"Feature","properties":{"bin":2075,"scenario":"rcp45","p100y":9.9},"geometry":{"type":"Polygon","coordinates":[[[-75.1375,39.10454545454545],[-75.01875000000001,39.10454545454545],[-75.01875000000001,39.24545454545454],[-75.1375,39.24545454545454],[-75.1375,39.10454545454545]]]}},{"type":"Feature","properties":{"bin":2075,"scenario":"rcp85","p100y":11.0},"geometry":{"type":"Polygon","coordinates":[[[-75.1375,39.10454545454545],[-75.01875000000001,39.10454545454545],[-75.01875000000001,39.24545454545454],[-75.1375,39.24545454545454],[-75.1375,39.10454545454545]]]}},{"type":"Feature","properties":{"bin":2100,"scenario":"rcp45","p100y":10.3},"geometry":{"type":"Polygon","coordinates":[[[-75.1375,39.10454545454545],[-75.01875000000001,39.10454545454545],[-75.01875000000001,39.24545454545454],[-75.1375,39.24545454545454],[-75.1375,39.10454545454545]]]}},{"type":"Feature","properties":{"bin":2100,"scenario":"rcp85","p100y":12.2},"geometry":{"type":"Polygon","coordinates":[[[-75.1375,39.10454545454545],[-75.01875000000001,39.10454545454545],[-75.01875000000001,39.24545454545454],[-75.1375,39.24545454545454],[-75.1375,39.10454545454545]]]}},{"type":"Feature","properties":{"bin":2030,"scenario":"rcp45","p100y":8.7},"geometry":{"type":"Polygon","coordinates":[[[-75.1375,39.24545454545455],[-75.01875000000001,39.24545454545455],[-75.01875000000001,39.38636363636364],[-75.1375,39.38636363636364],[-75.1375,39.24545454545455]]]}},{"type":"Feature","properties":{"bin":2030,"scenario":"rcp85","p100y":8.9},"geometry":{"type":"Polygon","coordinates":[[[-75.1375,39.24545454545455],[-75.01875000000001,39.24545454545455],[-75.01875000000001,39.38636363636364],[-75.1375,39.38636363636364],[-75.1375,39.24545454545455]]]}},{"type":"Feature","properties":{"bin":2050,"scenario":"rcp45","p100y":9.4},"geometry":{"type":"Polygon","coordinates":[[[-75.1375,39.24545454545455],[-75.01875000000001,39.24545454545455],[-75.01875000000001,39.38636363636364],[-75.1375,39.38636363636364],[-75.1375,39.24545454545455]]]}},{"type":"Feature","properties":{"bin":2050,"scenario":"rcp85","p100y":9.9},"geometry":{"type":"Polygon","coordinates":[[[-75.1375,39.24545454545455],[-75.01875000000001,39.24545454545455],[-75.01875000000001,39.38636363636364],[-75.1375,39.38636363636364],[-75.1375,39.24545454545455]]]}},{"type":"Feature","properties":{"bin":2075,"scenario":"rcp45","p100y":9.9},"geometry":{"type":"Polygon","coordinates":[[[-75.1375,39.24545454545455],[-75.01875000000001,39.24545454545455],[-75.01875000000001,39.38636363636364],[-75.1375,39.38636363636364],[-75.1375,39.24545454545455]]]}},{"type":"Feature","properties":{"bin":2075,"scenario":"rcp85","p100y":11.0},"geometry":{"type":"Polygon","coordinates":[[[-75.1375,39.24545454545455],[-75.01875000000001,39.24545454545455],[-75.01875000000001,39.38636363636364],[-75.1375,39.38636363636364],[-75.1375,39.24545454545455]]]}},{"type":"Feature","properties":{"bin":2100,"scenario":"rcp45","p100y":10.3},"geometry":{"type":"Polygon","coordinates":[[[-75.1375,39.24545454545455],[-75.01875000000001,39.24545454545455],[-75.01875000000001,39.38636363636364],[-75.1375,39.38636363636364],[-75.1375,39.24545454545455]]]}},{"type":"Feature","properties":{"bin":2100,"scenario":"rcp85","p100y":12.2},"geometry":{"type":"Polygon","coordinates":[[[-75.1375,39.24545454545455],[-75.01875000000001,39.24545454545455],[-75.01875000000001,39.38636363636364],[-75.1375,39.38636363636364],[-75.1375,39.24545454545455]]]}},{"type":"Feature","properties":{"bin":2030,"scenario":"rcp45","p100y":8.7},"geometry":{"type":"Polygon","coordinates":[[[-75.1375,39.38636363636364],[-75.01875000000001,39.38636363636364],[-75.01875000000001,39.52727272727273],[-75.1375,39.52727272727273],[-75.1375,39.38636363636364]]]}},{"type":"Feature","properties":{"bin":2030,"scenario":"rcp85","p100y":8.9},"geometry":{"type":"Polygon","coordinates":[[[-75.1375,39.38636363636364],[-75.01875000000001,39.38636363636364],[-75.01875000000001,39.52727272727273],[-75.1375,39.52727272727273],[-75.1375,39.38636363636364]]]}},{"type":"Feature","properties":{"bin":2050,"scenario":"rcp45","p100y":9.4},"geometry":{"type":"Polygon","coordinates":[[[-75.1375,39.38636363636364],[-75.01875000000001,39.38636363636364],[-75.01875000000001,39.52727272727273],[-75.1375,39.52727272727273],[-75.1375,39.38636363636364]]]}},{"type":"Feature","properties":{"bin":2050,"scenario":"rcp85","p100y":9.9},"geometry":{"type":"Polygon","coordinates":[[[-75.1375,39.38636363636364],[-75.01875000000001,39.38636363636364],[-75.01875000000001,39.52727272727273],[-75.1375,39.52727272727273],[-75.1375,39.38636363636364]]]}},{"type":"Feature","properties":{"bin":2075,"scenario":"rcp45","p100y":9.9},"geometry":{"type":"Polygon","coordinates":[[[-75.1375,39.38636363636364],[-75.01875000000001,39.38636363636364],[-75.01875000000001,39.52727272727273],[-75.1375,39.52727272727273],[-75.1375,39.38636363636364]]]}},{"type":"Feature","properties":{"bin":2075,"scenario":"rcp85","p100y":11.0},"geometry":{"type":"Polygon","coordinates":[[[-75.1375,39.38636363636364],[-75.01875000000001,39.38636363636364],[-75.01875000000001,39.52727272727273],[-75.1375,39.52727272727273],[-75.1375,39.38636363636364]]]}},{"type":"Feature","properties":{"bin":2100,"scenario":"rcp45","p100y":10.3},"geometry":{"type":"Polygon","coordinates":[[[-75.1375,39.38636363636364],[-75.01875000000001,39.38636363636364],[-75.01875000000001,39.52727272727273],[-75.1375,39.52727272727273],[-75.1375,39.38636363636364]]]}},{"type":"Feature","properties":{"bin":2100,"scenario":"rcp85","p100y":12.2},"geometry":{"type":"Polygon","coordinates":[[[-75.1375,39.38636363636364],[-75.01875000000001,39.38636363636364],[-75.01875000000001,39.52727272727273],[-75.1375,39.52727272727273],[-75.1375,39.38636363636364]]]}},{"type":"Feature","properties":{"bin":2030,"scenario":"rcp45","p100y":8.7},"geometry":{"type":"Polygon","coordinates":[[[-75.1375,39.52727272727273],[-75.01875000000001,39.52727272727273],[-75.01875000000001,39.66818181818182],[-75.1375,39.66818181818182],[-75.1375,39.52727272727273]]]}},{"type":"Feature","properties":{"bin":2030,"scenario":"rcp85","p100y":8.9},"geometry":{"type":"Polygon","coordinates":[[[-75.1375,39.52727272727273],[-75.01875000000001,39.52727272727273],[-75.01875000000001,39.66818181818182],[-75.1375,39.66818181818182],[-75.1375,39.52727272727273]]]}},{"type":"Feature","properties":{"bin":2050,"scenario":"rcp45","p100y":9.4},"geometry":{"type":"Polygon","coordinates":[[[-75.1375,39.52727272727273],[-75.01875000000001,39.52727272727273],[-75.01875000000001,39.66818181818182],[-75.1375,39.66818181818182],[-75.1375,39.52727272727273]]]}},{"type":"Feature","properties":{"bin":2050,"scenario":"rcp85","p100y":9.9},"geometry":{"type":"Polygon","coordinates":[[[-75.1375,39.52727272727273],[-75.01875000000001,39.52727272727273],[-75.01875000000001,39.66818181818182],[-75.1375,39.66818181818182],[-75.1375,39.52727272727273]]]}},{"type":"Feature","properties":{"bin":2075,"scenario":"rcp45","p100y":9.9},"geometry":{"type":"Polygon","coordinates":[[[-75.1375,39.52727272727273],[-75.01875000000001,39.52727272727273],[-75.01875000000001,39.66818181818182],[-75.1375,39.66818181818182],[-75.1375,39.52727272727273]]]}},{"type":"Feature","properties":{"bin":2075,"scenario":"rcp85","p100y":11.0},"geometry":{"type":"Polygon","coordinates":[[[-75.1375,39.52727272727273],[-75.01875000000001,39.52727272727273],[-75.01875000000001,39.66818181818182],[-75.1375,39.66818181818182],[-75.1375,39.52727272727273]]]}},{"type":"Feature","properties":{"bin":2100,"scenario":"rcp45","p100y":10.3},"geometry":{"type":"Polygon","coordinates":[[[-75.1375,39.52727272727273],[-75.01875000000001,39.52727272727273],[-75.01875000000001,39.66818181818182],[-75.1375,39.66818181818182],[-75.1375,39.52727272727273]]]}},{"type":"Feature","properties":{"bin":2100,"scenario":"rcp85","p100y":12.2},"geometry":{"type":"Polygon","coordinates":[[[-75.1375,39.52727272727273],[-75.01875000000001,39.52727272727273],[-75.01875000000001,39.66818181818182],[-75.1375,39.66818181818182],[-75.1375,39.52727272727273]]]}},{"type":"Feature","properties":{"bin":2030,"scenario":"rcp45","p100y":8.7},"geometry":{"type":"Polygon","coordinates":[[[-75.1375,39.66818181818182],[-75.01875000000001,39.66818181818182],[-75.01875000000001,39.80909090909091],[-75.1375,39.80909090909091],[-75.1375,39.66818181818182]]]}},{"type":"Feature","properties":{"bin":2030,"scenario":"rcp85","p100y":8.9},"geometry":{"type":"Polygon","coordinates":[[[-75.1375,39.66818181818182],[-75.01875000000001,39.66818181818182],[-75.01875000000001,39.80909090909091],[-75.1375,39.80909090909091],[-75.1375,39.66818181818182]]]}},{"type":"Feature","properties":{"bin":2050,"scenario":"rcp45","p100y":9.4},"geometry":{"type":"Polygon","coordinates":[[[-75.1375,39.66818181818182],[-75.01875000000001,39.66818181818182],[-75.01875000000001,39.80909090909091],[-75.1375,39.80909090909091],[-75.1375,39.66818181818182]]]}},{"type":"Feature","properties":{"bin":2050,"scenario":"rcp85","p100y":9.9},"geometry":{"type":"Polygon","coordinates":[[[-75.1375,39.66818181818182],[-75.01875000000001,39.66818181818182],[-75.01875000000001,39.80909090909091],[-75.1375,39.80909090909091],[-75.1375,39.66818181818182]]]}},{"type":"Feature","properties":{"bin":2075,"scenario":"rcp45","p100y":9.9},"geometry":{"type":"Polygon","coordinates":[[[-75.1375,39.66818181818182],[-75.01875000000001,39.66818181818182],[-75.01875000000001,39.80909090909091],[-75.1375,39.80909090909091],[-75.1375,39.66818181818182]]]}},{"type":"Feature","properties":{"bin":2075,"scenario":"rcp85","p100y":11.0},"geometry":{"type":"Polygon","coordinates":[[[-75.1375,39.66818181818182],[-75.01875000000001,39.66818181818182],[-75.01875000000001,39.80909090909091],[-75.1375,39.80909090909091],[-75.1375,39.66818181818182]]]}},{"type":"Feature","properties":{"bin":2100,"scenario":"rcp45","p100y":10.3},"geometry":{"type":"Polygon","coordinates":[[[-75.1375,39.66818181818182],[-75.01875000000001,39.66818181818182],[-75.01875000000001,39.80909090909091],[-75.1375,39.80909090909091],[-75.1375,39.66818181818182]]]}},{"type":"Feature","properties":{"bin":2100,"scenario":"rcp85","p100y":12.2},"geometry":{"type":"Polygon","coordinates":[[[-75.1375,39.66818181818182],[-75.01875000000001,39.66818181818182],[-75.01875000000001,39.80909090909091],[-75.1375,39.80909090909091],[-75.1375,39.66818181818182]]]}},{"type":"Feature","properties":{"bin":2030,"scenario":"rcp45","p100y":8.7},"geometry":{"type":"Polygon","coordinates":[[[-75.1375,39.80909090909091],[-75.01875000000001,39.80909090909091],[-75.01875000000001,39.95],[-75.1375,39.95],[-75.1375,39.80909090909091]]]}},{"type":"Feature","properties":{"bin":2030,"scenario":"rcp85","p100y":8.9},"geometry":{"type":"Polygon","coordinates":[[[-75.1375,39.80909090909091],[-75.01875000000001,39.80909090909091],[-75.01875000000001,39.95],[-75.1375,39.95],[-75.1375,39.80909090909091]]]}},{"type":"Feature","properties":{"bin":2050,"scenario":"rcp45","p100y":9.4},"geometry":{"type":"Polygon","coordinates":[[[-75.1375,39.80909090909091],[-75.01875000000001,39.80909090909091],[-75.01875000000001,39.95],[-75.1375,39.95],[-75.1375,39.80909090909091]]]}},{"type":"Feature","properties":{"bin":2050,"scenario":"rcp85","p100y":9.9},"geometry":{"type":"Polygon","coordinates":[[[-75.1375,39.80909090909091],[-75.01875000000001,39.80909090909091],[-75.01875000000001,39.95],[-75.1375,39.95],[-75.1375,39.80909090909091]]]}},{"type":"Feature","properties":{"bin":2075,"scenario":"rcp45","p100y":9.9},"geometry":{"type":"Polygon","coordinates":[[[-75.1375,39.80909090909091],[-75.01875000000001,39.80909090909091],[-75.01875000000001,39.95],[-75.1375,39.95],[-75.1375,39.80909090909091]]]}},{"type":"Feature","properties":{"bin":2075,"scenario":"rcp85","p100y":11.0},"geometry":{"type":"Polygon","coordinates":[[[-75.1375,39.80909090909091],[-75.01875000000001,39.80909090909091],[-75.01875000000001,39.95],[-75.1375,39.95],[-75.1375,39.80909090909091]]]}},{"type":"Feature","properties":{"bin":2100,"scenario":"rcp45","p100y":10.3},"geometry":{"type":"Polygon","coordinates":[[[-75.1375,39.80909090909091],[-75.01875000000001,39.80909090909091],[-75.01875000000001,39.95],[-75.1375,39.95],[-75.1375,39.80909090909091]]]}},{"type":"Feature","properties":{"bin":2100,"scenario":"rcp85","p100y":12.2},"geometry":{"type":"Polygon","coordinates":[[[-75.1375,39.80909090909091],[-75.01875000000001,39.80909090909091],[-75.01875000000001,39.95],[-75.1375,39.95],[-75.1375,39.80909090909091]]]}},{"type":"Feature","properties":{"bin":2030,"scenario":"rcp45","p100y":9.0},"geometry":{"type":"Polygon","coordinates":[[[-75.01875000000001,38.4],[-74.9,38.4],[-74.9,38.54090909090909],[-75.01875000000001,38.54090909090909],[-75.01875000000001,38.4]]]}},{"type":"Feature","properties":{"bin":2030,"scenario":"rcp85","p100y":9.2},"geometry":{"type":"Polygon","coordinates":[[[-75.01875000000001,38.4],[-74.9,38.4],[-74.9,38.54090909090909],[-75.01875000000001,38.54090909090909],[-75.01875000000001,38.4]]]}},{"type":"Feature","properties":{"bin":2050,"scenario":"rcp45","p100y":9.7},"geometry":{"type":"Polygon","coordinates":[[[-75.01875000000001,38.4],[-74.9,38.4],[-74.9,38.54090909090909],[-75.01875000000001,38.54090909090909],[-75.01875000000001,38.4]]]}},{"type":"Feature","properties":{"bin":2050,"scenario":"rcp85","p100y":10.2},"geometry":{"type":"Polygon","coordinates":[[[-75.01875000000001,38.4],[-74.9,38.4],[-74.9,38.54090909090909],[-75.01875000000001,38.54090909090909],[-75.01875000000001,38.4]]]}},{"type":"Feature","properties":{"bin":2075,"scenario":"rcp45","p100y":10.2},"geometry":{"type":"Polygon","coordinates":[[[-75.01875000000001,38.4],[-74.9,38.4],[-74.9,38.54090909090909],[-75.01875000000001,38.54090909090909],[-75.01875000000001,38.4]]]}},{"type":"Feature","properties":{"bin":2075,"scenario":"rcp85","p100y":11.3},"geometry":{"type":"Polygon","coordinates":[[[-75.01875000000001,38.4],[-74.9,38.4],[-74.9,38.54090909090909],[-75.01875000000001,38.54090909090909],[-75.01875000000001,38.4]]]}},{"type":"Feature","properties":{"bin":2100,"scenario":"rcp45","p100y":10.6},"geometry":{"type":"Polygon","coordinates":[[[-75.01875000000001,38.4],[-74.9,38.4],[-74.9,38.54090909090909],[-75.01875000000001,38.54090909090909],[-75.01875000000001,38.4]]]}},{"type":"Feature","properties":{"bin":2100,"scenario":"rcp85","p100y":12.5},"geometry":{"type":"Polygon","coordinates":[[[-75.01875000000001,38.4],[-74.9,38.4],[-74.9,38.54090909090909],[-75.01875000000001,38.54090909090909],[-75.01875000000001,38.4]]]}},{"type":"Feature","properties":{"bin":2030,"scenario":"rcp45","p100y":9.0},"geometry":{"type":"Polygon","coordinates":[[[-75.01875000000001,38.54090909090909],[-74.9,38.54090909090909],[-74.9,38.68181818181818],[-75.01875000000001,38.68181818181818],[-75.01875000000001,38.54090909090909]]]}},{"type":"Feature","properties":{"bin":2030,"scenario":"rcp85","p100y":9.2},"geometry":{"type":"Polygon","coordinates":[[[-75.01875000000001,38.54090909090909],[-74.9,38.54090909090909],[-74.9,38.68181818181818],[-75.01875000000001,38.68181818181818],[-75.01875000000001,38.54090909090909]]]}},{"type":"Feature","properties":{"bin":2050,"scenario":"rcp45","p100y":9.7},"geometry":{"type":"Polygon","coordinates":[[[-75.01875000000001,38.54090909090909],[-74.9,38.54090909090909],[-74.9,38.68181818181818],[-75.01875000000001,38.68181818181818],[-75.01875000000001,38.54090909090909]]]}},{"type":"Feature","properties":{"bin":2050,"scenario":"rcp85","p100y":10.2},"geometry":{"type":"Polygon","coordinates":[[[-75.01875000000001,38.54090909090909],[-74.9,38.54090909090909],[-74.9,38.68181818181818],[-75.01875000000001,38.68181818181818],[-75.01875000000001,38.54090909090909]]]}},{"type":"Feature","properties":{"bin":2075,"scenario":"rcp45","p100y":10.2},"geometry":{"type":"Polygon","coordinates":[[[-75.01875000000001,38.54090909090909],[-74.9,38.54090909090909],[-74.9,38.68181818181818],[-75.01875000000001,38.68181818181818],[-75.01875000000001,38.54090909090909]]]}},{"type":"Feature","properties":{"bin":2075,"scenario":"rcp85","p100y":11.3},"geometry":{"type":"Polygon","coordinates":[[[-75.01875000000001,38.54090909090909],[-74.9,38.54090909090909],[-74.9,38.68181818181818],[-75.01875000000001,38.68181818181818],[-75.01875000000001,38.54090909090909]]]}},{"type":"Feature","properties":{"bin":2100,"scenario":"rcp45","p100y":10.6},"geometry":{"type":"Polygon","coordinates":[[[-75.01875000000001,38.54090909090909],[-74.9,38.54090909090909],[-74.9,38.68181818181818],[-75.01875000000001,38.68181818181818],[-75.01875000000001,38.54090909090909]]]}},{"type":"Feature","properties":{"bin":2100,"scenario":"rcp85","p100y":12.5},"geometry":{"type":"Polygon","coordinates":[[[-75.01875000000001,38.54090909090909],[-74.9,38.54090909090909],[-74.9,38.68181818181818],[-75.01875000000001,38.68181818181818],[-75.01875000000001,38.54090909090909]]]}},{"type":"Feature","properties":{"bin":2030,"scenario":"rcp45","p100y":9.0},"geometry":{"type":"Polygon","coordinates":[[[-75.01875000000001,38.68181818181818],[-74.9,38.68181818181818],[-74.9,38.82272727272727],[-75.01875000000001,38.82272727272727],[-75.01875000000001,38.68181818181818]]]}},{"type":"Feature","properties":{"bin":2030,"scenario":"rcp85","p100y":9.2},"geometry":{"type":"Polygon","coordinates":[[[-75.01875000000001,38.68181818181818],[-74.9,38.68181818181818],[-74.9,38.82272727272727],[-75.01875000000001,38.82272727272727],[-75.01875000000001,38.68181818181818]]]}},{"type":"Feature","properties":{"bin":2050,"scenario":"rcp45","p100y":9.7},"geometry":{"type":"Polygon","coordinates":[[[-75.01875000000001,38.68181818181818],[-74.9,38.68181818181818],[-74.9,38.82272727272727],[-75.01875000000001,38.82272727272727],[-75.01875000000001,38.68181818181818]]]}},{"type":"Feature","properties":{"bin":2050,"scenario":"rcp85","p100y":10.2},"geometry":{"type":"Polygon","coordinates":[[[-75.01875000000001,38.68181818181818],[-74.9,38.68181818181818],[-74.9,38.82272727272727],[-75.01875000000001,38.82272727272727],[-75.01875000000001,38.68181818181818]]]}},{"type":"Feature","properties":{"bin":2075,"scenario":"rcp45","p100y":10.2},"geometry":{"type":"Polygon","coordinates":[[[-75.01875000000001,38.68181818181818],[-74.9,38.68181818181818],[-74.9,38.82272727272727],[-75.01875000000001,38.82272727272727],[-75.01875000000001,38.68181818181818]]]}},{"type":"Feature","properties":{"bin":2075,"scenario":"rcp85","p100y":11.3},"geometry":{"type":"Polygon","coordinates":[[[-75.01875000000001,38.68181818181818],[-74.9,38.68181818181818],[-74.9,38.82272727272727],[-75.01875000000001,38.82272727272727],[-75.01875000000001,38.68181818181818]]]}},{"type":"Feature","properties":{"bin":2100,"scenario":"rcp45","p100y":10.6},"geometry":{"type":"Polygon","coordinates":[[[-75.01875000000001,38.68181818181818],[-74.9,38.68181818181818],[-74.9,38.82272727272727],[-75.01875000000001,38.82272727272727],[-75.01875000000001,38.68181818181818]]]}},{"type":"Feature","properties":{"bin":2100,"scenario":"rcp85","p100y":12.5},"geometry":{"type":"Polygon","coordinates":[[[-75.01875000000001,38.68181818181818],[-74.9,38.68181818181818],[-74.9,38.82272727272727],[-75.01875000000001,38.82272727272727],[-75.01875000000001,38.68181818181818]]]}},{"type":"Feature","properties":{"bin":2030,"scenario":"rcp45","p100y":8.7},"geometry":{"type":"Polygon","coordinates":[[[-75.01875000000001,38.82272727272727],[-74.9,38.82272727272727],[-74.9,38.96363636363636],[-75.01875000000001,38.96363636363636],[-75.01875000000001,38.82272727272727]]]}},{"type":"Feature","properties":{"bin":2030,"scenario":"rcp85","p100y":8.9},"geometry":{"type":"Polygon","coordinates":[[[-75.01875000000001,38.82272727272727],[-74.9,38.82272727272727],[-74.9,38.96363636363636],[-75.01875000000001,38.96363636363636],[-75.01875000000001,38.82272727272727]]]}},{"type":"Feature","properties":{"bin":2050,"scenario":"rcp45","p100y":9.4},"geometry":{"type":"Polygon","coordinates":[[[-75.01875000000001,38.82272727272727],[-74.9,38.82272727272727],[-74.9,38.96363636363636],[-75.01875000000001,38.96363636363636],[-75.01875000000001,38.82272727272727]]]}},{"type":"Feature","properties":{"bin":2050,"scenario":"rcp85","p100y":9.9},"geometry":{"type":"Polygon","coordinates":[[[-75.01875000000001,38.82272727272727],[-74.9,38.82272727272727],[-74.9,38.96363636363636],[-75.01875000000001,38.96363636363636],[-75.01875000000001,38.82272727272727]]]}},{"type":"Feature","properties":{"bin":2075,"scenario":"rcp45","p100y":9.9},"geometry":{"type":"Polygon","coordinates":[[[-75.01875000000001,38.82272727272727],[-74.9,38.82272727272727],[-74.9,38.96363636363636],[-75.01875000000001,38.96363636363636],[-75.01875000000001,38.82272727272727]]]}},{"type":"Feature","properties":{"bin":2075,"scenario":"rcp85","p100y":11.0},"geometry":{"type":"Polygon","coordinates":[[[-75.01875000000001,38.82272727272727],[-74.9,38.82272727272727],[-74.9,38.96363636363636],[-75.01875000000001,38.96363636363636],[-75.01875000000001,38.82272727272727]]]}},{"type":"Feature","properties":{"bin":2100,"scenario":"rcp45","p100y":10.3},"geometry":{"type":"Polygon","coordinates":[[[-75.01875000000001,38.82272727272727],[-74.9,38.82272727272727],[-74.9,38.96363636363636],[-75.01875000000001,38.96363636363636],[-75.01875000000001,38.82272727272727]]]}},{"type":"Feature","properties":{"bin":2100,"scenario":"rcp85","p100y":12.2},"geometry":{"type":"Polygon","coordinates":[[[-75.01875000000001,38.82272727272727],[-74.9,38.82272727272727],[-74.9,38.96363636363636],[-75.01875000000001,38.96363636363636],[-75.01875000000001,38.82272727272727]]]}},{"type":"Feature","properties":{"bin":2030,"scenario":"rcp45","p100y":8.7},"geometry":{"type":"Polygon","coordinates":[[[-75.01875000000001,38.96363636363636],[-74.9,38.96363636363636],[-74.9,39.10454545454545],[-75.01875000000001,39.10454545454545],[-75.01875000000001,38.96363636363636]]]}},{"type":"Feature","properties":{"bin":2030,"scenario":"rcp85","p100y":8.9},"geometry":{"type":"Polygon","coordinates":[[[-75.01875000000001,38.96363636363636],[-74.9,38.96363636363636],[-74.9,39.10454545454545],[-75.01875000000001,39.10454545454545],[-75.01875000000001,38.96363636363636]]]}},{"type":"Feature","properties":{"bin":2050,"scenario":"rcp45","p100y":9.4},"geometry":{"type":"Polygon","coordinates":[[[-75.01875000000001,38.96363636363636],[-74.9,38.96363636363636],[-74.9,39.10454545454545],[-75.01875000000001,39.10454545454545],[-75.01875000000001,38.96363636363636]]]}},{"type":"Feature","properties":{"bin":2050,"scenario":"rcp85","p100y":9.9},"geometry":{"type":"Polygon","coordinates":[[[-75.01875000000001,38.96363636363636],[-74.9,38.96363636363636],[-74.9,39.10454545454545],[-75.01875000000001,39.10454545454545],[-75.01875000000001,38.96363636363636]]]}},{"type":"Feature","properties":{"bin":2075,"scenario":"rcp45","p100y":9.9},"geometry":{"type":"Polygon","coordinates":[[[-75.01875000000001,38.96363636363636],[-74.9,38.96363636363636],[-74.9,39.10454545454545],[-75.01875000000001,39.10454545454545],[-75.01875000000001,38.96363636363636]]]}},{"type":"Feature","properties":{"bin":2075,"scenario":"rcp85","p100y":11.0},"geometry":{"type":"Polygon","coordinates":[[[-75.01875000000001,38.96363636363636],[-74.9,38.96363636363636],[-74.9,39.10454545454545],[-75.01875000000001,39.10454545454545],[-75.01875000000001,38.96363636363636]]]}},{"type":"Feature","properties":{"bin":2100,"scenario":"rcp45","p100y":10.3},"geometry":{"type":"Polygon","coordinates":[[[-75.01875000000001,38.96363636363636],[-74.9,38.96363636363636],[-74.9,39.10454545454545],[-75.01875000000001,39.10454545454545],[-75.01875000000001,38.96363636363636]]]}},{"type":"Feature","properties":{"bin":2100,"scenario":"rcp85","p100y":12.2},"geometry":{"type":"Polygon","coordinates":[[[-75.01875000000001,38.96363636363636],[-74.9,38.96363636363636],[-74.9,39.10454545454545],[-75.01875000000001,39.10454545454545],[-75.01875000000001,38.96363636363636]]]}},{"type":"Feature","properties":{"bin":2030,"scenario":"rcp45","p100y":8.7},"geometry":{"type":"Polygon","coordinates":[[[-75.01875000000001,39.10454545454545],[-74.9,39.10454545454545],[-74.9,39.24545454545454],[-75.01875000000001,39.24545454545454],[-75.01875000000001,39.10454545454545]]]}},{"type":"Feature","properties":{"bin":2030,"scenario":"rcp85","p100y":8.9},"geometry":{"type":"Polygon","coordinates":[[[-75.01875000000001,39.10454545454545],[-74.9,39.10454545454545],[-74.9,39.24545454545454],[-75.01875000000001,39.24545454545454],[-75.01875000000001,39.10454545454545]]]}},{"type":"Feature","properties":{"bin":2050,"scenario":"rcp45","p100y":9.4},"geometry":{"type":"Polygon","coordinates":[[[-75.01875000000001,39.10454545454545],[-74.9,39.10454545454545],[-74.9,39.24545454545454],[-75.01875000000001,39.24545454545454],[-75.01875000000001,39.10454545454545]]]}},{"type":"Feature","properties":{"bin":2050,"scenario":"rcp85","p100y":9.9},"geometry":{"type":"Polygon","coordinates":[[[-75.01875000000001,39.10454545454545],[-74.9,39.10454545454545],[-74.9,39.24545454545454],[-75.01875000000001,39.24545454545454],[-75.01875000000001,39.10454545454545]]]}},{"type":"Feature","properties":{"bin":2075,"scenario":"rcp45","p100y":9.9},"geometry":{"type":"Polygon","coordinates":[[[-75.01875000000001,39.10454545454545],[-74.9,39.10454545454545],[-74.9,39.24545454545454],[-75.01875000000001,39.24545454545454],[-75.01875000000001,39.10454545454545]]]}},{"type":"Feature","properties":{"bin":2075,"scenario":"rcp85","p100y":11.0},"geometry":{"type":"Polygon","coordinates":[[[-75.01875000000001,39.10454545454545],[-74.9,39.10454545454545],[-74.9,39.24545454545454],[-75.01875000000001,39.24545454545454],[-75.01875000000001,39.10454545454545]]]}},{"type":"Feature","properties":{"bin":2100,"scenario":"rcp45","p100y":10.3},"geometry":{"type":"Polygon","coordinates":[[[-75.01875000000001,39.10454545454545],[-74.9,39.10454545454545],[-74.9,39.24545454545454],[-75.01875000000001,39.24545454545454],[-75.01875000000001,39.10454545454545]]]}},{"type":"Feature","properties":{"bin":2100,"scenario":"rcp85","p100y":12.2},"geometry":{"type":"Polygon","coordinates":[[[-75.01875000000001,39.10454545454545],[-74.9,39.10454545454545],[-74.9,39.24545454545454],[-75.01875000000001,39.24545454545454],[-75.01875000000001,39.10454545454545]]]}},{"type":"Feature","properties":{"bin":2030,"scenario":"rcp45","p100y":8.7},"geometry":{"type":"Polygon","coordinates":[[[-75.01875000000001,39.24545454545455],[-74.9,39.24545454545455],[-74.9,39.38636363636364],[-75.01875000000001,39.38636363636364],[-75.01875000000001,39.24545454545455]]]}},{"type":"Feature","properties":{"bin":2030,"scenario":"rcp85","p100y":8.9},"geometry":{"type":"Polygon","coordinates":[[[-75.01875000000001,39.24545454545455],[-74.9,39.24545454545455],[-74.9,39.38636363636364],[-75.01875000000001,39.38636363636364],[-75.01875000000001,39.24545454545455]]]}},{"type":"Feature","properties":{"bin":2050,"scenario":"rcp45","p100y":9.4},"geometry":{"type":"Polygon","coordinates":[[[-75.01875000000001,39.24545454545455],[-74.9,39.24545454545455],[-74.9,39.38636363636364],[-75.01875000000001,39.38636363636364],[-75.01875000000001,39.24545454545455]]]}},{"type":"Feature","properties":{"bin":2050,"scenario":"rcp85","p100y":9.9},"geometry":{"type":"Polygon","coordinates":[[[-75.01875000000001,39.24545454545455],[-74.9,39.24545454545455],[-74.9,39.38636363636364],[-75.01875000000001,39.38636363636364],[-75.01875000000001,39.24545454545455]]]}},{"type":"Feature","properties":{"bin":2075,"scenario":"rcp45","p100y":9.9},"geometry":{"type":"Polygon","coordinates":[[[-75.01875000000001,39.24545454545455],[-74.9,39.24545454545455],[-74.9,39.38636363636364],[-75.01875000000001,39.38636363636364],[-75.01875000000001,39.24545454545455]]]}},{"type":"Feature","properties":{"bin":2075,"scenario":"rcp85","p100y":11.0},"geometry":{"type":"Polygon","coordinates":[[[-75.01875000000001,39.24545454545455],[-74.9,39.24545454545455],[-74.9,39.38636363636364],[-75.01875000000001,39.38636363636364],[-75.01875000000001,39.24545454545455]]]}},{"type":"Feature","properties":{"bin":2100,"scenario":"rcp45","p100y":10.3},"geometry":{"type":"Polygon","coordinates":[[[-75.01875000000001,39.24545454545455],[-74.9,39.24545454545455],[-74.9,39.38636363636364],[-75.01875000000001,39.38636363636364],[-75.01875000000001,39.24545454545455]]]}},{"type":"Feature","properties":{"bin":2100,"scenario":"rcp85","p100y":12.2},"geometry":{"type":"Polygon","coordinates":[[[-75.01875000000001,39.24545454545455],[-74.9,39.24545454545455],[-74.9,39.38636363636364],[-75.01875000000001,39.38636363636364],[-75.01875000000001,39.24545454545455]]]}},{"type":"Feature","properties":{"bin":2030,"scenario":"rcp45","p100y":8.7},"geometry":{"type":"Polygon","coordinates":[[[-75.01875000000001,39.38636363636364],[-74.9,39.38636363636364],[-74.9,39.52727272727273],[-75.01875000000001,39.52727272727273],[-75.01875000000001,39.38636363636364]]]}},{"type":"Feature","properties":{"bin":2030,"scenario":"rcp85","p100y":8.9},"geometry":{"type":"Polygon","coordinates":[[[-75.01875000000001,39.38636363636364],[-74.9,39.38636363636364],[-74.9,39.52727272727273],[-75.01875000000001,39.52727272727273],[-75.01875000000001,39.38636363636364]]]}},{"type":"Feature","properties":{"bin":2050,"scenario":"rcp45","p100y":9.4},"geometry":{"type":"Polygon","coordinates":[[[-75.01875000000001,39.38636363636364],[-74.9,39.38636363636364],[-74.9,39.52727272727273],[-75.01875000000001,39.52727272727273],[-75.01875000000001,39.38636363636364]]]}},{"type":"Feature","properties":{"bin":2050,"scenario":"rcp85","p100y":9.9},"geometry":{"type":"Polygon","coordinates":[[[-75.01875000000001,39.38636363636364],[-74.9,39.38636363636364],[-74.9,39.52727272727273],[-75.01875000000001,39.52727272727273],[-75.01875000000001,39.38636363636364]]]}},{"type":"Feature","properties":{"bin":2075,"scenario":"rcp45","p100y":9.9},"geometry":{"type":"Polygon","coordinates":[[[-75.01875000000001,39.38636363636364],[-74.9,39.38636363636364],[-74.9,39.52727272727273],[-75.01875000000001,39.52727272727273],[-75.01875000000001,39.38636363636364]]]}},{"type":"Feature","properties":{"bin":2075,"scenario":"rcp85","p100y":11.0},"geometry":{"type":"Polygon","coordinates":[[[-75.01875000000001,39.38636363636364],[-74.9,39.38636363636364],[-74.9,39.52727272727273],[-75.01875000000001,39.52727272727273],[-75.01875000000001,39.38636363636364]]]}},{"type":"Feature","properties":{"bin":2100,"scenario":"rcp45","p100y":10.3},"geometry":{"type":"Polygon","coordinates":[[[-75.01875000000001,39.38636363636364],[-74.9,39.38636363636364],[-74.9,39.52727272727273],[-75.01875000000001,39.52727272727273],[-75.01875000000001,39.38636363636364]]]}},{"type":"Feature","properties":{"bin":2100,"scenario":"rcp85","p100y":12.2},"geometry":{"type":"Polygon","coordinates":[[[-75.01875000000001,39.38636363636364],[-74.9,39.38636363636364],[-74.9,39.52727272727273],[-75.01875000000001,39.52727272727273],[-75.01875000000001,39.38636363636364]]]}},{"type":"Feature","properties":{"bin":2030,"scenario":"rcp45","p100y":8.7},"geometry":{"type":"Polygon","coordinates":[[[-75.01875000000001,39.52727272727273],[-74.9,39.52727272727273],[-74.9,39.66818181818182],[-75.01875000000001,39.66818181818182],[-75.01875000000001,39.52727272727273]]]}},{"type":"Feature","properties":{"bin":2030,"scenario":"rcp85","p100y":8.9},"geometry":{"type":"Polygon","coordinates":[[[-75.01875000000001,39.52727272727273],[-74.9,39.52727272727273],[-74.9,39.66818181818182],[-75.01875000000001,39.66818181818182],[-75.01875000000001,39.52727272727273]]]}},{"type":"Feature","properties":{"bin":2050,"scenario":"rcp45","p100y":9.4},"geometry":{"type":"Polygon","coordinates":[[[-75.01875000000001,39.52727272727273],[-74.9,39.52727272727273],[-74.9,39.66818181818182],[-75.01875000000001,39.66818181818182],[-75.01875000000001,39.52727272727273]]]}},{"type":"Feature","properties":{"bin":2050,"scenario":"rcp85","p100y":9.9},"geometry":{"type":"Polygon","coordinates":[[[-75.01875000000001,39.52727272727273],[-74.9,39.52727272727273],[-74.9,39.66818181818182],[-75.01875000000001,39.66818181818182],[-75.01875000000001,39.52727272727273]]]}},{"type":"Feature","properties":{"bin":2075,"scenario":"rcp45","p100y":9.9},"geometry":{"type":"Polygon","coordinates":[[[-75.01875000000001,39.52727272727273],[-74.9,39.52727272727273],[-74.9,39.66818181818182],[-75.01875000000001,39.66818181818182],[-75.01875000000001,39.52727272727273]]]}},{"type":"Feature","properties":{"bin":2075,"scenario":"rcp85","p100y":11.0},"geometry":{"type":"Polygon","coordinates":[[[-75.01875000000001,39.52727272727273],[-74.9,39.52727272727273],[-74.9,39.66818181818182],[-75.01875000000001,39.66818181818182],[-75.01875000000001,39.52727272727273]]]}},{"type":"Feature","properties":{"bin":2100,"scenario":"rcp45","p100y":10.3},"geometry":{"type":"Polygon","coordinates":[[[-75.01875000000001,39.52727272727273],[-74.9,39.52727272727273],[-74.9,39.66818181818182],[-75.01875000000001,39.66818181818182],[-75.01875000000001,39.52727272727273]]]}},{"type":"Feature","properties":{"bin":2100,"scenario":"rcp85","p100y":12.2},"geometry":{"type":"Polygon","coordinates":[[[-75.01875000000001,39.52727272727273],[-74.9,39.52727272727273],[-74.9,39.66818181818182],[-75.01875000000001,39.66818181818182],[-75.01875000000001,39.52727272727273]]]}},{"type":"Feature","properties":{"bin":2030,"scenario":"rcp45","p100y":8.7},"geometry":{"type":"Polygon","coordinates":[[[-75.01875000000001,39.66818181818182],[-74.9,39.66818181818182],[-74.9,39.80909090909091],[-75.01875000000001,39.80909090909091],[-75.01875000000001,39.66818181818182]]]}},{"type":"Feature","properties":{"bin":2030,"scenario":"rcp85","p100y":8.9},"geometry":{"type":"Polygon","coordinates":[[[-75.01875000000001,39.66818181818182],[-74.9,39.66818181818182],[-74.9,39.80909090909091],[-75.01875000000001,39.80909090909091],[-75.01875000000001,39.66818181818182]]]}},{"type":"Feature","properties":{"bin":2050,"scenario":"rcp45","p100y":9.4},"geometry":{"type":"Polygon","coordinates":[[[-75.01875000000001,39.66818181818182],[-74.9,39.66818181818182],[-74.9,39.80909090909091],[-75.01875000000001,39.80909090909091],[-75.01875000000001,39.66818181818182]]]}},{"type":"Feature","properties":{"bin":2050,"scenario":"rcp85","p100y":9.9},"geometry":{"type":"Polygon","coordinates":[[[-75.01875000000001,39.66818181818182],[-74.9,39.66818181818182],[-74.9,39.80909090909091],[-75.01875000000001,39.80909090909091],[-75.01875000000001,39.66818181818182]]]}},{"type":"Feature","properties":{"bin":2075,"scenario":"rcp45","p100y":9.9},"geometry":{"type":"Polygon","coordinates":[[[-75.01875000000001,39.66818181818182],[-74.9,39.66818181818182],[-74.9,39.80909090909091],[-75.01875000000001,39.80909090909091],[-75.01875000000001,39.66818181818182]]]}},{"type":"Feature","properties":{"bin":2075,"scenario":"rcp85","p100y":11.0},"geometry":{"type":"Polygon","coordinates":[[[-75.01875000000001,39.66818181818182],[-74.9,39.66818181818182],[-74.9,39.80909090909091],[-75.01875000000001,39.80909090909091],[-75.01875000000001,39.66818181818182]]]}},{"type":"Feature","properties":{"bin":2100,"scenario":"rcp45","p100y":10.3},"geometry":{"type":"Polygon","coordinates":[[[-75.01875000000001,39.66818181818182],[-74.9,39.66818181818182],[-74.9,39.80909090909091],[-75.01875000000001,39.80909090909091],[-75.01875000000001,39.66818181818182]]]}},{"type":"Feature","properties":{"bin":2100,"scenario":"rcp85","p100y":12.2},"geometry":{"type":"Polygon","coordinates":[[[-75.01875000000001,39.66818181818182],[-74.9,39.66818181818182],[-74.9,39.80909090909091],[-75.01875000000001,39.80909090909091],[-75.01875000000001,39.66818181818182]]]}},{"type":"Feature","properties":{"bin":2030,"scenario":"rcp45","p100y":8.7},"geometry":{"type":"Polygon","coordinates":[[[-75.01875000000001,39.80909090909091],[-74.9,39.80909090909091],[-74.9,39.95],[-75.01875000000001,39.95],[-75.01875000000001,39.80909090909091]]]}},{"type":"Feature","properties":{"bin":2030,"scenario":"rcp85","p100y":8.9},"geometry":{"type":"Polygon","coordinates":[[[-75.01875000000001,39.80909090909091],[-74.9,39.80909090909091],[-74.9,39.95],[-75.01875000000001,39.95],[-75.01875000000001,39.80909090909091]]]}},{"type":"Feature","properties":{"bin":2050,"scenario":"rcp45","p100y":9.4},"geometry":{"type":"Polygon","coordinates":[[[-75.01875000000001,39.80909090909091],[-74.9,39.80909090909091],[-74.9,39.95],[-75.01875000000001,39.95],[-75.01875000000001,39.80909090909091]]]}},{"type":"Feature","properties":{"bin":2050,"scenario":"rcp85","p100y":9.9},"geometry":{"type":"Polygon","coordinates":[[[-75.01875000000001,39.80909090909091],[-74.9,39.80909090909091],[-74.9,39.95],[-75.01875000000001,39.95],[-75.01875000000001,39.80909090909091]]]}},{"type":"Feature","properties":{"bin":2075,"scenario":"rcp45","p100y":9.9},"geometry":{"type":"Polygon","coordinates":[[[-75.01875000000001,39.80909090909091],[-74.9,39.80909090909091],[-74.9,39.95],[-75.01875000000001,39.95],[-75.01875000000001,39.80909090909091]]]}},{"type":"Feature","properties":{"bin":2075,"scenario":"rcp85","p100y":11.0},"geometry":{"type":"Polygon","coordinates":[[[-75.01875000000001,39.80909090909091],[-74.9,39.80909090909091],[-74.9,39.95],[-75.01875000000001,39.95],[-75.01875000000001,39.80909090909091]]]}},{"type":"Feature","properties":{"bin":2100,"scenario":"rcp45","p100y":10.3},"geometry":{"type":"Polygon","coordinates":[[[-75.01875000000001,39.80909090909091],[-74.9,39.80909090909091],[-74.9,39.95],[-75.01875000000001,39.95],[-75.01875000000001,39.80909090909091]]]}},{"type":"Feature","properties":{"bin":2100,"scenario":"rcp85","p100y":12.2},"geometry":{"type":"Polygon","coordinates":[[[-75.01875000000001,39.80909090909091],[-74.9,39.80909090909091],[-74.9,39.95],[-75.01875000000001,39.95],[-75.01875000000001,39.80909090909091]]]}}]}